customerID,gender,SeniorCitizen,Partner,Dependents,tenure,PhoneService,MultipleLines,InternetService,OnlineSecurity,OnlineBackup,DeviceProtection,TechSupport,StreamingTV,StreamingMovies,Contract,PaperlessBilling,PaymentMethod,MonthlyCharges,TotalCharges,Churn,risk_churn,risk_churn %,risk_churn - per cent,risk_quartile
1073-XXCZD,Male,0,1,0,55,1,Yes,No,No internet service,No internet service,No internet service,No internet service,No internet service,No internet service,Two year,0,Bank transfer (automatic),25.7,1443.65,0,4.59653677962679,28.884969529659564,28.884969529659564,Q3
5501-TVMGM,Male,0,0,0,1,1,No,DSL,No,No,No,No,No,Yes,Month-to-month,1,Electronic check,55.25,55.25,0,6.502196270029026,28.86108227589872,28.86108227589872,Q3
0320-DWVTU,Female,0,0,0,53,1,No,Fiber optic,Yes,Yes,Yes,Yes,No,Yes,Two year,0,Mailed check,99.5,5424.25,0,2.439735674602449,28.849596773295655,28.849596773295655,Q3
4220-TINQT,Female,0,1,0,61,1,Yes,Fiber optic,No,No,Yes,Yes,Yes,Yes,Month-to-month,1,Electronic check,106.35,6751.35,0,10.089604870499121,28.808354357083132,28.808354357083132,Q3
3181-VTHOE,Male,0,1,0,70,0,No phone service,DSL,No,Yes,Yes,Yes,No,Yes,One year,1,Bank transfer (automatic),51.05,3635.15,0,1.1573365649382792,28.75107277396974,28.75107277396974,Q3
0238-WHBIQ,Male,0,1,1,72,1,Yes,DSL,Yes,Yes,Yes,Yes,Yes,Yes,Two year,0,Credit card (automatic),89.7,6339.3,0,3.887400822991955,28.742206488828113,28.742206488828113,Q3
1696-HXOWK,Female,0,1,0,71,1,Yes,Fiber optic,Yes,Yes,No,No,Yes,No,One year,0,Mailed check,95.65,6856.95,0,2.0527657155768977,28.683380351222652,28.683380351222652,Q3
2068-WWXQZ,Male,0,0,0,46,1,No,No,No internet service,No internet service,No internet service,No internet service,No internet service,No internet service,Two year,0,Bank transfer (automatic),20.05,902.0,0,40.04289518038826,28.669845021100492,28.669845021100492,Q3
6704-UTUKK,Male,0,1,0,29,0,No phone service,DSL,No,No,No,No,Yes,Yes,Month-to-month,1,Electronic check,45.9,1332.4,0,9.282985278647967,28.6676169722395,28.6676169722395,Q3
5663-QBGIS,Male,1,1,0,72,1,Yes,Fiber optic,No,Yes,No,No,Yes,Yes,Two year,0,Bank transfer (automatic),98.35,6929.4,0,1.0638888110640632,28.653920539982096,28.653920539982096,Q3
4826-TZEVA,Female,0,0,0,40,1,No,Fiber optic,No,Yes,No,No,No,No,Month-to-month,0,Credit card (automatic),74.8,2971.7,0,1.751711678304448,28.63695206367242,28.63695206367242,Q3
5183-SNMJQ,Male,0,0,0,10,1,No,Fiber optic,No,No,No,Yes,Yes,Yes,Month-to-month,1,Credit card (automatic),95.1,865.1,0,73.79554621970514,28.635816545488634,28.635816545488634,Q3
4967-WPNCF,Male,0,0,0,72,0,No phone service,DSL,Yes,Yes,Yes,Yes,Yes,Yes,Two year,1,Bank transfer (automatic),63.7,4464.8,0,26.778918879198894,28.630137041006247,28.630137041006247,Q3
8348-JLBUG,Male,1,1,0,64,1,No,Fiber optic,Yes,No,Yes,No,No,No,One year,0,Credit card (automatic),80.3,5017.7,0,3.798303283101116,28.627496992909542,28.627496992909542,Q3
9278-VZKCD,Female,1,1,0,52,1,Yes,Fiber optic,Yes,Yes,Yes,No,Yes,Yes,Month-to-month,1,Electronic check,109.1,5647.95,0,3.7989593756096935,28.60610170703324,28.60610170703324,Q3
5003-OKNNK,Female,0,1,1,15,1,No,No,No internet service,No internet service,No internet service,No internet service,No internet service,No internet service,One year,0,Credit card (automatic),20.35,335.95,0,11.334083059708352,28.57587180239094,28.57587180239094,Q3
6778-YSNIH,Female,0,0,0,2,1,No,DSL,No,Yes,No,No,Yes,No,Month-to-month,1,Electronic check,59.0,114.15,0,0.4612130096664354,28.56330208682236,28.56330208682236,Q3
6196-HBOBZ,Male,0,1,0,65,1,Yes,Fiber optic,Yes,Yes,Yes,No,Yes,No,Two year,1,Electronic check,99.35,6347.55,0,6.370456148643995,28.516458332673217,28.516458332673217,Q3
8221-HVAYI,Male,0,1,1,35,1,Yes,DSL,Yes,Yes,Yes,Yes,No,No,Two year,1,Credit card (automatic),69.15,2490.15,0,11.305623161178504,28.50661037130789,28.50661037130789,Q3
2703-AMTUL,Male,0,1,1,36,1,No,DSL,Yes,Yes,No,No,No,No,One year,0,Mailed check,53.65,1939.35,0,31.390598222763472,28.429207265373968,28.429207265373968,Q3
1964-SVLEA,Male,0,0,0,20,1,No,No,No internet service,No internet service,No internet service,No internet service,No internet service,No internet service,One year,1,Mailed check,19.7,415.9,0,18.525997875927164,28.42884449970753,28.42884449970753,Q3
4648-YPBTM,Male,0,0,0,53,1,Yes,DSL,No,Yes,Yes,Yes,No,Yes,Two year,1,Bank transfer (automatic),73.9,3958.25,0,0.4258067215018714,28.406305508594897,28.406305508594897,Q3
8514-VZHEB,Male,0,1,1,59,1,No,No,No internet service,No internet service,No internet service,No internet service,No internet service,No internet service,Two year,0,Mailed check,19.5,1147.85,0,58.33925170518256,28.40000710104727,28.40000710104727,Q3
4713-ZBURT,Male,0,0,1,45,1,Yes,Fiber optic,No,No,Yes,No,Yes,Yes,Two year,0,Bank transfer (automatic),99.7,4634.35,0,9.945526101208849,28.38070146773945,28.38070146773945,Q3
1370-GGAWX,Female,0,0,0,46,1,Yes,Fiber optic,No,Yes,Yes,No,No,Yes,One year,1,Electronic check,94.15,4408.45,0,2.065033847714882,28.320909425221334,28.320909425221334,Q3
6691-CCIHA,Female,0,1,0,62,1,Yes,DSL,Yes,Yes,No,Yes,Yes,Yes,Two year,1,Electronic check,84.95,5150.55,0,12.17254744210261,28.27710928615092,28.27710928615092,Q3
9200-NLNPD,Male,0,1,0,56,0,No phone service,DSL,No,No,Yes,Yes,Yes,Yes,One year,1,Bank transfer (automatic),54.05,2959.8,0,11.10182291523018,28.248747448505718,28.248747448505718,Q3
3156-QLHBO,Male,0,0,1,2,1,No,No,No internet service,No internet service,No internet service,No internet service,No internet service,No internet service,Month-to-month,0,Mailed check,19.25,48.35,0,0.39424003110849826,28.222610507589874,28.222610507589874,Q3
5186-EJEGL,Male,0,0,0,9,1,No,DSL,Yes,No,Yes,Yes,Yes,No,Month-to-month,1,Mailed check,69.5,653.25,0,15.327558640667533,28.222499173948723,28.222499173948723,Q3
0623-GDISB,Female,0,0,0,1,1,No,DSL,Yes,No,No,No,No,No,Month-to-month,1,Bank transfer (automatic),48.45,48.45,0,1.0210111548533847,28.175912591575248,28.175912591575248,Q3
9076-AXYIK,Male,1,1,0,64,1,Yes,Fiber optic,No,No,Yes,Yes,Yes,Yes,Two year,0,Electronic check,102.1,6538.45,0,3.4973634700890446,28.147017280940478,28.147017280940478,Q3
4280-DLSHD,Male,0,1,0,8,1,No,DSL,No,Yes,Yes,No,No,No,Month-to-month,1,Mailed check,54.75,445.85,0,0.6351277587330397,28.12894322375497,28.12894322375497,Q3
1357-BIJKI,Male,0,1,0,50,1,Yes,Fiber optic,No,Yes,No,No,Yes,Yes,One year,1,Electronic check,98.25,4858.7,0,0.99851382676832,28.118546346276002,28.118546346276002,Q3
7161-DFHUF,Female,0,1,0,71,1,Yes,No,No internet service,No internet service,No internet service,No internet service,No internet service,No internet service,Two year,0,Mailed check,23.85,1672.1,0,74.13689013491391,28.116260382150955,28.116260382150955,Q3
2277-AXSDC,Female,0,0,0,32,1,No,No,No internet service,No internet service,No internet service,No internet service,No internet service,No internet service,One year,0,Bank transfer (automatic),19.75,624.15,0,51.05715957499222,28.106891652814525,28.106891652814525,Q3
9470-RTWDV,Male,0,1,1,26,1,Yes,DSL,No,No,Yes,Yes,Yes,Yes,One year,1,Credit card (automatic),82.0,2083.1,0,39.046451840420424,28.098273213808135,28.098273213808135,Q3
7956-XQWGU,Male,0,0,0,27,1,No,No,No internet service,No internet service,No internet service,No internet service,No internet service,No internet service,Month-to-month,1,Credit card (automatic),19.4,460.25,0,6.8533799294188205,28.040995983979013,28.040995983979013,Q3
0064-SUDOG,Female,0,1,1,12,1,No,No,No internet service,No internet service,No internet service,No internet service,No internet service,No internet service,Two year,0,Bank transfer (automatic),20.3,224.5,0,0.5265548383957943,28.033589497127497,28.033589497127497,Q3
6103-QCKFX,Female,0,1,1,44,1,No,DSL,Yes,No,No,Yes,No,No,Month-to-month,0,Bank transfer (automatic),56.25,2419.55,0,22.6737071051528,28.01019245820286,28.01019245820286,Q3
2812-ENYMO,Male,0,0,0,26,0,No phone service,DSL,Yes,No,No,Yes,Yes,Yes,One year,0,Credit card (automatic),54.55,1362.85,0,13.003465048474505,27.995644411702685,27.995644411702685,Q3
3280-NMUVX,Male,0,1,1,34,1,No,No,No internet service,No internet service,No internet service,No internet service,No internet service,No internet service,One year,0,Credit card (automatic),19.6,678.8,0,43.925068205872606,27.946841959511854,27.946841959511854,Q3
3221-CJMSG,Male,0,0,0,24,1,No,DSL,No,No,No,Yes,No,No,Month-to-month,1,Credit card (automatic),51.1,1269.6,0,7.41916963210743,27.91110406532043,27.91110406532043,Q3
0771-CHWSK,Male,0,0,0,66,1,Yes,DSL,Yes,Yes,Yes,No,No,Yes,Two year,1,Credit card (automatic),74.6,4798.4,0,20.455946246202146,27.91002747254539,27.91002747254539,Q3
3794-NFNCH,Male,0,1,0,30,1,No,DSL,No,No,Yes,No,No,No,Month-to-month,1,Mailed check,50.0,1474.9,0,4.308664612464523,27.860779217252357,27.860779217252357,Q3
0625-AFOHS,Female,0,1,1,29,1,No,No,No internet service,No internet service,No internet service,No internet service,No internet service,No internet service,Two year,0,Mailed check,20.2,558.8,0,0.8725561662795076,27.82908530091476,27.82908530091476,Q3
1293-BSEUN,Female,0,1,1,72,1,No,No,No internet service,No internet service,No internet service,No internet service,No internet service,No internet service,Two year,1,Mailed check,20.7,1482.3,0,26.097408093672996,27.809674062130206,27.809674062130206,Q3
6445-TNRXS,Male,0,1,1,68,1,Yes,Fiber optic,Yes,Yes,Yes,Yes,Yes,Yes,Two year,1,Bank transfer (automatic),114.7,7849.85,0,4.76578006731102,27.806097799981544,27.806097799981544,Q3
5628-FCGYG,Male,0,0,0,21,1,Yes,Fiber optic,No,No,No,No,No,Yes,Month-to-month,1,Electronic check,84.1,1737.45,0,3.5669834931385354,27.798241160165247,27.798241160165247,Q3
7636-PEPNS,Female,0,1,1,58,1,No,DSL,No,No,No,No,No,No,One year,1,Mailed check,44.1,2413.05,0,79.07133208681654,27.783259632909207,27.783259632909207,Q3
8309-PPCED,Female,0,1,0,72,1,Yes,Fiber optic,No,Yes,Yes,Yes,Yes,Yes,Two year,1,Bank transfer (automatic),110.45,7982.5,0,0.8300028373025286,27.781569077738684,27.781569077738684,Q3
2541-YGPKE,Male,0,1,1,42,1,No,DSL,Yes,No,No,Yes,No,Yes,One year,0,Credit card (automatic),63.7,2763.35,0,13.572178125004655,27.780326558732593,27.780326558732593,Q3
7799-DSEWS,Male,0,0,0,18,1,No,DSL,Yes,No,Yes,Yes,Yes,No,Month-to-month,1,Electronic check,68.35,1299.8,0,40.17680208040111,27.740135224662545,27.740135224662545,Q3
2235-DWLJU,Female,1,0,0,6,0,No phone service,DSL,No,No,No,No,Yes,Yes,Month-to-month,1,Electronic check,44.4,263.05,0,27.65032913276471,27.71362799011016,27.71362799011016,Q3
3365-SAIGS,Female,0,0,0,17,1,No,Fiber optic,No,Yes,No,No,Yes,No,Month-to-month,1,Electronic check,83.55,1329.15,0,54.12521794376979,27.71245835513475,27.71245835513475,Q3
6408-OTUBZ,Female,0,0,0,66,1,Yes,Fiber optic,Yes,Yes,Yes,Yes,Yes,No,One year,1,Bank transfer (automatic),104.55,6779.05,0,24.286054176190074,27.676354116364905,27.676354116364905,Q3
4817-KEQSP,Female,0,1,1,71,1,No,No,No internet service,No internet service,No internet service,No internet service,No internet service,No internet service,Two year,0,Bank transfer (automatic),19.85,1326.35,0,72.50160531710935,27.65032913276471,27.65032913276471,Q3
8970-ANWXO,Female,0,0,0,23,1,Yes,DSL,No,No,No,Yes,Yes,Yes,One year,1,Mailed check,73.75,1756.6,0,59.44081792747632,27.62269578506384,27.62269578506384,Q3
7233-DRTRF,Male,0,1,0,63,1,Yes,Fiber optic,No,Yes,Yes,No,Yes,Yes,Month-to-month,1,Electronic check,102.4,6444.05,0,50.36370515397122,27.51959717488245,27.51959717488245,Q3
5482-VXSXJ,Male,0,0,0,22,1,No,Fiber optic,No,Yes,No,No,Yes,Yes,Month-to-month,1,Mailed check,93.2,2157.3,0,6.948229512910794,27.502151599452695,27.502151599452695,Q3
3452-GWUIN,Female,1,1,0,19,1,Yes,Fiber optic,No,No,No,No,Yes,Yes,Month-to-month,1,Electronic check,94.95,1760.25,0,3.0799817837943806,27.49966814745557,27.49966814745557,Q3
1682-VCOIO,Male,0,0,0,23,1,No,No,No internet service,No internet service,No internet service,No internet service,No internet service,No internet service,One year,0,Mailed check,20.45,481.1,0,10.483689262949367,27.49302709153566,27.49302709153566,Q3
1866-ZSLJM,Male,0,0,0,21,1,No,No,No internet service,No internet service,No internet service,No internet service,No internet service,No internet service,Month-to-month,0,Credit card (automatic),20.5,402.85,0,5.42657324632876,27.429166022031016,27.429166022031016,Q3
8695-ARGXZ,Male,1,1,0,34,1,Yes,Fiber optic,No,No,No,No,No,No,Month-to-month,1,Electronic check,75.55,2425.4,0,20.702198418736838,27.42860576418234,27.42860576418234,Q3
2458-EOMRE,Female,0,0,0,11,1,No,DSL,Yes,No,Yes,No,No,Yes,Month-to-month,0,Bank transfer (automatic),64.05,733.95,0,6.306284389740761,27.376650950046212,27.376650950046212,Q3
9828-QHFBK,Male,0,0,0,24,1,No,DSL,Yes,No,No,No,No,No,Month-to-month,1,Electronic check,51.15,1275.7,0,1.8700164027054185,27.349408842935325,27.349408842935325,Q3
7901-HXJVA,Male,0,0,0,14,1,No,Fiber optic,No,No,Yes,No,No,No,Month-to-month,0,Electronic check,76.45,1117.55,0,16.966695732294422,27.343007031784712,27.343007031784712,Q3
0440-EKDCF,Male,0,1,0,62,1,No,DSL,No,Yes,Yes,Yes,No,No,Two year,1,Credit card (automatic),60.15,3753.2,0,43.67961017593224,27.32496069251441,27.32496069251441,Q3
7404-JLKQG,Female,0,0,0,3,1,No,DSL,No,No,Yes,No,Yes,No,Month-to-month,0,Electronic check,57.55,161.45,0,1.1894141458648981,27.311597609027476,27.311597609027476,Q3
3638-DIMPH,Female,0,1,0,13,1,No,DSL,No,No,No,No,No,No,One year,0,Electronic check,43.8,592.65,0,1.554020875142335,27.258867773715078,27.258867773715078,Q3
0771-WLCLA,Female,0,1,1,16,1,Yes,Fiber optic,Yes,No,Yes,Yes,Yes,Yes,Month-to-month,1,Electronic check,112.95,1882.55,0,4.435302487878986,27.25057064158543,27.25057064158543,Q3
1834-ABKHQ,Female,0,1,1,52,1,No,DSL,No,No,Yes,No,No,No,One year,1,Bank transfer (automatic),50.95,2610.65,0,3.1234583409716214,27.20858027134746,27.20858027134746,Q3
7164-BPTUT,Male,0,0,1,57,1,Yes,DSL,Yes,Yes,Yes,Yes,Yes,Yes,Two year,0,Mailed check,89.55,5012.35,0,1.6615279048511562,27.20153377540946,27.20153377540946,Q3
8910-ICHIU,Female,0,0,0,46,1,No,Fiber optic,Yes,Yes,Yes,No,Yes,No,One year,1,Credit card (automatic),95.65,4664.2,0,0.42909509210221675,27.17018286116744,27.17018286116744,Q3
4647-MUZON,Female,0,1,0,18,1,No,Fiber optic,No,No,Yes,No,Yes,Yes,Month-to-month,1,Credit card (automatic),95.95,1745.5,0,7.751358964934349,27.13451063087965,27.13451063087965,Q3
1179-INLAT,Male,0,0,0,3,1,No,No,No internet service,No internet service,No internet service,No internet service,No internet service,No internet service,One year,1,Mailed check,19.45,69.25,0,33.65589943759709,27.1162326154094,27.1162326154094,Q3
1049-FYSYG,Female,0,1,0,17,0,No phone service,DSL,No,Yes,Yes,No,No,No,Month-to-month,1,Credit card (automatic),35.65,646.05,0,22.970790855329344,27.10671105230985,27.10671105230985,Q3
8541-QVFKM,Female,0,0,0,8,1,Yes,Fiber optic,No,No,No,No,No,No,Month-to-month,1,Electronic check,73.5,632.2,0,3.2412943664351554,27.08759704725076,27.08759704725076,Q3
0354-VXMJC,Male,0,1,1,23,1,No,No,No internet service,No internet service,No internet service,No internet service,No internet service,No internet service,Two year,0,Credit card (automatic),19.6,426.65,0,44.25977205372589,27.0659461556155,27.0659461556155,Q3
9995-HOTOH,Male,0,1,1,63,0,No phone service,DSL,Yes,Yes,Yes,No,Yes,Yes,Two year,0,Electronic check,59.0,3707.6,0,36.110979401509944,27.05992604869688,27.05992604869688,Q3
7402-PWYJJ,Female,0,1,0,53,1,Yes,Fiber optic,No,No,No,Yes,No,Yes,One year,1,Electronic check,91.15,4862.5,0,11.279239277189818,27.05684132470672,27.05684132470672,Q3
3410-YOQBQ,Female,0,0,0,31,1,No,DSL,No,Yes,Yes,Yes,Yes,Yes,Two year,0,Mailed check,79.2,2497.2,0,13.582663237070197,27.044872974837908,27.044872974837908,Q3
4123-FCVCB,Female,0,0,0,12,1,Yes,DSL,No,No,No,Yes,Yes,Yes,One year,1,Mailed check,75.85,854.45,0,31.860269434204646,27.004967453476493,27.004967453476493,Q3
0902-XKXPN,Male,0,1,1,69,1,No,No,No internet service,No internet service,No internet service,No internet service,No internet service,No internet service,Two year,0,Bank transfer (automatic),20.2,1376.5,0,4.1066330087120555,26.991568406890888,26.991568406890888,Q3
5174-ITUMV,Male,0,1,1,67,1,Yes,Fiber optic,No,Yes,Yes,No,Yes,Yes,One year,1,Electronic check,105.4,6989.45,0,47.6405004987558,26.98925153415192,26.98925153415192,Q3
0419-YAAPX,Male,0,1,0,49,1,No,Fiber optic,No,Yes,No,No,Yes,No,Month-to-month,1,Credit card (automatic),85.3,4297.95,0,62.504379289719004,26.97587038283632,26.97587038283632,Q3
8819-IMISP,Male,0,0,0,31,1,Yes,Fiber optic,No,Yes,No,No,No,No,Month-to-month,1,Electronic check,80.45,2429.1,0,33.042558311705584,26.969995430019623,26.969995430019623,Q3
8070-AAWZP,Male,1,1,0,24,0,No phone service,DSL,No,No,Yes,Yes,No,No,Month-to-month,0,Mailed check,34.25,828.2,0,1.6325021555648216,26.778918879198894,26.778918879198894,Q3
4254-QPEDE,Female,0,1,0,52,0,No phone service,DSL,Yes,Yes,Yes,Yes,Yes,Yes,Two year,0,Credit card (automatic),66.25,3330.1,0,71.00884123560579,26.75435449083966,26.75435449083966,Q3
7977-HXJKU,Male,0,0,1,21,1,No,No,No internet service,No internet service,No internet service,No internet service,No internet service,No internet service,Two year,0,Mailed check,19.6,397.0,0,23.337346581676996,26.731983466618814,26.731983466618814,Q3
0013-MHZWF,Female,0,0,1,9,1,No,DSL,No,No,No,Yes,Yes,Yes,Month-to-month,1,Credit card (automatic),69.4,571.45,0,3.498744626156712,26.721934901899413,26.721934901899413,Q3
2874-YXVVA,Female,0,0,0,34,1,No,Fiber optic,No,Yes,Yes,Yes,Yes,Yes,Month-to-month,1,Electronic check,105.1,3634.8,0,0.962936218394401,26.703395537016274,26.703395537016274,Q3
8212-CRQXP,Female,0,1,0,22,1,No,Fiber optic,No,No,No,No,Yes,No,Month-to-month,1,Credit card (automatic),80.0,1706.45,0,23.784688668958612,26.693312437070944,26.693312437070944,Q3
7321-KKSDU,Male,0,0,1,32,1,No,No,No internet service,No internet service,No internet service,No internet service,No internet service,No internet service,Two year,0,Mailed check,20.5,696.8,0,18.654719649009945,26.691746357953157,26.691746357953157,Q3
4139-DETXS,Female,0,1,1,72,0,No phone service,DSL,Yes,Yes,Yes,Yes,Yes,Yes,Two year,0,Bank transfer (automatic),64.45,4528.0,0,36.041159125572385,26.6830481278929,26.6830481278929,Q3
7537-RBWEA,Female,0,0,0,1,0,No phone service,DSL,No,No,No,No,No,No,Month-to-month,1,Mailed check,25.15,25.15,0,70.16866706347186,26.682378946563524,26.682378946563524,Q3
7740-KKCXF,Male,0,1,0,51,0,No phone service,DSL,No,Yes,No,No,No,No,Month-to-month,1,Credit card (automatic),30.05,1529.45,0,10.160496743848116,26.677478914721952,26.677478914721952,Q3
1032-MAELW,Female,0,1,1,68,1,Yes,DSL,Yes,Yes,Yes,Yes,No,Yes,One year,1,Electronic check,78.45,5333.35,0,57.69371338494136,26.66415355006072,26.66415355006072,Q3
8992-VONJD,Female,0,0,1,13,1,No,DSL,Yes,Yes,No,No,No,No,Month-to-month,1,Electronic check,56.0,764.55,0,6.956626145799665,26.657965242089087,26.657965242089087,Q3
0327-WFZSY,Male,0,1,1,39,1,Yes,Fiber optic,No,No,Yes,No,Yes,Yes,One year,0,Electronic check,100.0,3835.55,0,8.643253501974158,26.651494198013076,26.651494198013076,Q3
7297-DVYGA,Female,0,0,0,51,1,No,No,No internet service,No internet service,No internet service,No internet service,No internet service,No internet service,One year,1,Bank transfer (automatic),19.85,996.95,0,18.640949772392652,26.63658698983281,26.63658698983281,Q3
2208-UGTGR,Male,0,0,0,56,1,Yes,Fiber optic,No,Yes,No,No,Yes,Yes,Month-to-month,0,Electronic check,98.6,5581.05,0,5.250672183853347,26.600126825199588,26.600126825199588,Q3
3401-URHDA,Male,0,0,0,51,1,Yes,DSL,Yes,No,No,Yes,No,No,One year,0,Credit card (automatic),59.9,3043.6,0,19.606300681927156,26.58996939678115,26.58996939678115,Q3
5442-BHQNG,Female,0,0,0,2,1,No,Fiber optic,No,No,No,No,No,No,Month-to-month,0,Electronic check,70.35,139.25,0,3.0800386655194156,26.54068984302123,26.54068984302123,Q3
6508-NJYRO,Male,0,1,0,15,1,No,No,No internet service,No internet service,No internet service,No internet service,No internet service,No internet service,One year,0,Mailed check,18.8,294.95,0,6.092805931382049,26.49632154997162,26.49632154997162,Q3
4657-FWVFY,Female,0,1,1,40,1,Yes,Fiber optic,No,Yes,Yes,No,Yes,No,Month-to-month,1,Credit card (automatic),96.35,3915.4,0,38.95769227048967,26.492081642804877,26.492081642804877,Q3
7579-KKLOE,Male,0,1,1,71,1,Yes,DSL,Yes,Yes,Yes,Yes,Yes,Yes,Two year,1,Mailed check,91.25,6589.6,0,2.1852149372685776,26.48581178727324,26.48581178727324,Q3
2761-XECQW,Male,1,1,0,8,0,No phone service,DSL,No,Yes,Yes,No,No,Yes,Month-to-month,1,Mailed check,43.35,371.4,0,17.90167744996464,26.47030554181417,26.47030554181417,Q3
6963-KQYQB,Female,0,1,1,70,1,Yes,No,No internet service,No internet service,No internet service,No internet service,No internet service,No internet service,Two year,0,Mailed check,24.05,1764.75,0,29.211758954886218,26.444343033030744,26.444343033030744,Q3
7929-DMBCV,Female,0,1,0,20,1,No,Fiber optic,No,No,Yes,Yes,No,No,Month-to-month,1,Mailed check,81.0,1683.7,0,11.177957284432482,26.438514717788003,26.438514717788003,Q3
7764-BDPEE,Male,0,0,1,3,1,No,No,No internet service,No internet service,No internet service,No internet service,No internet service,No internet service,Month-to-month,0,Mailed check,20.85,60.65,0,15.651793574310524,26.427430992135715,26.427430992135715,Q3
4837-PZTIC,Female,0,0,0,47,0,No phone service,DSL,Yes,No,Yes,Yes,No,No,Two year,0,Mailed check,41.9,1875.25,0,6.986408725272754,26.375098117642278,26.375098117642278,Q3
5998-DZLYR,Female,0,1,0,61,1,Yes,Fiber optic,No,Yes,No,Yes,No,Yes,Two year,1,Bank transfer (automatic),94.35,5703.0,0,5.469171992224386,26.372815442225388,26.372815442225388,Q3
9699-UBQFS,Female,1,1,0,43,1,Yes,Fiber optic,Yes,Yes,No,No,Yes,No,Month-to-month,1,Electronic check,94.5,4156.8,0,57.35163980934309,26.367490066262423,26.367490066262423,Q3
8180-AKMJV,Female,0,0,0,1,1,No,DSL,No,No,No,No,No,No,Month-to-month,1,Credit card (automatic),44.55,44.55,0,57.54334262942669,26.34759260154941,26.34759260154941,Q3
3160-TYXLT,Male,0,0,0,53,0,No phone service,DSL,Yes,Yes,No,No,No,Yes,Month-to-month,1,Bank transfer (automatic),46.3,2546.85,0,15.281081892182513,26.34216842036655,26.34216842036655,Q3
5546-BYZSM,Female,0,0,0,41,1,No,No,No internet service,No internet service,No internet service,No internet service,No internet service,No internet service,Month-to-month,0,Electronic check,20.45,775.6,0,2.749296608509626,26.305153210602526,26.305153210602526,Q3
2829-HYVZP,Male,0,0,0,29,1,No,No,No internet service,No internet service,No internet service,No internet service,No internet service,No internet service,One year,1,Mailed check,19.8,572.2,0,16.71278047217078,26.303079149671486,26.303079149671486,Q3
5223-UZAVK,Male,0,0,0,64,1,No,Fiber optic,Yes,Yes,No,No,Yes,Yes,One year,1,Credit card (automatic),100.3,6603.8,0,5.061992649082171,26.27920490107235,26.27920490107235,Q3
8821-KVZKQ,Female,0,1,1,70,0,No phone service,DSL,No,Yes,Yes,Yes,Yes,Yes,One year,1,Bank transfer (automatic),58.4,4113.15,0,3.717689915501547,26.23638832298353,26.23638832298353,Q3
7244-QWYHG,Male,0,1,0,50,0,No phone service,DSL,Yes,No,No,Yes,Yes,No,One year,1,Bank transfer (automatic),44.45,2188.45,0,5.588833186878217,26.229086877474217,26.229086877474217,Q3
5312-IRCFR,Female,0,1,1,64,1,Yes,Fiber optic,No,Yes,Yes,No,No,Yes,One year,1,Electronic check,92.85,5980.75,0,9.791270799108068,26.228345402305752,26.228345402305752,Q3
6000-UKLWI,Male,0,0,0,41,1,No,No,No internet service,No internet service,No internet service,No internet service,No internet service,No internet service,Two year,0,Mailed check,20.15,802.35,0,1.0515418302196198,26.185142443256154,26.185142443256154,Q3
7721-DVEKZ,Female,0,0,0,1,1,No,No,No internet service,No internet service,No internet service,No internet service,No internet service,No internet service,Month-to-month,0,Mailed check,19.65,19.65,0,12.842044936771796,26.18481546699172,26.18481546699172,Q3
3796-ENZGF,Male,0,1,0,63,1,Yes,DSL,No,Yes,No,Yes,No,Yes,Two year,0,Mailed check,67.25,4234.15,0,33.14741228095014,26.174519555419025,26.174519555419025,Q3
5232-NXPAY,Female,0,0,0,47,1,No,DSL,No,No,Yes,Yes,Yes,Yes,Two year,0,Mailed check,74.45,3510.3,0,4.786995265351732,26.14436166982635,26.14436166982635,Q3
7945-HLKEA,Female,0,0,0,60,1,Yes,DSL,Yes,No,Yes,Yes,No,No,One year,0,Electronic check,64.75,4039.5,0,16.9466364603477,26.11057929297872,26.11057929297872,Q3
5781-RFZRP,Male,0,1,0,71,1,Yes,DSL,Yes,Yes,No,Yes,Yes,No,Two year,0,Credit card (automatic),73.5,5357.75,0,0.3737684637298447,26.097408093672996,26.097408093672996,Q3
7101-HRBLJ,Female,0,1,1,72,1,No,DSL,Yes,Yes,Yes,Yes,Yes,Yes,Two year,1,Bank transfer (automatic),83.7,6096.9,0,3.398147119332947,26.085303691092566,26.085303691092566,Q3
8076-FEZKJ,Male,0,0,0,10,1,No,No,No internet service,No internet service,No internet service,No internet service,No internet service,No internet service,One year,0,Mailed check,19.5,225.85,0,0.6009987321948539,26.064677657199443,26.064677657199443,Q3
9500-LTVBP,Female,0,0,0,35,1,Yes,Fiber optic,No,No,No,Yes,No,No,Month-to-month,0,Credit card (automatic),80.05,2835.9,0,0.2640819505524963,26.053594431582773,26.053594431582773,Q3
7272-QDCKA,Male,0,0,0,28,1,Yes,Fiber optic,No,Yes,No,No,Yes,Yes,One year,0,Electronic check,100.2,2688.45,0,10.95464369572462,26.015792676314586,26.015792676314586,Q3
7134-MJPDY,Female,1,0,0,66,1,Yes,Fiber optic,No,No,Yes,Yes,Yes,Yes,One year,1,Credit card (automatic),102.85,6976.75,0,52.13879345673747,25.999994457683563,25.999994457683563,Q3
3001-UNBTL,Male,1,1,1,29,1,Yes,Fiber optic,No,No,Yes,No,Yes,Yes,Month-to-month,1,Electronic check,103.95,2964.8,0,15.34154625736615,25.994417468473763,25.994417468473763,Q3
7801-CEDNV,Male,0,1,0,27,1,No,DSL,Yes,No,No,No,No,No,One year,0,Credit card (automatic),48.7,1421.75,0,1.6396571795197854,25.987094671015992,25.987094671015992,Q3
8194-PEEBY,Female,0,1,1,24,1,No,No,No internet service,No internet service,No internet service,No internet service,No internet service,No internet service,One year,0,Mailed check,19.9,533.5,0,52.781698598769054,25.981822542965816,25.981822542965816,Q3
9885-MFVSU,Female,0,1,1,35,0,No phone service,DSL,Yes,No,No,Yes,Yes,No,Two year,1,Credit card (automatic),46.35,1662.05,0,43.389880318514535,25.90628904976912,25.90628904976912,Q3
5857-XRECV,Female,0,0,1,2,1,No,No,No internet service,No internet service,No internet service,No internet service,No internet service,No internet service,One year,0,Bank transfer (automatic),20.5,38.25,0,5.272727627321704,25.878035088954977,25.878035088954977,Q3
5297-MDOIR,Female,0,1,0,63,1,No,Fiber optic,Yes,No,Yes,No,No,No,One year,1,Credit card (automatic),81.15,5224.5,0,32.71227923181399,25.873368988236077,25.873368988236077,Q3
5248-RPYWW,Female,1,1,1,72,1,Yes,DSL,Yes,Yes,Yes,Yes,Yes,Yes,Two year,1,Bank transfer (automatic),90.15,6716.45,0,54.05736043398226,25.840601771077935,25.840601771077935,Q3
2716-GFZOR,Male,0,1,0,43,1,No,Fiber optic,Yes,Yes,Yes,No,No,No,Month-to-month,1,Credit card (automatic),86.1,3551.65,0,0.3469912962087674,25.810933358610296,25.810933358610296,Q3
5474-LAMUQ,Male,0,1,0,24,1,No,No,No internet service,No internet service,No internet service,No internet service,No internet service,No internet service,One year,0,Mailed check,20.1,533.9,0,4.713195840004931,25.80330672217323,25.80330672217323,Q3
0496-AHOOK,Male,0,1,0,24,1,No,DSL,Yes,No,No,Yes,Yes,Yes,One year,0,Bank transfer (automatic),74.4,1712.9,0,71.23042401710762,25.786662795007565,25.786662795007565,Q3
2378-YIZKA,Female,0,1,1,68,1,No,DSL,Yes,Yes,Yes,Yes,Yes,Yes,Two year,1,Credit card (automatic),85.0,5607.75,0,1.0677931347168677,25.78305964372689,25.78305964372689,Q3
3973-SKMLN,Male,0,0,0,71,1,No,No,No internet service,No internet service,No internet service,No internet service,No internet service,No internet service,Two year,1,Credit card (automatic),19.9,1355.1,0,4.9573074367176435,25.76751057255855,25.76751057255855,Q3
4900-MSOMT,Female,0,1,1,72,1,Yes,DSL,Yes,Yes,Yes,Yes,Yes,No,Two year,0,Bank transfer (automatic),80.2,5714.2,0,3.5111212977532107,25.766377206484997,25.766377206484997,Q3
1991-VOPLL,Female,0,0,0,9,1,No,No,No internet service,No internet service,No internet service,No internet service,No internet service,No internet service,Month-to-month,0,Mailed check,19.05,157.65,0,14.857008642638181,25.76052160243562,25.76052160243562,Q3
6461-PPAXN,Female,0,1,1,35,1,No,DSL,Yes,No,No,Yes,No,No,One year,1,Bank transfer (automatic),54.95,1916.0,0,0.25921723370650396,25.72376755651763,25.72376755651763,Q3
7826-VVKWT,Female,1,1,1,24,1,No,Fiber optic,No,No,Yes,No,Yes,Yes,Two year,1,Electronic check,96.55,2263.45,0,15.353150050488082,25.70453494647746,25.70453494647746,Q3
5061-PBXFW,Female,0,1,1,32,1,No,DSL,Yes,Yes,No,Yes,No,No,Month-to-month,0,Bank transfer (automatic),61.4,1864.65,0,31.969734425917217,25.68903337974449,25.68903337974449,Q3
4896-CPRPF,Male,0,1,1,35,1,Yes,No,No internet service,No internet service,No internet service,No internet service,No internet service,No internet service,Two year,0,Bank transfer (automatic),25.45,809.25,0,34.129957518527135,25.687468870026247,25.687468870026247,Q3
6127-IYJOZ,Male,1,0,0,1,1,No,DSL,No,No,No,No,No,No,Month-to-month,1,Mailed check,45.85,45.85,0,32.240299099631606,25.64421150950169,25.64421150950169,Q3
0927-CNGRH,Male,0,0,1,1,1,No,No,No internet service,No internet service,No internet service,No internet service,No internet service,No internet service,Month-to-month,0,Mailed check,19.55,19.55,0,8.647433984490297,25.641903174566107,25.641903174566107,Q3
3453-RTHJQ,Male,0,0,0,6,1,No,Fiber optic,No,No,No,No,No,No,Month-to-month,1,Electronic check,69.1,435.0,0,36.90852225511125,25.61510762105176,25.61510762105176,Q3
0750-EKNGL,Male,0,0,0,7,1,No,No,No internet service,No internet service,No internet service,No internet service,No internet service,No internet service,Month-to-month,0,Mailed check,20.75,141.1,0,0.4137262823270649,25.59909166655883,25.59909166655883,Q3
6695-AMZUF,Female,0,1,0,70,1,No,DSL,Yes,Yes,Yes,Yes,Yes,Yes,Two year,0,Credit card (automatic),86.45,5950.2,0,8.961174127846947,25.533060629442346,25.533060629442346,Q3
8910-LEDAG,Male,1,1,0,34,1,No,Fiber optic,No,No,No,No,No,No,Month-to-month,0,Credit card (automatic),71.55,2427.35,0,63.40512846039745,25.52868560084132,25.52868560084132,Q3
3043-SUDUA,Female,0,0,0,32,1,No,No,No internet service,No internet service,No internet service,No internet service,No internet service,No internet service,Month-to-month,0,Bank transfer (automatic),19.9,601.55,0,4.4020304931629965,25.493304789838035,25.493304789838035,Q3
2868-LLSKM,Female,0,1,1,68,1,Yes,Fiber optic,No,Yes,No,Yes,No,No,One year,1,Bank transfer (automatic),83.65,5733.4,0,1.5975273535170902,25.49228196376692,25.49228196376692,Q3
8104-OSKWT,Female,0,0,0,12,1,Yes,Fiber optic,Yes,No,No,No,No,No,Month-to-month,1,Electronic check,79.8,1001.2,0,3.725009341261127,25.477083364908253,25.477083364908253,Q3
5935-FCCNB,Female,1,0,0,17,1,Yes,Fiber optic,No,No,No,No,Yes,Yes,Month-to-month,1,Electronic check,94.2,1608.15,0,1.3315974026383754,25.453911556461783,25.453911556461783,Q3
0233-FTHAV,Female,0,0,0,60,1,Yes,Fiber optic,No,No,Yes,No,No,No,One year,1,Bank transfer (automatic),79.2,4765.0,0,9.267429035119553,25.41566107874037,25.41566107874037,Q3
4115-NZRKS,Female,1,0,0,7,1,No,Fiber optic,No,No,No,No,Yes,Yes,Month-to-month,1,Electronic check,89.15,574.35,0,18.878710405810644,25.401548311831856,25.401548311831856,Q3
8930-XOTDP,Female,0,1,1,18,1,No,DSL,No,No,No,No,Yes,No,Month-to-month,0,Mailed check,55.95,1082.8,0,0.7741299920293297,25.39964940328037,25.39964940328037,Q3
5146-YYFRZ,Male,0,0,0,67,1,No,No,No internet service,No internet service,No internet service,No internet service,No internet service,No internet service,Two year,0,Bank transfer (automatic),19.95,1311.75,0,2.415468776435379,25.392603614203807,25.392603614203807,Q3
9541-PWTWO,Female,0,0,0,52,1,Yes,DSL,No,No,Yes,Yes,Yes,Yes,Two year,1,Bank transfer (automatic),80.95,4233.95,0,17.233744019425203,25.38303424328999,25.38303424328999,Q3
9069-LGEUL,Male,0,1,0,23,1,No,DSL,Yes,No,No,No,No,Yes,Month-to-month,1,Bank transfer (automatic),59.95,1406.0,0,8.143479243945304,25.3818881238129,25.3818881238129,Q3
4819-HJPIW,Male,0,0,0,18,0,No phone service,DSL,No,No,No,No,No,No,Month-to-month,0,Mailed check,25.15,476.8,0,9.88514746413465,25.380469503190316,25.380469503190316,Q3
0440-UEDAI,Female,0,0,0,53,1,No,Fiber optic,No,Yes,Yes,Yes,No,Yes,One year,1,Credit card (automatic),94.45,5042.75,0,3.9413590686064994,25.379609365513573,25.379609365513573,Q3
1703-MGIAB,Female,0,0,0,17,1,Yes,DSL,No,No,Yes,Yes,Yes,No,Month-to-month,1,Mailed check,69.0,1108.0,0,31.78619279459219,25.356922137142107,25.356922137142107,Q3
8993-IZEUX,Male,0,0,0,7,1,No,Fiber optic,No,No,No,No,No,No,Month-to-month,0,Bank transfer (automatic),69.15,488.65,0,1.663775870252504,25.334321404335014,25.334321404335014,Q3
5339-PXDVH,Male,0,0,0,4,1,Yes,Fiber optic,Yes,No,No,No,Yes,No,Month-to-month,0,Electronic check,90.65,367.95,0,56.4808178659838,25.26280922217562,25.26280922217562,Q3
3649-JPUGY,Male,0,0,0,72,1,Yes,DSL,No,Yes,Yes,Yes,Yes,Yes,Two year,1,Bank transfer (automatic),88.6,6201.95,0,1.397690578572496,25.20335789112968,25.20335789112968,Q3
8124-NZVGJ,Female,0,0,0,6,0,No phone service,DSL,No,No,No,Yes,Yes,Yes,One year,1,Mailed check,49.25,255.6,0,54.13905879246348,25.196986487147704,25.196986487147704,Q3
6770-UAYGJ,Female,0,1,1,49,1,Yes,No,No internet service,No internet service,No internet service,No internet service,No internet service,No internet service,Two year,0,Mailed check,25.25,1211.65,0,1.6388000430518475,25.17050636140042,25.17050636140042,Q3
5022-KVDQT,Male,0,0,0,27,1,Yes,Fiber optic,No,No,Yes,No,No,No,Month-to-month,1,Electronic check,81.3,2272.8,0,54.02826323359401,25.146508737754196,25.146508737754196,Q3
8499-BRXTD,Male,0,0,0,18,1,No,No,No internet service,No internet service,No internet service,No internet service,No internet service,No internet service,One year,0,Mailed check,20.1,401.85,0,32.20499917233989,25.14411218967248,25.14411218967248,Q3
1814-DKOLC,Female,0,0,0,5,1,Yes,No,No internet service,No internet service,No internet service,No internet service,No internet service,No internet service,Month-to-month,0,Mailed check,25.45,134.75,0,3.1848812695439355,25.138003311533037,25.138003311533037,Q3
5197-PYEPU,Female,0,1,1,42,1,Yes,Fiber optic,Yes,Yes,No,No,Yes,No,One year,1,Credit card (automatic),94.45,3923.8,0,18.353763118457724,25.13369148858245,25.13369148858245,Q3
5696-CEIQJ,Male,0,1,1,67,1,No,Fiber optic,No,Yes,Yes,Yes,Yes,Yes,Two year,0,Bank transfer (automatic),103.15,6895.5,0,66.71276683667577,25.132071207854555,25.132071207854555,Q3
4884-LEVMQ,Male,0,1,0,39,1,No,No,No internet service,No internet service,No internet service,No internet service,No internet service,No internet service,Two year,1,Bank transfer (automatic),20.45,790.0,0,9.230796235898298,25.097157771460854,25.097157771460854,Q3
4250-WAROZ,Male,1,1,1,60,1,Yes,Fiber optic,Yes,Yes,No,No,No,Yes,Month-to-month,1,Electronic check,93.25,5774.55,0,38.22418870112207,25.08682320451018,25.08682320451018,Q3
0516-QREYC,Female,1,0,0,24,1,No,No,No internet service,No internet service,No internet service,No internet service,No internet service,No internet service,Month-to-month,1,Mailed check,20.3,459.95,0,1.3833615962430088,25.085786016323492,25.085786016323492,Q3
1600-DILPE,Female,0,0,0,12,1,No,DSL,No,No,No,No,No,No,Month-to-month,1,Bank transfer (automatic),45.0,524.35,0,5.8176618934728825,25.070972524380586,25.070972524380586,Q3
1796-JANOW,Female,0,0,0,2,1,No,No,No internet service,No internet service,No internet service,No internet service,No internet service,No internet service,Month-to-month,0,Mailed check,19.95,38.15,0,1.4020140937231644,25.069435308613773,25.069435308613773,Q3
3703-KBKZP,Male,1,0,0,16,1,Yes,Fiber optic,No,No,No,No,No,No,Month-to-month,1,Bank transfer (automatic),74.45,1261.35,0,62.52681765262744,25.056525878961583,25.056525878961583,Q3
7808-DVWEP,Male,0,1,0,3,1,No,No,No internet service,No internet service,No internet service,No internet service,No internet service,No internet service,Month-to-month,0,Bank transfer (automatic),20.0,49.65,0,0.5803236092548849,25.053609617880195,25.053609617880195,Q3
8205-VSLRB,Male,0,1,0,70,1,Yes,DSL,Yes,No,Yes,Yes,No,Yes,Two year,0,Credit card (automatic),77.3,5498.2,0,21.265437504505847,25.051187250960012,25.051187250960012,Q3
9921-EZKBY,Male,0,0,1,33,1,Yes,Fiber optic,Yes,No,Yes,No,No,Yes,Month-to-month,1,Bank transfer (automatic),95.3,3275.15,0,3.9449512430701237,25.046665581471437,25.046665581471437,Q3
2649-HWLYB,Male,0,1,0,65,1,Yes,DSL,Yes,No,Yes,Yes,No,Yes,Two year,0,Bank transfer (automatic),76.15,4929.55,0,2.6945995077892313,25.026613630436422,25.026613630436422,Q3
4277-UDIEF,Male,0,1,1,24,1,Yes,DSL,Yes,No,No,Yes,Yes,Yes,Month-to-month,0,Bank transfer (automatic),81.0,1923.85,0,11.143014407399734,25.01485618729641,25.01485618729641,Q3
1752-OZXFY,Male,0,1,0,60,1,No,DSL,Yes,No,No,No,Yes,No,One year,1,Mailed check,59.8,3561.15,0,15.078090919513246,25.003315780197493,25.003315780197493,Q3
2364-UFROM,Male,0,0,0,30,1,No,DSL,Yes,Yes,No,Yes,Yes,No,One year,0,Electronic check,70.4,2044.75,0,5.6517809611774235,24.99396186698215,24.99396186698215,Q3
5701-SVCWR,Female,0,0,1,1,1,Yes,No,No internet service,No internet service,No internet service,No internet service,No internet service,No internet service,Month-to-month,0,Mailed check,24.0,24.0,0,9.146545045977883,24.971280029767264,24.971280029767264,Q3
5067-WJEUN,Male,0,1,1,67,1,No,DSL,Yes,Yes,No,No,No,No,Two year,1,Bank transfer (automatic),54.2,3838.2,0,6.9592954453791265,24.960663424119577,24.960663424119577,Q3
2453-SAFNS,Female,1,0,0,54,1,Yes,DSL,No,Yes,No,Yes,Yes,No,One year,0,Mailed check,72.1,3886.05,0,49.03801475660628,24.95681000257008,24.95681000257008,Q3
2675-DHUTR,Male,1,1,0,58,1,Yes,Fiber optic,No,Yes,No,No,Yes,Yes,Month-to-month,1,Electronic check,98.9,5780.7,0,2.367068837968727,24.956791627686798,24.956791627686798,Q3
6898-RBTLU,Female,0,1,1,49,1,Yes,DSL,No,Yes,No,Yes,Yes,Yes,Two year,0,Bank transfer (automatic),79.3,3902.45,0,0.5092066622575714,24.935098130165894,24.935098130165894,Q3
9518-IMLHK,Male,0,0,0,31,1,No,DSL,Yes,Yes,Yes,Yes,Yes,No,Month-to-month,1,Bank transfer (automatic),72.45,2156.25,0,28.57587180239094,24.918663507356214,24.918663507356214,Q3
9133-AYJZG,Female,0,0,0,23,1,Yes,Fiber optic,No,Yes,No,No,Yes,Yes,Month-to-month,1,Credit card (automatic),98.7,2249.1,0,45.53119679899961,24.90955243370209,24.90955243370209,Q3
1027-LKKQQ,Female,0,1,1,72,1,No,DSL,Yes,No,Yes,Yes,Yes,Yes,Two year,1,Bank transfer (automatic),80.45,5886.85,0,38.23736854259218,24.891131452612626,24.891131452612626,Q3
7707-PYBBH,Male,0,0,0,40,1,No,DSL,Yes,Yes,No,Yes,No,No,Month-to-month,1,Mailed check,61.9,2647.1,0,0.9934849103774013,24.875522000857444,24.875522000857444,Q3
5348-CAGXB,Male,0,0,0,12,1,Yes,Fiber optic,No,No,Yes,No,Yes,No,Month-to-month,1,Electronic check,89.55,1021.75,0,26.682378946563524,24.872648549729607,24.872648549729607,Q3
0670-ANMUU,Male,0,0,0,71,1,Yes,Fiber optic,Yes,No,No,Yes,No,Yes,One year,0,Credit card (automatic),97.65,6687.85,0,50.24478264866497,24.84152643374,24.84152643374,Q3
9127-FHJBZ,Male,0,1,1,72,1,Yes,Fiber optic,Yes,Yes,Yes,Yes,Yes,Yes,Two year,1,Electronic check,114.0,8093.15,0,17.74610517029255,24.84152643374,24.84152643374,Q3
5876-QMYLD,Female,0,1,1,23,1,No,No,No internet service,No internet service,No internet service,No internet service,No internet service,No internet service,One year,0,Mailed check,20.05,415.1,0,6.166666314767825,24.780555515879925,24.780555515879925,Q3
9625-RZFUK,Male,0,1,1,63,1,No,No,No internet service,No internet service,No internet service,No internet service,No internet service,No internet service,Two year,0,Mailed check,19.7,1275.85,0,3.5545939325452345,24.772573325706688,24.772573325706688,Q3
0121-SNYRK,Male,0,0,0,50,0,No phone service,DSL,Yes,No,No,Yes,No,No,One year,1,Mailed check,35.4,1748.9,0,11.253387116697219,24.755701825080596,24.755701825080596,Q3
9297-FVVDH,Female,0,1,1,57,1,Yes,DSL,Yes,No,Yes,Yes,Yes,Yes,Two year,1,Electronic check,84.5,4845.4,0,4.363125793862443,24.747269343145682,24.747269343145682,Q3
5396-IZEPB,Male,0,0,0,9,1,No,No,No internet service,No internet service,No internet service,No internet service,No internet service,No internet service,Month-to-month,0,Credit card (automatic),19.7,180.7,0,38.71384156767328,24.73041325377138,24.73041325377138,Q3
9313-QOLTZ,Male,0,0,0,26,1,No,No,No internet service,No internet service,No internet service,No internet service,No internet service,No internet service,Month-to-month,0,Mailed check,20.9,518.3,0,18.392263887899286,24.720121888878904,24.720121888878904,Q3
4822-LPTYJ,Male,0,1,0,72,1,Yes,Fiber optic,No,Yes,Yes,No,Yes,Yes,Two year,1,Bank transfer (automatic),103.75,7346.2,0,29.226034678699175,24.66975065491907,24.66975065491907,Q3
3118-UHVVQ,Female,0,1,0,68,1,Yes,No,No internet service,No internet service,No internet service,No internet service,No internet service,No internet service,Two year,0,Credit card (automatic),25.8,1911.5,0,10.902707009442006,24.64822550777131,24.64822550777131,Q3
9374-YOLBJ,Female,0,1,1,1,1,No,No,No internet service,No internet service,No internet service,No internet service,No internet service,No internet service,Month-to-month,0,Electronic check,19.25,19.25,0,0.774744466639648,24.642460529398257,24.642460529398257,Q3
6244-BESBM,Male,0,1,1,69,1,No,Fiber optic,No,No,No,Yes,Yes,Yes,Two year,1,Credit card (automatic),95.2,6671.7,0,15.339634123671416,24.63672652723506,24.63672652723506,Q3
0519-DRGTI,Female,0,1,1,20,1,No,No,No internet service,No internet service,No internet service,No internet service,No internet service,No internet service,Month-to-month,0,Mailed check,20.35,442.6,0,17.414155395388313,24.635314441241533,24.635314441241533,Q3
7629-WFGLW,Female,1,1,0,56,1,Yes,Fiber optic,Yes,Yes,Yes,Yes,No,No,One year,0,Electronic check,95.65,5471.75,0,7.411269107784116,24.629443499411526,24.629443499411526,Q3
2900-PHPLN,Female,1,1,0,70,1,No,No,No internet service,No internet service,No internet service,No internet service,No internet service,No internet service,Two year,1,Credit card (automatic),19.55,1462.05,0,10.376651036940384,24.612646134038286,24.612646134038286,Q3
0895-LMRSF,Male,0,0,0,23,1,No,DSL,No,No,No,No,Yes,Yes,One year,1,Bank transfer (automatic),64.9,1509.8,0,1.1263526647216,24.610409261896898,24.610409261896898,Q3
2192-OZITF,Female,0,0,0,45,1,Yes,DSL,Yes,No,No,Yes,No,Yes,Two year,0,Mailed check,73.55,3349.1,0,6.736233791150443,24.602294648784117,24.602294648784117,Q3
2402-TAIRZ,Female,0,0,0,37,1,No,Fiber optic,No,Yes,Yes,No,No,No,One year,0,Electronic check,80.05,3019.1,0,17.878687250477775,24.568030483968954,24.568030483968954,Q3
3786-WOVKF,Female,1,1,0,72,1,Yes,Fiber optic,Yes,Yes,No,No,Yes,Yes,One year,1,Bank transfer (automatic),106.85,7677.4,0,51.792411033344706,24.542642976392777,24.542642976392777,Q3
4815-GBTCD,Female,0,1,0,4,0,No phone service,DSL,No,No,No,No,No,No,Month-to-month,1,Electronic check,25.15,99.95,0,55.800844792142534,24.540385823640392,24.540385823640392,Q3
7706-DZNKK,Male,0,0,0,11,1,No,No,No internet service,No internet service,No internet service,No internet service,No internet service,No internet service,Month-to-month,1,Credit card (automatic),20.45,237.3,0,31.6887615026622,24.526650337042184,24.526650337042184,Q3
9479-HYNYL,Female,0,1,0,71,1,No,DSL,No,Yes,Yes,Yes,Yes,Yes,Two year,1,Credit card (automatic),80.7,5705.05,0,12.87908480003128,24.49763476390287,24.49763476390287,Q3
5600-PDUJF,Male,0,0,0,6,1,No,DSL,No,No,No,Yes,No,No,Month-to-month,1,Credit card (automatic),49.5,312.7,0,8.179644662792992,24.493988852673382,24.493988852673382,Q3
8024-XNAFQ,Female,1,0,0,72,1,Yes,Fiber optic,Yes,Yes,Yes,Yes,No,Yes,Two year,1,Bank transfer (automatic),107.4,7748.75,0,20.649089805648345,24.484131155313737,24.484131155313737,Q3
9814-AOUDH,Male,0,0,0,53,1,No,No,No internet service,No internet service,No internet service,No internet service,No internet service,No internet service,Two year,0,Credit card (automatic),19.5,1050.5,0,0.2526296141090557,24.438486517191787,24.438486517191787,Q3
9509-MPYOD,Female,0,0,0,35,1,No,No,No internet service,No internet service,No internet service,No internet service,No internet service,No internet service,One year,0,Mailed check,20.75,700.45,0,1.3985036210893733,24.41682946666833,24.41682946666833,Q3
5129-JLPIS,Male,0,0,0,25,1,No,Fiber optic,Yes,No,Yes,Yes,Yes,Yes,Month-to-month,1,Electronic check,105.5,2686.05,0,0.32035683604264786,24.405176332428596,24.405176332428596,Q3
6156-UZDLF,Female,0,0,0,26,1,No,Fiber optic,Yes,No,Yes,Yes,No,No,One year,1,Credit card (automatic),87.15,2274.1,0,14.949888485125868,24.37713278317278,24.37713278317278,Q3
3205-MXZRA,Male,0,0,0,26,1,No,DSL,No,No,No,Yes,Yes,No,One year,0,Credit card (automatic),59.45,1507.0,0,72.27619641905129,24.359332485586297,24.359332485586297,Q3
4998-IKFSE,Female,0,0,0,30,1,Yes,Fiber optic,No,No,Yes,No,Yes,Yes,Month-to-month,0,Electronic check,100.45,3096.9,0,0.4529081424744179,24.349200686102357,24.349200686102357,Q3
4712-AUQZO,Male,0,0,0,18,0,No phone service,DSL,Yes,No,Yes,No,No,No,Month-to-month,0,Mailed check,33.6,550.35,0,50.04767508941747,24.325414160679184,24.325414160679184,Q3
7446-SFAOA,Female,0,1,0,37,1,No,No,No internet service,No internet service,No internet service,No internet service,No internet service,No internet service,One year,1,Bank transfer (automatic),19.85,717.5,0,7.740644072859252,24.286054176190074,24.286054176190074,Q3
9367-TCUYN,Female,0,0,0,12,1,No,No,No internet service,No internet service,No internet service,No internet service,No internet service,No internet service,Month-to-month,0,Mailed check,20.1,223.6,0,2.254318589126477,24.280290508228862,24.280290508228862,Q3
5275-PMFUT,Male,0,1,1,72,0,No phone service,DSL,Yes,Yes,Yes,Yes,Yes,Yes,Two year,1,Credit card (automatic),64.8,4719.75,0,14.26865275995817,24.261086422358936,24.261086422358936,Q3
1352-HNSAW,Female,0,1,1,72,1,Yes,Fiber optic,Yes,Yes,Yes,Yes,Yes,Yes,Two year,1,Bank transfer (automatic),115.6,8220.4,0,50.43057695402128,24.254491622466944,24.254491622466944,Q3
2043-WVTQJ,Male,0,1,0,1,1,No,DSL,Yes,No,Yes,No,No,No,Month-to-month,0,Mailed check,55.7,55.7,0,4.02041107353622,24.23067275272785,24.23067275272785,Q3
6614-YOLAC,Female,0,1,1,71,0,No phone service,DSL,Yes,Yes,No,Yes,Yes,Yes,Two year,0,Mailed check,58.65,4145.25,0,53.36674173775029,24.197897884710713,24.197897884710713,Q3
0229-LFJAF,Male,0,0,0,72,1,Yes,DSL,Yes,Yes,Yes,Yes,No,No,Two year,0,Bank transfer (automatic),69.65,4908.25,0,18.593591967007082,24.189541611441406,24.189541611441406,Q3
3612-YVGSJ,Female,0,1,0,71,1,Yes,No,No internet service,No internet service,No internet service,No internet service,No internet service,No internet service,Two year,1,Credit card (automatic),24.45,1681.6,0,7.728765694395112,24.158292561881414,24.158292561881414,Q3
6353-BRMMA,Female,0,1,1,54,1,Yes,Fiber optic,Yes,Yes,No,No,Yes,Yes,Month-to-month,1,Bank transfer (automatic),104.1,5645.8,0,0.27059057403957193,24.148596528257738,24.148596528257738,Q3
1386-ZIKUV,Male,0,0,0,7,1,No,No,No internet service,No internet service,No internet service,No internet service,No internet service,No internet service,Month-to-month,1,Mailed check,18.95,130.55,0,24.484131155313737,24.140702436967096,24.140702436967096,Q3
0017-IUDMW,Female,0,1,1,72,1,Yes,Fiber optic,Yes,Yes,Yes,Yes,Yes,Yes,Two year,1,Credit card (automatic),116.8,8456.75,0,35.8661089764212,24.13591930210911,24.13591930210911,Q3
9065-ZCPQX,Male,0,1,0,72,1,Yes,DSL,Yes,Yes,Yes,Yes,No,Yes,Two year,0,Bank transfer (automatic),78.85,5763.15,0,12.526822346907768,24.1311790876305,24.1311790876305,Q3
5424-RLQLC,Male,0,0,0,10,1,No,DSL,No,Yes,No,No,Yes,No,Month-to-month,1,Mailed check,59.65,638.95,0,3.48705810173204,24.0985280145604,24.0985280145604,Q3
4389-UEFCZ,Female,0,1,0,72,1,Yes,Fiber optic,Yes,No,Yes,No,Yes,Yes,Two year,1,Electronic check,105.5,7544.0,0,44.5410222388049,24.0742745884822,24.0742745884822,Q3
7139-JZFVG,Male,0,1,1,60,1,No,DSL,Yes,Yes,Yes,No,No,No,Two year,0,Bank transfer (automatic),60.5,3694.45,0,10.053869485291129,24.06010005678425,24.06010005678425,Q3
4987-GQWPO,Male,0,0,0,17,0,No phone service,DSL,No,No,No,No,No,No,Month-to-month,0,Credit card (automatic),25.1,382.8,0,17.17695339492062,24.04860163747813,24.04860163747813,Q3
1951-IEYXM,Male,0,1,1,72,1,Yes,DSL,Yes,Yes,Yes,Yes,Yes,Yes,Two year,1,Credit card (automatic),90.6,6441.85,0,38.87044265858126,24.039129124174867,24.039129124174867,Q3
8080-POTJR,Female,0,0,0,30,1,Yes,DSL,Yes,No,Yes,No,Yes,Yes,One year,1,Credit card (automatic),79.3,2427.1,0,52.36174690685269,24.03588586356787,24.03588586356787,Q3
9617-INGJY,Male,0,0,0,1,1,No,Fiber optic,No,No,No,No,No,No,Month-to-month,1,Mailed check,70.6,70.6,0,30.583072798361332,24.030109718894245,24.030109718894245,Q3
2346-DJQTB,Female,0,0,0,35,0,No phone service,DSL,No,No,No,No,No,No,Month-to-month,0,Electronic check,24.15,812.5,0,0.8287941882291778,24.018587664003547,24.018587664003547,Q3
5294-DMSFH,Female,0,1,1,29,1,No,Fiber optic,No,No,No,No,Yes,Yes,Month-to-month,1,Credit card (automatic),87.8,2621.75,0,48.71916849211409,23.98918449388059,23.98918449388059,Q3
8224-KDLKN,Male,0,1,1,72,1,Yes,No,No internet service,No internet service,No internet service,No internet service,No internet service,No internet service,Two year,0,Bank transfer (automatic),25.0,1738.9,0,15.253276346505606,23.973959237618566,23.973959237618566,Q3
1320-REHCS,Male,1,0,0,52,1,Yes,Fiber optic,No,Yes,Yes,Yes,Yes,Yes,Month-to-month,1,Electronic check,110.75,5832.0,0,5.444751463065737,23.96342770692156,23.96342770692156,Q3
6502-KUGLL,Female,0,1,1,14,1,No,DSL,Yes,Yes,No,Yes,No,No,Month-to-month,0,Bank transfer (automatic),59.45,780.85,0,8.654429681491946,23.95621894735572,23.95621894735572,Q3
5168-MQQCA,Female,0,1,0,72,1,Yes,Fiber optic,No,Yes,Yes,Yes,Yes,Yes,One year,1,Bank transfer (automatic),108.5,8003.8,0,18.247557021288603,23.906067053631652,23.906067053631652,Q3
3842-QTGDL,Male,0,1,0,16,1,No,Fiber optic,Yes,Yes,No,No,No,No,Month-to-month,0,Bank transfer (automatic),80.75,1321.3,0,0.2556603134023062,23.891105563444203,23.891105563444203,Q3
7369-TRPFD,Male,0,0,0,19,1,No,No,No internet service,No internet service,No internet service,No internet service,No internet service,No internet service,One year,0,Mailed check,18.8,279.2,0,3.3166945893075095,23.847427475980755,23.847427475980755,Q3
3978-YNKDD,Male,0,0,1,19,1,No,No,No internet service,No internet service,No internet service,No internet service,No internet service,No internet service,Two year,0,Credit card (automatic),20.85,467.5,0,13.072303480018526,23.836461804581393,23.836461804581393,Q3
3750-RNQKR,Female,0,0,0,12,1,No,No,No internet service,No internet service,No internet service,No internet service,No internet service,No internet service,Month-to-month,0,Mailed check,19.45,246.25,0,16.641864322266713,23.831276682516307,23.831276682516307,Q3
0237-YFUTL,Female,0,1,0,50,1,Yes,Fiber optic,Yes,Yes,No,Yes,Yes,Yes,Month-to-month,1,Bank transfer (automatic),109.65,5405.8,0,0.740686842646364,23.81141828674553,23.81141828674553,Q3
3120-FAZKD,Male,0,1,1,54,1,Yes,No,No internet service,No internet service,No internet service,No internet service,No internet service,No internet service,Two year,1,Bank transfer (automatic),24.05,1230.9,0,12.422117930150863,23.79841238116057,23.79841238116057,Q3
6437-UDQJM,Female,1,1,0,72,1,Yes,DSL,Yes,Yes,Yes,No,Yes,Yes,Two year,1,Credit card (automatic),84.1,6129.65,0,61.13798894825355,23.787351590833087,23.787351590833087,Q3
8975-SKGRX,Male,0,1,0,71,1,Yes,Fiber optic,Yes,Yes,Yes,Yes,Yes,Yes,Two year,1,Bank transfer (automatic),116.1,8310.55,0,49.843620176246304,23.784688668958612,23.784688668958612,Q3
9555-SAHUZ,Female,0,1,1,38,1,No,DSL,Yes,Yes,No,No,No,No,Month-to-month,0,Electronic check,54.5,2076.05,0,38.113048612697895,23.757154623374674,23.757154623374674,Q3
7610-TVOPG,Male,0,0,0,15,1,Yes,No,No internet service,No internet service,No internet service,No internet service,No internet service,No internet service,Month-to-month,1,Electronic check,26.35,378.6,0,55.54148230756558,23.75692688279503,23.75692688279503,Q3
6917-YACBP,Female,1,0,0,59,1,Yes,Fiber optic,Yes,Yes,Yes,No,No,No,Month-to-month,1,Electronic check,89.75,5496.9,0,3.4417920312205044,23.74986788055661,23.74986788055661,Q3
8660-BUETV,Female,0,0,0,3,1,No,DSL,No,No,No,No,No,No,Month-to-month,0,Mailed check,44.75,148.05,0,34.53421170132518,23.72155035290284,23.72155035290284,Q3
6369-MCAKO,Female,0,1,1,68,1,Yes,DSL,Yes,Yes,Yes,Yes,Yes,Yes,Two year,1,Bank transfer (automatic),89.05,6185.8,0,4.900824022341499,23.708402970199398,23.708402970199398,Q3
0265-PSUAE,Female,0,1,1,16,1,No,Fiber optic,Yes,No,Yes,No,Yes,Yes,Month-to-month,0,Bank transfer (automatic),100.7,1522.7,0,18.410539531189734,23.698569247463258,23.698569247463258,Q3
9391-YZEJW,Female,0,0,0,62,1,Yes,Fiber optic,No,No,No,No,Yes,Yes,One year,1,Bank transfer (automatic),94.0,5757.2,0,40.026994733210806,23.602860569934187,23.602860569934187,Q3
4760-THGOT,Female,0,1,0,43,1,Yes,Fiber optic,Yes,Yes,No,No,No,Yes,Month-to-month,1,Electronic check,94.1,4107.3,0,5.9219243019787555,23.59708761311988,23.59708761311988,Q3
1724-IQWNM,Male,0,0,1,1,1,No,No,No internet service,No internet service,No internet service,No internet service,No internet service,No internet service,Month-to-month,1,Mailed check,19.3,19.3,0,2.2602187361118626,23.55988468784401,23.55988468784401,Q3
5386-THSLQ,Female,1,1,0,66,0,No phone service,DSL,No,Yes,Yes,No,Yes,No,One year,0,Bank transfer (automatic),45.55,3027.25,0,3.9917729316006887,23.549356544445438,23.549356544445438,Q3
5133-POWUA,Male,0,0,0,1,1,No,DSL,No,No,No,No,No,No,Month-to-month,1,Mailed check,45.8,45.8,0,11.271129441240523,23.53708019738424,23.53708019738424,Q3
7089-RKVSZ,Male,0,1,1,8,1,Yes,No,No internet service,No internet service,No internet service,No internet service,No internet service,No internet service,One year,0,Mailed check,24.4,203.95,0,0.5769563128315152,23.50923383509041,23.50923383509041,Q3
2522-WLNSF,Female,1,1,0,34,1,No,DSL,No,No,Yes,Yes,Yes,No,One year,0,Bank transfer (automatic),64.2,2106.3,0,0.34849794051597327,23.508003647192783,23.508003647192783,Q3
8591-TKMZH,Male,0,1,1,59,1,Yes,Fiber optic,Yes,Yes,No,Yes,Yes,Yes,Two year,1,Mailed check,111.1,6555.2,0,59.946495220800486,23.483910798579256,23.483910798579256,Q3
5201-USSQZ,Female,0,1,0,26,1,No,Fiber optic,No,No,No,Yes,No,Yes,Month-to-month,0,Credit card (automatic),85.9,2196.45,0,25.68903337974449,23.480210212253773,23.480210212253773,Q3
6693-DJWTY,Female,0,0,1,35,1,No,DSL,Yes,Yes,No,No,No,No,One year,0,Credit card (automatic),55.6,2016.45,0,1.6977888422085692,23.4758183717286,23.4758183717286,Q3
9955-QOPOY,Male,0,1,0,69,0,No phone service,DSL,No,Yes,Yes,Yes,Yes,Yes,One year,1,Credit card (automatic),60.8,4263.4,0,0.6508969251857689,23.471073146099766,23.471073146099766,Q3
5324-KTGCG,Male,0,1,0,71,1,No,No,No internet service,No internet service,No internet service,No internet service,No internet service,No internet service,One year,0,Electronic check,20.85,1539.75,0,0.43099855734785913,23.466871495927517,23.466871495927517,Q3
3055-MJDSB,Male,0,0,0,9,0,No phone service,DSL,No,No,No,No,No,No,Month-to-month,1,Mailed check,24.6,190.1,0,3.3052470545985195,23.45612860060598,23.45612860060598,Q3
0480-KYJVA,Female,0,1,1,72,1,Yes,No,No internet service,No internet service,No internet service,No internet service,No internet service,No internet service,Two year,0,Credit card (automatic),24.25,1784.5,0,40.62018448941417,23.449269799527567,23.449269799527567,Q3
1580-BMCMR,Male,1,0,0,19,1,No,Fiber optic,Yes,No,No,No,No,Yes,Month-to-month,1,Electronic check,87.3,1637.3,0,1.7429621598352825,23.44631007988594,23.44631007988594,Q3
1328-EUZHC,Female,0,1,0,18,1,No,No,No internet service,No internet service,No internet service,No internet service,No internet service,No internet service,Two year,0,Mailed check,20.1,370.5,0,18.772116502983103,23.445892460882547,23.445892460882547,Q3
0258-NOKBL,Male,0,0,0,3,1,No,Fiber optic,No,Yes,Yes,No,No,Yes,Month-to-month,0,Electronic check,90.4,268.45,0,21.298678462285643,23.44385804726788,23.44385804726788,Q3
1757-TCATG,Male,0,1,1,35,1,No,No,No internet service,No internet service,No internet service,No internet service,No internet service,No internet service,One year,0,Bank transfer (automatic),20.05,746.75,0,12.262396227138924,23.407605527820223,23.407605527820223,Q3
9244-ZVAPM,Male,0,0,0,1,1,No,DSL,No,No,No,No,No,No,Month-to-month,0,Mailed check,45.6,45.6,0,6.687489596900691,23.379274747521965,23.379274747521965,Q3
9323-HGFWY,Female,0,1,0,27,1,No,Fiber optic,Yes,No,No,Yes,Yes,Yes,One year,1,Credit card (automatic),101.9,2681.15,0,4.26498086011257,23.360721893235073,23.360721893235073,Q3
7601-DHFWZ,Female,0,0,0,48,1,Yes,No,No internet service,No internet service,No internet service,No internet service,No internet service,No internet service,Two year,0,Credit card (automatic),24.0,1183.05,0,2.063991954221875,23.337346581676996,23.337346581676996,Q3
1178-PZGAB,Female,0,0,0,19,1,No,No,No internet service,No internet service,No internet service,No internet service,No internet service,No internet service,One year,0,Credit card (automatic),20.25,383.65,0,7.632180221735951,23.33668097300042,23.33668097300042,Q3
7064-FRRSW,Male,1,0,0,48,1,Yes,Fiber optic,No,Yes,No,No,Yes,Yes,One year,1,Electronic check,99.0,4744.35,0,6.851370700242263,23.302021162201747,23.302021162201747,Q3
2688-BHGOG,Male,1,0,0,9,1,No,Fiber optic,No,No,No,No,No,Yes,Month-to-month,1,Electronic check,79.55,718.55,0,11.326874527631189,23.299434455473005,23.299434455473005,Q3
4664-NJCMS,Female,0,1,0,33,0,No phone service,DSL,Yes,No,Yes,Yes,Yes,Yes,Two year,0,Bank transfer (automatic),59.55,2016.3,0,2.5209583850137802,23.292415902470147,23.292415902470147,Q3
7138-GIRSH,Male,0,0,0,50,1,Yes,DSL,No,No,Yes,Yes,No,Yes,Two year,0,Bank transfer (automatic),69.5,3418.2,0,19.931021421632817,23.27917755135868,23.27917755135868,Q3
4808-YNLEU,Female,0,1,0,35,1,No,DSL,Yes,No,No,No,Yes,No,One year,1,Bank transfer (automatic),62.15,2215.45,0,2.127663622987393,23.232616543832947,23.232616543832947,Q3
9290-SHCMB,Female,1,0,0,13,1,No,Fiber optic,No,No,Yes,No,Yes,Yes,Month-to-month,1,Electronic check,96.85,1235.55,0,2.1040475083663237,23.23054724504175,23.23054724504175,Q3
5366-OBVMR,Female,0,1,0,18,1,No,DSL,No,No,No,Yes,No,No,Month-to-month,1,Mailed check,50.3,908.75,0,3.3787168254048434,23.217697192996773,23.217697192996773,Q3
2926-JEJJC,Female,0,0,0,8,1,No,No,No internet service,No internet service,No internet service,No internet service,No internet service,No internet service,One year,1,Bank transfer (automatic),20.2,140.95,0,5.001774433869101,23.19138616464979,23.19138616464979,Q3
7255-SSFBC,Male,0,1,1,72,1,Yes,Fiber optic,No,Yes,Yes,Yes,Yes,Yes,Two year,1,Bank transfer (automatic),112.25,8041.65,0,1.7312300391315039,23.19041153854072,23.19041153854072,Q3
4237-CLSMM,Male,0,1,0,2,1,No,No,No internet service,No internet service,No internet service,No internet service,No internet service,No internet service,Month-to-month,0,Mailed check,20.0,38.0,0,0.7594280581432451,23.1896777186043,23.1896777186043,Q3
4989-LIXVT,Male,1,0,0,68,1,Yes,Fiber optic,No,Yes,Yes,No,No,Yes,Month-to-month,1,Electronic check,95.9,6503.2,0,1.6074707245011706,23.174129696441266,23.174129696441266,Q3
7008-LZVOZ,Male,0,1,1,66,1,Yes,No,No internet service,No internet service,No internet service,No internet service,No internet service,No internet service,Two year,1,Credit card (automatic),25.3,1672.35,0,1.8968944197004356,23.160982173247135,23.160982173247135,Q3
6599-SFQVE,Female,0,0,0,6,1,No,DSL,No,No,No,No,No,Yes,Month-to-month,1,Electronic check,55.0,340.4,0,53.27689336909403,23.157049418233555,23.157049418233555,Q3
4213-HKBJO,Female,0,0,0,33,1,Yes,No,No internet service,No internet service,No internet service,No internet service,No internet service,No internet service,Two year,0,Credit card (automatic),25.7,826.1,0,67.70023735267618,23.154745486230738,23.154745486230738,Q3
0308-IVGOK,Female,0,0,0,11,0,No phone service,DSL,No,Yes,Yes,Yes,No,No,One year,1,Credit card (automatic),40.4,422.6,0,54.81257011150736,23.145342042409712,23.145342042409712,Q3
9746-UGFAC,Female,0,0,0,22,1,No,No,No internet service,No internet service,No internet service,No internet service,No internet service,No internet service,One year,0,Bank transfer (automatic),20.85,450.65,0,4.415086776309629,23.142261511920044,23.142261511920044,Q3
6980-IMXXE,Female,0,1,1,69,1,No,No,No internet service,No internet service,No internet service,No internet service,No internet service,No internet service,Two year,0,Bank transfer (automatic),20.2,1412.65,0,40.23887432976741,23.13900487585108,23.13900487585108,Q3
6479-VDGRK,Female,0,1,1,72,1,No,DSL,Yes,Yes,Yes,Yes,Yes,Yes,Two year,0,Bank transfer (automatic),85.3,6129.2,0,46.7604821850366,23.122595569860138,23.122595569860138,Q3
7858-GTZSP,Female,0,0,0,12,1,Yes,Fiber optic,No,No,No,No,No,Yes,Month-to-month,1,Electronic check,86.55,1066.9,0,22.71231212236915,23.10958231823541,23.10958231823541,Q3
3629-WEAAM,Female,0,0,0,8,1,No,DSL,No,No,Yes,Yes,No,Yes,Month-to-month,0,Mailed check,64.1,504.05,0,14.710382583334411,23.076316136624758,23.076316136624758,Q3
0282-NVSJS,Female,1,1,1,12,0,No phone service,DSL,No,No,No,Yes,No,No,Month-to-month,1,Mailed check,29.3,355.9,0,9.270424295385792,23.052892734608072,23.052892734608072,Q3
1898-JSNDC,Female,0,0,0,39,1,No,DSL,No,Yes,No,No,Yes,No,One year,1,Credit card (automatic),58.6,2224.5,0,25.41566107874037,22.990781191035303,22.990781191035303,Q3
5639-NTUPK,Male,0,0,1,13,1,No,DSL,Yes,No,No,No,No,No,Month-to-month,1,Credit card (automatic),52.1,670.65,0,32.67816687284548,22.970790855329344,22.970790855329344,Q3
2495-KZNFB,Female,0,0,0,33,1,Yes,Fiber optic,Yes,No,No,No,No,Yes,Month-to-month,1,Electronic check,90.65,2989.6,0,2.914139490852144,22.92206585374041,22.92206585374041,Q3
4109-CYRBD,Male,1,1,0,29,1,Yes,DSL,No,No,No,No,No,No,Month-to-month,1,Electronic check,51.6,1442.0,0,2.117975947430261,22.916289726210533,22.916289726210533,Q3
8441-SHIPE,Female,0,0,0,67,1,Yes,No,No internet service,No internet service,No internet service,No internet service,No internet service,No internet service,Two year,1,Bank transfer (automatic),25.6,1790.35,0,11.199985467915607,22.906008872271443,22.906008872271443,Q3
4718-DHSMV,Female,0,0,0,11,0,No phone service,DSL,No,No,No,No,Yes,No,Month-to-month,1,Mailed check,35.8,363.15,0,39.28076778310704,22.8931677040746,22.8931677040746,Q3
8439-LTUGF,Male,0,0,0,10,1,No,No,No internet service,No internet service,No internet service,No internet service,No internet service,No internet service,Month-to-month,1,Credit card (automatic),20.0,198.6,0,29.662016816047803,22.891071464104527,22.891071464104527,Q3
4130-MZLCC,Female,0,0,0,5,1,No,DSL,No,Yes,No,No,No,No,Month-to-month,0,Bank transfer (automatic),50.55,244.75,0,0.32851658499257924,22.888740161050542,22.888740161050542,Q3
9795-VOWON,Male,0,0,0,7,0,No phone service,DSL,No,No,No,No,No,No,One year,1,Credit card (automatic),24.35,150.85,0,1.1000883026202224,22.884695189695965,22.884695189695965,Q3
6833-JMZYP,Female,0,0,0,15,1,No,Fiber optic,No,No,Yes,No,Yes,Yes,Month-to-month,1,Credit card (automatic),94.0,1505.45,0,33.94196097627591,22.877852306821815,22.877852306821815,Q3
8433-WPJTV,Female,1,1,1,65,1,Yes,Fiber optic,No,No,Yes,Yes,Yes,Yes,One year,1,Bank transfer (automatic),103.9,6767.1,0,54.01871163879576,22.86345230212975,22.86345230212975,Q3
4456-RHSNB,Female,0,1,1,19,1,No,DSL,No,No,Yes,No,No,No,Month-to-month,1,Bank transfer (automatic),49.6,962.9,0,4.891068081601765,22.80827196774565,22.80827196774565,Q3
6855-VLGOS,Male,0,1,1,72,1,No,No,No internet service,No internet service,No internet service,No internet service,No internet service,No internet service,Two year,0,Electronic check,20.55,1432.55,0,2.5280183649071484,22.77928461583892,22.77928461583892,Q3
7339-POGZN,Female,0,0,0,4,1,Yes,DSL,No,No,No,No,No,No,Month-to-month,0,Electronic check,50.7,214.55,0,14.531547464604976,22.76886160794811,22.76886160794811,Q3
4633-MKHYU,Female,0,0,0,9,1,No,Fiber optic,No,No,No,No,Yes,Yes,Month-to-month,1,Mailed check,88.4,788.6,0,4.685001585678485,22.756132275458896,22.756132275458896,Q3
2019-HDCZY,Male,0,1,0,63,1,Yes,Fiber optic,No,No,Yes,No,Yes,Yes,Two year,0,Electronic check,102.6,6296.75,0,7.71232725501705,22.750062439782504,22.750062439782504,Q3
6080-TCMYC,Male,0,1,1,40,1,Yes,Fiber optic,No,No,Yes,No,No,No,Month-to-month,1,Electronic check,81.2,3292.3,0,7.238659016497087,22.73260373074603,22.73260373074603,Q3
7445-WMRBW,Female,0,0,0,48,1,Yes,DSL,No,Yes,Yes,Yes,Yes,No,One year,1,Bank transfer (automatic),73.85,3581.4,0,72.69076344925945,22.71231212236915,22.71231212236915,Q3
3750-YHRYO,Male,0,1,1,7,1,No,No,No internet service,No internet service,No internet service,No internet service,No internet service,No internet service,One year,0,Mailed check,20.65,150.0,0,71.17951406783327,22.70940023078923,22.70940023078923,Q3
5950-AAAGJ,Male,0,0,0,18,1,Yes,Fiber optic,No,No,No,No,Yes,No,Month-to-month,0,Bank transfer (automatic),84.3,1537.9,0,12.361126401171612,22.69315005562119,22.69315005562119,Q3
9430-NKQLY,Male,0,1,1,72,1,Yes,No,No internet service,No internet service,No internet service,No internet service,No internet service,No internet service,Two year,1,Credit card (automatic),25.1,1790.8,0,42.40253729807331,22.68457992829295,22.68457992829295,Q3
6139-ZZRBQ,Male,1,0,0,64,1,No,No,No internet service,No internet service,No internet service,No internet service,No internet service,No internet service,Two year,1,Bank transfer (automatic),20.05,1198.05,0,3.983125547808545,22.6737071051528,22.6737071051528,Q3
9137-NOQKA,Male,1,0,0,2,1,No,No,No internet service,No internet service,No internet service,No internet service,No internet service,No internet service,Month-to-month,0,Electronic check,19.2,37.2,0,1.3633189533905254,22.653293277263227,22.653293277263227,Q3
0484-FFVBJ,Male,0,0,0,32,1,No,DSL,No,No,No,No,Yes,Yes,One year,1,Bank transfer (automatic),64.85,2010.95,0,31.27719833163195,22.63800478654762,22.63800478654762,Q3
4830-FAXFM,Male,0,0,1,19,1,Yes,No,No internet service,No internet service,No internet service,No internet service,No internet service,No internet service,Month-to-month,1,Credit card (automatic),24.1,439.2,0,5.129643452387462,22.61082322951903,22.61082322951903,Q3
6288-LBEAR,Female,0,0,0,23,1,No,Fiber optic,No,Yes,No,Yes,No,No,Month-to-month,1,Mailed check,79.1,1783.75,0,56.46822188220624,22.5948135878765,22.5948135878765,Q3
6847-KJLTS,Female,1,1,0,58,1,Yes,Fiber optic,No,No,No,Yes,Yes,Yes,Month-to-month,1,Bank transfer (automatic),100.4,5749.8,0,3.9463402864416115,22.58418612611857,22.58418612611857,Q3
8823-RLPWL,Female,0,1,0,72,1,Yes,Fiber optic,Yes,Yes,Yes,No,Yes,Yes,Two year,1,Credit card (automatic),110.65,8065.65,0,9.738853342697471,22.58043987746349,22.58043987746349,Q3
4795-UXVCJ,Male,0,0,0,26,1,No,No,No internet service,No internet service,No internet service,No internet service,No internet service,No internet service,One year,0,Credit card (automatic),19.8,457.3,0,1.622938894948666,22.57290454457226,22.57290454457226,Q3
8150-QUDFX,Male,0,0,0,2,1,No,No,No internet service,No internet service,No internet service,No internet service,No internet service,No internet service,Month-to-month,0,Mailed check,19.85,51.6,0,17.23612999270763,22.540353212662634,22.540353212662634,Q3
0023-UYUPN,Female,1,1,0,50,1,Yes,No,No internet service,No internet service,No internet service,No internet service,No internet service,No internet service,One year,0,Electronic check,25.2,1306.3,0,4.130056272474109,22.536001436332715,22.536001436332715,Q3
3154-CFSZG,Male,0,1,1,47,1,No,Fiber optic,Yes,No,Yes,No,No,Yes,Month-to-month,0,Electronic check,90.05,4137.2,0,0.7321068636227618,22.53221550170787,22.53221550170787,Q3
8350-NYMVI,Female,0,0,0,39,0,No phone service,DSL,No,Yes,Yes,Yes,No,No,Month-to-month,0,Bank transfer (automatic),41.1,1597.05,0,4.717527294351793,22.520155893517888,22.520155893517888,Q3
3230-JCNZS,Female,0,1,1,71,1,Yes,Fiber optic,Yes,Yes,Yes,No,Yes,No,Two year,1,Credit card (automatic),99.0,7061.65,0,0.4286499973189764,22.468550529941922,22.468550529941922,Q3
1984-GPTEH,Female,0,0,0,29,1,Yes,No,No internet service,No internet service,No internet service,No internet service,No internet service,No internet service,Month-to-month,0,Electronic check,25.15,702.0,0,0.2981973888488024,22.455941079830037,22.455941079830037,Q3
4685-TFLLS,Male,0,1,1,18,1,No,No,No internet service,No internet service,No internet service,No internet service,No internet service,No internet service,One year,0,Bank transfer (automatic),19.8,342.3,0,7.9920026953165495,22.45189318860522,22.45189318860522,Q3
2811-POVEX,Female,1,1,1,23,1,No,Fiber optic,No,Yes,Yes,No,No,Yes,Month-to-month,1,Bank transfer (automatic),88.45,2130.55,0,2.83203205025797,22.44965872473156,22.44965872473156,Q3
5619-PTMIK,Female,0,1,0,46,1,Yes,DSL,Yes,No,No,No,No,No,Month-to-month,0,Electronic check,53.1,2459.8,0,45.49660789564012,22.4488808476733,22.4488808476733,Q3
7245-NIIWQ,Female,0,0,0,3,1,No,Fiber optic,No,No,No,No,No,No,Month-to-month,1,Electronic check,69.85,199.85,0,68.37042237339037,22.444055998094907,22.444055998094907,Q3
5973-EJGDP,Male,0,0,0,51,1,Yes,Fiber optic,No,Yes,Yes,Yes,No,No,Month-to-month,1,Electronic check,87.35,4473.0,0,57.9094183351726,22.423558304266848,22.423558304266848,Q3
5120-ZBLAI,Female,0,1,0,50,1,Yes,DSL,No,No,Yes,No,Yes,Yes,One year,0,Bank transfer (automatic),75.7,3876.2,0,5.565055028008022,22.371584374726083,22.371584374726083,Q3
1264-FUHCX,Female,0,1,0,49,0,No phone service,DSL,No,Yes,No,Yes,Yes,Yes,One year,1,Credit card (automatic),56.3,2780.6,0,48.71795821735142,22.345554224146035,22.345554224146035,Q3
8464-EETCQ,Male,0,0,0,57,1,No,No,No internet service,No internet service,No internet service,No internet service,No internet service,No internet service,Two year,0,Credit card (automatic),18.8,1094.35,0,60.726941824955816,22.344076439686766,22.344076439686766,Q3
2101-RANCD,Female,0,0,0,55,1,Yes,Fiber optic,No,No,No,No,No,No,Month-to-month,1,Electronic check,73.1,4144.9,0,26.6830481278929,22.338374285063924,22.338374285063924,Q3
8087-LGYHQ,Male,0,0,0,9,1,No,Fiber optic,No,No,Yes,No,Yes,Yes,Month-to-month,1,Electronic check,94.05,811.65,0,1.460296660024758,22.333668655754536,22.333668655754536,Q3
3969-GYXEL,Female,0,0,0,11,1,No,Fiber optic,Yes,No,No,No,No,No,Month-to-month,0,Electronic check,76.4,838.7,0,39.76389900441626,22.32483552884691,22.32483552884691,Q3
1131-ALZWV,Female,0,0,0,24,1,Yes,No,No internet service,No internet service,No internet service,No internet service,No internet service,No internet service,One year,0,Bank transfer (automatic),24.6,605.25,0,19.73161850444155,22.309536989668754,22.309536989668754,Q3
9860-LISIZ,Female,0,0,0,34,1,No,No,No internet service,No internet service,No internet service,No internet service,No internet service,No internet service,Month-to-month,0,Mailed check,20.35,673.2,0,61.66289550005216,22.27779316668806,22.27779316668806,Q3
5457-COLHT,Male,0,1,1,69,1,No,DSL,Yes,Yes,No,Yes,Yes,Yes,Two year,0,Bank transfer (automatic),80.65,5542.55,0,3.090917251884002,22.235849671124157,22.235849671124157,Q3
2386-OWURY,Female,0,0,0,58,1,No,Fiber optic,No,No,No,Yes,Yes,Yes,Month-to-month,1,Electronic check,95.3,5817.7,0,1.5648943592032525,22.22565543729172,22.22565543729172,Q3
8746-OQQRW,Male,0,0,0,4,1,Yes,No,No internet service,No internet service,No internet service,No internet service,No internet service,No internet service,Month-to-month,0,Mailed check,25.25,101.9,0,73.30969404896858,22.180859827244063,22.180859827244063,Q3
9495-SKLKD,Male,0,1,1,45,1,Yes,Fiber optic,No,Yes,Yes,No,No,Yes,Month-to-month,1,Bank transfer (automatic),95.95,4456.65,0,4.614938091246799,22.167001721418135,22.167001721418135,Q3
3520-FJGCV,Male,0,1,1,72,1,Yes,Fiber optic,Yes,Yes,Yes,Yes,Yes,Yes,Two year,1,Credit card (automatic),112.6,8126.65,0,48.944318680026626,22.08648910735736,22.08648910735736,Q3
4759-PXTAN,Female,0,1,0,59,1,Yes,DSL,No,Yes,No,Yes,Yes,Yes,One year,1,Electronic check,80.1,4693.2,0,17.81161479082452,22.06150751033416,22.06150751033416,Q3
1395-OFUWC,Male,0,1,1,43,0,No phone service,DSL,No,Yes,No,No,No,No,Month-to-month,0,Credit card (automatic),29.3,1224.05,0,65.79822579338509,22.041687616821875,22.041687616821875,Q3
0326-VDYXE,Female,0,1,0,70,1,Yes,Fiber optic,No,No,Yes,No,Yes,Yes,One year,1,Electronic check,97.65,6982.5,0,10.165142534936281,22.041215187545365,22.041215187545365,Q3
1755-FZQEC,Male,0,0,0,39,1,No,No,No internet service,No internet service,No internet service,No internet service,No internet service,No internet service,One year,0,Mailed check,19.9,791.15,0,21.50394593679815,22.036019291913604,22.036019291913604,Q3
1064-FBXNK,Male,0,1,1,1,1,No,No,No internet service,No internet service,No internet service,No internet service,No internet service,No internet service,One year,0,Credit card (automatic),19.85,19.85,0,0.8913386480226172,22.029532480440345,22.029532480440345,Q3
6813-GZQCG,Female,0,1,1,45,1,Yes,No,No internet service,No internet service,No internet service,No internet service,No internet service,No internet service,Two year,1,Credit card (automatic),24.65,1171.3,0,0.579521600124771,22.02383707864152,22.02383707864152,Q3
0484-JPBRU,Male,0,0,0,41,1,Yes,No,No internet service,No internet service,No internet service,No internet service,No internet service,No internet service,Month-to-month,1,Bank transfer (automatic),25.25,996.45,0,5.539176283617101,22.023690377634868,22.023690377634868,Q3
4138-NAXED,Male,0,0,0,51,1,Yes,Fiber optic,No,Yes,No,No,No,No,Month-to-month,0,Bank transfer (automatic),81.0,4085.75,0,3.2891444407665387,21.987241078850424,21.987241078850424,Q3
7789-CRUVC,Female,1,1,0,61,1,Yes,Fiber optic,Yes,Yes,Yes,Yes,No,No,Month-to-month,1,Credit card (automatic),94.2,5895.45,0,23.973959237618566,21.938744635027106,21.938744635027106,Q3
7136-IHZJA,Female,0,1,1,40,1,No,DSL,Yes,Yes,No,Yes,No,Yes,Month-to-month,1,Mailed check,71.35,2847.2,0,13.555979061846093,21.920805667795225,21.920805667795225,Q3
7609-YBPXG,Male,0,0,0,54,1,Yes,DSL,Yes,No,Yes,Yes,Yes,Yes,Two year,0,Bank transfer (automatic),87.1,4735.2,0,9.633016429449526,21.914080675183367,21.914080675183367,Q3
3764-MNMOI,Male,0,0,0,46,1,No,No,No internet service,No internet service,No internet service,No internet service,No internet service,No internet service,Two year,0,Credit card (automatic),19.2,908.15,0,30.559133050309363,21.906782777748155,21.906782777748155,Q3
0924-BJCRC,Female,1,1,0,60,1,Yes,Fiber optic,No,Yes,No,No,No,Yes,Month-to-month,0,Electronic check,89.45,5294.6,0,19.755713005719066,21.903442328183438,21.903442328183438,Q3
4826-DXMUP,Male,0,0,1,35,1,No,DSL,No,No,No,Yes,Yes,Yes,One year,1,Mailed check,72.1,2495.15,0,7.436777517124941,21.90069366651578,21.90069366651578,Q3
0936-NQLJU,Female,0,1,0,41,1,No,No,No internet service,No internet service,No internet service,No internet service,No internet service,No internet service,Two year,0,Credit card (automatic),20.65,875.55,0,69.49953250630149,21.896065479271712,21.896065479271712,Q3
2580-ATZSQ,Female,0,1,1,65,1,No,DSL,Yes,Yes,Yes,No,No,No,One year,0,Bank transfer (automatic),61.35,3874.1,0,17.740841787994828,21.848141039863773,21.848141039863773,Q3
2072-ZVJJX,Male,0,1,0,68,1,Yes,No,No internet service,No internet service,No internet service,No internet service,No internet service,No internet service,Two year,0,Bank transfer (automatic),25.25,1728.2,0,11.450759549395299,21.83274870575353,21.83274870575353,Q3
1559-DTODC,Male,0,0,0,19,0,No phone service,DSL,No,No,No,No,No,No,Month-to-month,1,Bank transfer (automatic),25.15,468.35,0,1.2085311219308728,21.823646503210544,21.823646503210544,Q3
8144-DGHXP,Female,0,0,0,54,1,No,DSL,Yes,No,Yes,Yes,Yes,Yes,Two year,0,Electronic check,80.6,4299.95,0,18.05372104699694,21.807178420429047,21.807178420429047,Q3
1763-WQFUK,Male,0,0,0,3,1,No,DSL,No,No,No,Yes,No,No,Month-to-month,1,Mailed check,50.5,147.75,0,41.501233780339966,21.802516575186697,21.802516575186697,Q3
9453-PATOS,Female,0,1,0,72,1,No,DSL,Yes,Yes,Yes,Yes,Yes,Yes,Two year,0,Mailed check,85.1,6155.4,0,8.857655192949773,21.729236171670898,21.729236171670898,Q3
9575-IWCAZ,Male,0,1,0,6,1,Yes,No,No internet service,No internet service,No internet service,No internet service,No internet service,No internet service,One year,0,Mailed check,25.1,171.0,0,22.041215187545365,21.699633368880892,21.699633368880892,Q3
0191-ZHSKZ,Male,1,0,0,30,1,No,DSL,Yes,Yes,No,No,Yes,Yes,Month-to-month,1,Electronic check,74.75,2111.3,0,1.5506057432709714,21.69459920057956,21.69459920057956,Q3
9589-ABEPT,Male,0,1,0,69,1,Yes,Fiber optic,No,Yes,No,Yes,Yes,No,Two year,1,Mailed check,92.45,6460.55,0,7.188535624607138,21.66798305774343,21.66798305774343,Q3
8158-WPEZG,Male,0,0,0,11,0,No phone service,DSL,No,Yes,No,Yes,No,No,Month-to-month,1,Electronic check,35.65,425.1,0,4.3468051700844565,21.66737429283338,21.66737429283338,Q3
1422-DGUBX,Male,0,1,0,32,1,Yes,Fiber optic,No,No,No,Yes,No,No,One year,1,Electronic check,79.25,2619.15,0,55.56502934104335,21.664518442796695,21.664518442796695,Q3
0835-DUUIQ,Female,0,0,1,24,1,No,No,No internet service,No internet service,No internet service,No internet service,No internet service,No internet service,One year,0,Bank transfer (automatic),21.05,531.55,0,11.539367856165033,21.638626721689413,21.638626721689413,Q3
5999-LCXAO,Female,0,0,0,1,0,No phone service,DSL,Yes,No,No,No,No,No,Month-to-month,0,Mailed check,29.9,29.9,0,46.080153180247805,21.635004490218876,21.635004490218876,Q3
0983-TATYJ,Female,0,1,0,33,1,No,DSL,No,No,No,Yes,No,No,One year,1,Mailed check,51.45,1758.9,0,0.35686984843719866,21.619921345860377,21.619921345860377,Q3
3739-YBWAB,Male,0,1,0,36,0,No phone service,DSL,Yes,No,Yes,No,No,No,One year,0,Mailed check,35.35,1317.95,0,0.44794542752746885,21.617164549546942,21.617164549546942,Q3
5274-XHAKY,Female,0,1,1,41,1,Yes,Fiber optic,Yes,Yes,No,No,Yes,No,Month-to-month,1,Bank transfer (automatic),94.3,3893.6,0,46.29825413294708,21.614272435230237,21.614272435230237,Q3
4827-DPADN,Female,0,1,1,72,1,Yes,DSL,Yes,No,Yes,Yes,Yes,Yes,Two year,1,Bank transfer (automatic),83.3,6042.7,0,64.26974161221601,21.576992030905934,21.576992030905934,Q3
1231-YNDEK,Male,0,0,0,58,1,No,No,No internet service,No internet service,No internet service,No internet service,No internet service,No internet service,Two year,1,Bank transfer (automatic),19.15,1035.5,0,57.0658832497478,21.576500485244186,21.576500485244186,Q3
7649-SIJJF,Male,0,1,0,71,1,Yes,DSL,Yes,Yes,Yes,Yes,No,Yes,Two year,1,Mailed check,80.1,5585.4,0,49.29889791559015,21.566721276239207,21.566721276239207,Q3
1732-FEKLD,Female,0,0,0,54,1,Yes,Fiber optic,No,Yes,Yes,No,Yes,No,One year,1,Bank transfer (automatic),94.75,5121.75,0,8.12656816112148,21.560165839117122,21.560165839117122,Q3
5135-RDDQL,Female,0,1,1,63,1,No,DSL,Yes,No,No,No,No,No,Two year,1,Bank transfer (automatic),50.65,3221.25,0,58.1037465328225,21.554933548639983,21.554933548639983,Q3
0003-MKNFE,Male,0,0,0,9,1,Yes,DSL,No,No,No,No,No,Yes,Month-to-month,0,Mailed check,59.9,542.4,0,14.374822359516715,21.554390821306406,21.554390821306406,Q3
2228-BZDEE,Female,0,0,0,54,1,No,No,No internet service,No internet service,No internet service,No internet service,No internet service,No internet service,Two year,0,Mailed check,20.1,1079.45,0,34.23160575339812,21.549698655221512,21.549698655221512,Q3
1716-LSAMB,Male,0,1,1,45,1,No,DSL,Yes,No,No,Yes,No,No,Two year,0,Bank transfer (automatic),54.65,2553.7,0,17.640104819099715,21.531282135603362,21.531282135603362,Q3
8221-EQDGL,Male,0,1,0,35,1,No,DSL,Yes,Yes,Yes,No,No,No,Month-to-month,0,Mailed check,61.0,2130.45,0,2.2935681976483058,21.50394593679815,21.50394593679815,Q3
4231-LZUYM,Female,0,1,0,72,1,Yes,No,No internet service,No internet service,No internet service,No internet service,No internet service,No internet service,Two year,0,Bank transfer (automatic),25.65,1887.0,0,15.652182056948421,21.467320762865718,21.467320762865718,Q3
9508-ILZDG,Female,1,0,0,34,1,Yes,Fiber optic,No,Yes,No,Yes,Yes,No,Month-to-month,1,Electronic check,96.35,3190.25,0,41.24748842870063,21.461116636314127,21.461116636314127,Q3
0595-ITUDF,Male,0,1,1,64,1,Yes,Fiber optic,Yes,Yes,Yes,No,No,No,Month-to-month,1,Electronic check,91.8,5960.5,0,34.25222999801602,21.459999764704577,21.459999764704577,Q3
1935-IMVBB,Male,0,1,0,56,1,No,Fiber optic,No,No,No,No,Yes,Yes,Month-to-month,0,Mailed check,89.7,4952.95,0,3.26452795754967,21.436334897685853,21.436334897685853,Q3
4274-DRSQT,Female,0,0,0,66,1,Yes,Fiber optic,No,Yes,No,No,Yes,No,One year,1,Bank transfer (automatic),88.9,6000.1,0,8.155514694705863,21.426735487889527,21.426735487889527,Q3
2418-TPEUN,Female,0,1,1,56,1,No,No,No internet service,No internet service,No internet service,No internet service,No internet service,No internet service,Two year,1,Credit card (automatic),19.8,1119.9,0,33.59367092195004,21.404683182172324,21.404683182172324,Q3
4948-WBBKL,Female,1,0,0,36,1,Yes,Fiber optic,No,No,No,No,No,No,Month-to-month,1,Bank transfer (automatic),74.9,2659.45,0,52.599958819571555,21.38313413712653,21.38313413712653,Q3
4304-XUMGI,Male,1,1,1,50,1,Yes,DSL,Yes,Yes,Yes,No,No,Yes,Two year,1,Bank transfer (automatic),75.15,3822.45,0,4.586477904793222,21.351007823585203,21.351007823585203,Q3
1697-BCSHV,Female,0,1,1,58,1,Yes,DSL,No,Yes,No,No,Yes,No,Month-to-month,1,Bank transfer (automatic),66.8,3970.4,0,16.846878163251326,21.348373828483822,21.348373828483822,Q3
3272-VUHPV,Female,0,1,1,8,1,No,DSL,No,Yes,No,Yes,No,No,Month-to-month,0,Bank transfer (automatic),56.3,401.5,0,60.173953343303666,21.298678462285643,21.298678462285643,Q3
0913-XWSCN,Male,0,1,1,55,1,Yes,Fiber optic,No,No,No,No,No,Yes,Month-to-month,0,Bank transfer (automatic),85.5,4713.4,0,3.80318270052649,21.285210112077753,21.285210112077753,Q3
7363-QTBIW,Female,0,1,0,9,1,No,Fiber optic,No,No,No,No,No,Yes,Month-to-month,1,Electronic check,79.75,769.1,0,42.51515377495381,21.275143889238464,21.275143889238464,Q3
4692-NNQRU,Female,0,1,0,21,1,No,Fiber optic,No,No,Yes,Yes,No,No,One year,0,Electronic check,79.2,1742.45,0,1.590130939300493,21.270716322407914,21.270716322407914,Q3
6035-BXTTY,Female,1,0,0,32,1,No,DSL,No,Yes,No,Yes,No,No,Month-to-month,0,Bank transfer (automatic),54.65,1830.1,0,2.570308795204306,21.267623666123608,21.267623666123608,Q3
2371-JUNGC,Male,0,0,0,11,1,No,No,No internet service,No internet service,No internet service,No internet service,No internet service,No internet service,Month-to-month,0,Mailed check,20.25,208.0,0,1.1983487092874117,21.265437504505847,21.265437504505847,Q3
2750-BJLSB,Female,0,0,0,47,1,No,Fiber optic,Yes,No,Yes,Yes,Yes,Yes,One year,1,Electronic check,103.7,4730.6,0,0.6590189421424988,21.245163920701156,21.245163920701156,Q3
6115-ZTBFQ,Female,0,1,0,72,0,No phone service,DSL,Yes,Yes,Yes,Yes,Yes,Yes,Two year,0,Bank transfer (automatic),65.5,4919.7,0,27.311597609027476,21.23300084479938,21.23300084479938,Q3
7470-DYNOE,Male,0,0,0,53,1,No,DSL,No,No,Yes,No,No,Yes,One year,1,Electronic check,61.1,3357.9,0,3.7938107752546752,21.199739857315937,21.199739857315937,Q3
8780-IHCRN,Male,0,1,1,63,1,Yes,No,No internet service,No internet service,No internet service,No internet service,No internet service,No internet service,Two year,0,Credit card (automatic),24.65,1574.5,0,48.141860108030656,21.198433534175845,21.198433534175845,Q3
8091-TTVAX,Male,0,1,0,58,1,Yes,Fiber optic,No,No,Yes,No,Yes,Yes,One year,0,Credit card (automatic),100.35,5681.1,0,25.401548311831856,21.169526575454398,21.169526575454398,Q3
4011-ARPHK,Male,0,0,0,27,1,No,DSL,Yes,No,No,No,No,No,Month-to-month,0,Mailed check,50.35,1411.35,0,18.227158126967886,21.157886448045502,21.157886448045502,Q3
2851-STERV,Male,1,0,0,35,1,No,DSL,No,No,Yes,Yes,Yes,Yes,One year,1,Electronic check,73.0,2471.25,0,65.96666992539618,21.15529764066198,21.15529764066198,Q3
5671-RQRLP,Female,1,1,0,70,1,Yes,Fiber optic,No,No,No,No,No,No,Two year,1,Credit card (automatic),75.65,5411.4,0,32.126643066641485,21.096796217969516,21.096796217969516,Q3
2027-DNKIV,Male,0,1,1,37,1,No,DSL,Yes,No,Yes,Yes,No,No,One year,1,Mailed check,58.75,2203.1,0,5.069694192617037,21.07079474439268,21.07079474439268,Q3
7047-FWEYA,Female,0,1,0,46,1,Yes,Fiber optic,No,Yes,No,Yes,Yes,Yes,One year,1,Electronic check,103.15,4594.65,0,24.918663507356214,21.05797318750505,21.05797318750505,Q3
9537-JALFH,Male,0,1,1,69,1,No,No,No internet service,No internet service,No internet service,No internet service,No internet service,No internet service,Two year,0,Bank transfer (automatic),19.9,1356.7,0,2.056465915083568,21.056186410351803,21.056186410351803,Q3
2615-YVMYX,Male,1,1,0,71,1,Yes,Fiber optic,Yes,Yes,Yes,No,Yes,Yes,Month-to-month,1,Electronic check,107.5,7713.55,0,4.211894905080703,21.0379298445543,21.0379298445543,Q3
0640-YJTPY,Male,0,1,1,72,1,No,No,No internet service,No internet service,No internet service,No internet service,No internet service,No internet service,Two year,0,Bank transfer (automatic),21.0,1493.75,0,33.32974124662942,21.004320130892005,21.004320130892005,Q3
6994-KERXL,Male,0,0,0,4,1,No,DSL,No,No,No,No,No,Yes,Month-to-month,1,Electronic check,55.9,238.5,0,14.952982595141414,20.98827119181278,20.98827119181278,Q3
7787-BNTZM,Male,0,0,0,6,1,No,No,No internet service,No internet service,No internet service,No internet service,No internet service,No internet service,Month-to-month,0,Bank transfer (automatic),20.15,130.5,0,1.142120332920283,20.98602728650471,20.98602728650471,Q3
1265-BCFEO,Female,0,1,0,71,1,Yes,DSL,No,No,Yes,Yes,Yes,Yes,Two year,1,Bank transfer (automatic),80.45,5662.25,0,0.43260449808687096,20.973426247085204,20.973426247085204,Q3
9675-ICXCT,Male,0,1,1,72,1,No,DSL,Yes,No,Yes,Yes,Yes,Yes,Two year,1,Electronic check,80.8,5728.55,0,17.62277188122961,20.931227842741656,20.931227842741656,Q3
9108-EJFJP,Female,0,1,0,1,1,No,DSL,Yes,Yes,No,No,No,No,Month-to-month,1,Mailed check,53.55,53.55,0,1.1744088549748364,20.92350203978612,20.92350203978612,Q3
4282-MSACW,Male,0,0,0,68,1,Yes,Fiber optic,Yes,Yes,Yes,Yes,Yes,Yes,One year,1,Credit card (automatic),117.2,8035.95,0,10.869054721582168,20.903424190571783,20.903424190571783,Q3
9279-CJEOJ,Female,1,0,0,21,1,Yes,Fiber optic,No,No,No,No,Yes,Yes,Month-to-month,1,Bank transfer (automatic),95.4,2025.1,0,0.3550346065568867,20.893652677514556,20.893652677514556,Q3
8107-RZLNV,Male,0,1,0,72,1,Yes,Fiber optic,No,Yes,Yes,No,Yes,Yes,Two year,1,Bank transfer (automatic),106.3,7565.35,0,24.612646134038286,20.891476730036512,20.891476730036512,Q3
1258-YMZNM,Female,1,0,0,27,1,Yes,Fiber optic,Yes,Yes,Yes,No,Yes,Yes,One year,1,Bank transfer (automatic),110.5,2857.6,0,29.18481599929072,20.863849489120774,20.863849489120774,Q3
3976-NLDEZ,Male,0,0,0,1,1,No,No,No internet service,No internet service,No internet service,No internet service,No internet service,No internet service,Month-to-month,0,Mailed check,20.6,20.6,0,7.14764641562275,20.850690383732676,20.850690383732676,Q3
0743-HNPFG,Female,0,1,1,51,1,No,DSL,Yes,Yes,No,Yes,No,Yes,One year,1,Credit card (automatic),69.75,3562.5,0,4.357624937181357,20.845055384566933,20.845055384566933,Q3
2267-FPIMA,Male,0,1,0,50,1,Yes,Fiber optic,Yes,Yes,No,No,No,Yes,Month-to-month,1,Credit card (automatic),94.4,4914.9,0,0.4863018092011756,20.842247435353144,20.842247435353144,Q3
8266-VBFQL,Male,0,0,0,4,1,No,Fiber optic,No,No,Yes,Yes,No,Yes,Month-to-month,1,Electronic check,90.4,356.65,0,5.869785533046965,20.832837581332303,20.832837581332303,Q3
0111-KLBQG,Male,1,1,1,32,1,No,Fiber optic,No,Yes,No,No,Yes,Yes,Month-to-month,1,Mailed check,93.95,2861.45,0,13.157230306485095,20.821343871194784,20.821343871194784,Q3
2987-BJXIK,Female,0,0,0,70,1,Yes,DSL,Yes,Yes,Yes,No,Yes,Yes,Two year,0,Mailed check,84.7,5991.05,0,6.493261352907378,20.814110986542733,20.814110986542733,Q3
4273-MBHYA,Female,0,0,1,1,1,No,Fiber optic,No,No,No,No,Yes,Yes,Month-to-month,1,Electronic check,89.35,89.35,0,52.00797162168944,20.804841972209747,20.804841972209747,Q3
3470-BTGQO,Male,0,0,1,21,1,No,DSL,No,No,No,No,No,No,Month-to-month,0,Mailed check,45.65,985.05,0,14.375096251436828,20.77782357490998,20.77782357490998,Q3
9842-EFSYY,Female,0,0,1,4,0,No phone service,DSL,Yes,Yes,Yes,No,Yes,Yes,Month-to-month,1,Mailed check,57.2,223.75,0,3.7078471300658533,20.770002319192095,20.770002319192095,Q3
2905-KFQUV,Female,0,1,0,2,1,No,Fiber optic,No,No,No,No,No,No,Month-to-month,1,Credit card (automatic),70.4,154.8,0,19.886559388430875,20.7691556253459,20.7691556253459,Q3
7776-QGYJC,Female,0,1,1,39,1,No,Fiber optic,No,No,Yes,Yes,No,No,Month-to-month,1,Bank transfer (automatic),81.5,3107.3,0,36.66339188215907,20.760857997843367,20.760857997843367,Q3
2209-XADXF,Female,0,0,0,1,0,No phone service,DSL,No,No,No,No,No,No,Month-to-month,0,Bank transfer (automatic),25.25,25.25,0,78.76226984708222,20.76044072697511,20.76044072697511,Q3
0961-ZWLVI,Male,0,0,1,49,1,Yes,Fiber optic,Yes,Yes,Yes,No,Yes,Yes,One year,1,Credit card (automatic),109.2,5290.45,0,0.6835228938929776,20.746294677378717,20.746294677378717,Q3
8608-OZTLB,Male,0,1,1,38,1,No,DSL,Yes,Yes,Yes,Yes,Yes,No,One year,0,Electronic check,74.05,2802.3,0,0.5862518021880934,20.73665913885284,20.73665913885284,Q3
5329-KRDTM,Male,1,1,0,72,1,Yes,DSL,No,Yes,Yes,Yes,Yes,No,Two year,0,Credit card (automatic),77.35,5396.25,0,17.4562625834168,20.716025866742484,20.716025866742484,Q3
6585-WCEWR,Male,0,1,1,72,1,No,No,No internet service,No internet service,No internet service,No internet service,No internet service,No internet service,Two year,0,Electronic check,20.35,1354.4,0,25.810933358610296,20.715061988735414,20.715061988735414,Q3
1047-RNXZV,Male,0,0,0,43,1,No,No,No internet service,No internet service,No internet service,No internet service,No internet service,No internet service,Two year,0,Mailed check,19.55,876.15,0,72.15873048268969,20.702543089612906,20.702543089612906,Q3
8295-KMENE,Female,0,1,1,59,1,Yes,DSL,Yes,No,Yes,Yes,Yes,No,Two year,1,Mailed check,76.45,4519.5,0,54.94658162282404,20.702198418736838,20.702198418736838,Q3
3585-YNADK,Female,0,1,0,57,1,Yes,DSL,No,Yes,Yes,Yes,Yes,No,One year,0,Bank transfer (automatic),74.6,4368.95,0,1.4749893614012877,20.667557910863692,20.667557910863692,Q3
9174-IHETN,Female,0,0,1,50,1,No,Fiber optic,No,No,No,No,No,No,Two year,0,Credit card (automatic),70.35,3533.6,0,5.125980460421178,20.649089805648345,20.649089805648345,Q3
8277-RVRSV,Female,0,1,1,33,1,Yes,No,No internet service,No internet service,No internet service,No internet service,No internet service,No internet service,One year,0,Credit card (automatic),24.15,800.3,0,3.052866747531271,20.64772966448919,20.64772966448919,Q3
6243-OZGFH,Female,0,0,0,23,0,No phone service,DSL,No,No,No,No,Yes,Yes,Month-to-month,1,Electronic check,44.95,996.85,0,2.5288624797437054,20.642860111484023,20.642860111484023,Q3
2197-OMWGI,Female,1,1,1,68,0,No phone service,DSL,No,Yes,Yes,No,Yes,Yes,Two year,1,Electronic check,53.0,3656.25,0,31.97691436059499,20.61420075181144,20.61420075181144,Q3
8023-QHAIO,Female,1,1,0,56,1,Yes,Fiber optic,No,No,No,Yes,No,No,Month-to-month,1,Bank transfer (automatic),76.85,4275.75,0,3.098027313747433,20.60860683160167,20.60860683160167,Q3
2717-HVIZY,Female,0,0,1,8,1,No,No,No internet service,No internet service,No internet service,No internet service,No internet service,No internet service,Month-to-month,0,Mailed check,20.05,163.6,0,5.2180364274365605,20.586007566405375,20.586007566405375,Q3
9121-PHQSR,Male,1,1,0,16,1,Yes,Fiber optic,No,No,No,No,Yes,No,Month-to-month,1,Credit card (automatic),85.05,1391.15,0,53.32044357536383,20.578987229869252,20.578987229869252,Q3
5360-XGYAZ,Male,0,1,1,72,0,No phone service,DSL,Yes,Yes,Yes,Yes,Yes,Yes,Two year,1,Bank transfer (automatic),65.65,4664.5,0,36.688238390558865,20.55734884108642,20.55734884108642,Q3
9107-UKCKY,Male,0,1,0,61,1,Yes,DSL,No,Yes,Yes,No,Yes,Yes,One year,1,Electronic check,79.8,4914.8,0,0.7509790093598884,20.55514614180856,20.55514614180856,Q3
7055-JCGNI,Female,0,0,0,70,1,Yes,Fiber optic,Yes,Yes,Yes,Yes,Yes,Yes,Two year,1,Credit card (automatic),111.95,7795.95,0,12.022699811854201,20.520222363564994,20.520222363564994,Q3
5173-WXOQV,Male,0,1,0,2,1,No,DSL,No,Yes,No,Yes,No,Yes,Month-to-month,1,Mailed check,64.2,143.65,0,1.5627863092556549,20.519828471094232,20.519828471094232,Q3
5161-UBZXI,Male,0,1,1,69,1,No,Fiber optic,Yes,Yes,No,Yes,Yes,Yes,Two year,1,Credit card (automatic),106.35,7261.75,0,5.680936519969861,20.50189451315172,20.50189451315172,Q3
0530-IJVDB,Male,0,0,1,70,1,Yes,Fiber optic,Yes,Yes,Yes,Yes,Yes,Yes,Two year,1,Electronic check,114.6,7882.5,0,18.730864215765145,20.49947020744904,20.49947020744904,Q3
1139-WUOAH,Male,0,0,0,57,0,No phone service,DSL,No,No,Yes,Yes,Yes,Yes,Two year,0,Credit card (automatic),53.35,3090.05,0,37.310455864348455,20.498107315113636,20.498107315113636,Q3
3523-BRGUW,Male,1,0,0,26,1,No,No,No internet service,No internet service,No internet service,No internet service,No internet service,No internet service,One year,0,Credit card (automatic),19.3,504.2,0,0.31575838245312693,20.496955709769402,20.496955709769402,Q3
3351-NGXYI,Female,1,0,0,16,1,Yes,DSL,Yes,No,No,No,No,No,Month-to-month,1,Electronic check,54.1,889.0,0,0.5101293334585,20.4908285650625,20.4908285650625,Q3
5707-ZMDJP,Male,0,1,1,53,1,No,DSL,Yes,Yes,No,Yes,Yes,No,Two year,1,Mailed check,69.7,3729.6,0,11.505935905614956,20.462306131574486,20.462306131574486,Q3
8595-SIZNC,Female,1,1,0,22,1,Yes,No,No internet service,No internet service,No internet service,No internet service,No internet service,No internet service,One year,0,Bank transfer (automatic),25.6,548.8,0,42.50998111572184,20.457374007577272,20.457374007577272,Q3
0854-UYHZD,Female,0,1,1,13,1,No,No,No internet service,No internet service,No internet service,No internet service,No internet service,No internet service,Two year,0,Mailed check,19.55,265.3,0,2.215033623271733,20.455946246202146,20.455946246202146,Q3
8404-GFGCZ,Male,0,1,0,4,1,Yes,DSL,No,No,Yes,No,Yes,No,Month-to-month,0,Electronic check,65.6,250.1,0,39.39885085065081,20.453761712927,20.453761712927,Q3
0285-INHLN,Male,0,1,1,27,1,No,DSL,Yes,Yes,No,No,No,No,Month-to-month,1,Credit card (automatic),54.75,1510.3,0,3.122361193524511,20.452875546986263,20.452875546986263,Q3
8048-DSDFQ,Male,0,0,0,1,1,No,No,No internet service,No internet service,No internet service,No internet service,No internet service,No internet service,Month-to-month,0,Mailed check,20.2,20.2,0,1.795109654899295,20.451307367382142,20.451307367382142,Q3
3648-GZPHF,Male,0,1,1,32,0,No phone service,DSL,No,No,Yes,Yes,No,No,One year,1,Mailed check,36.25,1151.05,0,31.19585010793412,20.434469705967494,20.434469705967494,Q3
3070-BDOQC,Female,0,0,0,60,1,No,Fiber optic,No,Yes,Yes,No,Yes,Yes,Two year,1,Electronic check,99.65,5941.05,0,3.2081623549085414,20.421393637961767,20.421393637961767,Q3
0602-DDUML,Female,0,0,0,57,1,No,DSL,No,Yes,Yes,Yes,Yes,No,Two year,0,Mailed check,69.75,3894.4,0,51.352298915769644,20.408086902475127,20.408086902475127,Q3
8165-ZJRNM,Female,0,1,1,72,1,Yes,No,No internet service,No internet service,No internet service,No internet service,No internet service,No internet service,Two year,0,Bank transfer (automatic),23.75,1679.25,0,1.6876620365624737,20.398794699534196,20.398794699534196,Q3
7636-OWBPG,Male,1,0,0,12,0,No phone service,DSL,No,Yes,No,No,No,No,Month-to-month,1,Credit card (automatic),29.35,381.2,0,2.4172401729645654,20.395599878712105,20.395599878712105,Q3
9959-WOFKT,Male,0,0,1,71,1,Yes,Fiber optic,Yes,No,Yes,No,Yes,Yes,Two year,0,Bank transfer (automatic),106.7,7382.25,0,0.4761327043408003,20.340066170316735,20.340066170316735,Q3
1784-BXEFA,Female,0,0,0,10,1,No,No,No internet service,No internet service,No internet service,No internet service,No internet service,No internet service,Month-to-month,1,Mailed check,20.55,187.35,0,23.906067053631652,20.282070785888617,20.282070785888617,Q3
7463-IFMQU,Female,0,1,0,72,1,No,No,No internet service,No internet service,No internet service,No internet service,No internet service,No internet service,Two year,0,Bank transfer (automatic),20.05,1423.65,0,45.70862619412864,20.280855053585984,20.280855053585984,Q3
4194-WHFCB,Female,0,1,1,59,1,Yes,Fiber optic,No,Yes,No,Yes,No,Yes,Month-to-month,1,Bank transfer (automatic),96.65,5580.8,0,13.627211633887256,20.274883010301277,20.274883010301277,Q3
8016-ZMGMO,Female,1,1,0,66,1,Yes,DSL,No,Yes,Yes,No,Yes,No,One year,1,Bank transfer (automatic),70.85,4738.85,0,5.660809207878094,20.251507389932016,20.251507389932016,Q3
3174-RKMOW,Male,0,1,1,35,1,Yes,Fiber optic,No,Yes,Yes,Yes,Yes,Yes,Month-to-month,1,Electronic check,109.95,3782.4,0,15.78522884903028,20.223586293621988,20.223586293621988,Q3
8969-PRHFK,Male,0,0,0,18,1,No,No,No internet service,No internet service,No internet service,No internet service,No internet service,No internet service,One year,0,Mailed check,19.65,411.25,0,1.6105820238570692,20.213164031832754,20.213164031832754,Q3
1905-OEILC,Female,0,0,0,1,1,No,No,No internet service,No internet service,No internet service,No internet service,No internet service,No internet service,Month-to-month,0,Mailed check,19.5,19.5,0,28.42884449970753,20.20508061395917,20.20508061395917,Q3
1930-WNXSB,Male,0,1,1,58,1,No,Fiber optic,No,Yes,No,No,Yes,Yes,Month-to-month,1,Electronic check,92.85,5305.05,0,5.069023819219852,20.172167533305064,20.172167533305064,Q3
0052-YNYOT,Female,0,0,0,67,1,No,No,No internet service,No internet service,No internet service,No internet service,No internet service,No internet service,One year,0,Electronic check,20.55,1343.4,0,1.0936828138224854,20.093374575739535,20.093374575739535,Q3
8099-MZPUJ,Male,0,1,1,48,1,Yes,Fiber optic,Yes,Yes,Yes,Yes,Yes,Yes,Two year,0,Credit card (automatic),111.8,5443.65,0,41.87235201704598,20.0747399317693,20.0747399317693,Q3
4803-LBYPN,Male,0,1,1,34,1,No,No,No internet service,No internet service,No internet service,No internet service,No internet service,No internet service,Month-to-month,0,Mailed check,20.8,635.9,0,18.131507745475023,20.042518582256204,20.042518582256204,Q3
1921-KYSAY,Female,0,0,0,41,1,Yes,DSL,No,No,Yes,Yes,No,Yes,One year,1,Electronic check,68.6,2877.05,0,73.14849604657786,20.031738466422077,20.031738466422077,Q3
4393-GEADV,Male,0,1,1,70,1,Yes,Fiber optic,Yes,Yes,Yes,Yes,Yes,Yes,Two year,0,Credit card (automatic),114.75,7842.3,0,41.68092949042335,20.00494001522916,20.00494001522916,Q3
3604-WLABM,Female,0,0,0,10,1,No,DSL,No,No,Yes,Yes,No,No,Month-to-month,0,Electronic check,54.25,583.0,0,41.37248076189744,19.99163672490887,19.99163672490887,Q3
6147-CBCRA,Female,0,1,0,33,1,No,No,No internet service,No internet service,No internet service,No internet service,No internet service,No internet service,Month-to-month,0,Mailed check,20.05,669.45,0,1.4557214182642564,19.98136959068337,19.98136959068337,Q3
8224-UAXBZ,Female,0,1,0,58,0,No phone service,DSL,Yes,Yes,No,No,Yes,No,One year,1,Electronic check,45.35,2540.1,0,11.188138490864889,19.976405285950445,19.976405285950445,Q3
3662-FXJFO,Female,0,0,0,54,1,No,No,No internet service,No internet service,No internet service,No internet service,No internet service,No internet service,Two year,1,Mailed check,20.5,1035.7,0,1.0136441069522766,19.966269845152954,19.966269845152954,Q3
0230-UBYPQ,Male,1,1,0,63,0,No phone service,DSL,Yes,No,No,Yes,No,No,One year,0,Bank transfer (automatic),36.1,2298.9,0,18.376090770851388,19.948254458743886,19.948254458743886,Q3
8705-WZCYL,Male,0,0,0,1,1,No,DSL,No,No,No,No,No,No,Month-to-month,1,Electronic check,44.8,44.8,0,3.0518535937276483,19.931021421632817,19.931021421632817,Q3
0103-CSITQ,Female,0,1,0,57,1,Yes,Fiber optic,No,Yes,Yes,Yes,Yes,Yes,One year,1,Bank transfer (automatic),109.4,6252.7,0,19.296487480742424,19.917113088226127,19.917113088226127,Q3
8331-ZXFOE,Female,0,0,0,58,1,Yes,DSL,Yes,Yes,Yes,Yes,No,No,One year,1,Credit card (automatic),71.1,4299.2,0,17.072789780021473,19.910063078057608,19.910063078057608,Q3
6103-LIANB,Male,0,1,1,59,1,Yes,Fiber optic,No,No,Yes,No,Yes,Yes,Two year,1,Credit card (automatic),99.5,5861.75,0,30.396267018459017,19.907150960956397,19.907150960956397,Q3
1608-GMEWB,Male,1,0,0,45,1,Yes,Fiber optic,No,No,No,No,Yes,Yes,Month-to-month,1,Bank transfer (automatic),93.9,4200.25,0,15.659312827631961,19.901200019363316,19.901200019363316,Q3
9110-HSGTV,Female,0,0,0,69,1,No,DSL,Yes,No,Yes,Yes,Yes,Yes,Two year,1,Credit card (automatic),82.45,5555.3,0,59.855281911188676,19.886559388430875,19.886559388430875,Q3
1866-OBPNR,Male,0,1,1,1,1,No,Fiber optic,No,Yes,No,No,No,No,Month-to-month,0,Credit card (automatic),74.6,74.6,0,21.802516575186697,19.873364572466198,19.873364572466198,Q3
2085-BOJKI,Male,0,1,0,17,1,No,Fiber optic,No,No,Yes,No,Yes,Yes,One year,1,Bank transfer (automatic),96.65,1588.25,0,12.339014823892407,19.86738488944198,19.86738488944198,Q3
6749-UTDVX,Male,0,0,0,72,1,Yes,Fiber optic,No,Yes,Yes,No,Yes,Yes,Two year,1,Electronic check,103.65,7634.8,0,1.1056691866469448,19.848561535394982,19.848561535394982,Q3
0428-IKYCP,Male,0,1,0,22,1,No,Fiber optic,No,No,Yes,No,Yes,No,Month-to-month,1,Bank transfer (automatic),87.0,1850.65,0,3.056320701965869,19.775890551569226,19.775890551569226,Q3
3930-ZGWVE,Male,0,0,0,1,1,No,No,No internet service,No internet service,No internet service,No internet service,No internet service,No internet service,Month-to-month,0,Mailed check,19.75,19.75,0,2.81874887685007,19.771115387151887,19.771115387151887,Q3
6559-RAKOZ,Male,0,1,1,49,1,Yes,Fiber optic,No,No,No,Yes,Yes,Yes,One year,1,Electronic check,97.95,4917.9,0,62.429231152697525,19.75585715022068,19.75585715022068,Q3
0440-QEXBZ,Female,0,0,0,44,1,Yes,DSL,No,No,No,No,No,No,Month-to-month,1,Mailed check,50.15,2139.1,0,33.746942295568154,19.755713005719066,19.755713005719066,Q3
5849-ASHZJ,Male,0,0,1,27,1,No,No,No internet service,No internet service,No internet service,No internet service,No internet service,No internet service,One year,0,Credit card (automatic),20.05,552.9,0,5.930535245131783,19.74379311085733,19.74379311085733,Q3
1841-YSJGV,Male,0,1,0,72,1,Yes,Fiber optic,Yes,Yes,No,Yes,Yes,Yes,Two year,1,Credit card (automatic),109.95,7852.4,0,0.9793136126762325,19.73981007072492,19.73981007072492,Q3
4079-ULGFR,Male,0,0,0,16,1,No,No,No internet service,No internet service,No internet service,No internet service,No internet service,No internet service,Month-to-month,0,Mailed check,20.0,275.7,0,51.31110721564689,19.738720111688863,19.738720111688863,Q3
0674-EYYZV,Female,0,0,0,1,1,No,DSL,No,No,No,No,Yes,No,Month-to-month,1,Electronic check,54.65,54.65,0,10.282271143693125,19.737076410129035,19.737076410129035,Q3
5993-BQHEA,Male,0,0,0,12,1,No,No,No internet service,No internet service,No internet service,No internet service,No internet service,No internet service,One year,0,Credit card (automatic),20.05,267.0,0,4.971441279747349,19.73161850444155,19.73161850444155,Q3
5231-FIQPA,Female,0,0,0,41,1,No,No,No internet service,No internet service,No internet service,No internet service,No internet service,No internet service,Two year,1,Mailed check,19.85,810.45,0,22.57290454457226,19.70156523599921,19.70156523599921,Q3
5172-RKOCB,Male,0,1,0,72,1,Yes,Fiber optic,Yes,Yes,No,Yes,Yes,Yes,Two year,1,Credit card (automatic),108.95,7875.0,0,26.229086877474217,19.622771094350412,19.622771094350412,Q3
9738-QLWTP,Male,0,0,0,39,1,No,Fiber optic,No,No,Yes,Yes,No,No,One year,0,Electronic check,81.9,3219.75,0,2.6540431036568064,19.606300681927156,19.606300681927156,Q3
3727-JEZTU,Female,0,0,0,1,1,No,No,No internet service,No internet service,No internet service,No internet service,No internet service,No internet service,Month-to-month,0,Mailed check,20.4,20.4,0,2.036801347004661,19.583180551642435,19.583180551642435,Q3
5127-BZENZ,Female,0,1,1,56,1,Yes,DSL,Yes,No,No,No,Yes,No,One year,0,Bank transfer (automatic),65.2,3512.15,0,0.9844313252992457,19.577321029385438,19.577321029385438,Q3
3744-ZBHON,Female,0,0,0,3,1,No,No,No internet service,No internet service,No internet service,No internet service,No internet service,No internet service,Month-to-month,0,Electronic check,20.2,65.95,0,5.614292007651859,19.576923369615717,19.576923369615717,Q3
2181-TIDSV,Male,0,1,1,68,1,No,No,No internet service,No internet service,No internet service,No internet service,No internet service,No internet service,Two year,1,Bank transfer (automatic),19.95,1303.25,0,17.99820853281401,19.55535137050041,19.55535137050041,Q3
1506-YJTYT,Male,0,1,1,45,1,Yes,DSL,Yes,Yes,No,Yes,Yes,No,Two year,0,Credit card (automatic),73.85,3371.0,0,19.06613055838588,19.525816093142428,19.525816093142428,Q3
6733-LRIZX,Male,0,0,0,35,1,Yes,Fiber optic,Yes,No,Yes,Yes,Yes,Yes,Two year,1,Electronic check,108.95,4025.5,0,3.175078999666515,19.492864339354472,19.492864339354472,Q3
7663-CUXZB,Male,0,1,0,59,1,Yes,Fiber optic,Yes,Yes,Yes,Yes,Yes,Yes,Two year,0,Electronic check,113.75,6561.25,0,6.355339012309239,19.489320274158224,19.489320274158224,Q3
3097-FQTVJ,Female,0,0,0,41,1,No,No,No internet service,No internet service,No internet service,No internet service,No internet service,No internet service,Two year,0,Mailed check,20.0,810.3,0,14.445573539061654,19.468851119027246,19.468851119027246,Q3
5110-CHOPY,Female,0,0,0,60,0,No phone service,DSL,Yes,No,Yes,No,Yes,Yes,Two year,0,Electronic check,53.6,3237.05,0,14.577488935843732,19.468671168844008,19.468671168844008,Q3
0365-TRTPY,Female,0,0,0,37,1,Yes,Fiber optic,Yes,Yes,Yes,No,No,No,Month-to-month,0,Bank transfer (automatic),91.2,3382.3,0,45.51572286080169,19.468268768991056,19.468268768991056,Q3
9094-AZPHK,Female,0,0,0,15,1,Yes,Fiber optic,No,Yes,No,No,Yes,Yes,Month-to-month,1,Electronic check,100.15,1415.0,0,1.109792011400505,19.43710826397812,19.43710826397812,Q3
8184-WMOFI,Male,0,1,1,62,1,No,DSL,Yes,No,Yes,Yes,No,Yes,One year,0,Credit card (automatic),71.4,4487.3,0,39.291091631927614,19.436158653325233,19.436158653325233,Q3
3082-VQXNH,Male,0,1,0,3,0,No phone service,DSL,No,Yes,No,No,No,No,Month-to-month,0,Credit card (automatic),29.8,94.4,0,70.427646592754,19.408920924881453,19.408920924881453,Q3
2587-YNLES,Female,0,1,1,6,1,No,No,No internet service,No internet service,No internet service,No internet service,No internet service,No internet service,Two year,0,Mailed check,20.1,100.35,0,4.681203214047051,19.40465913090951,19.40465913090951,Q3
3645-DEYGF,Male,0,0,1,1,1,No,No,No internet service,No internet service,No internet service,No internet service,No internet service,No internet service,Month-to-month,0,Mailed check,20.75,20.75,0,25.994417468473763,19.392964792040036,19.392964792040036,Q3
9135-HSWOC,Male,0,1,1,64,1,No,No,No internet service,No internet service,No internet service,No internet service,No internet service,No internet service,Two year,1,Bank transfer (automatic),19.7,1274.05,0,3.3664512706156384,19.3830730002141,19.3830730002141,Q3
3223-DWFIO,Male,1,0,0,4,1,No,Fiber optic,No,No,No,No,No,No,Month-to-month,0,Electronic check,69.35,261.65,0,25.52868560084132,19.36887383006824,19.36887383006824,Q3
0839-QNXME,Female,0,0,0,30,1,No,No,No internet service,No internet service,No internet service,No internet service,No internet service,No internet service,Two year,0,Credit card (automatic),19.4,578.5,0,4.353543196998342,19.353755327938053,19.353755327938053,Q3
6034-YMTOB,Female,0,0,0,5,1,No,Fiber optic,No,No,No,Yes,No,No,Month-to-month,1,Mailed check,75.65,399.45,0,47.298075660199075,19.331585590212974,19.331585590212974,Q3
8232-CTLKO,Female,0,1,1,66,1,No,DSL,Yes,No,No,No,Yes,No,Two year,1,Electronic check,59.75,3996.8,0,9.173278755468731,19.328135397728634,19.328135397728634,Q3
0230-WEQUW,Male,0,1,0,66,0,No phone service,DSL,Yes,Yes,Yes,Yes,Yes,No,Two year,1,Bank transfer (automatic),56.6,3789.2,0,0.8109924444698081,19.313573880783277,19.313573880783277,Q3
4751-ERMAN,Male,0,1,1,72,1,No,DSL,No,Yes,Yes,No,Yes,Yes,Two year,1,Bank transfer (automatic),75.4,5480.25,0,5.3919389031757445,19.298426792320868,19.298426792320868,Q3
8690-UPCZI,Male,0,1,1,29,1,Yes,DSL,Yes,No,No,Yes,Yes,No,One year,0,Bank transfer (automatic),69.05,1958.45,0,18.384798945912046,19.296487480742424,19.296487480742424,Q3
0842-IWYCP,Female,0,0,0,46,1,No,DSL,No,No,No,No,No,No,Month-to-month,0,Bank transfer (automatic),44.95,2168.9,0,33.91087277426196,19.25743419034969,19.25743419034969,Q3
2632-IVXVF,Female,0,1,1,68,1,Yes,Fiber optic,Yes,No,Yes,Yes,Yes,Yes,Two year,0,Credit card (automatic),111.75,7511.3,0,2.105525150684411,19.25514336736454,19.25514336736454,Q3
1371-DWPAZ,Female,0,1,1,0,0,No phone service,DSL,Yes,Yes,Yes,Yes,Yes,No,Two year,0,Credit card (automatic),56.05,,0,7.128894746191865,19.24161250587541,19.24161250587541,Q3
7860-KSUGX,Male,0,1,1,72,1,Yes,DSL,Yes,Yes,Yes,No,No,No,Two year,0,Credit card (automatic),64.45,4720.0,0,3.374308097383559,19.229179463863247,19.229179463863247,Q3
6248-BSHKG,Male,0,1,1,61,1,No,No,No internet service,No internet service,No internet service,No internet service,No internet service,No internet service,One year,0,Mailed check,20.4,1226.45,0,6.519110267048134,19.206648562669493,19.206648562669493,Q3
9715-WZCLW,Male,0,1,1,71,1,Yes,Fiber optic,Yes,No,No,No,Yes,Yes,Two year,1,Electronic check,97.2,6910.3,0,1.9242962394352487,19.189044136260428,19.189044136260428,Q3
5322-TEUJK,Female,0,1,1,71,1,Yes,Fiber optic,Yes,Yes,Yes,Yes,Yes,Yes,Two year,0,Bank transfer (automatic),114.6,8100.25,0,13.98471802921092,19.179665909368843,19.179665909368843,Q3
3999-WRNGR,Female,0,1,1,60,0,No phone service,DSL,No,Yes,No,No,Yes,Yes,Month-to-month,1,Electronic check,49.75,3069.45,0,6.558168192473883,19.16406354004843,19.16406354004843,Q3
1356-MKYSK,Male,0,0,0,6,1,No,DSL,Yes,No,Yes,Yes,Yes,Yes,Month-to-month,0,Credit card (automatic),78.65,483.3,0,63.56639230457297,19.118291491645113,19.118291491645113,Q3
1877-HKBQX,Female,0,0,0,11,1,No,DSL,Yes,No,No,Yes,No,No,One year,1,Mailed check,54.6,617.85,0,20.903424190571783,19.076044030083462,19.076044030083462,Q3
1702-CCFNJ,Male,0,1,0,52,1,Yes,DSL,No,Yes,No,Yes,No,No,Month-to-month,0,Bank transfer (automatic),61.35,3169.55,0,1.5817085720316828,19.06613055838588,19.06613055838588,Q3
4075-JFPGR,Female,0,1,0,51,1,No,Fiber optic,Yes,Yes,Yes,No,Yes,No,One year,1,Electronic check,93.5,4619.55,0,6.795170797586845,19.044267572473522,19.044267572473522,Q3
9470-YFUYI,Male,1,1,0,71,1,No,DSL,Yes,Yes,No,Yes,Yes,No,One year,1,Bank transfer (automatic),71.0,5012.1,0,1.555533950986929,19.004301230916624,19.004301230916624,Q3
7529-ZDFXI,Male,1,1,0,57,1,Yes,Fiber optic,No,Yes,No,No,No,Yes,Month-to-month,1,Electronic check,89.85,4925.35,0,10.763786660048691,18.982268331699352,18.982268331699352,Q3
5730-DBDSI,Male,0,0,0,66,1,No,No,No internet service,No internet service,No internet service,No internet service,No internet service,No internet service,Two year,0,Bank transfer (automatic),19.7,1253.8,0,1.9923596872356315,18.96671866335206,18.96671866335206,Q3
7109-MFBYV,Male,0,0,0,26,1,No,DSL,No,No,No,No,No,No,Month-to-month,0,Electronic check,45.45,1233.15,0,38.471442243101286,18.962179725663358,18.962179725663358,Q3
2250-IVBWA,Male,0,1,1,64,1,No,Fiber optic,Yes,Yes,No,No,No,No,Month-to-month,0,Electronic check,81.05,5135.35,0,6.052850865475561,18.96147600917507,18.96147600917507,Q3
5075-JSDKI,Female,0,0,0,59,1,Yes,No,No internet service,No internet service,No internet service,No internet service,No internet service,No internet service,Two year,0,Electronic check,24.45,1493.1,0,19.73981007072492,18.952602812687196,18.952602812687196,Q3
3987-KQDDU,Male,0,0,0,9,1,No,Fiber optic,Yes,No,No,No,No,No,Month-to-month,0,Electronic check,75.6,661.55,0,0.34777462931205605,18.92137881295714,18.92137881295714,Q3
5306-BVTKJ,Male,0,1,1,48,1,No,DSL,No,Yes,Yes,No,No,No,One year,1,Credit card (automatic),55.8,2651.2,0,31.92515761387623,18.90665492501696,18.90665492501696,Q3
2971-SGAFL,Female,0,0,0,13,1,Yes,DSL,Yes,No,Yes,No,Yes,Yes,Month-to-month,1,Electronic check,78.75,995.35,0,1.4952729721119935,18.897548175380475,18.897548175380475,Q3
7520-HQWJU,Female,0,1,1,66,1,Yes,DSL,Yes,Yes,Yes,No,No,No,Month-to-month,1,Bank transfer (automatic),67.45,4508.65,0,3.007279666588483,18.880903701284655,18.880903701284655,Q3
4742-DRORA,Male,0,1,1,60,1,Yes,Fiber optic,Yes,No,Yes,No,Yes,No,One year,1,Bank transfer (automatic),95.4,5812.0,0,0.561924255116637,18.880868110985986,18.880868110985986,Q3
7278-CKDNC,Male,1,0,0,24,1,Yes,Fiber optic,No,Yes,No,No,No,No,Month-to-month,1,Electronic check,80.5,2088.45,0,78.21502339637166,18.878710405810644,18.878710405810644,Q3
4546-FOKWR,Female,0,0,0,16,1,Yes,Fiber optic,No,No,No,No,No,No,Month-to-month,1,Credit card (automatic),74.75,1129.35,0,16.641142230697042,18.87570837084204,18.87570837084204,Q3
6198-ZFIOJ,Female,0,0,0,5,1,Yes,Fiber optic,No,No,No,No,No,No,Month-to-month,0,Electronic check,75.6,402.5,0,35.98456868896294,18.87207075383664,18.87207075383664,Q3
0582-AVCLN,Female,0,0,0,38,1,No,No,No internet service,No internet service,No internet service,No internet service,No internet service,No internet service,Two year,0,Mailed check,20.3,743.05,0,1.6652322792136045,18.870937410223306,18.870937410223306,Q3
9467-ROOLM,Female,0,0,0,25,1,No,No,No internet service,No internet service,No internet service,No internet service,No internet service,No internet service,Month-to-month,0,Mailed check,19.05,461.3,0,22.750062439782504,18.862316382518642,18.862316382518642,Q3
8597-CTXVJ,Male,0,0,1,70,1,Yes,DSL,Yes,Yes,No,Yes,No,No,One year,0,Bank transfer (automatic),64.95,4551.5,0,26.185142443256154,18.84185478909266,18.84185478909266,Q3
4522-AKYLR,Female,1,0,0,13,1,No,DSL,No,Yes,Yes,No,No,No,Month-to-month,1,Electronic check,54.8,731.3,0,17.559076060801775,18.82102150546288,18.82102150546288,Q3
0661-KBKPA,Male,0,1,1,53,1,Yes,DSL,No,No,Yes,Yes,Yes,Yes,One year,1,Mailed check,78.75,3942.45,0,3.812415887423552,18.799831130208393,18.799831130208393,Q3
9236-NDUCW,Female,0,0,0,21,0,No phone service,DSL,Yes,No,No,Yes,No,No,Two year,0,Mailed check,35.1,770.4,0,0.7687622059086169,18.795277449031236,18.795277449031236,Q3
9626-VFRGG,Female,0,0,1,41,1,Yes,Fiber optic,No,Yes,No,No,Yes,No,Month-to-month,1,Bank transfer (automatic),88.5,3645.05,0,29.13603758623755,18.7790418781614,18.7790418781614,Q3
3831-YCPUO,Female,0,1,1,72,1,No,Fiber optic,Yes,Yes,Yes,Yes,Yes,Yes,Two year,1,Credit card (automatic),109.5,7854.9,0,2.793712590401382,18.772116502983103,18.772116502983103,Q3
9769-TSBZE,Female,0,0,1,70,1,Yes,DSL,Yes,Yes,No,Yes,No,No,Two year,0,Electronic check,66.0,4891.5,0,27.781569077738684,18.758272314761598,18.758272314761598,Q3
5902-WBLSE,Female,0,1,1,70,1,No,No,No internet service,No internet service,No internet service,No internet service,No internet service,No internet service,Two year,1,Credit card (automatic),20.15,1411.2,0,6.556162239348248,18.730864215765145,18.730864215765145,Q3
7197-VOJMM,Male,0,1,0,67,1,No,DSL,Yes,Yes,No,Yes,No,Yes,Two year,1,Credit card (automatic),69.2,4671.65,0,2.9783936390561356,18.726069655557097,18.726069655557097,Q3
7014-ZZXAW,Female,0,1,0,71,1,Yes,No,No internet service,No internet service,No internet service,No internet service,No internet service,No internet service,Two year,1,Credit card (automatic),24.25,1732.95,0,10.755051360413475,18.72370011454943,18.72370011454943,Q3
7748-UMTRK,Female,1,0,1,30,1,Yes,Fiber optic,No,No,No,Yes,Yes,Yes,Month-to-month,1,Electronic check,101.3,2974.5,0,10.374883716437665,18.711145481967716,18.711145481967716,Q3
5124-EOGYE,Male,0,0,0,31,1,No,No,No internet service,No internet service,No internet service,No internet service,No internet service,No internet service,Two year,0,Mailed check,20.45,638.55,0,0.8359575001755856,18.709886538625405,18.709886538625405,Q3
1338-CECEE,Male,0,1,1,41,1,Yes,DSL,No,Yes,Yes,No,Yes,No,One year,0,Bank transfer (automatic),68.5,2839.95,0,1.9820683740601281,18.696081705648627,18.696081705648627,Q3
9637-CDTKZ,Male,0,1,0,72,1,Yes,Fiber optic,Yes,Yes,Yes,Yes,Yes,Yes,Two year,1,Credit card (automatic),114.1,8086.4,0,69.26626135371988,18.68228561408368,18.68228561408368,Q3
2045-BMBTJ,Female,1,0,0,33,0,No phone service,DSL,Yes,Yes,Yes,No,Yes,Yes,Month-to-month,1,Bank transfer (automatic),59.45,1884.65,0,1.3407323128852728,18.654719649009945,18.654719649009945,Q3
0281-CNTZX,Male,0,1,0,63,1,No,No,No internet service,No internet service,No internet service,No internet service,No internet service,No internet service,Two year,1,Bank transfer (automatic),19.95,1234.8,0,8.97999863465977,18.647833618703917,18.647833618703917,Q3
1442-BQPVU,Female,0,0,0,13,0,No phone service,DSL,No,Yes,No,No,No,No,Month-to-month,0,Electronic check,29.15,357.15,0,7.332128953316727,18.644156772923782,18.644156772923782,Q3
2604-XVDAM,Female,0,0,0,12,1,No,DSL,No,No,No,No,No,No,Month-to-month,0,Bank transfer (automatic),43.8,540.95,0,1.9243326045883433,18.640949772392652,18.640949772392652,Q3
9786-IJYDL,Female,0,0,0,35,1,Yes,Fiber optic,Yes,Yes,Yes,Yes,Yes,Yes,Two year,1,Mailed check,113.2,3914.05,0,9.241921362998001,18.640949772392652,18.640949772392652,Q3
6366-XIVKZ,Female,0,1,1,13,1,No,DSL,Yes,No,Yes,No,No,Yes,Month-to-month,1,Mailed check,63.15,816.8,0,50.94092359468563,18.640949772392652,18.640949772392652,Q3
4459-BBGHE,Male,0,0,1,30,0,No phone service,DSL,No,No,No,No,Yes,Yes,Month-to-month,1,Electronic check,44.5,1307.8,0,8.565892292518065,18.63079934389712,18.63079934389712,Q3
8908-NMQTX,Male,0,0,0,72,0,No phone service,DSL,Yes,Yes,Yes,Yes,Yes,Yes,Two year,1,Bank transfer (automatic),65.6,4566.5,0,25.987094671015992,18.620311335465807,18.620311335465807,Q3
7634-HLQJR,Female,0,1,1,47,1,No,No,No internet service,No internet service,No internet service,No internet service,No internet service,No internet service,Two year,0,Credit card (automatic),20.05,1016.7,0,2.3934376025227313,18.620311335465807,18.620311335465807,Q3
3229-USWAR,Female,0,0,0,34,1,No,DSL,Yes,No,Yes,Yes,Yes,Yes,One year,1,Bank transfer (automatic),79.95,2727.3,0,70.42871285272223,18.620311335465807,18.620311335465807,Q3
5726-CVNYA,Female,0,1,1,8,1,No,No,No internet service,No internet service,No internet service,No internet service,No internet service,No internet service,Two year,1,Mailed check,19.85,146.6,0,62.016294651225124,18.61343622316965,18.61343622316965,Q3
9114-AAFQH,Female,0,1,0,48,1,No,DSL,No,Yes,Yes,No,No,Yes,One year,1,Electronic check,65.65,3094.65,0,12.425939141856439,18.60656329388395,18.60656329388395,Q3
8378-LKJAF,Male,0,1,1,38,1,Yes,Fiber optic,No,No,Yes,No,Yes,Yes,Month-to-month,1,Credit card (automatic),101.15,3956.7,0,0.7732857394946662,18.60656329388395,18.60656329388395,Q3
3932-IJWDZ,Male,0,0,0,45,1,Yes,Fiber optic,No,No,Yes,Yes,Yes,Yes,Month-to-month,1,Bank transfer (automatic),103.65,4747.85,0,18.49689315153057,18.605794010358956,18.605794010358956,Q3
2075-PUEPR,Male,0,1,1,55,1,No,No,No internet service,No internet service,No internet service,No internet service,No internet service,No internet service,Two year,0,Bank transfer (automatic),19.35,1153.25,0,0.5324894033902463,18.59969254741044,18.59969254741044,Q3
1741-WTPON,Male,0,1,1,56,1,Yes,Fiber optic,Yes,Yes,Yes,Yes,Yes,Yes,Two year,0,Mailed check,115.85,6567.9,0,44.25964865920488,18.59864840533741,18.59864840533741,Q3
5895-QSXOD,Male,0,0,0,9,1,No,Fiber optic,No,No,No,No,No,No,Month-to-month,0,Mailed check,70.05,657.5,0,0.6532340404175102,18.593591967007082,18.593591967007082,Q3
5951-AOFIH,Male,0,0,0,33,1,No,DSL,No,Yes,Yes,No,Yes,No,Month-to-month,1,Credit card (automatic),66.4,2245.4,0,56.17402037147097,18.592823983550407,18.592823983550407,Q3
5716-EZXZN,Female,0,1,1,65,1,Yes,Fiber optic,Yes,Yes,No,Yes,Yes,No,Two year,1,Credit card (automatic),99.05,6416.7,0,15.756409196231754,18.585957602104653,18.585957602104653,Q3
2080-CAZNM,Female,1,0,0,41,1,Yes,Fiber optic,No,Yes,Yes,No,Yes,Yes,Month-to-month,1,Electronic check,104.4,4133.95,0,23.787351590833087,18.585957602104653,18.585957602104653,Q3
1355-KUSBG,Female,0,1,1,7,1,Yes,DSL,No,No,No,No,No,No,Month-to-month,0,Electronic check,48.8,349.8,0,13.92448894519826,18.580548068495734,18.580548068495734,Q3
1245-HARPS,Female,0,1,0,14,1,No,No,No internet service,No internet service,No internet service,No internet service,No internet service,No internet service,Two year,0,Mailed check,20.4,292.4,0,59.92002501724733,18.573721698558636,18.573721698558636,Q3
6974-DAFLI,Female,0,1,0,55,1,No,No,No internet service,No internet service,No internet service,No internet service,No internet service,No internet service,One year,0,Electronic check,19.7,1140.05,0,3.0843566794840203,18.565371550254117,18.565371550254117,Q3
2027-CWDNU,Male,0,1,1,18,1,No,Fiber optic,No,No,No,Yes,No,Yes,Month-to-month,1,Electronic check,85.6,1601.5,0,63.19882687876242,18.555123420040886,18.555123420040886,Q3
4701-LKOZD,Female,0,0,0,70,1,Yes,DSL,Yes,Yes,Yes,Yes,Yes,Yes,Two year,0,Credit card (automatic),89.75,6367.2,0,35.140165529520765,18.53830908430379,18.53830908430379,Q3
2969-VAPYH,Female,0,0,0,67,1,No,DSL,Yes,Yes,No,Yes,No,No,One year,0,Credit card (automatic),60.5,3870.0,0,47.92228687429731,18.53795402275418,18.53795402275418,Q3
0215-BQKGS,Male,0,0,0,30,1,No,Fiber optic,Yes,Yes,Yes,No,No,No,Month-to-month,1,Credit card (automatic),84.3,2438.6,0,6.908843344048362,18.525997875927164,18.525997875927164,Q3
7096-ZNBZI,Female,0,1,0,72,1,Yes,No,No internet service,No internet service,No internet service,No internet service,No internet service,No internet service,Two year,0,Credit card (automatic),26.45,1914.5,0,54.813982082361655,18.51918886542787,18.51918886542787,Q3
3549-ZTMNH,Male,0,1,1,12,1,Yes,No,No internet service,No internet service,No internet service,No internet service,No internet service,No internet service,Two year,1,Bank transfer (automatic),24.0,269.65,0,33.11091938621163,18.51918886542787,18.51918886542787,Q3
7375-WMVMT,Male,1,1,0,71,1,No,Fiber optic,No,Yes,Yes,Yes,No,Yes,Two year,1,Credit card (automatic),95.5,6707.15,0,0.6012321442488764,18.51182141593258,18.51182141593258,Q3
2789-HQBOU,Male,0,0,0,3,1,No,Fiber optic,No,No,No,No,No,Yes,Month-to-month,1,Electronic check,80.35,253.8,0,3.810127861893435,18.510882517773307,18.510882517773307,Q3
2150-WLKUW,Female,0,1,0,40,1,Yes,DSL,No,Yes,No,No,Yes,No,One year,0,Bank transfer (automatic),63.9,2635.0,0,8.513906497878148,18.50678681800975,18.50678681800975,Q3
0098-BOWSO,Male,0,0,0,27,1,No,No,No internet service,No internet service,No internet service,No internet service,No internet service,No internet service,Month-to-month,1,Electronic check,19.4,529.8,0,0.4989441193558073,18.505577351134946,18.505577351134946,Q3
9067-YGSCA,Female,0,0,0,70,1,Yes,No,No internet service,No internet service,No internet service,No internet service,No internet service,No internet service,One year,0,Credit card (automatic),26.05,1856.4,0,3.1908651618772517,18.505577351134946,18.505577351134946,Q3
5186-PEIZU,Female,0,0,0,35,1,No,No,No internet service,No internet service,No internet service,No internet service,No internet service,No internet service,Month-to-month,0,Bank transfer (automatic),19.25,617.65,0,41.93340661738536,18.49689315153057,18.49689315153057,Q3
8996-ZROXE,Male,1,0,0,57,1,No,DSL,No,No,Yes,Yes,No,No,One year,1,Electronic check,53.5,3035.8,0,6.595216906008187,18.491974511020373,18.491974511020373,Q3
3301-VKTGC,Male,0,1,1,68,1,Yes,Fiber optic,Yes,Yes,No,No,No,No,One year,1,Bank transfer (automatic),85.5,5696.6,0,55.904937932160124,18.47838034336288,18.47838034336288,Q3
9308-ANMVE,Male,0,0,1,47,1,No,DSL,Yes,Yes,No,No,No,No,Month-to-month,1,Electronic check,55.3,2654.05,0,0.5782722637066509,18.4715865111657,18.4715865111657,Q3
3733-LSYCE,Female,0,1,0,15,1,No,Fiber optic,No,Yes,No,No,No,No,Month-to-month,0,Bank transfer (automatic),75.35,1114.55,0,4.233110781824343,18.4715865111657,18.4715865111657,Q3
0076-LVEPS,Male,0,0,1,29,0,No phone service,DSL,Yes,Yes,Yes,Yes,No,No,Month-to-month,1,Mailed check,45.0,1242.45,0,24.64822550777131,18.47055442173816,18.47055442173816,Q3
5151-HQRDG,Male,0,1,0,37,1,Yes,DSL,Yes,No,No,No,No,No,Month-to-month,1,Mailed check,55.05,2030.75,0,0.8137180765019734,18.455323826770805,18.455323826770805,Q3
5443-SCMKX,Female,0,1,0,58,1,Yes,Fiber optic,No,Yes,Yes,No,No,Yes,One year,1,Electronic check,94.3,5610.15,0,18.47055442173816,18.451805172541842,18.451805172541842,Q3
0379-DJQHR,Male,0,1,1,67,1,No,DSL,Yes,Yes,Yes,No,Yes,Yes,Two year,0,Credit card (automatic),81.35,5398.6,0,29.012645898829405,18.439673619659725,18.439673619659725,Q3
2014-MKGMH,Female,0,0,0,46,1,Yes,Fiber optic,No,No,Yes,No,Yes,Yes,One year,1,Electronic check,101.1,4674.4,0,23.602860569934187,18.437649857813526,18.437649857813526,Q3
1222-KJNZD,Male,0,1,1,40,1,No,No,No internet service,No internet service,No internet service,No internet service,No internet service,No internet service,Month-to-month,1,Bank transfer (automatic),20.4,745.3,0,35.17429069880665,18.410539531189734,18.410539531189734,Q3
4091-TVOCN,Male,0,0,1,48,1,Yes,DSL,Yes,No,Yes,No,Yes,Yes,One year,1,Credit card (automatic),78.75,3682.45,0,7.881814913856881,18.40376736382302,18.40376736382302,Q3
7075-BNDVQ,Female,0,0,0,4,0,No phone service,DSL,Yes,No,Yes,No,No,No,Month-to-month,0,Mailed check,35.0,135.75,0,13.8430298091273,18.398120615064677,18.398120615064677,Q3
8728-SKJLR,Male,0,0,0,41,1,No,Fiber optic,No,No,No,Yes,No,No,Month-to-month,1,Electronic check,74.25,3089.1,0,7.442463786079783,18.392263887899286,18.392263887899286,Q3
5043-TRZWM,Female,0,0,0,1,1,No,Fiber optic,No,No,Yes,No,No,No,Month-to-month,0,Electronic check,75.55,75.55,0,9.654791769852075,18.390229524690298,18.390229524690298,Q3
2675-IJRGJ,Male,0,0,0,53,1,No,No,No internet service,No internet service,No internet service,No internet service,No internet service,No internet service,Two year,0,Bank transfer (automatic),19.65,978.0,0,5.314119012782313,18.384798945912046,18.384798945912046,Q3
9633-DENPU,Female,0,1,0,47,1,No,DSL,No,Yes,No,No,Yes,No,Month-to-month,1,Bank transfer (automatic),58.6,2723.4,0,1.1836761731615715,18.380207237092847,18.380207237092847,Q3
1248-DYXUB,Male,0,1,1,52,1,Yes,No,No internet service,No internet service,No internet service,No internet service,No internet service,No internet service,Two year,0,Mailed check,24.8,1229.1,0,1.9374431919458683,18.376090770851388,18.376090770851388,Q3
4939-KYYPY,Male,0,0,0,27,1,Yes,DSL,No,No,Yes,Yes,No,No,Month-to-month,0,Electronic check,59.45,1611.65,0,14.159587041912875,18.353763118457724,18.353763118457724,Q3
3635-QQRQD,Male,0,0,0,62,1,No,No,No internet service,No internet service,No internet service,No internet service,No internet service,No internet service,Two year,1,Credit card (automatic),20.05,1201.65,0,13.458476952829953,18.33969217946031,18.33969217946031,Q3
6719-OXYBR,Male,0,0,0,15,1,No,Fiber optic,No,No,Yes,No,Yes,No,Month-to-month,0,Electronic check,85.3,1219.85,0,25.840601771077935,18.336164743526602,18.336164743526602,Q3
3727-OWVYD,Male,0,0,0,35,1,No,DSL,Yes,Yes,Yes,No,No,No,One year,0,Mailed check,61.2,2021.2,0,13.108238270378408,18.327402068083337,18.327402068083337,Q3
6727-IOTLZ,Male,0,1,0,14,1,No,DSL,No,Yes,Yes,Yes,Yes,Yes,Two year,0,Mailed check,81.95,1181.75,0,2.9176478862230093,18.324219185704095,18.324219185704095,Q3
0864-FVJNJ,Female,0,1,1,64,1,Yes,Fiber optic,Yes,Yes,Yes,Yes,Yes,Yes,One year,0,Electronic check,113.35,7222.75,0,62.38663568111926,18.319857983194133,18.319857983194133,Q3
3472-OAOOR,Male,0,1,1,19,0,No phone service,DSL,Yes,Yes,No,No,No,No,Month-to-month,1,Mailed check,34.95,610.2,0,0.7566020687360261,18.318343102367646,18.318343102367646,Q3
9348-YVOMK,Male,0,0,0,4,1,No,DSL,No,No,No,No,No,No,Month-to-month,1,Credit card (automatic),44.8,176.2,0,0.2707452779818778,18.317466338548066,18.317466338548066,Q3
3798-EPWRR,Female,1,0,0,2,1,No,DSL,No,No,No,No,No,No,Month-to-month,0,Electronic check,43.95,85.1,0,15.433831800934913,18.294848902175957,18.294848902175957,Q3
3021-VLNRJ,Female,0,0,1,50,1,No,DSL,Yes,No,Yes,Yes,Yes,No,One year,1,Credit card (automatic),70.8,3478.15,0,1.5398958528771902,18.28386455440091,18.28386455440091,Q3
4553-DVPZG,Female,0,1,0,62,1,Yes,Fiber optic,No,No,Yes,No,Yes,Yes,Month-to-month,1,Electronic check,101.35,6164.7,0,16.17440107543023,18.262942858805424,18.262942858805424,Q3
9979-RGMZT,Female,0,0,0,7,1,No,Fiber optic,No,Yes,No,No,Yes,Yes,One year,1,Mailed check,94.05,633.45,0,3.0629520572477356,18.262145403530955,18.262145403530955,Q3
0840-DCNZE,Male,0,0,0,47,1,No,DSL,Yes,Yes,Yes,Yes,Yes,Yes,One year,1,Bank transfer (automatic),86.95,4138.9,0,27.429166022031016,18.261063167690278,18.261063167690278,Q3
2892-GESUL,Female,0,1,1,18,1,No,No,No internet service,No internet service,No internet service,No internet service,No internet service,No internet service,Two year,0,Mailed check,19.35,309.25,0,46.97812826832744,18.25009837567791,18.25009837567791,Q3
0899-LIIBW,Male,0,1,0,34,1,Yes,Fiber optic,No,No,Yes,No,Yes,Yes,Month-to-month,0,Electronic check,100.85,3527.3,0,14.281888106680693,18.247557021288603,18.247557021288603,Q3
3836-FZSDJ,Male,1,1,0,71,1,Yes,No,No internet service,No internet service,No internet service,No internet service,No internet service,No internet service,Two year,0,Bank transfer (automatic),24.85,1901.0,0,12.601444087577693,18.227158126967886,18.227158126967886,Q3
1293-HHSHJ,Female,0,0,0,35,1,No,No,No internet service,No internet service,No internet service,No internet service,No internet service,No internet service,One year,0,Mailed check,21.1,741.0,0,36.49033364077185,18.215203990659333,18.215203990659333,Q3
0401-WDBXM,Male,0,1,1,72,1,Yes,Fiber optic,Yes,No,Yes,No,Yes,Yes,Two year,1,Bank transfer (automatic),105.55,7542.25,0,69.45889770434134,18.185576364841765,18.185576364841765,Q3
6725-TPKJO,Male,0,0,0,44,1,No,No,No internet service,No internet service,No internet service,No internet service,No internet service,No internet service,Two year,0,Mailed check,20.05,845.25,0,3.193990064626883,18.18059037729129,18.18059037729129,Q3
6969-MVBAI,Female,1,0,0,9,1,Yes,Fiber optic,No,No,Yes,No,Yes,No,Month-to-month,1,Electronic check,90.1,816.8,0,3.3586505855330016,18.175385349083133,18.175385349083133,Q3
7143-BQIBA,Male,0,0,0,10,1,No,DSL,Yes,No,No,Yes,Yes,No,Month-to-month,0,Bank transfer (automatic),62.25,612.95,0,12.405643666343776,18.156278365743475,18.156278365743475,Q3
7326-RIGQZ,Male,0,1,1,6,1,No,Fiber optic,No,No,No,No,No,No,Month-to-month,1,Electronic check,69.8,377.85,0,3.1267484569945596,18.154559791112195,18.154559791112195,Q3
2075-RMJIK,Female,0,1,1,5,1,No,DSL,Yes,No,No,No,No,No,Month-to-month,1,Mailed check,49.4,232.55,0,20.715061988735414,18.138330587746847,18.138330587746847,Q3
7576-ASEJU,Female,0,1,1,41,1,No,DSL,Yes,No,No,Yes,Yes,Yes,One year,1,Credit card (automatic),74.7,3187.65,0,20.832837581332303,18.132494186474254,18.132494186474254,Q3
0392-BZIUW,Female,0,1,0,72,1,Yes,Fiber optic,Yes,No,Yes,No,Yes,Yes,Two year,1,Credit card (automatic),105.0,7589.8,0,4.349097700368581,18.131507745475023,18.131507745475023,Q3
2208-MPXIO,Female,0,1,1,45,1,No,No,No internet service,No internet service,No internet service,No internet service,No internet service,No internet service,Two year,1,Bank transfer (automatic),20.0,886.4,0,3.7960472350732735,18.099933729179902,18.099933729179902,Q3
4825-XJGDM,Female,0,0,0,61,0,No phone service,DSL,Yes,Yes,Yes,Yes,No,No,One year,0,Credit card (automatic),43.7,2696.55,0,17.82970546850499,18.079556249708446,18.079556249708446,Q3
9272-LSVYH,Male,0,0,0,10,1,No,Fiber optic,No,No,No,No,No,No,Month-to-month,0,Mailed check,70.15,735.5,0,1.254261508400786,18.075384523222105,18.075384523222105,Q3
9577-WJVCQ,Female,0,0,0,68,1,Yes,DSL,Yes,No,No,No,No,No,Month-to-month,0,Mailed check,54.45,3687.75,0,2.6352256246696992,18.05372104699694,18.05372104699694,Q3
4947-DSMXK,Male,0,1,1,34,1,Yes,Fiber optic,No,Yes,No,No,Yes,Yes,Month-to-month,1,Bank transfer (automatic),97.7,3410.0,0,39.77453055139792,18.027644909607922,18.027644909607922,Q3
8486-AYEQH,Female,0,0,0,31,1,Yes,Fiber optic,No,No,No,No,No,No,Month-to-month,1,Electronic check,76.05,2227.8,0,2.3521033081749882,18.023452015910642,18.023452015910642,Q3
9588-YRFHY,Male,0,0,0,49,1,No,No,No internet service,No internet service,No internet service,No internet service,No internet service,No internet service,Two year,1,Credit card (automatic),19.9,1022.6,0,5.215614188123589,18.018168988534853,18.018168988534853,Q3
1488-PBLJN,Female,0,1,1,72,1,Yes,Fiber optic,Yes,Yes,Yes,Yes,Yes,Yes,Two year,1,Bank transfer (automatic),116.85,8477.7,0,4.749530213267425,18.01472171155974,18.01472171155974,Q3
3511-BFTJW,Male,0,1,1,72,0,No phone service,DSL,Yes,Yes,Yes,No,No,No,Two year,0,Credit card (automatic),38.5,2763.0,0,64.09273530424763,18.006140737868375,18.006140737868375,Q3
5478-JJVZK,Female,0,0,0,33,1,Yes,DSL,Yes,Yes,No,No,No,No,Month-to-month,1,Mailed check,60.9,2033.85,0,0.42451015499168265,17.99820853281401,17.99820853281401,Q3
2055-SIFSS,Female,1,1,0,55,1,Yes,DSL,No,No,No,No,No,No,Month-to-month,0,Bank transfer (automatic),51.65,2838.55,0,18.711145481967716,17.994563666336745,17.994563666336745,Q3
6088-BXMRG,Female,0,1,1,32,1,Yes,Fiber optic,No,Yes,No,No,Yes,Yes,Month-to-month,1,Electronic check,98.85,3089.6,0,6.450365535551486,17.990268214618467,17.990268214618467,Q3
7516-GMHUV,Male,1,1,0,50,1,Yes,Fiber optic,Yes,No,Yes,No,Yes,Yes,Two year,1,Credit card (automatic),105.05,5163.3,0,2.195974373964199,17.986245596067707,17.986245596067707,Q3
1568-LJSZU,Male,0,1,1,68,1,Yes,DSL,Yes,Yes,Yes,Yes,Yes,Yes,Two year,1,Credit card (automatic),92.2,6392.85,0,33.37064919499748,17.97710691067588,17.97710691067588,Q3
8561-NMTBD,Female,0,1,1,67,1,Yes,Fiber optic,No,Yes,Yes,Yes,Yes,Yes,One year,1,Credit card (automatic),112.35,7388.45,0,1.6384296506955918,17.97448616950189,17.97448616950189,Q3
2017-CCBLH,Female,0,0,0,8,1,No,No,No internet service,No internet service,No internet service,No internet service,No internet service,No internet service,Two year,0,Mailed check,20.0,141.6,0,21.0379298445543,17.949999841160214,17.949999841160214,Q3
1830-IPXVJ,Female,0,1,1,61,1,No,No,No internet service,No internet service,No internet service,No internet service,No internet service,No internet service,Two year,0,Credit card (automatic),19.75,1311.6,0,11.986940617177751,17.94645249990228,17.94645249990228,Q3
4123-DVHPH,Male,0,1,0,9,1,Yes,Fiber optic,Yes,No,No,No,No,Yes,Month-to-month,1,Electronic check,88.05,801.3,0,6.681881320588966,17.938862631029135,17.938862631029135,Q3
8465-SBRXP,Male,0,1,1,38,1,Yes,Fiber optic,No,No,Yes,Yes,Yes,No,Two year,1,Bank transfer (automatic),94.9,3616.25,0,2.1525595311371273,17.932416002197503,17.932416002197503,Q3
5985-BEHZK,Female,1,1,0,72,1,Yes,Fiber optic,No,Yes,Yes,No,Yes,Yes,One year,0,Credit card (automatic),105.0,7578.05,0,54.66363869021163,17.90167744996464,17.90167744996464,Q3
8457-XIGKN,Male,0,0,0,20,1,No,No,No internet service,No internet service,No internet service,No internet service,No internet service,No internet service,Month-to-month,1,Credit card (automatic),19.6,356.15,0,17.34009968339538,17.878687250477775,17.878687250477775,Q3
4521-YEEHE,Female,0,1,0,18,1,Yes,Fiber optic,No,No,No,Yes,Yes,No,Month-to-month,1,Electronic check,88.85,1594.75,0,43.37911486378779,17.865555902176357,17.865555902176357,Q3
6295-OSINB,Male,0,1,0,72,1,Yes,Fiber optic,Yes,Yes,Yes,No,Yes,Yes,Two year,1,Electronic check,109.65,7880.25,0,45.251022720712,17.865410513947705,17.865410513947705,Q3
9818-XQCUV,Female,0,0,0,2,1,No,No,No internet service,No internet service,No internet service,No internet service,No internet service,No internet service,Month-to-month,0,Mailed check,20.35,45.3,0,0.7059259324120615,17.84698932502581,17.84698932502581,Q3
8715-KKTFG,Female,0,1,0,61,1,Yes,Fiber optic,No,No,Yes,Yes,Yes,Yes,One year,1,Bank transfer (automatic),103.3,6518.35,0,56.940221893771316,17.843165279705026,17.843165279705026,Q3
0303-WMMRN,Male,0,0,0,5,1,No,No,No internet service,No internet service,No internet service,No internet service,No internet service,No internet service,Month-to-month,1,Mailed check,19.25,86.05,0,14.65028184421278,17.838303563710227,17.838303563710227,Q3
7623-HKYRK,Male,0,0,1,6,1,No,No,No internet service,No internet service,No internet service,No internet service,No internet service,No internet service,Month-to-month,0,Mailed check,19.7,111.65,0,1.537658518410473,17.82970546850499,17.82970546850499,Q3
8929-KSWIH,Male,0,0,0,25,1,No,Fiber optic,No,No,Yes,Yes,Yes,Yes,Two year,0,Bank transfer (automatic),99.3,2513.5,0,0.6508030775114377,17.823276527336084,17.823276527336084,Q3
1775-KWJKQ,Male,0,1,1,72,1,Yes,DSL,Yes,Yes,Yes,Yes,Yes,Yes,Two year,0,Credit card (automatic),89.85,6562.9,0,9.734620457981473,17.81161479082452,17.81161479082452,Q3
1229-RCALF,Female,0,1,0,64,1,Yes,Fiber optic,Yes,Yes,Yes,Yes,Yes,Yes,One year,1,Electronic check,115.0,7396.15,0,31.946390962635775,17.807011782356945,17.807011782356945,Q3
8819-ZBYNA,Female,0,1,0,58,1,Yes,Fiber optic,Yes,Yes,No,Yes,Yes,Yes,Two year,1,Credit card (automatic),109.1,6393.65,0,74.68045249676084,17.806571127792452,17.806571127792452,Q3
3452-SRFEG,Male,0,0,0,49,1,Yes,Fiber optic,No,No,No,No,No,No,Month-to-month,1,Bank transfer (automatic),74.6,3720.35,0,13.566317083331302,17.80333133534796,17.80333133534796,Q3
1619-YWUBB,Female,0,1,0,68,1,Yes,No,No internet service,No internet service,No internet service,No internet service,No internet service,No internet service,Two year,1,Credit card (automatic),24.95,1614.9,0,0.7056221815190391,17.80071207936534,17.80071207936534,Q3
8361-LBRDI,Female,0,0,0,58,1,Yes,No,No internet service,No internet service,No internet service,No internet service,No internet service,No internet service,Two year,0,Credit card (automatic),24.35,1423.85,0,2.2444490263981396,17.781330142438218,17.781330142438218,Q3
2040-LDIWQ,Male,0,1,1,65,1,Yes,DSL,No,Yes,Yes,Yes,Yes,Yes,Two year,1,Bank transfer (automatic),84.2,5324.5,0,2.8996058750689566,17.772584474210543,17.772584474210543,Q3
8670-MEFCP,Female,0,1,1,36,1,Yes,DSL,Yes,Yes,Yes,Yes,Yes,Yes,Two year,1,Credit card (automatic),92.9,3379.25,0,8.693971594316684,17.754247271607156,17.754247271607156,Q3
4391-LNRXK,Male,0,0,0,22,1,No,Fiber optic,No,Yes,Yes,Yes,No,Yes,Month-to-month,1,Bank transfer (automatic),94.95,2142.8,0,6.20951022385687,17.74610517029255,17.74610517029255,Q3
6650-BWFRT,Female,0,1,0,72,1,Yes,Fiber optic,Yes,Yes,Yes,Yes,Yes,Yes,Two year,1,Credit card (automatic),117.15,8529.5,0,15.409361373783495,17.743877974071502,17.743877974071502,Q3
7157-SMCFK,Male,0,0,1,61,1,No,No,No internet service,No internet service,No internet service,No internet service,No internet service,No internet service,Two year,0,Mailed check,19.75,1124.2,0,0.331815106066137,17.742479355479386,17.742479355479386,Q3
1699-UOTXU,Male,0,0,0,60,1,No,DSL,Yes,Yes,Yes,No,No,No,Two year,0,Electronic check,61.4,3638.25,0,1.2078651339881876,17.740841787994828,17.740841787994828,Q3
3173-NVMPX,Female,0,1,1,9,1,Yes,DSL,No,Yes,No,No,No,No,Month-to-month,1,Mailed check,55.3,501.2,0,15.287628582166384,17.721115267378725,17.721115267378725,Q3
6016-NXBNJ,Male,0,0,0,35,1,No,No,No internet service,No internet service,No internet service,No internet service,No internet service,No internet service,One year,1,Mailed check,19.15,638.0,0,5.2435138901510125,17.70864927061155,17.70864927061155,Q3
6166-YIPFO,Male,0,1,0,72,0,No phone service,DSL,Yes,Yes,Yes,Yes,Yes,Yes,Two year,1,Electronic check,64.7,4746.05,0,0.46217213347060715,17.69176258564454,17.69176258564454,Q3
7110-BDTWG,Female,0,1,0,71,0,No phone service,DSL,No,No,Yes,Yes,No,Yes,Two year,1,Electronic check,47.05,3263.6,0,8.294325141136985,17.691088214313748,17.691088214313748,Q3
0575-CUQOV,Male,1,1,0,60,1,No,Fiber optic,No,Yes,Yes,No,Yes,Yes,One year,1,Electronic check,97.95,5867.0,0,18.261063167690278,17.688280597269813,17.688280597269813,Q3
3308-JSGML,Male,1,1,0,59,0,No phone service,DSL,Yes,No,Yes,Yes,Yes,Yes,Two year,1,Credit card (automatic),64.05,3886.85,0,38.12590450908056,17.686264601461446,17.686264601461446,Q3
0749-IRGQE,Female,1,1,0,13,0,No phone service,DSL,No,No,No,No,Yes,Yes,Month-to-month,0,Electronic check,45.3,528.45,0,54.26806106784273,17.668621854294454,17.668621854294454,Q3
4667-QONEA,Female,1,1,1,60,1,No,DSL,Yes,Yes,Yes,Yes,No,Yes,One year,1,Credit card (automatic),74.85,4456.35,0,6.604981962134544,17.6686055023692,17.6686055023692,Q3
2146-EGVDT,Male,0,1,1,59,1,No,No,No internet service,No internet service,No internet service,No internet service,No internet service,No internet service,Two year,0,Credit card (automatic),19.3,1192.7,0,4.284988672567878,17.64666763032902,17.64666763032902,Q3
5788-YPOEG,Female,0,1,1,34,1,No,DSL,Yes,Yes,Yes,Yes,Yes,Yes,Two year,0,Mailed check,84.75,2839.45,0,1.081521852094698,17.640104819099715,17.640104819099715,Q3
6629-LADHQ,Female,0,0,0,2,1,No,DSL,Yes,No,No,No,No,No,Month-to-month,0,Mailed check,50.95,123.05,0,1.8311892837217076,17.62277188122961,17.62277188122961,Q3
7668-XCFYV,Female,1,1,0,17,1,Yes,Fiber optic,No,No,No,No,Yes,Yes,Month-to-month,1,Electronic check,92.55,1614.7,0,3.3955367741885345,17.607784333265517,17.607784333265517,Q3
1452-VOQCH,Male,0,0,0,1,1,Yes,Fiber optic,No,No,No,No,No,No,Month-to-month,1,Electronic check,75.1,75.1,0,28.635816545488634,17.60283895853652,17.60283895853652,Q3
0744-GKNGE,Female,0,1,1,64,1,Yes,Fiber optic,Yes,No,No,Yes,No,No,Month-to-month,1,Bank transfer (automatic),86.8,5327.25,0,26.677478914721952,17.60080142929775,17.60080142929775,Q3
3146-JTQHR,Male,0,1,0,10,1,No,No,No internet service,No internet service,No internet service,No internet service,No internet service,No internet service,One year,0,Bank transfer (automatic),19.6,189.45,0,6.031138506455851,17.59003363199822,17.59003363199822,Q3
7996-BPXHY,Female,0,1,1,13,1,Yes,No,No internet service,No internet service,No internet service,No internet service,No internet service,No internet service,Two year,1,Bank transfer (automatic),25.0,332.5,0,7.658601080402175,17.576062944931152,17.576062944931152,Q3
8270-RKSAP,Male,0,0,0,9,1,No,Fiber optic,No,No,No,No,No,No,Month-to-month,1,Electronic check,70.5,597.9,0,40.37688223921725,17.559076060801775,17.559076060801775,Q3
2509-TFPJU,Male,0,1,0,72,1,Yes,No,No internet service,No internet service,No internet service,No internet service,No internet service,No internet service,Two year,0,Credit card (automatic),25.75,1864.2,0,8.529530168260084,17.55485868602042,17.55485868602042,Q3
3213-VVOLG,Male,0,1,1,0,1,Yes,No,No internet service,No internet service,No internet service,No internet service,No internet service,No internet service,Two year,0,Mailed check,25.35,,0,6.882077858087632,17.530233987352922,17.530233987352922,Q3
0040-HALCW,Male,0,1,1,54,1,No,No,No internet service,No internet service,No internet service,No internet service,No internet service,No internet service,Two year,0,Credit card (automatic),20.4,1090.6,0,20.4908285650625,17.523069317874718,17.523069317874718,Q3
3891-NLXJB,Male,0,0,0,37,0,No phone service,DSL,Yes,Yes,No,Yes,No,No,Two year,1,Mailed check,40.55,1390.85,0,0.9017326841872828,17.519931679240415,17.519931679240415,Q3
4703-MQYKT,Male,0,0,0,21,1,No,No,No internet service,No internet service,No internet service,No internet service,No internet service,No internet service,Two year,0,Mailed check,19.6,390.4,0,33.97467267994293,17.506583138760444,17.506583138760444,Q3
3521-MNKLV,Male,0,0,0,24,1,No,DSL,No,No,Yes,No,No,No,Month-to-month,1,Mailed check,49.7,1167.8,0,17.15647576135043,17.50400759354016,17.50400759354016,Q3
7838-LAZFO,Male,0,1,0,45,1,No,DSL,Yes,Yes,Yes,No,Yes,Yes,One year,0,Bank transfer (automatic),78.8,3597.5,0,1.5537967720594574,17.4562625834168,17.4562625834168,Q3
8690-ZVLCL,Female,0,1,1,68,1,Yes,DSL,Yes,Yes,Yes,Yes,Yes,Yes,Two year,0,Credit card (automatic),88.0,6161.9,0,42.04091878134147,17.45381287108933,17.45381287108933,Q3
7964-VEXDG,Male,0,0,1,21,1,Yes,Fiber optic,Yes,No,No,No,No,No,Month-to-month,0,Electronic check,80.35,1747.2,0,27.05992604869688,17.447427614127836,17.447427614127836,Q3
6546-OPBBH,Male,0,1,1,51,1,Yes,No,No internet service,No internet service,No internet service,No internet service,No internet service,No internet service,One year,1,Mailed check,23.95,1216.35,0,15.573627348426095,17.43140383286522,17.43140383286522,Q3
8410-BGQXN,Male,0,0,0,4,1,No,No,No internet service,No internet service,No internet service,No internet service,No internet service,No internet service,Month-to-month,0,Mailed check,19.4,93.4,0,7.542760045129859,17.414155395388313,17.414155395388313,Q3
7940-UQQUG,Female,0,1,1,64,1,Yes,Fiber optic,Yes,No,No,Yes,Yes,Yes,One year,1,Bank transfer (automatic),104.4,6721.6,0,9.292964769243554,17.38806917605229,17.38806917605229,Q3
5203-XEHAX,Female,0,0,0,34,1,No,DSL,Yes,Yes,No,No,No,Yes,One year,0,Electronic check,64.35,2053.05,0,6.009049954118578,17.3796275877839,17.3796275877839,Q3
1785-BPHTP,Male,0,1,1,28,1,No,Fiber optic,No,No,Yes,No,Yes,No,Month-to-month,0,Electronic check,85.45,2289.9,0,13.854537020633595,17.368100873720433,17.368100873720433,Q3
8265-HKSOW,Female,0,1,1,72,1,Yes,Fiber optic,Yes,Yes,Yes,Yes,No,Yes,Two year,0,Credit card (automatic),107.45,7658.3,0,12.413022125254331,17.34009968339538,17.34009968339538,Q3
0068-FIGTF,Female,0,0,0,27,1,No,DSL,No,Yes,Yes,Yes,Yes,Yes,One year,0,Mailed check,78.2,2078.95,0,36.53222688606244,17.331173493560925,17.331173493560925,Q3
1813-JLKWR,Female,0,1,1,64,1,No,No,No internet service,No internet service,No internet service,No internet service,No internet service,No internet service,One year,0,Bank transfer (automatic),19.8,1336.65,0,1.1303916503782745,17.311301452932977,17.311301452932977,Q3
9405-GPBBG,Female,0,0,0,64,1,Yes,Fiber optic,No,Yes,Yes,Yes,Yes,Yes,Two year,1,Credit card (automatic),110.5,7069.25,0,4.830234708986698,17.26085235253663,17.26085235253663,Q3
6486-LHTMA,Female,1,1,0,31,1,Yes,Fiber optic,No,No,Yes,No,Yes,No,One year,1,Electronic check,90.7,2835.5,0,13.362165129236766,17.244770112827695,17.244770112827695,Q3
6351-SCJKT,Male,0,0,0,3,0,No phone service,DSL,Yes,No,Yes,Yes,No,No,Month-to-month,0,Mailed check,41.35,107.25,0,48.0305752555492,17.244664525232693,17.244664525232693,Q3
7492-TAFJD,Male,0,1,1,7,0,No phone service,DSL,Yes,Yes,Yes,No,No,No,Two year,0,Mailed check,38.55,280.0,0,0.8789015117335007,17.242702331705758,17.242702331705758,Q3
0239-OXEXL,Female,0,0,0,46,1,Yes,Fiber optic,Yes,Yes,No,No,No,No,Month-to-month,0,Mailed check,84.25,3847.6,0,18.079556249708446,17.23612999270763,17.23612999270763,Q3
2680-XKKNJ,Female,0,0,0,8,1,No,DSL,Yes,Yes,No,Yes,No,No,One year,0,Bank transfer (automatic),58.2,469.25,0,1.2672565906799962,17.23398514789997,17.23398514789997,Q3
4102-HLENU,Female,0,1,0,67,1,Yes,DSL,Yes,Yes,Yes,No,No,No,Two year,0,Mailed check,65.65,4322.85,0,5.447985427268061,17.233744019425203,17.233744019425203,Q3
2400-FEQME,Male,0,1,1,55,1,No,No,No internet service,No internet service,No internet service,No internet service,No internet service,No internet service,Two year,0,Mailed check,20.5,1177.95,0,1.797732805865515,17.228930911300683,17.228930911300683,Q3
7665-NKLAV,Female,0,1,1,36,0,No phone service,DSL,Yes,No,Yes,Yes,No,No,Two year,0,Credit card (automatic),40.65,1547.35,0,0.6708951861056407,17.19079742104035,17.19079742104035,Q3
1088-CNNKB,Male,0,1,0,63,1,Yes,DSL,Yes,Yes,Yes,Yes,No,Yes,One year,0,Credit card (automatic),80.0,5040.2,0,29.50037503059022,17.17695339492062,17.17695339492062,Q3
5469-NUJUR,Male,0,0,0,19,1,No,No,No internet service,No internet service,No internet service,No internet service,No internet service,No internet service,Two year,1,Mailed check,19.95,373.5,0,25.046665581471437,17.15647576135043,17.15647576135043,Q3
1575-KRZZE,Female,0,0,0,4,1,No,DSL,Yes,Yes,No,No,No,No,Month-to-month,0,Electronic check,55.2,220.65,0,47.781577828925634,17.152446735951848,17.152446735951848,Q3
2599-CIPQE,Male,0,1,1,71,1,No,Fiber optic,Yes,Yes,Yes,Yes,Yes,Yes,Two year,0,Credit card (automatic),109.3,7782.85,0,53.7546166648075,17.126366321278123,17.126366321278123,Q3
6988-CJEYV,Male,0,0,0,49,1,Yes,Fiber optic,No,Yes,No,No,Yes,Yes,Month-to-month,0,Electronic check,98.7,4920.55,0,31.699740863654064,17.090159503203836,17.090159503203836,Q3
1482-OXZSY,Male,0,0,0,30,1,Yes,Fiber optic,Yes,No,No,No,Yes,Yes,Month-to-month,1,Bank transfer (automatic),100.4,2936.25,0,51.68332462028224,17.087641991638385,17.087641991638385,Q3
4641-FROLU,Female,0,1,1,30,1,No,No,No internet service,No internet service,No internet service,No internet service,No internet service,No internet service,Two year,0,Mailed check,19.3,602.9,0,2.818884293367511,17.072789780021473,17.072789780021473,Q3
3563-SVYLG,Male,0,1,1,68,1,No,DSL,Yes,Yes,Yes,Yes,No,No,Two year,0,Credit card (automatic),62.65,4375.8,0,0.40920115091432446,17.07190726680309,17.07190726680309,Q3
4770-UEZOX,Male,0,0,0,2,1,No,Fiber optic,No,Yes,No,No,No,No,Month-to-month,1,Electronic check,74.75,144.8,0,0.43666215105405015,17.057776733277247,17.057776733277247,Q3
7018-FPXHH,Male,0,1,1,56,1,No,DSL,Yes,Yes,Yes,No,No,No,Two year,1,Bank transfer (automatic),59.8,3457.45,0,3.245062045938444,17.00233851711267,17.00233851711267,Q3
4115-UMJFQ,Male,0,0,0,69,0,No phone service,DSL,No,Yes,Yes,No,No,No,One year,1,Bank transfer (automatic),35.75,2492.25,0,16.846301225384714,16.98230979218606,16.98230979218606,Q3
7564-GHCVB,Female,0,1,1,72,1,Yes,Fiber optic,Yes,No,No,No,No,No,Two year,0,Bank transfer (automatic),79.05,5730.7,0,1.6985014695618978,16.975075527808066,16.975075527808066,Q3
8496-DMZUK,Male,0,0,0,30,1,Yes,Fiber optic,Yes,Yes,Yes,No,No,No,One year,0,Bank transfer (automatic),90.4,2820.65,0,49.947529645087776,16.966695732294422,16.966695732294422,Q3
4584-LBNMK,Male,1,1,0,45,1,Yes,No,No internet service,No internet service,No internet service,No internet service,No internet service,No internet service,One year,0,Credit card (automatic),24.7,1174.35,0,1.2894915534030504,16.966334863101753,16.966334863101753,Q3
0661-WCQNQ,Male,0,1,0,22,1,No,DSL,Yes,No,No,Yes,No,No,One year,1,Credit card (automatic),56.25,1292.2,0,45.64535892427492,16.95500406443779,16.95500406443779,Q3
8785-CJSHH,Female,0,1,0,60,1,Yes,Fiber optic,No,Yes,No,No,Yes,Yes,Month-to-month,1,Electronic check,99.8,5985.75,0,2.9060622653127957,16.9466364603477,16.9466364603477,Q3
9091-WTUUY,Male,0,1,1,64,1,No,DSL,Yes,No,Yes,Yes,Yes,No,Two year,0,Mailed check,69.25,4447.75,0,13.775932351305126,16.946409752789354,16.946409752789354,Q3
8894-JVDCV,Female,0,0,0,62,1,Yes,Fiber optic,Yes,Yes,Yes,Yes,Yes,Yes,One year,1,Credit card (automatic),115.05,7133.45,0,5.572488212221075,16.938455123059697,16.938455123059697,Q3
1389-WNUIB,Female,0,1,1,20,1,Yes,DSL,Yes,No,No,No,Yes,Yes,One year,0,Bank transfer (automatic),76.0,1588.75,0,59.29115527242178,16.933139686428778,16.933139686428778,Q3
5440-VHLUL,Male,0,0,0,69,1,Yes,Fiber optic,No,Yes,No,Yes,Yes,Yes,One year,1,Bank transfer (automatic),105.2,7386.05,0,11.878759746808125,16.929772843088404,16.929772843088404,Q3
4024-CSNBY,Female,0,1,0,72,1,Yes,Fiber optic,Yes,Yes,Yes,Yes,No,No,Two year,1,Bank transfer (automatic),94.25,6849.75,0,4.636529958024331,16.922499153492847,16.922499153492847,Q3
2208-NQBCT,Female,0,1,1,26,1,No,Fiber optic,Yes,Yes,No,No,No,No,Month-to-month,0,Electronic check,81.95,2070.05,0,12.982502428977732,16.915236958374905,16.915236958374905,Q3
8401-EMUWF,Male,0,1,1,42,1,Yes,DSL,Yes,Yes,No,No,Yes,No,Month-to-month,1,Bank transfer (automatic),69.4,3058.3,0,3.7856401514607056,16.90545704327764,16.90545704327764,Q3
2792-VPPET,Male,0,0,0,3,1,No,No,No internet service,No internet service,No internet service,No internet service,No internet service,No internet service,Month-to-month,1,Electronic check,20.5,76.95,0,2.4128141854830822,16.903025934963466,16.903025934963466,Q3
2712-SYWAY,Female,0,0,0,1,1,Yes,No,No internet service,No internet service,No internet service,No internet service,No internet service,No internet service,Month-to-month,1,Electronic check,25.7,25.7,0,10.828729490158901,16.846878163251326,16.846878163251326,Q3
7245-JMTTQ,Female,0,0,0,51,1,Yes,Fiber optic,No,Yes,Yes,Yes,Yes,Yes,One year,1,Electronic check,111.5,5703.25,0,3.2498781532628045,16.846301225384714,16.846301225384714,Q3
4086-WITJG,Male,0,1,1,71,1,No,No,No internet service,No internet service,No internet service,No internet service,No internet service,No internet service,Two year,0,Credit card (automatic),19.7,1301.1,0,24.438486517191787,16.832755035293467,16.832755035293467,Q3
3174-AKMAS,Female,0,1,0,46,1,No,DSL,No,Yes,No,Yes,Yes,No,Two year,1,Credit card (automatic),64.2,3009.5,0,18.262145403530955,16.799547856594042,16.799547856594042,Q3
3374-TTZTK,Male,0,1,0,52,1,No,Fiber optic,Yes,Yes,Yes,Yes,Yes,Yes,Two year,1,Electronic check,106.3,5487.0,0,1.394134192802474,16.78221192923925,16.78221192923925,Q3
6728-CZFEI,Female,0,0,0,15,1,No,DSL,No,No,No,No,Yes,No,One year,0,Mailed check,56.15,931.9,0,0.4618099673066336,16.757981323579045,16.757981323579045,Q3
3420-YJLQT,Female,0,0,0,2,1,Yes,Fiber optic,No,Yes,No,No,No,No,Month-to-month,0,Electronic check,79.55,151.75,0,1.6562072108901396,16.724501521953357,16.724501521953357,Q3
1310-QRITU,Female,0,0,0,18,1,Yes,DSL,No,No,No,No,No,No,Month-to-month,1,Electronic check,50.3,913.3,0,4.8494980764162605,16.71278047217078,16.71278047217078,Q3
7693-QPEFS,Male,1,0,0,52,1,Yes,Fiber optic,No,No,No,No,No,No,Month-to-month,1,Bank transfer (automatic),72.95,3829.75,0,21.459999764704577,16.70799237743831,16.70799237743831,Q3
5760-IFJOZ,Male,0,0,0,3,1,Yes,Fiber optic,No,Yes,Yes,No,Yes,Yes,Month-to-month,0,Mailed check,107.95,313.6,0,12.504001212643686,16.649904219749196,16.649904219749196,Q3
1941-HOSAM,Male,0,1,1,1,1,No,Fiber optic,No,No,No,No,Yes,Yes,Month-to-month,1,Electronic check,90.1,90.1,0,0.8892029775773151,16.649132028466518,16.649132028466518,Q3
6258-NGCNG,Male,0,0,0,7,1,Yes,No,No internet service,No internet service,No internet service,No internet service,No internet service,No internet service,Month-to-month,0,Mailed check,23.5,173.0,0,12.590271356826149,16.641864322266713,16.641864322266713,Q3
1216-JWVUX,Male,0,1,1,25,1,No,Fiber optic,No,Yes,No,No,No,No,Month-to-month,1,Electronic check,75.5,1901.05,0,55.01344561841282,16.641142230697042,16.641142230697042,Q3
4194-FJARJ,Female,0,1,1,54,1,Yes,DSL,Yes,No,No,Yes,No,No,Two year,0,Bank transfer (automatic),60.0,3273.95,0,2.251970884868771,16.64073314388732,16.64073314388732,Q3
7968-QUXNS,Male,0,0,0,6,1,No,No,No internet service,No internet service,No internet service,No internet service,No internet service,No internet service,Month-to-month,0,Mailed check,18.95,110.15,0,2.627732468339928,16.62747300995187,16.62747300995187,Q3
4712-UYOOI,Female,0,1,1,20,1,No,No,No internet service,No internet service,No internet service,No internet service,No internet service,No internet service,Month-to-month,0,Electronic check,20.0,417.65,0,0.805035490923749,16.603887253606885,16.603887253606885,Q3
2984-TBYKU,Male,0,1,1,72,1,Yes,Fiber optic,Yes,Yes,Yes,Yes,No,Yes,Two year,1,Credit card (automatic),104.9,7732.65,0,70.35889859216941,16.59600452713812,16.59600452713812,Q3
9770-KXGQU,Female,0,0,0,53,1,Yes,Fiber optic,Yes,Yes,Yes,No,Yes,No,One year,0,Mailed check,98.6,5311.85,0,1.6725823841333218,16.57380930731447,16.57380930731447,Q3
1910-FMXJM,Female,0,1,0,36,1,No,Fiber optic,No,No,No,No,No,Yes,Month-to-month,0,Electronic check,80.4,2937.65,0,44.12194098772891,16.56949323666736,16.56949323666736,Q3
8746-BFOAJ,Male,1,0,0,21,1,No,No,No internet service,No internet service,No internet service,No internet service,No internet service,No internet service,One year,0,Bank transfer (automatic),20.5,429.55,0,19.298426792320868,16.5592063002019,16.5592063002019,Q3
3508-CFVZL,Female,0,0,0,71,1,Yes,Fiber optic,Yes,Yes,Yes,Yes,Yes,Yes,Two year,0,Mailed check,111.3,7985.9,0,17.64666763032902,16.545442265453186,16.545442265453186,Q3
2957-JIRMN,Female,1,0,0,62,1,Yes,Fiber optic,No,No,No,No,Yes,No,One year,0,Electronic check,84.45,4959.15,0,0.588232991678727,16.512353588257934,16.512353588257934,Q3
4860-YZGZM,Male,0,0,0,10,1,No,No,No internet service,No internet service,No internet service,No internet service,No internet service,No internet service,Month-to-month,0,Electronic check,20.0,185.4,0,1.3491467412517666,16.50654142038145,16.50654142038145,Q3
7643-RCHXS,Female,0,1,1,63,1,No,No,No internet service,No internet service,No internet service,No internet service,No internet service,No internet service,Two year,0,Electronic check,19.35,1263.85,0,4.64462614327942,16.494191541438468,16.494191541438468,Q3
4560-WQAQW,Female,0,0,0,59,1,Yes,DSL,Yes,No,No,Yes,No,Yes,One year,0,Bank transfer (automatic),68.7,4070.95,0,15.490481408712034,16.479106594671766,16.479106594671766,Q3
4815-TUMEQ,Female,0,0,0,10,1,No,No,No internet service,No internet service,No internet service,No internet service,No internet service,No internet service,One year,1,Mailed check,19.3,185.2,0,4.611875772839583,16.456469164580152,16.456469164580152,Q3
8639-NHQEI,Female,0,1,1,72,1,Yes,Fiber optic,Yes,Yes,No,No,Yes,No,Two year,1,Bank transfer (automatic),95.9,6954.15,0,4.354194177586472,16.42519050380931,16.42519050380931,Q3
7951-VRDVK,Female,0,0,0,36,1,No,DSL,Yes,Yes,Yes,Yes,Yes,Yes,One year,0,Bank transfer (automatic),85.85,3003.55,0,22.80827196774565,16.393440482938246,16.393440482938246,Q3
2773-OVBPK,Male,0,1,0,67,1,Yes,Fiber optic,No,Yes,Yes,Yes,Yes,Yes,Two year,1,Bank transfer (automatic),111.3,7567.2,0,1.6349382228642007,16.360129937348717,16.360129937348717,Q3
7096-UCLNH,Male,0,0,0,1,1,No,No,No internet service,No internet service,No internet service,No internet service,No internet service,No internet service,Month-to-month,0,Mailed check,20.05,20.05,0,33.94436704314546,16.347904209557147,16.347904209557147,Q3
8584-KMVXD,Female,0,0,0,8,1,No,Fiber optic,No,Yes,No,No,No,No,Month-to-month,0,Electronic check,75.6,535.55,0,27.51959717488245,16.345170693929646,16.345170693929646,Q3
6892-BOGQE,Female,0,1,0,71,1,No,No,No internet service,No internet service,No internet service,No internet service,No internet service,No internet service,Two year,1,Bank transfer (automatic),20.9,1493.2,0,1.155253671696507,16.31814220755313,16.31814220755313,Q3
3800-LYTRK,Female,0,0,0,14,1,No,DSL,Yes,No,No,Yes,No,No,One year,0,Mailed check,55.7,795.15,0,14.667522003232039,16.270493752415415,16.270493752415415,Q3
1697-NVVGY,Male,1,1,0,19,1,No,DSL,Yes,No,Yes,No,Yes,No,Month-to-month,0,Bank transfer (automatic),66.4,1286.05,0,2.7931428292483287,16.25592429775362,16.25592429775362,Q3
8268-YDIXR,Male,0,1,0,56,1,Yes,Fiber optic,Yes,Yes,Yes,No,No,No,One year,1,Electronic check,93.15,5253.95,0,17.368100873720433,16.24076269511063,16.24076269511063,Q3
9314-QDMDW,Male,0,0,0,11,1,No,DSL,No,Yes,No,No,Yes,No,One year,1,Electronic check,61.25,729.95,0,33.08367479301055,16.228155128519095,16.228155128519095,Q3
7688-AWMDX,Male,0,1,0,71,1,No,DSL,Yes,No,No,Yes,No,No,Two year,0,Bank transfer (automatic),54.5,3778.2,0,0.4640167143272462,16.213497254362423,16.213497254362423,Q3
7389-KBFIT,Female,0,1,1,2,0,No phone service,DSL,No,Yes,No,No,No,No,Month-to-month,1,Mailed check,30.25,63.75,0,3.623911695424077,16.210572774192574,16.210572774192574,Q3
6463-MVYRY,Female,1,0,0,57,1,No,DSL,Yes,No,Yes,Yes,Yes,No,Two year,0,Bank transfer (automatic),69.85,4003.0,0,8.134093004456687,16.191887979665896,16.191887979665896,Q3
1958-RNRKS,Male,0,1,0,30,1,Yes,DSL,No,No,No,No,No,No,Month-to-month,0,Electronic check,49.9,1441.95,0,48.79425512549706,16.17800544388342,16.17800544388342,Q3
0813-TAXXS,Male,0,0,0,55,1,Yes,DSL,No,No,Yes,No,Yes,Yes,Two year,1,Bank transfer (automatic),77.8,4323.35,0,47.17031590891997,16.17440107543023,16.17440107543023,Q3
2320-TZRRH,Female,0,0,0,20,1,No,No,No internet service,No internet service,No internet service,No internet service,No internet service,No internet service,One year,0,Mailed check,19.5,403.15,0,1.4273375316569248,16.10983963427229,16.10983963427229,Q3
5879-HMFFH,Female,0,1,0,72,1,Yes,DSL,Yes,Yes,Yes,Yes,Yes,Yes,Two year,0,Bank transfer (automatic),88.05,6520.8,0,25.085786016323492,16.109427468709015,16.109427468709015,Q3
3062-ICYZQ,Female,0,1,1,51,1,Yes,Fiber optic,Yes,Yes,No,No,No,Yes,Month-to-month,1,Electronic check,93.8,4539.35,0,4.166708850826986,16.09912241008126,16.09912241008126,Q3
5016-LIPDW,Male,0,1,1,57,1,No,No,No internet service,No internet service,No internet service,No internet service,No internet service,No internet service,One year,0,Mailed check,19.4,1061.6,0,17.242702331705758,16.09679134725834,16.09679134725834,Q3
8456-QDAVC,Male,0,0,0,19,1,No,Fiber optic,No,No,No,No,Yes,No,Month-to-month,1,Bank transfer (automatic),78.7,1495.1,0,8.124524131356905,16.061104047753446,16.061104047753446,Q3
8974-OVACP,Female,0,0,0,1,1,No,No,No internet service,No internet service,No internet service,No internet service,No internet service,No internet service,Month-to-month,0,Mailed check,20.15,20.15,0,44.36670869045802,16.05894287634725,16.05894287634725,Q3
5018-GWURO,Female,0,1,0,56,1,Yes,Fiber optic,No,No,No,No,Yes,No,Month-to-month,1,Bank transfer (automatic),85.6,4902.8,0,8.998880127317651,16.05677086183701,16.05677086183701,Q3
3865-QBWSJ,Male,1,0,1,38,1,Yes,Fiber optic,Yes,No,No,No,No,No,Month-to-month,1,Mailed check,80.45,3162.65,0,0.5882601087816892,16.054165681493224,16.054165681493224,Q3
5854-KSRBJ,Male,0,1,1,70,1,Yes,No,No internet service,No internet service,No internet service,No internet service,No internet service,No internet service,Two year,0,Mailed check,25.4,1782.05,0,0.7926176973130918,16.026642727080358,16.026642727080358,Q3
7277-KAMWT,Male,0,0,0,13,1,No,No,No internet service,No internet service,No internet service,No internet service,No internet service,No internet service,Two year,0,Credit card (automatic),20.0,268.45,0,2.3344544282660222,16.016411049158947,16.016411049158947,Q3
6625-UTXEW,Female,0,1,0,12,1,No,DSL,No,Yes,No,No,No,No,Month-to-month,1,Electronic check,51.25,612.1,0,47.34818347013875,15.994551958823694,15.994551958823694,Q3
3508-VLHCZ,Female,0,1,1,71,1,Yes,DSL,Yes,Yes,Yes,Yes,Yes,Yes,Two year,1,Credit card (automatic),90.55,6239.05,0,0.3187317497902779,15.934821034468166,15.934821034468166,Q3
8818-DOPVL,Female,1,0,0,46,1,Yes,Fiber optic,No,Yes,Yes,No,Yes,Yes,Month-to-month,1,Electronic check,104.45,4863.85,0,11.312846988447992,15.926985754003553,15.926985754003553,Q3
6013-BHCAW,Male,0,1,1,61,1,Yes,DSL,No,No,Yes,Yes,Yes,Yes,Two year,1,Bank transfer (automatic),81.0,4976.15,0,5.509772116700591,15.925861925057974,15.925861925057974,Q3
9777-IQHWP,Male,0,1,1,64,1,Yes,Fiber optic,Yes,No,Yes,No,No,Yes,Two year,0,Bank transfer (automatic),93.4,5822.3,0,2.1327995530814348,15.919270228927301,15.919270228927301,Q3
5256-SKJGO,Female,0,1,1,64,0,No phone service,DSL,No,Yes,No,Yes,Yes,Yes,Two year,1,Electronic check,54.6,3423.5,0,12.429968064033284,15.917747964882617,15.917747964882617,Q3
8631-XVRZL,Male,0,0,0,9,1,No,No,No internet service,No internet service,No internet service,No internet service,No internet service,No internet service,One year,1,Mailed check,20.15,163.7,0,0.8734568623739499,15.895465779765777,15.895465779765777,Q3
7641-TQFHN,Male,0,0,1,39,1,Yes,Fiber optic,No,No,No,Yes,Yes,Yes,Two year,0,Mailed check,100.55,3895.35,0,11.745894897748792,15.86717884230991,15.86717884230991,Q3
2592-HODOV,Male,0,0,0,13,1,No,No,No internet service,No internet service,No internet service,No internet service,No internet service,No internet service,One year,0,Credit card (automatic),19.3,259.65,0,39.52278958940514,15.811200746155645,15.811200746155645,Q3
7729-XBTWX,Male,0,1,1,66,1,No,No,No internet service,No internet service,No internet service,No internet service,No internet service,No internet service,Two year,1,Mailed check,19.75,1344.5,0,45.9547689712237,15.78522884903028,15.78522884903028,Q3
3442-ZHHCC,Male,0,0,0,68,1,Yes,DSL,Yes,Yes,Yes,No,No,Yes,One year,1,Credit card (automatic),76.9,5023.0,0,13.60631826844335,15.78417446936659,15.78417446936659,Q3
6734-GMPVK,Male,0,0,0,5,1,Yes,Fiber optic,No,Yes,Yes,No,Yes,Yes,Month-to-month,0,Electronic check,105.3,550.6,0,3.462437814127607,15.756409196231754,15.756409196231754,Q3
5268-DSMNQ,Female,1,1,0,62,1,Yes,Fiber optic,No,Yes,Yes,No,Yes,No,One year,1,Credit card (automatic),97.95,5936.55,0,2.0088339104116764,15.75515418184196,15.75515418184196,Q3
9593-CVZKR,Female,0,1,1,56,1,Yes,No,No internet service,No internet service,No internet service,No internet service,No internet service,No internet service,Two year,1,Mailed check,24.45,1385.85,0,0.40056028345249106,15.742338314677434,15.742338314677434,Q3
6576-FBXOJ,Male,0,1,0,17,0,No phone service,DSL,No,No,Yes,Yes,Yes,Yes,One year,0,Electronic check,54.6,934.8,0,0.8331606329638009,15.728575847601586,15.728575847601586,Q3
0071-NDAFP,Male,0,1,1,25,1,Yes,No,No internet service,No internet service,No internet service,No internet service,No internet service,No internet service,Two year,0,Credit card (automatic),25.5,630.6,0,2.0351187529663326,15.727404754331006,15.727404754331006,Q3
8869-LIHMK,Female,0,0,0,64,1,Yes,Fiber optic,Yes,Yes,Yes,Yes,Yes,Yes,Two year,1,Bank transfer (automatic),115.1,7334.05,0,14.432226641451711,15.722238353486894,15.722238353486894,Q3
3635-JBPSG,Female,0,0,0,15,0,No phone service,DSL,No,Yes,No,No,No,Yes,Two year,1,Mailed check,38.8,603.0,0,0.3480303898270079,15.701288975494784,15.701288975494784,Q3
5175-WLYXL,Male,0,0,0,22,1,Yes,Fiber optic,No,Yes,No,No,No,No,Month-to-month,1,Mailed check,78.85,1600.25,0,0.3452922686599932,15.665307225702083,15.665307225702083,Q3
3243-ZHOHY,Female,0,0,0,16,1,No,No,No internet service,No internet service,No internet service,No internet service,No internet service,No internet service,One year,0,Mailed check,20.1,296.15,0,54.721957276242236,15.659312827631961,15.659312827631961,Q3
2342-CKIAO,Female,0,0,0,2,1,No,No,No internet service,No internet service,No internet service,No internet service,No internet service,No internet service,Month-to-month,0,Mailed check,20.3,41.2,0,0.4119690718477201,15.652182056948421,15.652182056948421,Q3
6907-FLBER,Male,0,0,0,1,1,Yes,DSL,No,Yes,No,No,No,No,Month-to-month,0,Electronic check,54.3,54.3,0,14.284400703278836,15.651793574310524,15.651793574310524,Q3
3807-BPOMJ,Female,0,1,0,55,1,No,Fiber optic,Yes,No,No,No,Yes,Yes,One year,1,Electronic check,94.75,5276.1,0,1.9526666641744086,15.6372349312838,15.6372349312838,Q3
1832-PEUTS,Male,0,1,1,62,1,Yes,Fiber optic,No,No,Yes,No,Yes,No,Two year,1,Credit card (automatic),89.1,5411.65,0,2.121470709765106,15.62130719113543,15.62130719113543,Q3
9365-SRSZE,Male,1,1,0,27,1,No,Fiber optic,No,No,No,No,No,No,Month-to-month,1,Electronic check,70.55,1943.9,0,5.142648690707622,15.618495340668614,15.618495340668614,Q3
7162-WPHPM,Male,0,1,1,58,1,Yes,DSL,Yes,Yes,Yes,Yes,No,No,Two year,0,Credit card (automatic),71.6,4230.25,0,11.316756248157937,15.589013569961402,15.589013569961402,Q3
6732-VAILE,Male,0,1,1,70,1,Yes,DSL,No,Yes,Yes,Yes,Yes,Yes,Two year,1,Credit card (automatic),85.95,5931.75,0,2.1177327429944843,15.573627348426095,15.573627348426095,Q3
8849-PRIQJ,Female,0,1,1,67,1,Yes,Fiber optic,Yes,No,Yes,Yes,Yes,Yes,One year,1,Electronic check,109.4,7281.6,0,21.920805667795225,15.559057579477459,15.559057579477459,Q3
6584-VQMYT,Male,0,0,1,27,1,No,DSL,Yes,Yes,No,No,No,No,One year,0,Mailed check,56.2,1567.55,0,45.33501985906316,15.543885243430427,15.543885243430427,Q3
6419-ZTTLE,Male,1,1,0,23,1,No,No,No internet service,No internet service,No internet service,No internet service,No internet service,No internet service,One year,1,Electronic check,20.75,485.2,0,35.52730108517478,15.53861094401121,15.53861094401121,Q3
2498-XLDZR,Female,0,1,1,32,1,No,DSL,Yes,Yes,Yes,Yes,No,Yes,Two year,0,Mailed check,73.6,2316.85,0,2.3525940128519998,15.516964519708305,15.516964519708305,Q3
1337-BOZWO,Male,0,1,1,18,0,No phone service,DSL,No,Yes,Yes,No,Yes,No,One year,0,Credit card (automatic),46.4,812.4,0,0.720332114726334,15.507578437995907,15.507578437995907,Q3
4716-HHKQH,Male,1,1,0,20,1,Yes,Fiber optic,No,Yes,No,Yes,Yes,Yes,Month-to-month,0,Electronic check,107.05,2172.05,0,0.6399015107566542,15.50711080846144,15.50711080846144,Q3
4615-PIVVU,Female,0,0,0,42,1,No,DSL,No,No,Yes,Yes,No,Yes,Two year,0,Credit card (automatic),66.5,2762.75,0,2.95768718408418,15.490481408712034,15.490481408712034,Q3
9906-NHHVC,Female,1,0,0,65,0,No phone service,DSL,No,Yes,Yes,No,Yes,Yes,Two year,1,Bank transfer (automatic),53.5,3517.9,0,13.16797202667048,15.490211101613568,15.490211101613568,Q3
5322-ZSMZY,Male,0,1,1,31,1,Yes,No,No internet service,No internet service,No internet service,No internet service,No internet service,No internet service,Two year,0,Mailed check,25.75,755.6,0,0.9262052321029007,15.480920227977862,15.480920227977862,Q3
9921-QFQUL,Female,0,1,0,23,1,Yes,Fiber optic,No,No,Yes,No,No,Yes,Month-to-month,0,Mailed check,90.15,2044.95,0,2.4984905441595586,15.464038871748887,15.464038871748887,Q3
9670-BPNXF,Female,0,0,0,45,1,No,DSL,Yes,Yes,No,Yes,No,No,One year,1,Credit card (automatic),62.55,2796.45,0,71.97851445482121,15.457036584230138,15.457036584230138,Q3
3363-EWLGO,Female,0,0,0,5,1,No,No,No internet service,No internet service,No internet service,No internet service,No internet service,No internet service,Month-to-month,0,Mailed check,19.95,109.6,0,2.539927390538175,15.456430541059657,15.456430541059657,Q3
3956-CJUST,Female,1,0,0,23,1,No,Fiber optic,Yes,No,No,No,No,No,Month-to-month,1,Bank transfer (automatic),75.4,1643.55,0,35.465090310266426,15.445967377445491,15.445967377445491,Q3
8224-DWCKX,Male,1,0,0,12,1,Yes,Fiber optic,No,No,No,No,No,No,Month-to-month,1,Credit card (automatic),73.3,828.05,0,8.372785257379983,15.44262494189772,15.44262494189772,Q3
5406-KGRMX,Female,0,0,0,71,1,Yes,No,No internet service,No internet service,No internet service,No internet service,No internet service,No internet service,Two year,0,Electronic check,24.55,1719.15,0,46.62076962973865,15.433831800934913,15.433831800934913,Q3
9137-UIYPG,Female,0,1,1,35,1,No,Fiber optic,Yes,No,Yes,Yes,Yes,Yes,Month-to-month,1,Electronic check,106.9,3756.45,0,58.03437920659367,15.431734581992899,15.431734581992899,Q3
1163-ONYEY,Male,0,1,1,41,1,Yes,DSL,Yes,Yes,Yes,No,Yes,No,Month-to-month,1,Credit card (automatic),74.55,3023.55,0,8.576156460079233,15.426373543203828,15.426373543203828,Q3
4567-AKPIA,Female,0,1,1,41,1,Yes,Fiber optic,No,Yes,Yes,Yes,Yes,Yes,One year,1,Bank transfer (automatic),109.1,4454.25,0,31.747709018951582,15.42270601506171,15.42270601506171,Q3
6854-EXGSF,Female,0,0,0,8,1,Yes,DSL,Yes,Yes,Yes,No,No,No,Month-to-month,1,Bank transfer (automatic),65.5,573.15,0,69.47378722063189,15.416143215261332,15.416143215261332,Q3
0187-WZNAB,Female,0,1,1,27,1,No,Fiber optic,Yes,No,No,No,No,No,Month-to-month,0,Mailed check,74.4,1972.35,0,5.80601547942575,15.409361373783495,15.409361373783495,Q3
9013-AQORL,Female,0,0,1,48,0,No phone service,DSL,No,Yes,Yes,No,No,Yes,Month-to-month,0,Credit card (automatic),45.55,2108.35,0,2.446545669387142,15.391095495589378,15.391095495589378,Q3
7696-AMHOD,Female,0,1,1,49,1,No,DSL,No,Yes,Yes,No,Yes,Yes,One year,0,Credit card (automatic),78.0,3824.2,0,38.32401540833158,15.37618433085474,15.37618433085474,Q3
2904-GGUAZ,Female,0,1,0,72,1,Yes,Fiber optic,Yes,Yes,No,No,No,No,Two year,1,Bank transfer (automatic),84.05,6052.25,0,24.772573325706688,15.36237808949627,15.36237808949627,Q3
6171-ZTVYB,Male,0,1,0,43,1,Yes,DSL,Yes,Yes,No,Yes,No,No,Month-to-month,0,Bank transfer (automatic),66.25,2907.35,0,19.74379311085733,15.360567058086772,15.360567058086772,Q3
5173-ZXXXL,Male,0,0,0,2,1,No,No,No internet service,No internet service,No internet service,No internet service,No internet service,No internet service,One year,0,Mailed check,19.95,47.7,0,30.578448502935174,15.353150050488082,15.353150050488082,Q3
0374-FIUCA,Male,0,1,0,65,1,No,No,No internet service,No internet service,No internet service,No internet service,No internet service,No internet service,Two year,1,Credit card (automatic),20.4,1414.45,0,12.372422222318026,15.344147846214588,15.344147846214588,Q3
9178-JHUVJ,Male,0,1,1,24,1,Yes,No,No internet service,No internet service,No internet service,No internet service,No internet service,No internet service,Two year,1,Bank transfer (automatic),24.1,587.4,0,66.05844831138793,15.34154625736615,15.34154625736615,Q3
0943-ZQPXH,Male,0,1,1,44,1,No,Fiber optic,No,No,Yes,No,Yes,Yes,Month-to-month,1,Bank transfer (automatic),92.95,4122.9,0,5.825326332122771,15.339634123671416,15.339634123671416,Q3
2538-OIMXF,Female,0,0,1,1,0,No phone service,DSL,No,No,No,No,No,No,Month-to-month,0,Mailed check,24.7,24.7,0,27.740135224662545,15.334951836454872,15.334951836454872,Q3
9330-VOFSZ,Female,0,1,0,60,1,Yes,Fiber optic,No,Yes,Yes,Yes,Yes,Yes,Two year,1,Credit card (automatic),110.8,6640.7,0,24.06010005678425,15.327558640667533,15.327558640667533,Q3
6563-VNPMN,Female,1,0,0,45,1,No,Fiber optic,Yes,Yes,No,Yes,No,No,Month-to-month,1,Bank transfer (automatic),85.7,3778.1,0,10.873746697605336,15.326489200919891,15.326489200919891,Q3
3259-KNMRR,Male,1,0,0,57,1,Yes,DSL,No,Yes,Yes,No,Yes,Yes,Two year,1,Bank transfer (automatic),79.75,4438.2,0,9.434879679344718,15.311923964534024,15.311923964534024,Q3
8903-WMRNW,Female,0,1,0,15,1,No,Fiber optic,Yes,No,Yes,No,Yes,Yes,Month-to-month,0,Electronic check,101.75,1669.4,0,8.208600058956586,15.298366850458223,15.298366850458223,Q3
7277-OZCGZ,Female,0,0,0,22,1,No,Fiber optic,Yes,No,No,Yes,No,Yes,Month-to-month,1,Electronic check,89.05,1886.25,0,4.165342469270119,15.288076274267546,15.288076274267546,Q3
1090-ESELR,Male,0,1,1,72,1,No,Fiber optic,Yes,Yes,No,Yes,Yes,Yes,Two year,0,Bank transfer (automatic),105.5,7611.55,0,32.690001687130874,15.287628582166384,15.287628582166384,Q3
1097-FSPVW,Female,0,0,0,42,1,No,DSL,Yes,No,Yes,No,No,No,Month-to-month,0,Credit card (automatic),54.55,2455.05,0,11.20928138443261,15.281081892182513,15.281081892182513,Q3
6527-PZFPV,Male,0,1,1,24,1,No,No,No internet service,No internet service,No internet service,No internet service,No internet service,No internet service,One year,1,Credit card (automatic),20.8,469.65,0,0.33227711922757475,15.253276346505606,15.253276346505606,Q3
5915-DGNVC,Female,0,1,0,49,1,Yes,DSL,Yes,Yes,Yes,No,No,Yes,One year,0,Electronic check,71.8,3472.05,0,20.814110986542733,15.217787761435398,15.217787761435398,Q3
3339-EAQNV,Male,1,1,0,72,1,Yes,Fiber optic,No,Yes,No,No,Yes,Yes,One year,1,Credit card (automatic),97.25,7133.1,0,17.949999841160214,15.197757805778226,15.197757805778226,Q3
6061-PQHMK,Female,0,0,0,25,1,No,No,No internet service,No internet service,No internet service,No internet service,No internet service,No internet service,One year,0,Credit card (automatic),19.9,527.5,0,3.08503554339697,15.195557376952722,15.195557376952722,Q3
2107-FBPTK,Female,1,0,0,30,1,Yes,Fiber optic,No,Yes,Yes,No,Yes,Yes,Month-to-month,1,Electronic check,104.1,3121.1,0,4.844303558303835,15.171198626352279,15.171198626352279,Q3
0939-EREMR,Female,0,0,1,13,1,No,DSL,No,No,Yes,Yes,No,No,Month-to-month,0,Mailed check,53.45,718.1,0,11.571363451190072,15.142892752544522,15.142892752544522,Q3
4710-NKCAW,Male,0,1,1,5,1,Yes,DSL,Yes,Yes,No,Yes,No,No,Month-to-month,0,Credit card (automatic),64.4,316.9,0,54.931061067353056,15.108395065736408,15.108395065736408,Q3
5091-HFAZW,Female,0,0,0,2,1,No,Fiber optic,Yes,Yes,No,No,Yes,No,Month-to-month,1,Electronic check,91.15,168.5,0,22.423558304266848,15.102482902731573,15.102482902731573,Q3
4672-FOTSD,Male,0,0,0,12,1,Yes,DSL,Yes,Yes,No,Yes,No,No,Month-to-month,1,Electronic check,67.25,832.3,0,23.480210212253773,15.086164087230255,15.086164087230255,Q3
2696-RZVZW,Male,0,1,0,68,1,Yes,No,No internet service,No internet service,No internet service,No internet service,No internet service,No internet service,Two year,0,Credit card (automatic),25.05,1629.2,0,48.17829931986689,15.085263588765546,15.085263588765546,Q3
1872-EBWSC,Female,0,0,0,29,1,No,No,No internet service,No internet service,No internet service,No internet service,No internet service,No internet service,One year,0,Mailed check,20.35,617.35,0,1.1306079368784605,15.082568635746602,15.082568635746602,Q3
3566-CAAYU,Female,0,1,1,64,0,No phone service,DSL,No,Yes,Yes,Yes,No,Yes,Two year,0,Electronic check,49.85,3210.35,0,4.042990016052045,15.078090919513246,15.078090919513246,Q3
5266-PFRQK,Male,0,1,1,52,1,No,No,No internet service,No internet service,No internet service,No internet service,No internet service,No internet service,One year,1,Credit card (automatic),20.85,1071.6,0,8.458785525684405,15.0728120233878,15.0728120233878,Q3
7672-VFMXZ,Male,0,1,0,57,1,No,DSL,Yes,No,No,Yes,No,No,Month-to-month,0,Electronic check,55.7,3171.6,0,16.494191541438468,15.065312673605952,15.065312673605952,Q3
9572-WUKSB,Male,0,1,0,3,0,No phone service,DSL,No,No,No,Yes,No,No,Month-to-month,1,Electronic check,29.9,92.25,0,13.012049037566845,15.053833075887491,15.053833075887491,Q3
3016-KSVCP,Male,0,1,0,29,0,No phone service,DSL,No,No,No,No,Yes,No,Month-to-month,0,Mailed check,33.75,1009.25,0,40.6203248497107,15.005002716288546,15.005002716288546,Q3
2804-ETQDK,Male,0,0,1,66,1,No,No,No internet service,No internet service,No internet service,No internet service,No internet service,No internet service,Two year,0,Mailed check,20.55,1357.1,0,41.629397809648204,15.000121663493616,15.000121663493616,Q3
6128-DAFVY,Female,0,0,0,56,0,No phone service,DSL,No,No,No,No,Yes,Yes,Month-to-month,1,Credit card (automatic),44.85,2564.95,0,5.166869707429145,14.996047594227782,14.996047594227782,Q3
2999-AANRQ,Female,0,0,0,21,1,No,DSL,Yes,Yes,No,Yes,Yes,No,Two year,0,Credit card (automatic),71.05,1524.85,0,22.235849671124157,14.971994665567317,14.971994665567317,Q3
7410-OIEDU,Male,0,0,0,10,1,No,Fiber optic,Yes,No,Yes,No,No,No,Month-to-month,1,Mailed check,79.85,887.35,0,6.044587155499668,14.970453464335302,14.970453464335302,Q3
3005-TYFRD,Female,0,1,0,55,1,Yes,Fiber optic,No,Yes,Yes,No,Yes,Yes,Month-to-month,1,Credit card (automatic),103.65,5676.65,0,1.3757417558519998,14.96664505489619,14.96664505489619,Q3
1352-VHKAJ,Male,0,1,1,27,1,Yes,DSL,No,No,No,Yes,Yes,Yes,Month-to-month,0,Bank transfer (automatic),71.6,1957.1,0,53.47723807963525,14.959283587126237,14.959283587126237,Q3
9500-IWPXQ,Female,0,1,1,61,1,Yes,DSL,Yes,Yes,Yes,Yes,No,Yes,One year,1,Electronic check,79.4,4820.55,0,39.01055234015901,14.954734234485148,14.954734234485148,Q3
1131-QQZEB,Male,1,1,0,71,1,Yes,No,No internet service,No internet service,No internet service,No internet service,No internet service,No internet service,Two year,0,Bank transfer (automatic),23.95,1756.2,0,56.12028153556532,14.952982595141414,14.952982595141414,Q3
1219-NNDDO,Female,0,0,0,9,1,Yes,Fiber optic,No,No,No,No,No,No,Month-to-month,1,Electronic check,76.85,663.55,0,11.907791619222033,14.94997124962412,14.94997124962412,Q3
9392-XBGTD,Male,0,0,1,27,1,No,No,No internet service,No internet service,No internet service,No internet service,No internet service,No internet service,Two year,0,Mailed check,20.6,581.85,0,13.58976704996241,14.949888485125868,14.949888485125868,Q3
5777-ZPQNC,Female,0,0,0,12,1,No,No,No internet service,No internet service,No internet service,No internet service,No internet service,No internet service,One year,0,Electronic check,20.15,260.7,0,2.49873417298096,14.891168878992437,14.891168878992437,Q3
3378-AJRAO,Male,0,1,1,44,1,Yes,No,No internet service,No internet service,No internet service,No internet service,No internet service,No internet service,One year,0,Electronic check,24.85,1013.6,0,4.361655685650728,14.873256598096646,14.873256598096646,Q3
6119-SPUDB,Male,0,0,0,46,0,No phone service,DSL,Yes,No,Yes,Yes,No,No,Two year,0,Mailed check,38.25,1755.35,0,44.39412007059483,14.871948958187414,14.871948958187414,Q3
4129-LYCOI,Female,0,0,1,67,1,Yes,Fiber optic,No,Yes,No,Yes,Yes,Yes,Two year,1,Electronic check,104.0,7039.05,0,13.998747348516691,14.857008642638181,14.857008642638181,Q3
9780-FKVVF,Male,0,0,0,6,1,No,DSL,Yes,No,No,No,No,Yes,Month-to-month,1,Bank transfer (automatic),59.15,336.7,0,2.515653384471638,14.851976912640458,14.851976912640458,Q3
8129-GMVGI,Female,0,1,1,56,1,No,No,No internet service,No internet service,No internet service,No internet service,No internet service,No internet service,Two year,0,Mailed check,20.05,1090.1,0,0.39421759041620663,14.845476835868276,14.845476835868276,Q3
5171-EPLKN,Male,0,0,0,27,1,No,No,No internet service,No internet service,No internet service,No internet service,No internet service,No internet service,Two year,0,Credit card (automatic),19.85,470.0,0,1.1003698513542595,14.843023061387257,14.843023061387257,Q3
7765-LWVVH,Female,0,1,1,72,1,Yes,Fiber optic,Yes,Yes,No,No,Yes,No,Two year,1,Electronic check,95.1,6843.15,0,9.113686248999581,14.82605238430447,14.82605238430447,Q3
5858-EAFCZ,Male,0,0,0,1,1,No,DSL,No,No,No,No,No,No,Month-to-month,0,Mailed check,44.45,44.45,0,34.96186354945866,14.820661571999524,14.820661571999524,Q3
3298-QEICA,Female,0,1,1,23,0,No phone service,DSL,Yes,No,No,Yes,No,No,Two year,0,Mailed check,34.6,813.45,0,63.31075184049949,14.818729372306718,14.818729372306718,Q3
9822-OAOVB,Female,0,0,0,1,1,No,DSL,No,No,No,No,No,Yes,Month-to-month,1,Electronic check,55.45,55.45,0,31.060409586340914,14.810889852216741,14.810889852216741,Q3
4957-TIALW,Female,0,0,1,15,1,No,DSL,Yes,Yes,Yes,Yes,No,No,One year,0,Credit card (automatic),65.6,1010.0,0,65.52975689750764,14.77433359939822,14.77433359939822,Q3
3682-YEUWS,Male,0,1,1,10,1,Yes,No,No internet service,No internet service,No internet service,No internet service,No internet service,No internet service,Month-to-month,1,Mailed check,24.4,253.9,0,0.37724715306128975,14.770758832853637,14.770758832853637,Q3
0577-WHMEV,Female,0,1,0,16,1,Yes,Fiber optic,Yes,Yes,Yes,No,No,No,Month-to-month,0,Electronic check,90.7,1374.9,0,0.41075124573500754,14.723700051884883,14.723700051884883,Q3
1202-KKGFU,Female,0,1,0,12,1,No,DSL,Yes,No,No,Yes,No,No,Month-to-month,0,Bank transfer (automatic),54.2,690.5,0,27.044872974837908,14.710382583334411,14.710382583334411,Q3
9445-ZUEQE,Male,0,1,1,27,1,Yes,Fiber optic,No,Yes,No,Yes,No,No,Month-to-month,1,Credit card (automatic),85.2,2151.6,0,38.73350483985024,14.708808399844758,14.708808399844758,Q3
1091-SOZGA,Female,0,1,1,56,1,Yes,Fiber optic,No,No,Yes,No,Yes,Yes,One year,1,Credit card (automatic),99.8,5515.45,0,3.0669191927818984,14.693059078949474,14.693059078949474,Q3
1077-HUUJM,Female,0,0,1,7,1,No,Fiber optic,No,No,No,No,No,No,Month-to-month,1,Electronic check,71.05,472.65,0,64.43986789757291,14.685775235244519,14.685775235244519,Q3
7426-GSWPO,Male,1,0,0,64,1,Yes,Fiber optic,Yes,Yes,No,No,Yes,Yes,Month-to-month,1,Bank transfer (automatic),103.5,6548.65,0,3.0564753986737534,14.683297220253172,14.683297220253172,Q3
4912-PIGUY,Female,0,0,0,1,1,Yes,Fiber optic,No,No,No,No,Yes,No,Month-to-month,1,Electronic check,84.6,84.6,0,6.211857690005497,14.667976122394721,14.667976122394721,Q3
2988-PLAHS,Female,0,0,0,3,1,No,DSL,No,No,Yes,No,Yes,Yes,One year,1,Electronic check,69.95,220.45,0,7.026075317372904,14.667522003232039,14.667522003232039,Q3
9424-CMPOG,Male,0,1,1,9,1,No,No,No internet service,No internet service,No internet service,No internet service,No internet service,No internet service,Two year,0,Mailed check,19.6,197.4,0,21.987241078850424,14.65028184421278,14.65028184421278,Q3
3197-ARFOY,Female,1,0,0,19,1,No,Fiber optic,Yes,Yes,No,Yes,Yes,Yes,Month-to-month,1,Mailed check,105.0,2007.25,0,31.74481408501472,14.59245410328179,14.59245410328179,Q3
9402-CXWPL,Female,0,0,0,70,1,Yes,Fiber optic,No,Yes,No,No,Yes,Yes,One year,0,Electronic check,98.9,6838.6,0,1.5862932978903417,14.588740011801061,14.588740011801061,Q3
4000-VGMQP,Male,0,1,1,38,1,Yes,DSL,No,Yes,Yes,No,Yes,Yes,One year,0,Credit card (automatic),78.95,2862.55,0,4.1299942319346,14.580754028905304,14.580754028905304,Q3
4310-KEDTB,Female,0,0,1,26,0,No phone service,DSL,No,No,Yes,No,No,No,Month-to-month,1,Mailed check,29.8,786.5,0,3.602837241799968,14.577488935843732,14.577488935843732,Q3
4825-FUREZ,Male,0,1,0,42,1,No,No,No internet service,No internet service,No internet service,No internet service,No internet service,No internet service,Two year,0,Electronic check,20.25,835.5,0,19.98136959068337,14.569427314633304,14.569427314633304,Q3
9871-ELEYA,Female,0,0,1,34,1,No,DSL,Yes,No,Yes,Yes,Yes,No,Two year,0,Credit card (automatic),67.65,2339.3,0,2.9467323827657634,14.563161939229257,14.563161939229257,Q3
5419-JKZNQ,Male,1,1,0,30,1,Yes,Fiber optic,No,No,No,No,No,No,Month-to-month,0,Mailed check,77.9,2351.45,0,1.5430646248359867,14.562419292362577,14.562419292362577,Q3
2111-DWYHN,Male,0,0,0,1,1,No,No,No internet service,No internet service,No internet service,No internet service,No internet service,No internet service,Month-to-month,0,Mailed check,21.1,21.1,0,18.605794010358956,14.551307660074858,14.551307660074858,Q3
5555-RNPGT,Male,0,0,1,10,1,Yes,No,No internet service,No internet service,No internet service,No internet service,No internet service,No internet service,Month-to-month,0,Credit card (automatic),24.8,223.9,0,33.557409967750516,14.541990354970464,14.541990354970464,Q3
8008-ESFLK,Female,0,1,0,53,1,No,Fiber optic,Yes,Yes,Yes,Yes,Yes,Yes,One year,0,Electronic check,110.5,5835.5,0,45.2250702090719,14.531547464604976,14.531547464604976,Q3
0997-YTLNY,Female,0,0,1,19,1,No,DSL,No,No,No,Yes,No,No,Month-to-month,0,Mailed check,48.8,953.65,0,0.6544009053483806,14.49519817547998,14.49519817547998,Q3
3324-OIRTO,Male,0,1,1,71,1,No,Fiber optic,Yes,Yes,Yes,No,Yes,Yes,One year,1,Bank transfer (automatic),104.65,7288.4,0,7.445393815345984,14.461915672840565,14.461915672840565,Q3
0867-LDTTC,Male,0,0,0,5,1,No,DSL,No,No,Yes,Yes,Yes,Yes,Month-to-month,0,Bank transfer (automatic),75.15,392.65,0,4.715201879468496,14.456058557875567,14.456058557875567,Q3
6906-MPARY,Male,0,0,0,40,1,No,Fiber optic,No,Yes,No,Yes,No,Yes,One year,1,Credit card (automatic),89.6,3488.15,0,1.1261815720736403,14.445573539061654,14.445573539061654,Q3
8226-BXGES,Male,0,1,0,64,1,Yes,Fiber optic,Yes,Yes,Yes,No,No,No,One year,0,Bank transfer (automatic),89.45,5692.65,0,57.40446980298908,14.439780959953996,14.439780959953996,Q3
6131-FOYAS,Male,0,0,0,35,1,Yes,DSL,Yes,No,Yes,No,No,No,Month-to-month,1,Electronic check,59.6,2094.9,0,0.24749492174073046,14.43663164692314,14.43663164692314,Q3
5206-HPJKM,Male,0,0,0,17,1,No,DSL,Yes,Yes,No,No,No,No,Month-to-month,1,Credit card (automatic),55.5,934.15,0,6.663483891239361,14.432226641451711,14.432226641451711,Q3
3583-KRKMD,Male,0,0,0,18,1,No,Fiber optic,No,No,No,Yes,No,No,Month-to-month,1,Bank transfer (automatic),75.9,1373.05,0,55.90483791430587,14.392648468358793,14.392648468358793,Q3
9909-DFRJA,Female,0,0,0,26,1,No,Fiber optic,Yes,No,Yes,Yes,No,Yes,One year,1,Bank transfer (automatic),95.85,2475.35,0,4.322636085268814,14.384557756051677,14.384557756051677,Q3
6609-MXJHJ,Female,0,1,1,30,1,Yes,No,No internet service,No internet service,No internet service,No internet service,No internet service,No internet service,Two year,1,Mailed check,25.1,789.55,0,21.267623666123608,14.383541593531893,14.383541593531893,Q3
7102-JJVTX,Female,0,1,1,9,1,No,DSL,Yes,No,No,No,No,No,One year,0,Mailed check,48.6,422.3,0,2.8817835835105563,14.382470219576145,14.382470219576145,Q3
8982-NHAVY,Male,0,0,0,27,1,Yes,Fiber optic,No,No,Yes,No,Yes,Yes,One year,1,Bank transfer (automatic),100.5,2673.45,0,35.0696372112019,14.378832963551542,14.378832963551542,Q3
3423-HHXAO,Female,0,1,1,14,1,No,No,No internet service,No internet service,No internet service,No internet service,No internet service,No internet service,One year,1,Mailed check,19.5,272.0,0,17.530233987352922,14.375096251436828,14.375096251436828,Q3
7566-DSRLQ,Female,0,1,0,72,1,Yes,Fiber optic,No,Yes,Yes,Yes,Yes,Yes,Two year,1,Electronic check,110.15,7998.8,0,41.01039502947386,14.374822359516715,14.374822359516715,Q3
7252-NTGSS,Female,0,0,0,1,1,No,DSL,No,No,No,No,No,No,Month-to-month,0,Mailed check,45.15,45.15,0,1.7839867642911023,14.360785710470333,14.360785710470333,Q3
4654-DLAMQ,Female,1,1,0,64,1,No,Fiber optic,Yes,Yes,Yes,No,No,Yes,One year,0,Bank transfer (automatic),97.0,6430.9,0,0.3686072951431133,14.360523058620611,14.360523058620611,Q3
6961-MJKBO,Male,0,0,0,47,1,No,No,No internet service,No internet service,No internet service,No internet service,No internet service,No internet service,Two year,0,Bank transfer (automatic),20.45,943.0,0,4.091314810085421,14.325909889728738,14.325909889728738,Q3
5649-RXQTV,Male,0,0,0,51,1,No,Fiber optic,No,Yes,Yes,No,Yes,Yes,Month-to-month,1,Electronic check,99.0,5038.15,0,29.822281481452055,14.288258320833632,14.288258320833632,Q3
8097-OMULG,Male,0,1,1,59,1,No,DSL,No,Yes,Yes,Yes,Yes,Yes,One year,0,Credit card (automatic),76.75,4541.9,0,43.84688770615545,14.284400703278836,14.284400703278836,Q3
7338-ERIVA,Male,0,0,1,39,0,No phone service,DSL,Yes,No,No,Yes,Yes,No,One year,0,Bank transfer (automatic),45.05,1790.6,0,56.37550800956974,14.281888106680693,14.281888106680693,Q3
6377-WHAOX,Female,0,1,0,60,1,Yes,Fiber optic,No,Yes,Yes,No,Yes,Yes,Month-to-month,1,Electronic check,106.15,6411.25,0,1.342050675279928,14.26865275995817,14.26865275995817,Q3
2996-XAUVF,Male,0,0,0,70,0,No phone service,DSL,No,No,No,Yes,No,Yes,Two year,1,Mailed check,40.05,2799.75,0,33.79531220726802,14.21138576086826,14.21138576086826,Q3
4012-ZTHBR,Female,0,1,1,21,1,No,DSL,No,No,No,No,No,No,Month-to-month,1,Electronic check,44.95,926.25,0,50.64750467934653,14.209980531964725,14.209980531964725,Q3
5778-BVOFB,Female,0,0,0,9,1,No,DSL,No,No,No,Yes,Yes,No,Month-to-month,1,Bank transfer (automatic),59.5,530.05,0,73.18172694899283,14.207485485984279,14.207485485984279,Q3
9513-DXHDA,Male,0,0,0,27,1,No,DSL,Yes,No,Yes,Yes,Yes,Yes,One year,0,Electronic check,81.7,2212.55,0,1.1155084825832262,14.163922860814147,14.163922860814147,Q3
9862-KJTYK,Male,0,0,1,19,0,No phone service,DSL,No,No,No,No,No,No,Month-to-month,1,Credit card (automatic),25.35,566.1,0,20.434469705967494,14.159587041912875,14.159587041912875,Q3
5640-CAXOA,Female,0,0,0,30,0,No phone service,DSL,No,No,No,Yes,No,Yes,One year,1,Credit card (automatic),40.35,1187.05,0,41.61087395198489,14.15182789359742,14.15182789359742,Q3
5499-ECUTN,Female,0,1,0,47,1,No,DSL,Yes,No,Yes,No,Yes,No,One year,1,Credit card (automatic),66.05,3021.45,0,56.62825838007295,14.13520888370079,14.13520888370079,Q3
4486-EFAEB,Male,0,0,0,13,1,No,No,No internet service,No internet service,No internet service,No internet service,No internet service,No internet service,Month-to-month,1,Electronic check,20.4,251.65,0,9.899936306944582,14.13327817798867,14.13327817798867,Q3
6627-CFOSN,Female,0,0,0,59,1,Yes,Fiber optic,Yes,Yes,Yes,No,No,Yes,Month-to-month,1,Bank transfer (automatic),99.45,5623.7,0,8.968966166957614,14.12049754364421,14.12049754364421,Q3
5144-TVGLP,Male,1,0,0,38,1,Yes,Fiber optic,No,No,No,No,Yes,Yes,Month-to-month,0,Electronic check,94.75,3653.0,0,16.933139686428778,14.114157371866876,14.114157371866876,Q3
9506-UXUSK,Male,0,0,0,13,1,No,Fiber optic,No,No,No,No,No,No,Month-to-month,1,Electronic check,70.15,931.75,0,9.045072950168358,14.113114566395343,14.113114566395343,Q3
9766-HGEDE,Female,0,1,0,17,1,No,No,No internet service,No internet service,No internet service,No internet service,No internet service,No internet service,One year,0,Mailed check,19.35,307.0,0,50.7595586396667,14.098646935063751,14.098646935063751,Q3
9896-UYMIE,Male,0,0,0,66,1,Yes,Fiber optic,Yes,Yes,Yes,Yes,Yes,Yes,One year,1,Bank transfer (automatic),114.3,7383.7,0,19.976405285950445,14.097050880210704,14.097050880210704,Q3
1116-FRYVH,Female,0,1,1,48,0,No phone service,DSL,Yes,Yes,No,Yes,No,No,Two year,0,Mailed check,39.4,1978.65,0,14.843023061387257,14.059466284221777,14.059466284221777,Q3
7673-BQGKU,Female,0,1,1,69,1,No,No,No internet service,No internet service,No internet service,No internet service,No internet service,No internet service,Two year,0,Bank transfer (automatic),20.15,1337.5,0,38.02273533224366,14.055342353979642,14.055342353979642,Q3
8286-AFUYI,Male,0,0,0,1,1,No,DSL,Yes,No,No,No,No,No,Month-to-month,0,Electronic check,47.95,47.95,0,16.228155128519095,14.030811090016629,14.030811090016629,Q3
7711-GQBZC,Female,0,1,1,71,1,Yes,No,No internet service,No internet service,No internet service,No internet service,No internet service,No internet service,Two year,0,Bank transfer (automatic),24.7,1810.55,0,0.6535636047258582,14.022532655230629,14.022532655230629,Q3
5125-CNDSP,Male,0,0,1,63,0,No phone service,DSL,Yes,Yes,No,Yes,No,No,One year,1,Bank transfer (automatic),40.6,2588.95,0,3.7779612334019963,14.016488567601144,14.016488567601144,Q3
2251-PYLPB,Male,0,1,0,72,1,Yes,DSL,Yes,Yes,Yes,Yes,No,Yes,Two year,0,Credit card (automatic),79.55,5810.9,0,9.909835844103638,13.998747348516691,13.998747348516691,Q3
1784-EZDKJ,Male,0,1,0,51,1,Yes,Fiber optic,No,Yes,Yes,No,Yes,Yes,One year,1,Bank transfer (automatic),106.8,5498.8,0,1.0236996906452187,13.993234144763283,13.993234144763283,Q3
2424-WVHPL,Male,1,0,0,1,1,No,Fiber optic,No,No,No,Yes,No,No,Month-to-month,0,Electronic check,74.7,74.7,0,10.080670413327741,13.987434119011072,13.987434119011072,Q3
7279-NMVJC,Female,0,0,0,17,1,No,No,No internet service,No internet service,No internet service,No internet service,No internet service,No internet service,One year,0,Bank transfer (automatic),19.9,323.15,0,3.217289627537863,13.98471802921092,13.98471802921092,Q3
7503-MIOGA,Female,1,1,0,72,1,Yes,DSL,Yes,Yes,Yes,Yes,Yes,Yes,Two year,1,Bank transfer (automatic),89.85,6697.35,0,32.823174469467695,13.98173955698829,13.98173955698829,Q3
0744-BIKKF,Male,0,0,0,72,1,Yes,DSL,Yes,Yes,Yes,Yes,Yes,Yes,Two year,0,Bank transfer (automatic),86.65,6224.8,0,0.7835408551749764,13.97604902553893,13.97604902553893,Q3
9695-IDRZR,Female,0,0,1,34,1,Yes,Fiber optic,Yes,Yes,Yes,Yes,Yes,Yes,Two year,1,Credit card (automatic),116.15,3946.9,0,12.469895551223845,13.972168661994383,13.972168661994383,Q3
3058-WQDRE,Male,0,0,0,13,0,No phone service,DSL,No,No,No,No,No,No,Month-to-month,1,Bank transfer (automatic),25.15,331.85,0,2.261229353094782,13.96172977118584,13.96172977118584,Q3
1429-UYJSV,Female,0,0,0,12,1,No,No,No internet service,No internet service,No internet service,No internet service,No internet service,No internet service,One year,0,Mailed check,19.7,260.9,0,8.244313270627156,13.952335617878713,13.952335617878713,Q3
2023-VQFDL,Male,0,0,0,18,1,No,No,No internet service,No internet service,No internet service,No internet service,No internet service,No internet service,Month-to-month,0,Electronic check,19.0,348.8,0,9.028400500646299,13.940334630754716,13.940334630754716,Q3
9570-KYEUA,Male,0,0,0,64,1,Yes,Fiber optic,Yes,No,Yes,Yes,No,Yes,Two year,0,Credit card (automatic),99.25,6549.45,0,37.04195578000379,13.92448894519826,13.92448894519826,Q3
7558-IMLMT,Male,0,1,1,67,1,No,No,No internet service,No internet service,No internet service,No internet service,No internet service,No internet service,Two year,1,Mailed check,20.8,1411.9,0,16.213497254362423,13.908258676213464,13.908258676213464,Q3
6504-VBLFL,Male,0,1,0,55,1,No,DSL,Yes,Yes,Yes,No,No,No,Two year,0,Electronic check,58.6,3068.6,0,34.042510054113386,13.884971999996127,13.884971999996127,Q3
8627-ZYGSZ,Male,0,1,0,47,1,Yes,Fiber optic,No,Yes,No,No,No,No,One year,1,Electronic check,78.9,3650.35,0,23.10958231823541,13.88357088105617,13.88357088105617,Q3
2097-YVPKN,Male,0,0,0,65,1,Yes,No,No internet service,No internet service,No internet service,No internet service,No internet service,No internet service,Two year,0,Mailed check,25.75,1654.75,0,38.80221995647433,13.854537020633595,13.854537020633595,Q3
1539-LNKHM,Female,0,0,0,12,1,No,No,No internet service,No internet service,No internet service,No internet service,No internet service,No internet service,Month-to-month,0,Mailed check,20.4,266.6,0,31.493890204607883,13.8430298091273,13.8430298091273,Q3
7611-YKYTC,Male,0,1,1,22,1,No,Fiber optic,Yes,No,No,No,No,No,Month-to-month,0,Bank transfer (automatic),75.0,1573.95,0,70.27052382186638,13.842497814831036,13.842497814831036,Q3
8249-THVEC,Male,0,1,1,51,1,No,No,No internet service,No internet service,No internet service,No internet service,No internet service,No internet service,One year,0,Mailed check,19.4,997.75,0,17.311301452932977,13.841072791609497,13.841072791609497,Q3
6979-TNDEU,Female,0,0,0,8,1,No,No,No internet service,No internet service,No internet service,No internet service,No internet service,No internet service,Month-to-month,0,Mailed check,19.2,156.85,0,2.9038344865173116,13.825836465604654,13.825836465604654,Q3
2495-TTHBQ,Female,0,0,1,4,1,No,No,No internet service,No internet service,No internet service,No internet service,No internet service,No internet service,One year,1,Mailed check,20.4,84.75,0,29.89434427411058,13.82205343541148,13.82205343541148,Q3
1472-TNCWL,Male,0,0,1,36,1,No,Fiber optic,No,Yes,No,No,Yes,Yes,Month-to-month,1,Electronic check,94.7,3512.5,0,21.566721276239207,13.783532474765636,13.783532474765636,Q3
4343-EJVQB,Male,0,0,0,7,1,No,Fiber optic,Yes,No,No,No,No,No,Month-to-month,0,Mailed check,74.35,533.6,0,0.8167817816446858,13.775932351305126,13.775932351305126,Q3
7658-UYUQS,Male,1,1,0,21,1,No,Fiber optic,No,No,Yes,No,Yes,No,Month-to-month,0,Bank transfer (automatic),86.55,1857.25,0,56.30720907777918,13.770282708484288,13.770282708484288,Q3
0723-FDLAY,Male,0,0,0,44,1,Yes,DSL,No,Yes,Yes,Yes,Yes,Yes,One year,1,Bank transfer (automatic),85.25,3704.15,0,0.8219037705401296,13.744436296523105,13.744436296523105,Q3
7394-LWLYN,Female,0,0,0,2,1,No,Fiber optic,No,No,No,No,No,No,Month-to-month,1,Electronic check,70.15,123.8,0,42.20805153342696,13.719117564457337,13.719117564457337,Q3
1089-XZWHH,Female,0,1,1,24,1,No,No,No internet service,No internet service,No internet service,No internet service,No internet service,No internet service,Two year,1,Mailed check,19.7,494.05,0,1.2679364453481932,13.711240901070465,13.711240901070465,Q3
1052-QJIBV,Female,0,1,1,71,1,No,No,No internet service,No internet service,No internet service,No internet service,No internet service,No internet service,Two year,0,Credit card (automatic),19.9,1397.3,0,3.3649375924268714,13.696096139128935,13.696096139128935,Q3
3211-AAPKX,Male,0,0,0,20,1,Yes,Fiber optic,No,No,No,Yes,Yes,Yes,Month-to-month,1,Mailed check,98.55,2031.95,0,40.77226955559802,13.674625403809848,13.674625403809848,Q3
2159-TURXX,Male,0,0,0,5,1,No,No,No internet service,No internet service,No internet service,No internet service,No internet service,No internet service,Month-to-month,0,Credit card (automatic),20.05,95.55,0,4.6744908875541675,13.657509866628798,13.657509866628798,Q3
3295-YVUSR,Male,1,0,0,2,1,Yes,Fiber optic,No,No,No,No,No,No,Month-to-month,1,Mailed check,72.6,154.3,0,33.179679815788035,13.654712091822251,13.654712091822251,Q3
4860-IJUDE,Male,0,0,0,13,1,No,Fiber optic,Yes,No,No,No,No,No,Month-to-month,1,Credit card (automatic),73.75,956.65,0,20.0747399317693,13.627211633887256,13.627211633887256,Q3
2270-CHBFN,Female,0,1,0,44,1,Yes,Fiber optic,Yes,Yes,Yes,Yes,No,No,Month-to-month,1,Credit card (automatic),95.1,4060.55,0,38.58145274140995,13.624261711788394,13.624261711788394,Q3
5650-YLIBA,Male,0,0,0,31,1,Yes,Fiber optic,No,Yes,No,No,No,No,Month-to-month,1,Electronic check,81.15,2640.55,0,6.686343151031241,13.620384681578207,13.620384681578207,Q3
0141-YEAYS,Female,1,0,0,27,1,Yes,Fiber optic,No,Yes,Yes,No,No,No,Month-to-month,1,Bank transfer (automatic),86.45,2401.05,0,3.862721556295544,13.60631826844335,13.60631826844335,Q3
7596-IIWYC,Female,0,0,0,27,1,No,No,No internet service,No internet service,No internet service,No internet service,No internet service,No internet service,Two year,1,Bank transfer (automatic),20.25,538.2,0,0.39023693834635353,13.591405606163196,13.591405606163196,Q3
2542-HYGIQ,Female,0,0,0,1,1,No,No,No internet service,No internet service,No internet service,No internet service,No internet service,No internet service,Month-to-month,0,Credit card (automatic),19.95,19.95,0,1.6315567022844228,13.58976704996241,13.58976704996241,Q3
4395-PZMSN,Male,1,0,0,5,1,No,Fiber optic,No,Yes,No,No,No,Yes,Month-to-month,1,Electronic check,85.55,408.5,0,4.849765705218443,13.582663237070197,13.582663237070197,Q3
0880-FVFWF,Male,0,0,0,56,1,Yes,Fiber optic,Yes,Yes,No,No,No,No,Month-to-month,1,Electronic check,86.4,4922.4,0,4.486142423353928,13.578261107660467,13.578261107660467,Q3
8565-HBFNN,Male,0,1,0,69,1,Yes,Fiber optic,Yes,Yes,Yes,Yes,No,Yes,One year,1,Credit card (automatic),107.2,7317.1,0,3.1172251247475535,13.572178125004655,13.572178125004655,Q3
7328-ZJAJO,Female,0,1,1,59,1,No,No,No internet service,No internet service,No internet service,No internet service,No internet service,No internet service,Two year,0,Credit card (automatic),19.5,1222.65,0,32.144831669504654,13.566317083331302,13.566317083331302,Q3
6823-SIDFQ,Male,0,0,0,28,1,No,No,No internet service,No internet service,No internet service,No internet service,No internet service,No internet service,One year,0,Credit card (automatic),18.25,534.7,0,8.209365770608315,13.555979061846093,13.555979061846093,Q3
4742-TXUEX,Female,0,1,1,47,1,No,No,No internet service,No internet service,No internet service,No internet service,No internet service,No internet service,Two year,0,Bank transfer (automatic),19.3,890.5,0,3.302145741431338,13.548973233901329,13.548973233901329,Q3
4635-EJYPD,Male,0,1,1,32,1,No,No,No internet service,No internet service,No internet service,No internet service,No internet service,No internet service,Two year,0,Mailed check,18.95,613.95,0,5.3509092309330955,13.532888966286208,13.532888966286208,Q3
1092-WPIVQ,Female,0,1,1,18,1,Yes,No,No internet service,No internet service,No internet service,No internet service,No internet service,No internet service,Two year,0,Mailed check,25.1,428.45,0,8.106254585999782,13.525515315427292,13.525515315427292,Q3
7519-JTWQH,Female,0,0,0,69,1,Yes,Fiber optic,No,Yes,Yes,Yes,Yes,Yes,Two year,1,Bank transfer (automatic),110.5,7455.45,0,3.6301531544077075,13.522549624016117,13.522549624016117,Q3
1821-BUCWY,Male,0,0,0,30,1,No,DSL,Yes,No,Yes,No,No,No,Two year,1,Mailed check,55.65,1653.85,0,0.591737696065715,13.512121808807906,13.512121808807906,Q3
5843-TTHGI,Female,0,0,0,18,1,No,DSL,No,No,Yes,No,No,No,Month-to-month,1,Mailed check,50.0,892.7,0,5.353611331719198,13.49889256249405,13.49889256249405,Q3
9163-GHAYE,Female,0,0,0,15,1,No,DSL,No,Yes,No,No,No,No,Month-to-month,0,Electronic check,48.85,736.8,0,8.187075076782127,13.497088595666124,13.497088595666124,Q3
7632-YUTXB,Female,0,1,1,25,1,No,No,No internet service,No internet service,No internet service,No internet service,No internet service,No internet service,One year,0,Mailed check,20.05,520.1,0,7.799824411881648,13.49024095260862,13.49024095260862,Q3
2393-DIVAI,Female,0,0,0,3,1,No,No,No internet service,No internet service,No internet service,No internet service,No internet service,No internet service,Month-to-month,1,Mailed check,20.0,61.7,0,0.4349369994055083,13.485361687674773,13.485361687674773,Q3
8807-ARQET,Female,0,0,0,41,0,No phone service,DSL,No,Yes,No,No,No,Yes,Month-to-month,1,Electronic check,40.35,1677.85,0,1.0531006943526509,13.473132529952311,13.473132529952311,Q3
5382-TEMLV,Male,0,0,0,45,1,No,DSL,Yes,No,No,No,No,No,Month-to-month,1,Bank transfer (automatic),50.9,2298.55,0,0.6665185341433957,13.458476952829953,13.458476952829953,Q3
6908-VVYHM,Male,0,1,0,65,1,Yes,Fiber optic,No,Yes,No,No,No,Yes,Month-to-month,1,Electronic check,90.65,5931.0,0,1.4506530765469812,13.454569644378319,13.454569644378319,Q3
0739-UUAJR,Female,0,1,1,72,0,No phone service,DSL,Yes,No,Yes,No,Yes,Yes,Two year,1,Credit card (automatic),53.8,3952.45,0,52.00101052500956,13.443335931564496,13.443335931564496,Q3
3724-UCSHY,Male,0,1,1,6,1,No,No,No internet service,No internet service,No internet service,No internet service,No internet service,No internet service,Month-to-month,0,Mailed check,19.55,122.9,0,69.39635192303952,13.429979864972374,13.429979864972374,Q3
9705-ZJBCG,Female,0,1,1,13,1,No,DSL,Yes,No,No,Yes,No,No,One year,0,Bank transfer (automatic),54.15,701.05,0,53.575948319580014,13.422362665153976,13.422362665153976,Q3
0853-NWIFK,Female,0,0,0,45,1,No,Fiber optic,Yes,Yes,No,No,Yes,Yes,One year,1,Electronic check,100.3,4483.95,0,30.99717440961459,13.418655670113461,13.418655670113461,Q3
9971-ZWPBF,Male,1,1,1,34,1,Yes,Fiber optic,No,Yes,Yes,Yes,Yes,Yes,Month-to-month,1,Electronic check,108.9,3625.2,0,20.408086902475127,13.409524501890663,13.409524501890663,Q3
2476-YGEFM,Female,0,0,0,29,1,Yes,Fiber optic,No,No,No,No,No,No,Month-to-month,1,Credit card (automatic),76.0,2215.25,0,16.95500406443779,13.398802434290753,13.398802434290753,Q3
9481-SFCQY,Female,0,0,1,14,1,No,DSL,No,No,Yes,No,Yes,No,Month-to-month,1,Credit card (automatic),59.8,824.85,0,5.578786449787721,13.397660682164265,13.397660682164265,Q3
7572-KPVKK,Male,0,0,1,62,1,Yes,Fiber optic,No,No,Yes,Yes,Yes,Yes,Two year,1,Electronic check,104.05,6590.5,0,4.117647017711254,13.387499845775846,13.387499845775846,Q3
3537-RYBHH,Female,1,1,0,47,1,Yes,DSL,Yes,Yes,Yes,No,No,No,Month-to-month,1,Credit card (automatic),67.45,3252.0,0,3.177895931436335,13.372631853052381,13.372631853052381,Q3
1684-FLBGS,Female,0,1,1,23,1,Yes,DSL,No,Yes,No,Yes,Yes,No,Month-to-month,1,Credit card (automatic),69.5,1652.1,0,45.17187670046557,13.362165129236766,13.362165129236766,Q3
1051-GEJLJ,Female,0,0,0,2,1,No,No,No internet service,No internet service,No internet service,No internet service,No internet service,No internet service,Month-to-month,0,Mailed check,19.5,27.55,0,11.372926797029695,13.358348117694135,13.358348117694135,Q3
0019-GFNTW,Female,0,0,0,56,0,No phone service,DSL,Yes,Yes,Yes,Yes,No,No,Two year,0,Bank transfer (automatic),45.05,2560.1,0,24.875522000857444,13.351361298098224,13.351361298098224,Q3
8958-JPTRR,Female,0,1,0,56,1,Yes,No,No internet service,No internet service,No internet service,No internet service,No internet service,No internet service,One year,0,Electronic check,24.3,1261.7,0,7.064662533833123,13.349788457969375,13.349788457969375,Q3
0869-PAPRP,Female,1,1,0,26,1,No,Fiber optic,No,No,Yes,No,Yes,No,Month-to-month,1,Credit card (automatic),85.7,2067.0,0,2.6269775887894276,13.343773011531606,13.343773011531606,Q3
3446-QDSZF,Female,0,0,0,4,1,No,DSL,No,No,No,No,Yes,No,Month-to-month,0,Credit card (automatic),55.5,227.35,0,60.16940245989317,13.327075380351,13.327075380351,Q3
9926-PJHDQ,Female,0,1,1,72,1,Yes,DSL,No,No,Yes,No,Yes,Yes,Two year,1,Bank transfer (automatic),76.8,5468.45,0,23.45612860060598,13.317766843436878,13.317766843436878,Q3
5067-DGXLL,Male,0,0,0,2,1,No,No,No internet service,No internet service,No internet service,No internet service,No internet service,No internet service,Month-to-month,0,Mailed check,20.25,36.8,0,0.8410544722520641,13.308436590848796,13.308436590848796,Q3
2674-MIAHT,Female,0,0,0,4,1,Yes,Fiber optic,No,Yes,No,No,No,No,Month-to-month,1,Mailed check,80.3,324.2,0,33.074545295652904,13.299522504102615,13.299522504102615,Q3
0506-YLVKJ,Male,0,1,1,46,1,No,No,No internet service,No internet service,No internet service,No internet service,No internet service,No internet service,Two year,1,Mailed check,20.2,917.45,0,0.8914586097505246,13.299211727387467,13.299211727387467,Q3
7799-LGRDP,Female,0,0,0,43,1,Yes,No,No internet service,No internet service,No internet service,No internet service,No internet service,No internet service,Two year,1,Credit card (automatic),25.7,1188.2,0,3.9835741053701677,13.262246172211206,13.262246172211206,Q3
9708-KFDBY,Male,0,0,0,1,1,No,No,No internet service,No internet service,No internet service,No internet service,No internet service,No internet service,Month-to-month,0,Credit card (automatic),20.55,20.55,0,3.8394986217826386,13.258969966671847,13.258969966671847,Q3
8040-MNRTF,Female,0,0,0,1,1,No,Fiber optic,No,No,No,No,No,No,Month-to-month,0,Mailed check,71.1,71.1,0,1.9170598006936581,13.25418009387232,13.25418009387232,Q3
0168-XZKBB,Female,0,1,0,19,1,Yes,Fiber optic,No,No,No,No,Yes,No,Month-to-month,1,Electronic check,86.85,1564.4,0,37.7026595158246,13.247497135904213,13.247497135904213,Q3
6941-KXRRV,Female,1,1,0,48,1,No,DSL,No,Yes,No,No,No,Yes,One year,1,Bank transfer (automatic),58.95,2789.7,0,40.646630199837084,13.238661939311974,13.238661939311974,Q3
2770-NSVDG,Male,0,1,0,24,0,No phone service,DSL,No,No,Yes,No,No,No,Month-to-month,0,Electronic check,29.1,688.0,0,10.13755993887899,13.235079782664345,13.235079782664345,Q3
5304-EFJLP,Male,1,1,0,72,1,Yes,Fiber optic,No,Yes,Yes,Yes,Yes,Yes,Two year,1,Bank transfer (automatic),111.65,8022.85,0,42.521516845467566,13.224578370002025,13.224578370002025,Q3
7130-YXBRO,Male,0,1,0,48,1,Yes,Fiber optic,Yes,Yes,Yes,No,Yes,Yes,Month-to-month,1,Bank transfer (automatic),111.45,5315.1,0,14.820661571999524,13.197631866687937,13.197631866687937,Q3
1421-HCERK,Male,1,1,0,30,1,Yes,Fiber optic,Yes,Yes,Yes,Yes,Yes,No,Month-to-month,1,Bank transfer (automatic),105.7,3181.8,0,26.174519555419025,13.173745634274987,13.173745634274987,Q3
3486-NPGST,Female,0,0,0,36,1,No,No,No internet service,No internet service,No internet service,No internet service,No internet service,No internet service,One year,0,Mailed check,19.55,620.75,0,1.093733880998143,13.17291973545715,13.17291973545715,Q3
9644-UMGQA,Male,0,1,1,6,1,No,DSL,Yes,No,No,No,No,No,Month-to-month,1,Electronic check,49.15,295.65,0,4.851210665577374,13.16797202667048,13.16797202667048,Q3
9054-FOWNV,Male,0,1,1,22,1,Yes,Fiber optic,No,No,Yes,No,Yes,No,Month-to-month,1,Electronic check,88.75,1885.15,0,47.53402114620706,13.157230306485095,13.157230306485095,Q3
8963-JLGJT,Male,0,0,1,3,1,No,DSL,Yes,No,Yes,No,No,No,Month-to-month,0,Mailed check,55.9,157.55,0,63.90386667269132,13.155627594422187,13.155627594422187,Q3
1247-QBVSH,Female,0,1,1,43,1,No,DSL,No,Yes,No,No,No,No,Month-to-month,0,Mailed check,50.2,2169.4,0,2.895786258588014,13.147118588271118,13.147118588271118,Q3
0363-SVHYR,Male,0,1,1,71,1,Yes,DSL,Yes,Yes,Yes,Yes,Yes,Yes,Two year,0,Bank transfer (automatic),86.85,6263.8,0,15.082568635746602,13.135973942521098,13.135973942521098,Q3
2150-OEGBV,Male,0,0,0,27,1,No,No,No internet service,No internet service,No internet service,No internet service,No internet service,No internet service,One year,0,Bank transfer (automatic),20.1,562.6,0,52.44052992959609,13.124104297273712,13.124104297273712,Q3
3655-SNQYZ,Female,0,1,1,69,1,Yes,Fiber optic,Yes,Yes,Yes,Yes,Yes,Yes,Two year,0,Credit card (automatic),113.25,7895.15,0,17.607784333265517,13.116445884220312,13.116445884220312,Q3
2504-DSHIH,Male,1,1,0,23,1,Yes,Fiber optic,No,No,No,No,No,Yes,Month-to-month,0,Electronic check,86.8,1975.85,0,4.152621078161841,13.108238270378408,13.108238270378408,Q3
4522-XRWWI,Male,0,1,0,42,1,Yes,DSL,Yes,No,No,Yes,Yes,Yes,One year,0,Credit card (automatic),80.45,3375.9,0,1.4134900091237583,13.077288617117292,13.077288617117292,Q3
9964-WBQDJ,Female,0,1,0,71,1,Yes,No,No internet service,No internet service,No internet service,No internet service,No internet service,No internet service,Two year,1,Credit card (automatic),24.4,1725.4,0,2.149312432939259,13.072303480018526,13.072303480018526,Q3
5898-IGSLP,Male,0,1,1,31,1,Yes,Fiber optic,Yes,No,Yes,Yes,No,No,Month-to-month,0,Electronic check,89.3,2823.0,0,6.2444043893653784,13.071431669517603,13.071431669517603,Q3
3780-YVMFA,Female,0,1,1,8,1,No,DSL,No,No,No,Yes,Yes,Yes,Month-to-month,1,Electronic check,68.55,564.35,0,13.719117564457337,13.068957354777112,13.068957354777112,Q3
2623-DRYAM,Female,0,1,0,70,1,Yes,Fiber optic,No,No,Yes,No,Yes,Yes,One year,1,Electronic check,101.75,7069.3,0,17.60080142929775,13.06505759931623,13.06505759931623,Q3
1194-BHJYC,Male,0,1,0,61,0,No phone service,DSL,Yes,No,Yes,Yes,Yes,Yes,Two year,1,Mailed check,62.15,3778.85,0,0.8450638332711072,13.064333341954418,13.064333341954418,Q3
2293-IJWPS,Female,0,1,0,57,1,Yes,Fiber optic,No,No,Yes,No,Yes,Yes,One year,1,Credit card (automatic),100.75,5985.0,0,17.447427614127836,13.04948689018881,13.04948689018881,Q3
0214-JHPFW,Female,0,1,0,70,0,No phone service,DSL,No,Yes,Yes,Yes,Yes,Yes,Two year,0,Bank transfer (automatic),57.8,4039.3,0,6.803101540724275,13.03161209863098,13.03161209863098,Q3
3752-CQSJI,Female,0,1,1,13,1,No,No,No internet service,No internet service,No internet service,No internet service,No internet service,No internet service,Month-to-month,1,Mailed check,20.45,254.5,0,1.3867108734474742,13.028583382239061,13.028583382239061,Q3
2253-KPMNB,Female,0,1,1,69,0,No phone service,DSL,Yes,Yes,Yes,Yes,No,No,Two year,0,Bank transfer (automatic),46.25,3121.4,0,51.21287381482983,13.012049037566845,13.012049037566845,Q3
3413-DHLPB,Male,0,1,1,60,1,Yes,Fiber optic,No,Yes,No,Yes,Yes,Yes,Month-to-month,1,Bank transfer (automatic),103.75,5969.95,0,24.140702436967096,13.010852633308625,13.010852633308625,Q3
9281-CEDRU,Female,0,1,0,68,1,No,DSL,No,Yes,No,Yes,Yes,No,Two year,0,Bank transfer (automatic),64.1,4326.25,0,10.297981972535375,13.003465048474505,13.003465048474505,Q3
5119-NZPTV,Male,1,1,0,2,1,No,Fiber optic,No,No,No,No,No,No,Month-to-month,0,Electronic check,70.1,141.65,0,60.19171931778271,13.000848988573749,13.000848988573749,Q3
5351-QESIO,Male,0,0,1,1,0,No phone service,DSL,No,No,No,No,No,No,Month-to-month,0,Mailed check,24.2,24.2,0,23.449269799527567,12.982502428977732,12.982502428977732,Q3
1098-TDVUQ,Female,0,0,0,1,1,No,No,No internet service,No internet service,No internet service,No internet service,No internet service,No internet service,Month-to-month,1,Bank transfer (automatic),19.25,19.25,0,18.585957602104653,12.982259503344014,12.982259503344014,Q3
9640-ZSLDC,Female,0,1,1,53,1,No,DSL,No,No,Yes,No,No,Yes,One year,0,Credit card (automatic),60.6,3297.0,0,14.384557756051677,12.943138252161784,12.943138252161784,Q3
7168-HDQHG,Female,0,1,1,36,1,No,No,No internet service,No internet service,No internet service,No internet service,No internet service,No internet service,Month-to-month,0,Bank transfer (automatic),19.2,702.9,0,38.41662437732546,12.938660084069825,12.938660084069825,Q3
6447-EGDIV,Female,0,0,0,31,1,No,No,No internet service,No internet service,No internet service,No internet service,No internet service,No internet service,One year,0,Mailed check,20.95,683.25,0,20.452875546986263,12.92643491190581,12.92643491190581,Q3
9140-CZQZZ,Female,0,1,0,68,1,No,DSL,Yes,Yes,No,Yes,Yes,Yes,Two year,1,Bank transfer (automatic),79.6,5515.8,0,1.3005479193244973,12.905921127485708,12.905921127485708,Q3
9548-LIGTA,Male,0,1,0,61,1,No,DSL,Yes,Yes,No,Yes,Yes,Yes,Two year,1,Mailed check,81.05,4747.65,0,56.85874215583916,12.90579824762233,12.90579824762233,Q3
5924-IFQTT,Male,0,1,1,13,1,Yes,DSL,No,Yes,Yes,Yes,Yes,No,Month-to-month,1,Electronic check,72.8,930.05,0,65.45893472718083,12.882417041053188,12.882417041053188,Q3
1051-EQPZR,Female,0,1,1,44,1,No,No,No internet service,No internet service,No internet service,No internet service,No internet service,No internet service,Month-to-month,0,Mailed check,19.6,780.25,0,2.1319165144867607,12.87908480003128,12.87908480003128,Q3
9114-DPSIA,Male,0,1,1,72,1,Yes,DSL,Yes,Yes,Yes,Yes,No,Yes,Two year,0,Credit card (automatic),81.0,5750.0,0,13.97604902553893,12.876419273677826,12.876419273677826,Q3
5071-FBJFS,Female,0,1,1,4,1,No,DSL,Yes,No,No,No,No,No,Month-to-month,0,Electronic check,50.3,217.1,0,8.125762198143589,12.875493480903021,12.875493480903021,Q3
5181-OABFK,Female,0,1,1,56,1,No,DSL,Yes,Yes,Yes,No,No,No,Two year,1,Credit card (automatic),61.3,3346.8,0,0.594315865993637,12.847099359585105,12.847099359585105,Q3
3705-RHRFR,Female,0,1,0,69,1,Yes,Fiber optic,Yes,No,No,No,Yes,Yes,Two year,0,Bank transfer (automatic),99.15,6875.35,0,44.066295435866536,12.846929897147458,12.846929897147458,Q3
8782-NUUOL,Male,0,0,0,60,1,No,DSL,Yes,No,Yes,Yes,Yes,Yes,One year,0,Mailed check,79.0,4801.1,0,18.505577351134946,12.842044936771796,12.842044936771796,Q3
3969-JQABI,Female,0,1,0,58,1,No,DSL,Yes,Yes,No,No,Yes,No,Month-to-month,1,Credit card (automatic),65.25,3791.6,0,20.850690383732676,12.826694236534669,12.826694236534669,Q3
1099-GODLO,Female,0,1,1,1,1,No,No,No internet service,No internet service,No internet service,No internet service,No internet service,No internet service,Two year,0,Mailed check,20.35,20.35,0,1.1853489038587595,12.826561859710656,12.826561859710656,Q3
2178-PMGCJ,Male,0,0,0,22,1,No,Fiber optic,No,No,No,No,No,No,Month-to-month,1,Mailed check,69.7,1490.4,0,4.694147035229168,12.823816176271121,12.823816176271121,Q3
9975-GPKZU,Male,0,1,1,46,1,No,No,No internet service,No internet service,No internet service,No internet service,No internet service,No internet service,Two year,0,Credit card (automatic),19.75,856.5,0,7.127550664081446,12.808484274039431,12.808484274039431,Q3
6897-RWMUB,Male,0,1,1,61,1,No,DSL,Yes,Yes,Yes,Yes,No,No,Two year,1,Bank transfer (automatic),68.05,4158.25,0,13.744436296523105,12.794464595887284,12.794464595887284,Q3
4377-VDHYI,Male,0,1,1,32,1,No,Fiber optic,Yes,Yes,No,No,No,Yes,One year,1,Electronic check,90.8,3023.85,0,25.051187250960012,12.78462900489315,12.78462900489315,Q3
9677-AVKED,Female,0,0,1,53,1,Yes,DSL,No,Yes,Yes,Yes,Yes,Yes,One year,1,Electronic check,84.6,4449.75,0,0.9102141083106094,12.774116552971579,12.774116552971579,Q3
2455-USLMV,Female,0,0,0,31,1,Yes,Fiber optic,Yes,No,Yes,No,No,No,Month-to-month,1,Credit card (automatic),84.75,2613.4,0,17.506583138760444,12.772352558882774,12.772352558882774,Q3
0674-GCDXG,Male,0,0,0,63,1,Yes,DSL,Yes,No,Yes,Yes,No,Yes,Two year,1,Bank transfer (automatic),71.9,4479.2,0,15.727404754331006,12.761864066247188,12.761864066247188,Q3
7606-BPHHN,Male,0,0,0,72,1,No,No,No internet service,No internet service,No internet service,No internet service,No internet service,No internet service,Two year,1,Credit card (automatic),19.8,1468.75,0,24.349200686102357,12.759652095158025,12.759652095158025,Q3
3537-HPKQT,Female,0,1,0,55,1,Yes,Fiber optic,No,Yes,No,No,No,No,Month-to-month,1,Credit card (automatic),77.75,4266.4,0,45.922425420879044,12.751938117357648,12.751938117357648,Q3
6202-DYYFX,Female,0,0,0,22,1,Yes,Fiber optic,No,No,No,No,No,No,One year,1,Credit card (automatic),76.0,1783.6,0,22.877852306821815,12.67711562521824,12.67711562521824,Q3
9680-NIAUV,Female,0,1,1,72,1,Yes,Fiber optic,Yes,Yes,Yes,No,Yes,Yes,Two year,0,Credit card (automatic),109.7,8129.3,0,2.8574630133509733,12.66423155803135,12.66423155803135,Q3
3824-RHKVR,Female,0,0,0,17,1,No,No,No internet service,No internet service,No internet service,No internet service,No internet service,No internet service,Month-to-month,0,Credit card (automatic),19.7,340.35,0,10.183393455559601,12.654248413981737,12.654248413981737,Q3
5336-UFNZP,Female,1,1,1,65,1,Yes,Fiber optic,No,Yes,Yes,No,Yes,Yes,One year,1,Electronic check,107.45,7047.5,0,32.08076264576894,12.649722190215934,12.649722190215934,Q3
1453-RZFON,Female,0,0,1,1,1,No,DSL,Yes,No,No,No,No,No,Month-to-month,0,Mailed check,49.9,49.9,0,44.747656055168946,12.644278994343496,12.644278994343496,Q3
2880-FPNAE,Male,1,1,0,2,1,No,Fiber optic,No,No,Yes,No,No,No,Month-to-month,1,Electronic check,74.2,140.1,0,68.04592614430342,12.636957766496032,12.636957766496032,Q3
9700-ZCLOT,Male,0,0,0,2,1,No,No,No internet service,No internet service,No internet service,No internet service,No internet service,No internet service,Month-to-month,0,Mailed check,20.0,32.7,0,19.55535137050041,12.635482551111075,12.635482551111075,Q3
1853-ARAAQ,Female,0,0,0,26,0,No phone service,DSL,No,No,Yes,No,Yes,Yes,Month-to-month,1,Credit card (automatic),50.35,1277.5,0,21.461116636314127,12.629282664648672,12.629282664648672,Q3
1735-XMJVH,Male,0,1,1,8,1,No,No,No internet service,No internet service,No internet service,No internet service,No internet service,No internet service,Month-to-month,1,Mailed check,19.35,152.6,0,34.58168388766708,12.624852511395645,12.624852511395645,Q3
2469-DTSGX,Female,1,0,0,72,1,Yes,Fiber optic,No,Yes,Yes,Yes,Yes,Yes,Two year,0,Electronic check,111.65,7943.45,0,76.1528186415048,12.603709073261527,12.603709073261527,Q3
6992-TKNYO,Male,0,1,0,38,1,Yes,DSL,No,No,Yes,Yes,No,Yes,One year,0,Credit card (automatic),69.0,2669.45,0,6.833309251772854,12.603416211534718,12.603416211534718,Q3
6901-GOGZG,Male,0,0,1,60,1,Yes,DSL,Yes,No,Yes,Yes,Yes,Yes,Two year,1,Electronic check,84.95,4984.85,0,12.15344076008648,12.603277385138249,12.603277385138249,Q3
7816-VGHTO,Female,0,1,1,6,0,No phone service,DSL,No,Yes,Yes,Yes,No,No,Two year,0,Mailed check,40.55,217.5,0,0.5403804441864756,12.601444087577693,12.601444087577693,Q3
6917-FIJHC,Female,0,1,0,72,1,Yes,No,No internet service,No internet service,No internet service,No internet service,No internet service,No internet service,Two year,1,Mailed check,26.0,1776.0,0,18.51182141593258,12.590271356826149,12.590271356826149,Q3
7080-TNUWP,Male,0,1,0,70,1,Yes,Fiber optic,No,Yes,Yes,No,Yes,No,One year,1,Bank transfer (automatic),95.0,6602.9,0,2.240802137326829,12.584857840396996,12.584857840396996,Q3
7501-VTYLJ,Female,0,0,1,2,1,No,DSL,No,Yes,No,No,No,No,Month-to-month,0,Mailed check,51.55,106.2,0,5.794101934408123,12.575691044215132,12.575691044215132,Q3
4298-OYIFC,Male,0,1,0,15,1,Yes,Fiber optic,No,No,Yes,Yes,Yes,Yes,Month-to-month,1,Electronic check,103.45,1539.8,0,8.920779395361498,12.562888930689702,12.562888930689702,Q3
6094-ZIVKX,Female,0,0,0,68,1,No,DSL,Yes,No,Yes,No,No,No,One year,1,Credit card (automatic),54.45,3674.95,0,1.5451416511935707,12.5505249372891,12.5505249372891,Q3
0396-YCHWO,Male,0,1,0,36,1,Yes,Fiber optic,No,No,No,No,Yes,Yes,Month-to-month,1,Electronic check,95.4,3474.2,0,45.01420916340696,12.54474504494471,12.54474504494471,Q3
0547-HURJB,Male,0,0,1,12,1,No,No,No internet service,No internet service,No internet service,No internet service,No internet service,No internet service,Month-to-month,0,Credit card (automatic),21.05,235.8,0,1.8656630170138466,12.54284346545175,12.54284346545175,Q3
9565-FLVCG,Male,0,1,1,65,1,Yes,DSL,Yes,Yes,No,No,No,Yes,Two year,1,Mailed check,69.55,4459.15,0,62.829891529134954,12.542648360422342,12.542648360422342,Q3
0266-GMEAO,Male,0,1,1,72,1,Yes,Fiber optic,Yes,Yes,Yes,Yes,Yes,Yes,Two year,1,Credit card (automatic),114.3,8058.55,0,66.57011369042219,12.54195496646977,12.54195496646977,Q3
2925-VDZHY,Male,0,1,1,72,1,Yes,DSL,Yes,Yes,Yes,Yes,Yes,Yes,Two year,0,Credit card (automatic),88.7,6501.35,0,64.77440151899532,12.538158977243436,12.538158977243436,Q3
1272-ILHFG,Male,0,1,1,15,1,No,No,No internet service,No internet service,No internet service,No internet service,No internet service,No internet service,One year,0,Mailed check,19.65,332.65,0,68.63007400264817,12.533317728473042,12.533317728473042,Q3
0667-NSRGI,Female,0,1,0,48,1,Yes,DSL,No,No,Yes,Yes,No,Yes,One year,1,Mailed check,69.55,3435.6,0,0.9974426987570003,12.526822346907768,12.526822346907768,Q3
4933-BSAIP,Female,0,1,0,40,1,No,No,No internet service,No internet service,No internet service,No internet service,No internet service,No internet service,Two year,0,Mailed check,19.1,780.1,0,16.31814220755313,12.505950756118864,12.505950756118864,Q3
9588-OZDMQ,Female,0,1,0,2,1,No,DSL,No,No,No,No,No,No,Month-to-month,1,Electronic check,45.0,89.75,0,62.049167088380095,12.504001212643686,12.504001212643686,Q3
2466-FCCPT,Female,0,1,1,20,1,No,No,No internet service,No internet service,No internet service,No internet service,No internet service,No internet service,One year,0,Bank transfer (automatic),19.7,395.6,0,7.817091735481048,12.498614912633613,12.498614912633613,Q3
2080-SRCDE,Female,0,0,1,1,1,Yes,No,No internet service,No internet service,No internet service,No internet service,No internet service,No internet service,Month-to-month,0,Mailed check,25.4,25.4,0,3.6410259443923523,12.471635532906244,12.471635532906244,Q3
1069-QJOEE,Male,0,1,1,25,1,No,No,No internet service,No internet service,No internet service,No internet service,No internet service,No internet service,One year,0,Electronic check,19.9,505.45,0,9.701180320026928,12.469895551223845,12.469895551223845,Q3
9696-RMYBA,Male,0,0,0,5,1,No,Fiber optic,No,No,No,No,Yes,No,Month-to-month,1,Mailed check,80.1,398.55,0,0.314970730304395,12.468933142116416,12.468933142116416,Q3
5619-XZZKR,Male,0,0,0,4,1,No,No,No internet service,No internet service,No internet service,No internet service,No internet service,No internet service,One year,0,Mailed check,19.95,68.2,0,55.49542541786128,12.44266188899594,12.44266188899594,Q3
0945-TSONX,Female,0,1,1,47,1,Yes,DSL,Yes,Yes,No,Yes,Yes,Yes,Two year,1,Credit card (automatic),85.3,4107.25,0,43.53817470699289,12.440898475504616,12.440898475504616,Q3
9746-MDMBK,Male,0,1,1,47,1,Yes,Fiber optic,Yes,Yes,Yes,Yes,Yes,Yes,One year,1,Bank transfer (automatic),113.45,5317.8,0,4.118041009310313,12.435560621610769,12.435560621610769,Q3
8663-UPDGF,Female,0,0,0,26,1,Yes,DSL,Yes,Yes,No,No,Yes,No,Month-to-month,1,Bank transfer (automatic),69.5,1800.05,0,4.990628822962845,12.433091035016055,12.433091035016055,Q3
3338-CVVEH,Male,0,0,0,12,1,Yes,Fiber optic,No,No,No,No,Yes,Yes,Month-to-month,0,Electronic check,94.55,1173.55,0,3.3215972581902524,12.429968064033284,12.429968064033284,Q3
3011-WQKSZ,Male,0,0,1,19,1,No,No,No internet service,No internet service,No internet service,No internet service,No internet service,No internet service,Month-to-month,1,Electronic check,20.0,377.55,0,10.419751421180997,12.425939141856439,12.425939141856439,Q3
2907-ILJBN,Female,0,1,1,11,1,No,No,No internet service,No internet service,No internet service,No internet service,No internet service,No internet service,One year,0,Mailed check,20.6,233.9,0,0.9638894845601702,12.422117930150863,12.422117930150863,Q3
8402-OOOHJ,Female,0,0,0,41,1,No,No,No internet service,No internet service,No internet service,No internet service,No internet service,No internet service,Two year,0,Mailed check,20.65,835.15,0,2.289452065289614,12.413022125254331,12.413022125254331,Q3
0118-JPNOY,Female,1,0,0,26,1,No,Fiber optic,Yes,No,No,No,Yes,No,Month-to-month,1,Credit card (automatic),85.8,2193.65,0,17.45381287108933,12.405643666343776,12.405643666343776,Q3
0311-QYWSS,Female,0,0,0,6,1,No,DSL,Yes,No,No,No,No,No,Month-to-month,1,Electronic check,49.45,314.6,0,5.7815562068733355,12.405013997879069,12.405013997879069,Q3
5429-LWCMV,Female,0,0,0,12,1,Yes,Fiber optic,No,Yes,No,No,No,Yes,Month-to-month,1,Electronic check,89.15,1057.55,0,0.5931847519563309,12.401689919809408,12.401689919809408,Q3
3255-GRXMG,Male,0,0,1,18,1,No,DSL,No,No,No,No,No,No,Month-to-month,1,Credit card (automatic),45.65,747.2,0,54.05133782774216,12.397263849858172,12.397263849858172,Q3
6223-DHJGV,Female,0,0,0,42,1,No,No,No internet service,No internet service,No internet service,No internet service,No internet service,No internet service,One year,1,Mailed check,20.65,958.1,0,30.369729165855862,12.377269402224488,12.377269402224488,Q3
2346-LOCWC,Female,0,1,1,58,1,No,No,No internet service,No internet service,No internet service,No internet service,No internet service,No internet service,Two year,0,Credit card (automatic),20.5,1191.4,0,23.466871495927517,12.376589644787984,12.376589644787984,Q3
2878-RMWXY,Male,1,1,0,72,1,Yes,Fiber optic,Yes,Yes,Yes,No,No,Yes,Two year,1,Credit card (automatic),102.65,7550.3,0,26.657965242089087,12.375605798372714,12.375605798372714,Q3
2800-QQUSO,Male,0,0,0,42,1,Yes,Fiber optic,No,No,No,Yes,Yes,Yes,Month-to-month,1,Electronic check,100.3,4222.95,0,0.5952312941953914,12.372422222318026,12.372422222318026,Q3
6980-CDGFC,Female,0,1,0,67,1,No,No,No internet service,No internet service,No internet service,No internet service,No internet service,No internet service,One year,1,Bank transfer (automatic),20.85,1327.4,0,47.303140018129604,12.364946404728736,12.364946404728736,Q3
5229-DTFYB,Female,0,0,0,41,1,No,Fiber optic,No,Yes,No,Yes,Yes,Yes,Two year,1,Bank transfer (automatic),98.8,3959.15,0,50.551400523883586,12.361126401171612,12.361126401171612,Q3
9848-JQJTX,Male,0,0,0,72,1,Yes,Fiber optic,No,Yes,Yes,No,Yes,Yes,Two year,1,Bank transfer (automatic),100.9,7459.05,0,10.150111868489013,12.348531805478302,12.348531805478302,Q3
0420-HLGXF,Female,1,0,0,39,1,Yes,Fiber optic,No,No,Yes,No,Yes,Yes,Month-to-month,1,Electronic check,99.75,4036.0,0,56.994695480941715,12.34416339569487,12.34416339569487,Q3
8201-AAXCB,Male,0,1,1,25,1,Yes,DSL,No,No,No,No,Yes,No,Month-to-month,0,Electronic check,60.35,1404.65,0,42.114489891743126,12.339014823892407,12.339014823892407,Q3
7531-GQHME,Male,0,0,0,12,1,No,No,No internet service,No internet service,No internet service,No internet service,No internet service,No internet service,Month-to-month,0,Credit card (automatic),20.05,265.45,0,2.758331330083503,12.328061334218274,12.328061334218274,Q3
8050-XGRVL,Female,0,1,1,62,1,No,DSL,Yes,No,Yes,No,No,No,One year,0,Credit card (automatic),54.75,3425.35,0,1.4491411955851963,12.327287373136334,12.327287373136334,Q3
6350-XFYGW,Male,1,0,0,4,1,No,Fiber optic,No,No,Yes,No,Yes,Yes,Month-to-month,1,Electronic check,94.75,422.4,0,46.96678574609939,12.288816160516905,12.288816160516905,Q3
6772-WFQRD,Male,0,0,1,40,1,No,No,No internet service,No internet service,No internet service,No internet service,No internet service,No internet service,One year,1,Bank transfer (automatic),20.4,854.9,0,4.905524868096222,12.286924813198459,12.286924813198459,Q3
5609-IMCGG,Female,0,0,0,15,1,Yes,Fiber optic,Yes,No,Yes,No,No,No,Month-to-month,1,Credit card (automatic),84.35,1302.65,0,1.7230615818028656,12.27999967220338,12.27999967220338,Q3
6368-TZZDT,Male,0,1,1,4,1,No,No,No internet service,No internet service,No internet service,No internet service,No internet service,No internet service,Two year,0,Credit card (automatic),19.5,96.85,0,33.56811441366453,12.263617300709013,12.263617300709013,Q3
6242-FEGFD,Male,0,1,0,66,1,Yes,Fiber optic,Yes,Yes,Yes,Yes,No,No,Two year,0,Mailed check,96.6,6424.25,0,2.068651003692862,12.262396227138924,12.262396227138924,Q3
1925-LFCZZ,Male,1,0,0,55,0,No phone service,DSL,No,No,Yes,No,Yes,Yes,One year,1,Bank transfer (automatic),50.05,2743.45,0,5.313544583514154,12.238853767955959,12.238853767955959,Q3
8232-UTFOZ,Male,0,0,0,69,1,No,No,No internet service,No internet service,No internet service,No internet service,No internet service,No internet service,Two year,0,Credit card (automatic),19.95,1399.35,0,0.6444427852462883,12.234959801165475,12.234959801165475,Q3
0042-RLHYP,Female,0,1,1,69,1,No,No,No internet service,No internet service,No internet service,No internet service,No internet service,No internet service,Two year,0,Bank transfer (automatic),19.7,1396.9,0,3.4091557890663196,12.17254744210261,12.17254744210261,Q3
3704-IEAXF,Female,0,1,1,72,0,No phone service,DSL,No,Yes,No,Yes,Yes,Yes,Two year,0,Credit card (automatic),53.65,3784.0,0,51.431566976748165,12.168370351291147,12.168370351291147,Q3
8034-RYTVV,Female,0,0,0,55,1,Yes,Fiber optic,Yes,No,Yes,No,No,No,One year,1,Credit card (automatic),84.25,4589.85,0,28.50661037130789,12.167072463138647,12.167072463138647,Q3
2081-KJSQF,Male,0,0,0,1,1,No,No,No internet service,No internet service,No internet service,No internet service,No internet service,No internet service,Month-to-month,1,Mailed check,20.25,20.25,0,13.351361298098224,12.162744632574526,12.162744632574526,Q3
0454-OKRCT,Male,0,0,0,33,1,No,Fiber optic,No,Yes,No,Yes,No,No,Two year,0,Bank transfer (automatic),80.6,2651.1,0,14.970453464335302,12.155361406657939,12.155361406657939,Q3
7856-GANIL,Male,1,1,0,45,1,Yes,Fiber optic,No,Yes,Yes,Yes,Yes,No,One year,1,Bank transfer (automatic),98.7,4525.8,0,3.3842889113895143,12.15344076008648,12.15344076008648,Q3
6029-CSMJE,Male,0,0,0,17,0,No phone service,DSL,No,No,No,No,No,No,Month-to-month,1,Mailed check,25.65,440.2,0,32.53693019522498,12.152605757334397,12.152605757334397,Q3
7109-CQYUZ,Male,0,0,0,52,1,Yes,DSL,Yes,Yes,Yes,Yes,Yes,Yes,Two year,1,Mailed check,89.25,4652.4,0,28.147017280940478,12.149931222803309,12.149931222803309,Q3
2378-VTKDH,Male,1,1,0,65,1,Yes,Fiber optic,No,Yes,Yes,No,Yes,Yes,Month-to-month,1,Electronic check,104.35,6578.55,0,55.64152198208527,12.127356343535645,12.127356343535645,Q3
5882-CMAZQ,Female,0,1,1,5,0,No phone service,DSL,No,Yes,No,Yes,No,No,Month-to-month,0,Electronic check,34.25,163.55,0,1.2685279879418019,12.120504152471876,12.120504152471876,Q3
5331-RGMTT,Male,1,1,0,54,1,Yes,Fiber optic,No,No,Yes,No,Yes,Yes,Month-to-month,1,Credit card (automatic),99.05,5295.7,0,56.67007260895698,12.102144953002716,12.102144953002716,Q3
2674-MLXMN,Female,1,0,0,71,1,Yes,Fiber optic,No,Yes,No,No,Yes,Yes,Month-to-month,1,Credit card (automatic),99.65,6951.15,0,1.7716008468140432,12.08955610089409,12.08955610089409,Q3
7964-ZRKKG,Male,0,1,0,67,1,Yes,Fiber optic,No,Yes,No,No,Yes,No,One year,1,Bank transfer (automatic),88.4,5798.3,0,57.015174184854956,12.06844931680148,12.06844931680148,Q3
6362-QHAFM,Male,0,1,0,42,1,Yes,Fiber optic,No,No,Yes,Yes,Yes,Yes,One year,1,Electronic check,108.3,4586.15,0,23.72155035290284,12.05258434120132,12.05258434120132,Q3
8882-TLVRW,Male,0,1,1,69,0,No phone service,DSL,Yes,No,Yes,Yes,No,No,Two year,0,Mailed check,39.1,2779.5,0,51.80749269149134,12.034499984305954,12.034499984305954,Q3
2805-AUFQN,Female,0,0,0,25,1,No,No,No internet service,No internet service,No internet service,No internet service,No internet service,No internet service,Two year,0,Credit card (automatic),19.8,475.2,0,59.65282395876497,12.032608609803097,12.032608609803097,Q3
9975-SKRNR,Male,0,0,0,1,1,No,No,No internet service,No internet service,No internet service,No internet service,No internet service,No internet service,Month-to-month,0,Mailed check,18.9,18.9,0,5.77888602486626,12.022699811854201,12.022699811854201,Q3
2252-ISRNH,Male,0,1,1,9,1,Yes,Fiber optic,No,No,Yes,No,Yes,No,One year,1,Electronic check,90.35,767.9,0,24.95681000257008,12.008645723301836,12.008645723301836,Q3
1061-PNTHC,Female,0,1,1,56,1,Yes,Fiber optic,Yes,No,Yes,Yes,Yes,Yes,Month-to-month,1,Mailed check,109.6,5953.0,0,0.37926475202332227,11.998333475325136,11.998333475325136,Q3
0017-DINOC,Male,0,0,0,54,0,No phone service,DSL,Yes,No,No,Yes,Yes,No,Two year,0,Credit card (automatic),45.2,2460.55,0,0.38909458707160244,11.986940617177751,11.986940617177751,Q3
1227-UDMZR,Female,0,1,0,72,1,Yes,DSL,Yes,Yes,Yes,Yes,Yes,Yes,Two year,1,Bank transfer (automatic),91.15,6637.9,0,18.696081705648627,11.982571195452289,11.982571195452289,Q3
8838-GPHZP,Female,0,0,0,63,1,No,No,No internet service,No internet service,No internet service,No internet service,No internet service,No internet service,Two year,1,Mailed check,20.6,1298.7,0,45.092853843255654,11.931917829680334,11.931917829680334,Q3
0969-RGKCU,Male,0,1,1,37,1,No,No,No internet service,No internet service,No internet service,No internet service,No internet service,No internet service,One year,0,Credit card (automatic),19.8,677.05,0,2.393561835161247,11.92690310789867,11.92690310789867,Q3
3657-COGMW,Female,1,0,0,52,1,Yes,Fiber optic,Yes,Yes,Yes,No,Yes,Yes,Month-to-month,0,Credit card (automatic),108.1,5839.3,0,68.1626688817856,11.907791619222033,11.907791619222033,Q3
9360-OMDZZ,Male,0,0,0,24,1,Yes,Fiber optic,No,No,No,No,Yes,Yes,Month-to-month,1,Electronic check,94.1,2322.85,0,1.0586643943846916,11.906183054558754,11.906183054558754,Q3
9068-FHQHD,Female,0,1,1,40,1,No,No,No internet service,No internet service,No internet service,No internet service,No internet service,No internet service,Two year,0,Bank transfer (automatic),20.15,777.35,0,47.54373967465095,11.90394154631154,11.90394154631154,Q3
3466-WAESX,Male,0,0,1,16,1,Yes,DSL,Yes,Yes,No,No,No,Yes,Month-to-month,1,Electronic check,69.1,1083.7,0,12.649722190215934,11.896814378196563,11.896814378196563,Q3
7874-ECPQJ,Female,0,0,1,4,1,No,No,No internet service,No internet service,No internet service,No internet service,No internet service,No internet service,Month-to-month,1,Bank transfer (automatic),20.05,85.5,0,15.197757805778226,11.878759746808125,11.878759746808125,Q3
9496-IVVRP,Female,0,1,1,11,1,No,DSL,Yes,No,No,No,No,No,Month-to-month,0,Bank transfer (automatic),51.0,581.7,0,69.35388159941154,11.868455000748288,11.868455000748288,Q3
3920-HIHMQ,Female,0,0,1,26,1,Yes,DSL,No,No,No,No,No,No,Month-to-month,1,Mailed check,49.5,1265.65,0,3.322829411757225,11.857805753009314,11.857805753009314,Q3
3617-XLSGQ,Female,0,1,1,66,1,Yes,Fiber optic,Yes,Yes,Yes,No,Yes,Yes,Two year,0,Bank transfer (automatic),109.25,7082.5,0,11.852072297896292,11.85284012304203,11.85284012304203,Q3
4495-LHSSK,Female,0,0,1,18,1,Yes,DSL,Yes,No,No,No,No,No,Month-to-month,0,Mailed check,57.65,992.7,0,4.674044711679983,11.852072297896292,11.852072297896292,Q3
7971-HLVXI,Male,0,1,1,72,1,Yes,Fiber optic,No,No,No,No,No,Yes,Two year,1,Credit card (automatic),84.5,6130.85,0,36.58085896248333,11.820517266486226,11.820517266486226,Q3
6817-WTYHE,Male,0,0,0,2,1,No,DSL,No,No,No,No,No,No,Month-to-month,0,Bank transfer (automatic),44.9,111.05,0,27.1162326154094,11.791141128974562,11.791141128974562,Q3
3680-CTHUH,Male,0,0,0,60,1,Yes,Fiber optic,Yes,Yes,Yes,Yes,Yes,Yes,One year,1,Credit card (automatic),116.6,7049.5,0,15.490211101613568,11.782476417391493,11.782476417391493,Q3
2452-SNHFZ,Female,0,0,0,47,1,No,Fiber optic,Yes,No,No,No,No,No,Month-to-month,0,Credit card (automatic),75.45,3545.1,0,24.37713278317278,11.780781823785443,11.780781823785443,Q3
1996-DBMUS,Female,1,1,0,48,1,No,Fiber optic,No,No,No,No,No,No,Month-to-month,1,Bank transfer (automatic),70.65,3545.05,0,60.061795836639135,11.763733240640457,11.763733240640457,Q3
1302-TPUBN,Male,0,0,0,66,1,No,No,No internet service,No internet service,No internet service,No internet service,No internet service,No internet service,Two year,0,Bank transfer (automatic),19.35,1240.8,0,15.742338314677434,11.760496578888846,11.760496578888846,Q3
5846-QFDFI,Female,0,1,1,33,1,Yes,Fiber optic,No,Yes,Yes,Yes,No,No,Month-to-month,0,Credit card (automatic),88.6,2888.7,0,11.041716715491853,11.745894897748792,11.745894897748792,Q3
5804-HYIEZ,Male,0,1,1,70,1,Yes,Fiber optic,Yes,Yes,No,No,Yes,Yes,Month-to-month,1,Electronic check,106.05,7554.05,0,0.2505984880651753,11.712213335910848,11.712213335910848,Q3
5789-LDFXO,Male,0,0,0,24,1,Yes,No,No internet service,No internet service,No internet service,No internet service,No internet service,No internet service,One year,0,Electronic check,24.6,592.65,0,3.7151428493499274,11.69007387569917,11.69007387569917,Q3
4355-CVPVS,Female,0,1,1,56,1,No,Fiber optic,No,No,No,No,Yes,Yes,One year,0,Bank transfer (automatic),88.9,4968.0,0,47.612247576490944,11.686401724375564,11.686401724375564,Q3
6645-MXQJT,Male,0,1,1,2,1,No,Fiber optic,Yes,No,No,No,Yes,Yes,Month-to-month,0,Electronic check,97.1,184.15,0,42.731695834516394,11.664434227532594,11.664434227532594,Q3
0019-EFAEP,Female,0,0,0,72,1,Yes,Fiber optic,Yes,Yes,Yes,No,Yes,No,Two year,1,Bank transfer (automatic),101.3,7261.25,0,46.78728128083713,11.619443976656395,11.619443976656395,Q3
5423-BHIXO,Female,0,0,0,32,1,Yes,DSL,No,Yes,No,No,No,No,Month-to-month,1,Electronic check,54.2,1739.6,0,1.3163560517625401,11.61331577247428,11.61331577247428,Q3
7088-FBAWU,Female,0,1,1,17,1,No,DSL,Yes,Yes,No,No,Yes,Yes,Month-to-month,0,Mailed check,74.55,1215.8,0,1.0626851155615447,11.61079242534034,11.61079242534034,Q3
7980-MHFLQ,Female,0,1,1,72,1,Yes,No,No internet service,No internet service,No internet service,No internet service,No internet service,No internet service,Two year,0,Mailed check,24.9,1859.2,0,23.508003647192783,11.578821079159644,11.578821079159644,Q3
2800-VEQXM,Female,0,0,0,3,1,No,Fiber optic,No,No,Yes,No,No,No,Month-to-month,1,Mailed check,74.75,238.1,0,2.478524130911504,11.57733346362884,11.57733346362884,Q3
7242-EDTYC,Male,0,0,1,44,1,No,No,No internet service,No internet service,No internet service,No internet service,No internet service,No internet service,Two year,0,Bank transfer (automatic),19.55,819.95,0,16.026642727080358,11.571363451190072,11.571363451190072,Q3
9674-EHPPG,Male,0,1,0,46,0,No phone service,DSL,Yes,No,Yes,Yes,No,No,Two year,0,Credit card (automatic),40.4,1842.7,0,14.588740011801061,11.556365892419421,11.556365892419421,Q3
1543-LLLFT,Male,1,1,0,61,1,Yes,Fiber optic,No,Yes,Yes,Yes,Yes,No,One year,1,Mailed check,98.3,6066.55,0,5.064291399700989,11.555976084375477,11.555976084375477,Q3
0468-YRPXN,Male,0,0,0,29,1,No,Fiber optic,No,No,Yes,Yes,Yes,Yes,Month-to-month,1,Credit card (automatic),98.8,2807.1,0,3.2085977023421237,11.539367856165033,11.539367856165033,Q3
1163-VIPRI,Female,0,1,1,65,1,Yes,Fiber optic,Yes,No,Yes,Yes,Yes,Yes,Two year,0,Electronic check,109.3,7337.55,0,45.07528543056466,11.50669501017595,11.50669501017595,Q3
7824-PANSQ,Male,0,0,0,58,1,Yes,Fiber optic,No,No,No,Yes,No,No,Month-to-month,0,Bank transfer (automatic),80.65,4807.35,0,4.761204630071241,11.506017426021517,11.506017426021517,Q3
8292-FRFZQ,Female,0,0,0,39,0,No phone service,DSL,Yes,Yes,No,Yes,No,No,One year,0,Bank transfer (automatic),41.15,1700.9,0,1.4415253225497808,11.505935905614956,11.505935905614956,Q3
4092-OFQZS,Male,0,1,0,20,1,No,No,No internet service,No internet service,No internet service,No internet service,No internet service,No internet service,One year,0,Mailed check,20.65,417.5,0,26.14436166982635,11.494550783534725,11.494550783534725,Q3
3392-EHMNK,Female,0,1,1,67,1,Yes,Fiber optic,No,Yes,No,Yes,Yes,No,Two year,0,Credit card (automatic),94.1,6302.8,0,11.857805753009314,11.491466481024638,11.491466481024638,Q3
4256-ZWTZI,Female,0,0,1,5,1,No,DSL,No,No,No,Yes,No,No,Month-to-month,1,Mailed check,51.0,286.8,0,2.364566994901029,11.491292065311391,11.491292065311391,Q3
3569-JFODW,Female,0,1,1,72,1,Yes,DSL,Yes,Yes,Yes,Yes,Yes,Yes,Two year,0,Credit card (automatic),90.95,6652.45,0,14.163922860814147,11.480892520622128,11.480892520622128,Q3
0872-CASZJ,Male,0,1,0,59,1,Yes,DSL,Yes,No,No,Yes,No,Yes,One year,1,Mailed check,69.1,4096.9,0,0.48357324774067145,11.450759549395299,11.450759549395299,Q3
7407-SUJIZ,Male,0,0,0,25,1,No,No,No internet service,No internet service,No internet service,No internet service,No internet service,No internet service,Month-to-month,0,Mailed check,20.6,541.5,0,12.498614912633613,11.446207543851386,11.446207543851386,Q3
9362-MWODR,Female,0,0,1,40,1,No,DSL,Yes,No,No,Yes,Yes,No,Month-to-month,1,Credit card (automatic),64.1,2460.35,0,13.952335617878713,11.436920990678816,11.436920990678816,Q3
3154-HMWUU,Male,0,1,0,60,1,No,No,No internet service,No internet service,No internet service,No internet service,No internet service,No internet service,Two year,1,Bank transfer (automatic),20.5,1198.8,0,63.07739083169304,11.431534110619465,11.431534110619465,Q3
8495-PRWFH,Female,1,0,0,42,1,Yes,DSL,No,No,Yes,No,No,No,Month-to-month,0,Electronic check,55.65,2421.75,0,1.02189993783022,11.407566411345977,11.407566411345977,Q3
6603-QWSPR,Female,0,0,0,46,1,No,Fiber optic,No,Yes,Yes,Yes,Yes,Yes,Two year,1,Bank transfer (automatic),104.4,4904.2,0,54.65872699043952,11.386719918307593,11.386719918307593,Q3
6103-BOCOU,Female,0,0,0,26,1,Yes,Fiber optic,No,No,Yes,No,No,No,Month-to-month,1,Electronic check,80.7,2193.0,0,67.22454532002465,11.376846326092242,11.376846326092242,Q3
1710-RCXUS,Male,0,1,0,51,1,Yes,Fiber optic,No,Yes,No,No,No,Yes,One year,1,Credit card (automatic),90.35,4614.55,0,1.9737086741178165,11.37418762145406,11.37418762145406,Q3
2227-JRSJX,Female,0,0,0,21,1,No,Fiber optic,No,Yes,No,Yes,Yes,Yes,Month-to-month,1,Bank transfer (automatic),99.15,1956.4,0,17.865410513947705,11.372926797029695,11.372926797029695,Q3
5515-RUGKN,Male,0,0,0,8,1,No,DSL,No,No,No,No,No,Yes,Month-to-month,1,Credit card (automatic),54.75,438.05,0,7.711103944737566,11.350104800035483,11.350104800035483,Q3
6479-SZPLM,Male,0,1,1,36,1,No,No,No internet service,No internet service,No internet service,No internet service,No internet service,No internet service,Two year,0,Credit card (automatic),19.45,754.5,0,4.461680644486461,11.334083059708352,11.334083059708352,Q3
4367-NUYAO,Male,0,1,1,0,1,Yes,No,No internet service,No internet service,No internet service,No internet service,No internet service,No internet service,Two year,0,Mailed check,25.75,,0,74.12563599579379,11.326874527631189,11.326874527631189,Q3
6288-CHQJB,Female,0,1,1,54,1,No,DSL,Yes,No,Yes,Yes,No,Yes,Two year,0,Bank transfer (automatic),69.95,3871.85,0,0.8268492619972194,11.316756248157937,11.316756248157937,Q3
2546-KZAAT,Male,0,1,0,52,1,No,DSL,Yes,Yes,No,No,Yes,Yes,One year,1,Mailed check,75.4,3865.45,0,59.39957357696179,11.312846988447992,11.312846988447992,Q3
9112-WSNPU,Female,1,0,0,35,1,No,Fiber optic,No,No,No,No,No,No,Month-to-month,0,Electronic check,70.55,2419.0,0,2.3647844984340716,11.305623161178504,11.305623161178504,Q3
4049-ZPALD,Female,0,1,0,64,1,No,Fiber optic,Yes,No,Yes,No,Yes,Yes,Two year,1,Bank transfer (automatic),99.0,6375.8,0,32.31319966465996,11.299818232736335,11.299818232736335,Q3
5872-OEQNH,Female,0,0,0,60,0,No phone service,DSL,Yes,No,Yes,No,No,Yes,One year,1,Electronic check,44.45,2773.9,0,37.3755987724601,11.288675322828006,11.288675322828006,Q3
5641-DMBFJ,Female,0,1,0,58,1,Yes,DSL,Yes,No,Yes,Yes,Yes,Yes,Two year,1,Electronic check,84.3,4916.4,0,23.142261511920044,11.279239277189818,11.279239277189818,Q3
9475-NNDGC,Male,0,1,0,71,1,Yes,Fiber optic,No,Yes,Yes,Yes,Yes,Yes,One year,1,Bank transfer (automatic),113.15,7953.25,0,44.34839678793563,11.271129441240523,11.271129441240523,Q3
1845-CSBRZ,Female,1,1,1,22,1,Yes,Fiber optic,No,No,No,No,Yes,No,Month-to-month,0,Bank transfer (automatic),85.35,1961.6,0,21.614272435230237,11.264685150742984,11.264685150742984,Q3
4329-YPDDQ,Male,0,0,0,20,1,No,Fiber optic,Yes,Yes,Yes,Yes,Yes,Yes,Month-to-month,1,Bank transfer (automatic),108.2,2203.7,0,3.8808757829972547,11.253387116697219,11.253387116697219,Q3
9139-TWBAS,Female,0,1,0,26,0,No phone service,DSL,Yes,Yes,Yes,No,Yes,No,One year,0,Bank transfer (automatic),47.85,1190.5,0,60.65823449748845,11.252224142888352,11.252224142888352,Q3
4627-MIHJH,Female,1,0,0,69,1,Yes,Fiber optic,Yes,No,Yes,Yes,Yes,Yes,Two year,0,Credit card (automatic),110.25,7467.55,0,29.31839744310466,11.243683314704363,11.243683314704363,Q3
8630-QSGXK,Male,0,1,0,51,1,Yes,DSL,No,No,No,Yes,Yes,Yes,Two year,1,Bank transfer (automatic),75.2,3901.25,0,35.40007506553855,11.238060906818845,11.238060906818845,Q3
2604-IJPDU,Female,0,1,0,20,1,No,Fiber optic,Yes,Yes,No,Yes,Yes,No,Month-to-month,1,Electronic check,96.55,1901.65,0,25.61510762105176,11.234138056167273,11.234138056167273,Q3
8207-DMRVL,Male,0,1,1,72,1,Yes,Fiber optic,Yes,Yes,Yes,Yes,Yes,Yes,Two year,0,Bank transfer (automatic),114.55,8306.05,0,0.9140487987003038,11.226138074086341,11.226138074086341,Q3
3778-FOAQW,Female,0,1,0,24,1,No,No,No internet service,No internet service,No internet service,No internet service,No internet service,No internet service,One year,0,Mailed check,20.15,456.85,0,24.23067275272785,11.22499921816282,11.22499921816282,Q3
5968-VXZLG,Male,0,0,0,2,1,No,DSL,No,No,No,No,No,No,Month-to-month,1,Bank transfer (automatic),46.6,87.9,0,62.092531639817786,11.212929617379688,11.212929617379688,Q3
7771-ZONAT,Male,0,0,0,22,0,No phone service,DSL,No,No,Yes,Yes,Yes,Yes,Two year,0,Bank transfer (automatic),56.75,1304.85,0,7.479056129216658,11.20928138443261,11.20928138443261,Q3
1431-CYWMH,Female,0,1,1,22,1,No,No,No internet service,No internet service,No internet service,No internet service,No internet service,No internet service,Month-to-month,0,Bank transfer (automatic),19.05,454.05,0,10.992928814401228,11.207775135624534,11.207775135624534,Q3
4656-CAURT,Male,0,0,0,69,1,Yes,No,No internet service,No internet service,No internet service,No internet service,No internet service,No internet service,Two year,0,Bank transfer (automatic),23.95,1713.1,0,0.7469418167298064,11.199985467915607,11.199985467915607,Q3
0374-AACSZ,Female,0,0,0,1,1,No,DSL,Yes,No,No,No,No,No,Month-to-month,0,Electronic check,50.15,50.15,0,11.299818232736335,11.195517962376863,11.195517962376863,Q3
9115-YQHGA,Male,0,0,0,40,1,No,DSL,No,No,No,Yes,No,No,Month-to-month,1,Electronic check,51.1,2092.9,0,10.127689341477215,11.194679321270126,11.194679321270126,Q3
9668-PUGNU,Male,0,1,0,71,1,Yes,No,No internet service,No internet service,No internet service,No internet service,No internet service,No internet service,Two year,1,Electronic check,24.5,1816.2,0,5.922758053342272,11.188138490864889,11.188138490864889,Q3
6384-VMJHP,Female,0,0,0,72,1,No,DSL,Yes,Yes,Yes,Yes,No,Yes,Two year,1,Credit card (automatic),73.0,5265.2,0,0.6050593089567162,11.184971701529243,11.184971701529243,Q3
7460-ITWWP,Female,1,1,0,45,1,No,Fiber optic,No,No,Yes,No,No,Yes,Month-to-month,1,Electronic check,86.1,3861.45,0,37.88169000612773,11.177957284432482,11.177957284432482,Q3
6234-RAAPL,Female,0,1,1,72,1,Yes,Fiber optic,Yes,Yes,No,Yes,Yes,No,Two year,0,Bank transfer (automatic),99.9,7251.7,0,23.23054724504175,11.17723468174128,11.17723468174128,Q3
6696-YDAYZ,Male,0,1,1,16,1,No,No,No internet service,No internet service,No internet service,No internet service,No internet service,No internet service,Two year,0,Mailed check,20.5,290.55,0,15.391095495589378,11.143014407399734,11.143014407399734,Q3
0769-MURVM,Female,0,1,1,72,0,No phone service,DSL,Yes,Yes,Yes,Yes,Yes,Yes,Two year,0,Bank transfer (automatic),65.7,4575.35,0,2.585771206279881,11.136100237088302,11.136100237088302,Q3
7234-KMNRQ,Male,0,0,0,4,1,No,No,No internet service,No internet service,No internet service,No internet service,No internet service,No internet service,Month-to-month,0,Mailed check,19.0,73.45,0,1.4318143644705825,11.123563762242327,11.123563762242327,Q3
2055-BFOCC,Male,1,1,0,63,1,No,DSL,Yes,Yes,Yes,Yes,Yes,Yes,One year,1,Bank transfer (automatic),84.0,5329.55,0,7.922217053047465,11.10182291523018,11.10182291523018,Q3
8219-VYBVI,Male,0,0,1,39,1,Yes,No,No internet service,No internet service,No internet service,No internet service,No internet service,No internet service,Two year,0,Mailed check,25.0,1004.35,0,1.9729617220951032,11.080354268602136,11.080354268602136,Q3
7833-PKIHD,Male,0,1,1,51,1,No,DSL,Yes,No,No,Yes,Yes,Yes,One year,1,Bank transfer (automatic),76.4,3966.3,0,5.702878514960256,11.062704401016017,11.062704401016017,Q3
0959-WHOKV,Male,0,0,0,42,1,Yes,Fiber optic,Yes,Yes,Yes,No,No,Yes,One year,1,Electronic check,99.0,4298.45,0,19.36887383006824,11.041716715491853,11.041716715491853,Q3
9950-MTGYX,Male,0,1,1,28,1,No,No,No internet service,No internet service,No internet service,No internet service,No internet service,No internet service,Two year,1,Credit card (automatic),20.3,487.95,0,58.43430614357027,11.031804723464338,11.031804723464338,Q3
8120-JDCAM,Male,0,1,1,4,1,No,Fiber optic,No,No,No,No,No,No,Month-to-month,1,Mailed check,69.55,284.9,0,3.126382049130695,11.022501175830165,11.022501175830165,Q3
3521-HTQTV,Male,0,0,0,34,1,Yes,No,No internet service,No internet service,No internet service,No internet service,No internet service,No internet service,Two year,0,Bank transfer (automatic),26.1,980.35,0,6.704370397680462,10.992928814401228,10.992928814401228,Q3
5827-MWCZK,Male,0,1,1,56,1,Yes,Fiber optic,No,Yes,No,Yes,Yes,No,Month-to-month,1,Credit card (automatic),96.95,5432.2,0,33.98123612436327,10.987498045318562,10.987498045318562,Q3
2826-UWHIS,Male,0,1,0,45,1,Yes,Fiber optic,No,Yes,No,No,No,No,Month-to-month,0,Bank transfer (automatic),81.4,3775.85,0,9.17333107719087,10.973843272860853,10.973843272860853,Q3
2788-CJQAQ,Male,0,0,0,13,1,No,No,No internet service,No internet service,No internet service,No internet service,No internet service,No internet service,One year,0,Mailed check,19.45,270.2,0,56.04868962537034,10.967835183339707,10.967835183339707,Q3
5756-JYOJT,Female,0,0,0,11,1,No,DSL,No,No,Yes,Yes,No,Yes,One year,0,Credit card (automatic),64.9,697.25,0,38.243070517402266,10.95464369572462,10.95464369572462,Q3
4132-KALRO,Female,0,0,0,4,1,Yes,Fiber optic,No,No,No,Yes,Yes,Yes,Month-to-month,1,Mailed check,100.85,399.25,0,1.279345763547882,10.915213656936414,10.915213656936414,Q3
2560-WBWXF,Male,0,0,0,68,1,Yes,No,No internet service,No internet service,No internet service,No internet service,No internet service,No internet service,Two year,1,Bank transfer (automatic),24.15,1498.85,0,0.48643578961963685,10.902707009442006,10.902707009442006,Q3
0536-ACXIP,Female,0,1,0,72,1,Yes,Fiber optic,Yes,Yes,Yes,No,Yes,Yes,Two year,1,Electronic check,109.55,8165.1,0,15.326489200919891,10.876761997775027,10.876761997775027,Q3
