customerID,gender,SeniorCitizen,Partner,Dependents,tenure,PhoneService,MultipleLines,InternetService,OnlineSecurity,OnlineBackup,DeviceProtection,TechSupport,StreamingTV,StreamingMovies,Contract,PaperlessBilling,PaymentMethod,MonthlyCharges,TotalCharges,Churn,risk_churn,risk_churn %,risk_churn - per cent,risk_quartile
8769-KKTPH,Female,0,1,1,63,1,Yes,Fiber optic,Yes,No,No,No,Yes,Yes,One year,1,Credit card (automatic),99.65,6311.2,0,4.186875316527784,2.9877455894184695,2.9877455894184695,Q1
0756-MPZRL,Male,0,0,0,46,0,No phone service,DSL,No,No,Yes,Yes,No,No,One year,0,Credit card (automatic),33.7,1537.85,0,20.845055384566933,2.9845727125765507,2.9845727125765507,Q1
6194-HBGQN,Male,0,0,0,51,1,Yes,DSL,Yes,Yes,Yes,Yes,Yes,No,One year,1,Credit card (automatic),81.15,4126.2,0,5.8664551893192804,2.9824530357161696,2.9824530357161696,Q1
6837-HAEVO,Male,0,1,1,69,1,Yes,Fiber optic,No,Yes,Yes,No,Yes,Yes,Two year,1,Electronic check,105.0,7297.75,0,1.210206128211662,2.9783936390561356,2.9783936390561356,Q1
1371-WEPDS,Male,1,1,0,40,1,No,DSL,No,No,No,No,No,Yes,One year,0,Electronic check,55.8,2283.3,0,9.233305960664016,2.970038862470205,2.970038862470205,Q1
4393-OBCRR,Female,0,0,0,3,1,No,No,No internet service,No internet service,No internet service,No internet service,No internet service,No internet service,One year,0,Mailed check,20.25,71.2,0,2.970038862470205,2.95768718408418,2.95768718408418,Q1
8082-GHXOP,Male,0,0,1,13,1,No,DSL,No,No,No,No,No,No,Month-to-month,0,Mailed check,44.0,659.35,0,58.38778262196469,2.955545434222619,2.955545434222619,Q1
6185-TASNN,Male,1,0,0,1,1,No,DSL,No,No,No,No,No,No,Month-to-month,0,Electronic check,46.3,46.3,0,1.9528638013941704,2.9467323827657634,2.9467323827657634,Q1
5652-MSDEY,Female,0,0,0,10,1,Yes,Fiber optic,No,No,No,No,No,No,Month-to-month,1,Mailed check,75.75,777.3,0,39.26188098511648,2.9462515865012096,2.9462515865012096,Q1
2018-PZKMU,Male,0,1,1,9,1,No,Fiber optic,No,No,Yes,Yes,Yes,Yes,Month-to-month,0,Electronic check,103.1,970.45,0,2.689714002672941,2.9400639313063923,2.9400639313063923,Q1
9411-TPQQV,Female,0,0,0,40,0,No phone service,DSL,Yes,No,No,Yes,Yes,Yes,One year,1,Bank transfer (automatic),54.55,2236.2,0,8.058376752959402,2.9352092217505747,2.9352092217505747,Q1
8859-DZTGQ,Male,0,0,0,33,1,No,No,No internet service,No internet service,No internet service,No internet service,No internet service,No internet service,Two year,0,Mailed check,20.35,689.75,0,1.427184969631237,2.930303604870035,2.930303604870035,Q1
7544-ZVIKX,Male,0,1,1,58,1,Yes,Fiber optic,No,No,Yes,Yes,Yes,Yes,One year,1,Bank transfer (automatic),105.05,6004.85,0,29.70748086431311,2.9253968227815057,2.9253968227815057,Q1
1535-VTJOQ,Female,0,0,0,24,1,Yes,No,No internet service,No internet service,No internet service,No internet service,No internet service,No internet service,Two year,0,Credit card (automatic),25.15,553.0,0,41.19168990429111,2.917756221019522,2.917756221019522,Q1
4813-HQMGZ,Female,0,1,0,8,1,Yes,Fiber optic,No,No,No,Yes,No,Yes,Month-to-month,1,Electronic check,90.25,743.75,0,7.5456998262597414,2.9176478862230093,2.9176478862230093,Q1
2749-CTKAJ,Male,0,1,1,22,1,No,No,No internet service,No internet service,No internet service,No internet service,No internet service,No internet service,One year,0,Mailed check,20.15,419.9,0,27.798241160165247,2.91730837942586,2.91730837942586,Q1
3525-DVKFN,Female,0,0,0,17,1,No,No,No internet service,No internet service,No internet service,No internet service,No internet service,No internet service,Two year,0,Mailed check,19.4,358.05,0,50.03094040940932,2.914139490852144,2.914139490852144,Q1
9000-PLFUZ,Female,1,1,0,60,0,No phone service,DSL,No,Yes,No,No,Yes,Yes,Two year,1,Credit card (automatic),49.45,2907.55,0,7.6590940153109,2.911127198228915,2.911127198228915,Q1
2074-GUHPQ,Female,0,0,1,17,1,Yes,Fiber optic,No,Yes,Yes,Yes,No,No,Month-to-month,1,Credit card (automatic),92.7,1556.85,0,45.71291545851726,2.9060622653127957,2.9060622653127957,Q1
7271-AJDTL,Female,0,1,0,55,1,Yes,Fiber optic,No,Yes,Yes,No,Yes,No,Month-to-month,1,Credit card (automatic),94.45,5073.1,0,0.5632560486274217,2.904907709318839,2.904907709318839,Q1
7669-LCRSD,Male,0,1,1,12,1,No,DSL,No,No,No,No,Yes,No,Month-to-month,1,Mailed check,56.3,628.65,0,14.541990354970464,2.9038344865173116,2.9038344865173116,Q1
5671-UUNXD,Female,1,1,0,50,1,Yes,Fiber optic,No,No,No,Yes,Yes,Yes,One year,1,Electronic check,100.65,5189.75,0,18.53830908430379,2.902588007291073,2.902588007291073,Q1
6786-OBWQR,Female,0,1,1,5,1,No,Fiber optic,No,No,No,No,Yes,No,Month-to-month,1,Electronic check,80.85,356.1,0,2.6460468950584204,2.8996058750689566,2.8996058750689566,Q1
1423-BMPBQ,Female,0,1,1,1,1,No,No,No internet service,No internet service,No internet service,No internet service,No internet service,No internet service,Month-to-month,1,Mailed check,19.0,19.0,0,7.53046244196236,2.895786258588014,2.895786258588014,Q1
4385-ZKVNW,Male,0,1,1,44,1,No,DSL,No,Yes,No,Yes,No,No,Month-to-month,1,Bank transfer (automatic),54.9,2549.1,0,5.643929581403225,2.895608775051497,2.895608775051497,Q1
8169-SAEJD,Male,1,1,0,69,0,No phone service,DSL,Yes,Yes,No,No,Yes,Yes,Two year,0,Credit card (automatic),56.55,3952.65,0,10.59494277010202,2.893742023139395,2.893742023139395,Q1
5995-WWKKG,Female,0,0,0,37,1,No,No,No internet service,No internet service,No internet service,No internet service,No internet service,No internet service,One year,1,Electronic check,19.8,695.05,0,33.18254511618112,2.893354386953938,2.893354386953938,Q1
3597-MVHJT,Female,0,0,0,27,1,Yes,Fiber optic,No,No,No,No,Yes,Yes,Month-to-month,1,Bank transfer (automatic),95.6,2595.25,0,9.272704661952858,2.8817835835105563,2.8817835835105563,Q1
5360-LJCNJ,Female,0,1,0,71,1,Yes,Fiber optic,No,Yes,Yes,No,Yes,Yes,Two year,1,Bank transfer (automatic),105.15,7555.0,0,8.980494087869864,2.8779342658108273,2.8779342658108273,Q1
0440-MOGPM,Female,0,0,0,41,1,Yes,DSL,No,Yes,Yes,No,Yes,Yes,One year,1,Electronic check,80.55,3263.9,0,14.569427314633304,2.875623101877227,2.875623101877227,Q1
6705-LXORM,Female,1,1,0,5,1,No,Fiber optic,No,No,No,No,No,No,Month-to-month,0,Electronic check,70.05,302.6,0,32.92710488574238,2.864664310543987,2.864664310543987,Q1
1642-HMARX,Female,0,1,0,68,1,Yes,DSL,Yes,Yes,Yes,Yes,Yes,Yes,Two year,1,Electronic check,91.7,6424.7,0,13.372631853052381,2.8624404806262236,2.8624404806262236,Q1
4806-DXQCE,Female,1,1,0,70,1,Yes,Fiber optic,Yes,Yes,Yes,Yes,Yes,Yes,Two year,1,Electronic check,113.65,7714.65,0,58.77044298506491,2.860341368300843,2.860341368300843,Q1
0404-AHASP,Male,0,1,0,72,1,No,No,No internet service,No internet service,No internet service,No internet service,No internet service,No internet service,Two year,0,Credit card (automatic),19.7,1421.9,0,67.08421812716206,2.8585264256148037,2.8585264256148037,Q1
6856-RAURS,Female,0,0,0,2,1,Yes,Fiber optic,No,No,No,No,No,No,Month-to-month,1,Mailed check,74.9,136.05,0,4.424020897041818,2.8574630133509733,2.8574630133509733,Q1
5947-SGKCL,Female,0,1,1,15,1,Yes,Fiber optic,No,Yes,Yes,No,Yes,Yes,Month-to-month,1,Bank transfer (automatic),105.35,1559.25,0,12.34416339569487,2.8556958258838647,2.8556958258838647,Q1
8999-YPYBV,Male,0,1,1,45,1,No,DSL,Yes,Yes,Yes,Yes,Yes,Yes,Two year,1,Mailed check,84.35,3858.05,0,0.9532418889797766,2.8545206372942165,2.8545206372942165,Q1
9258-CNWAC,Female,0,1,1,71,1,Yes,Fiber optic,Yes,Yes,Yes,Yes,Yes,Yes,Two year,0,Credit card (automatic),113.65,8166.8,0,1.1343260480005934,2.852712062634091,2.852712062634091,Q1
9418-RUKPH,Female,0,1,1,38,1,No,No,No internet service,No internet service,No internet service,No internet service,No internet service,No internet service,Two year,1,Mailed check,19.95,756.4,0,6.51800941003353,2.8502729009994074,2.8502729009994074,Q1
5795-KTGUD,Female,0,1,0,68,1,Yes,Fiber optic,Yes,Yes,Yes,No,Yes,Yes,Two year,1,Bank transfer (automatic),110.8,7553.6,0,21.426735487889527,2.849305952207521,2.849305952207521,Q1
5022-JNQEQ,Female,0,1,1,9,1,No,Fiber optic,No,No,No,Yes,No,No,Month-to-month,1,Electronic check,75.85,647.5,0,18.53795402275418,2.84837824146111,2.84837824146111,Q1
0436-TWFFZ,Female,0,0,0,67,1,Yes,DSL,Yes,No,Yes,Yes,Yes,Yes,Two year,1,Mailed check,85.25,5714.2,0,36.96473937731385,2.8391223708321514,2.8391223708321514,Q1
2675-OTVVJ,Male,1,1,0,31,1,Yes,Fiber optic,Yes,No,No,No,Yes,No,Month-to-month,0,Electronic check,89.45,2807.65,0,11.50669501017595,2.836501354210096,2.836501354210096,Q1
7537-CBQUZ,Male,1,0,0,63,1,Yes,Fiber optic,Yes,Yes,Yes,No,Yes,Yes,Month-to-month,1,Bank transfer (automatic),109.4,7031.45,0,46.318224762629214,2.83203205025797,2.83203205025797,Q1
0929-HYQEW,Male,0,0,0,3,1,No,DSL,Yes,No,No,No,No,No,Month-to-month,1,Mailed check,50.15,160.85,0,29.479032504932256,2.8261174077622937,2.8261174077622937,Q1
4163-HFTUK,Male,0,0,0,51,1,No,No,No internet service,No internet service,No internet service,No internet service,No internet service,No internet service,One year,0,Electronic check,19.1,1007.8,0,0.7564933711408173,2.8226497628309333,2.8226497628309333,Q1
2657-VPXTA,Female,0,1,1,10,1,No,Fiber optic,No,No,No,No,Yes,Yes,Month-to-month,1,Electronic check,88.85,929.45,0,9.370941964465587,2.821458617716771,2.821458617716771,Q1
2985-JUUBZ,Male,0,1,1,40,1,Yes,DSL,No,No,Yes,No,Yes,Yes,Month-to-month,1,Electronic check,74.55,3015.75,0,2.864664310543987,2.8209929308675585,2.8209929308675585,Q1
3638-VBZTA,Male,0,0,1,68,1,Yes,DSL,Yes,Yes,No,Yes,Yes,Yes,Two year,1,Bank transfer (automatic),86.5,5882.75,0,1.4034679140757154,2.818884293367511,2.818884293367511,Q1
7465-ZZRVX,Male,0,0,0,1,1,No,Fiber optic,No,No,No,No,No,No,Month-to-month,1,Electronic check,70.35,70.35,0,18.68228561408368,2.81874887685007,2.81874887685007,Q1
7777-UNYHB,Female,0,1,1,12,1,No,No,No internet service,No internet service,No internet service,No internet service,No internet service,No internet service,Month-to-month,1,Credit card (automatic),20.1,232.4,0,2.8053619010774278,2.816649546729947,2.816649546729947,Q1
8065-QBYTO,Female,1,0,0,71,1,Yes,Fiber optic,Yes,Yes,No,Yes,Yes,No,One year,1,Credit card (automatic),99.65,7181.25,0,17.55485868602042,2.8146561093420295,2.8146561093420295,Q1
7321-VGNKU,Female,0,1,0,2,1,No,Fiber optic,No,No,No,No,No,No,Month-to-month,1,Electronic check,70.35,120.25,0,56.32554924988676,2.8078501808292096,2.8078501808292096,Q1
4072-IPYLT,Female,0,1,1,36,1,No,DSL,Yes,No,No,No,No,No,Month-to-month,0,Credit card (automatic),51.05,1815.0,0,13.349788457969375,2.8053619010774278,2.8053619010774278,Q1
6481-ESCNL,Female,0,0,0,29,1,Yes,Fiber optic,No,No,Yes,No,Yes,Yes,Month-to-month,0,Bank transfer (automatic),100.55,2878.75,0,36.71288564707987,2.8043438678827406,2.8043438678827406,Q1
9367-OIUXP,Male,0,0,0,4,1,No,No,No internet service,No internet service,No internet service,No internet service,No internet service,No internet service,Month-to-month,0,Mailed check,20.7,73.05,0,1.6431166229235343,2.8026069061477967,2.8026069061477967,Q1
5014-GSOUQ,Male,0,0,0,13,1,No,No,No internet service,No internet service,No internet service,No internet service,No internet service,No internet service,Two year,0,Mailed check,19.95,243.65,0,26.721934901899413,2.7960836640402293,2.7960836640402293,Q1
3084-DOWLE,Female,0,1,0,72,1,Yes,DSL,Yes,Yes,Yes,Yes,Yes,Yes,Two year,0,Bank transfer (automatic),92.0,6474.4,0,3.3713018030018875,2.793712590401382,2.793712590401382,Q1
0277-ORXQS,Male,0,1,1,66,0,No phone service,DSL,No,No,No,Yes,Yes,Yes,Two year,0,Bank transfer (automatic),50.55,3364.55,0,20.451307367382142,2.7931428292483287,2.7931428292483287,Q1
7695-PKLCZ,Female,0,0,0,68,1,No,No,No internet service,No internet service,No internet service,No internet service,No internet service,No internet service,Two year,0,Credit card (automatic),20.5,1424.9,0,5.953992772012686,2.790388936753243,2.790388936753243,Q1
4016-BJKTZ,Female,0,0,0,25,1,Yes,Fiber optic,No,Yes,Yes,Yes,Yes,Yes,Two year,0,Electronic check,108.9,2809.05,0,6.506887147519389,2.789659801901779,2.789659801901779,Q1
3884-UEBXB,Female,0,1,1,67,0,No phone service,DSL,Yes,Yes,No,No,No,No,Two year,0,Bank transfer (automatic),36.15,2434.45,0,1.5057053342234403,2.777127416812655,2.777127416812655,Q1
5195-KPUNQ,Female,1,0,0,53,1,No,Fiber optic,Yes,Yes,No,Yes,No,Yes,One year,1,Mailed check,96.75,5206.55,0,22.906008872271443,2.7728975611572735,2.7728975611572735,Q1
0420-TXVSG,Male,0,1,0,66,1,Yes,DSL,Yes,Yes,Yes,No,No,No,Two year,1,Credit card (automatic),66.1,4428.45,0,6.918196880135627,2.7680307364302106,2.7680307364302106,Q1
3345-PBBFH,Male,0,1,0,8,1,No,DSL,No,Yes,No,No,No,No,Month-to-month,1,Bank transfer (automatic),49.55,393.45,0,25.873368988236077,2.766546007192248,2.766546007192248,Q1
5945-AZYHT,Male,0,1,0,71,1,Yes,Fiber optic,Yes,Yes,Yes,No,Yes,Yes,One year,1,Electronic check,109.6,7854.15,0,14.551307660074858,2.762530440276953,2.762530440276953,Q1
3196-NVXLZ,Female,0,0,0,25,1,Yes,Fiber optic,No,No,No,No,Yes,No,Month-to-month,1,Mailed check,84.6,2088.05,0,12.127356343535645,2.758331330083503,2.758331330083503,Q1
6133-OZILE,Female,0,0,0,18,0,No phone service,DSL,No,No,Yes,Yes,No,No,Month-to-month,1,Electronic check,35.2,607.3,0,1.374063539901887,2.75710277965033,2.75710277965033,Q1
4644-OBGFZ,Male,0,1,1,55,1,No,No,No internet service,No internet service,No internet service,No internet service,No internet service,No internet service,One year,0,Mailed check,19.5,1026.35,0,1.9975689627011444,2.7516818025651646,2.7516818025651646,Q1
1194-HVAIF,Female,0,1,0,27,1,Yes,Fiber optic,No,No,No,No,Yes,Yes,Month-to-month,0,Credit card (automatic),95.0,2462.55,0,4.558266933931609,2.7495833157480645,2.7495833157480645,Q1
7233-PAHHL,Male,0,1,1,66,1,Yes,DSL,Yes,No,Yes,Yes,Yes,Yes,Two year,1,Mailed check,84.0,5714.25,0,5.441289542438434,2.749296608509626,2.749296608509626,Q1
1468-DEFNC,Male,1,1,1,64,1,Yes,No,No internet service,No internet service,No internet service,No internet service,No internet service,No internet service,Two year,1,Bank transfer (automatic),24.4,1548.65,0,19.313573880783277,2.748579532195801,2.748579532195801,Q1
2911-IJORQ,Male,0,0,0,37,1,Yes,DSL,Yes,Yes,Yes,Yes,Yes,Yes,One year,1,Bank transfer (automatic),90.6,3358.65,0,9.540947511302516,2.7474123241754644,2.7474123241754644,Q1
4847-TAJYI,Female,1,0,0,6,1,No,Fiber optic,No,No,No,No,Yes,Yes,Month-to-month,1,Electronic check,89.35,567.8,0,1.3733344196602932,2.7442487136178992,2.7442487136178992,Q1
4465-VDKIQ,Female,0,0,0,18,1,No,Fiber optic,No,Yes,Yes,No,No,No,Month-to-month,0,Electronic check,77.8,1358.6,0,0.5933400549341084,2.743357868807487,2.743357868807487,Q1
6963-EZQEE,Male,1,1,0,70,1,Yes,DSL,Yes,Yes,Yes,Yes,Yes,Yes,Two year,1,Credit card (automatic),88.55,6306.5,0,15.456430541059657,2.742929054793147,2.742929054793147,Q1
7609-NRNCA,Female,0,0,0,17,1,No,No,No internet service,No internet service,No internet service,No internet service,No internet service,No internet service,One year,0,Mailed check,19.55,280.85,0,13.532888966286208,2.7416262587750895,2.7416262587750895,Q1
0411-EZJZE,Female,0,0,0,3,1,Yes,DSL,No,No,No,No,Yes,No,Month-to-month,1,Electronic check,60.25,170.5,0,2.320641000673235,2.740417827319226,2.740417827319226,Q1
8859-YSTWS,Male,0,0,0,48,1,No,No,No internet service,No internet service,No internet service,No internet service,No internet service,No internet service,One year,0,Bank transfer (automatic),19.95,1004.5,0,12.5505249372891,2.740118189702332,2.740118189702332,Q1
8917-FAEMR,Female,0,0,0,37,1,No,No,No internet service,No internet service,No internet service,No internet service,No internet service,No internet service,Two year,0,Mailed check,19.85,784.25,0,35.47087082611104,2.735531926046623,2.735531926046623,Q1
8957-THMOA,Female,0,0,1,50,1,No,No,No internet service,No internet service,No internet service,No internet service,No internet service,No internet service,Two year,0,Credit card (automatic),20.15,970.85,0,8.51021217156925,2.721537726642346,2.721537726642346,Q1
4573-JKNAE,Male,0,0,1,12,1,No,No,No internet service,No internet service,No internet service,No internet service,No internet service,No internet service,Two year,0,Bank transfer (automatic),19.35,212.3,0,46.94358010690999,2.7153127568508593,2.7153127568508593,Q1
7398-HPYZQ,Male,0,1,0,71,1,Yes,DSL,Yes,Yes,Yes,Yes,Yes,Yes,Two year,0,Bank transfer (automatic),90.55,6404.0,0,0.7318132448229736,2.714880004247334,2.714880004247334,Q1
8143-ETQTI,Female,0,1,1,23,1,No,No,No internet service,No internet service,No internet service,No internet service,No internet service,No internet service,Two year,1,Mailed check,19.65,451.55,0,0.8839398247302944,2.713741186574474,2.713741186574474,Q1
8213-TAZPM,Female,0,1,1,69,1,Yes,Fiber optic,No,Yes,Yes,Yes,Yes,Yes,One year,1,Bank transfer (automatic),108.75,7493.05,0,1.0566272325703912,2.7067116894043073,2.7067116894043073,Q1
2325-WINES,Female,0,0,0,32,1,Yes,Fiber optic,No,Yes,Yes,No,Yes,Yes,One year,1,Credit card (automatic),104.05,3416.85,0,0.3111261680877698,2.7045932961588868,2.7045932961588868,Q1
9388-ZEYVT,Male,0,0,0,43,0,No phone service,DSL,No,No,Yes,Yes,No,Yes,One year,0,Electronic check,44.15,1931.3,0,73.18233582797703,2.6983439942775513,2.6983439942775513,Q1
5226-NOZFC,Male,0,0,0,26,1,No,Fiber optic,No,Yes,No,No,Yes,No,Month-to-month,1,Electronic check,85.75,2146.5,0,24.03588586356787,2.69718675899125,2.69718675899125,Q1
2969-QWUBZ,Female,0,0,0,2,0,No phone service,DSL,No,Yes,No,No,Yes,Yes,Month-to-month,0,Electronic check,51.4,96.8,0,3.8199527157339714,2.6951131939862405,2.6951131939862405,Q1
1150-FTQGN,Female,0,1,1,60,1,Yes,Fiber optic,Yes,Yes,No,No,Yes,No,One year,0,Bank transfer (automatic),94.15,5811.8,0,1.3474687171206616,2.6945995077892313,2.6945995077892313,Q1
4116-IQRFR,Male,0,1,1,4,1,Yes,No,No internet service,No internet service,No internet service,No internet service,No internet service,No internet service,One year,0,Credit card (automatic),24.1,73.1,0,49.89946459090335,2.689714002672941,2.689714002672941,Q1
4257-GAESD,Female,0,0,0,6,0,No phone service,DSL,No,No,No,No,Yes,Yes,Month-to-month,0,Credit card (automatic),45.0,298.7,0,39.657869442861376,2.6745393859902435,2.6745393859902435,Q1
8267-KFGYD,Male,0,0,1,1,1,No,No,No internet service,No internet service,No internet service,No internet service,No internet service,No internet service,Month-to-month,1,Mailed check,21.05,21.05,0,18.138330587746847,2.659410316074761,2.659410316074761,Q1
4854-SSLTN,Male,0,1,1,2,1,No,DSL,Yes,Yes,No,Yes,No,No,Two year,0,Mailed check,59.5,130.5,0,0.9431724260892674,2.6574177515594606,2.6574177515594606,Q1
2266-SJNAT,Female,0,1,0,72,1,Yes,Fiber optic,No,Yes,Yes,Yes,Yes,Yes,One year,0,Credit card (automatic),109.15,7789.6,0,14.13327817798867,2.6540431036568064,2.6540431036568064,Q1
3227-WLKLI,Female,0,1,1,65,1,Yes,DSL,Yes,Yes,Yes,Yes,Yes,Yes,Two year,0,Bank transfer (automatic),91.55,5963.95,0,0.5283094507876507,2.65146739244496,2.65146739244496,Q1
6869-FGJJC,Male,0,0,0,68,1,No,Fiber optic,No,Yes,Yes,No,No,No,One year,0,Credit card (automatic),79.6,5461.45,0,7.874814308075792,2.651118509958824,2.651118509958824,Q1
4881-GQJTW,Male,0,0,0,14,1,No,No,No internet service,No internet service,No internet service,No internet service,No internet service,No internet service,Month-to-month,0,Credit card (automatic),19.6,300.4,0,11.195517962376863,2.6480553271352716,2.6480553271352716,Q1
7020-OZKXZ,Female,1,0,0,9,1,No,Fiber optic,No,No,Yes,No,No,No,Month-to-month,0,Credit card (automatic),75.5,637.4,0,64.56408577632035,2.6460468950584204,2.6460468950584204,Q1
8709-KRDVL,Female,0,0,0,33,1,Yes,Fiber optic,No,Yes,No,No,Yes,Yes,Month-to-month,1,Electronic check,100.0,3320.6,0,4.268831880577909,2.6352256246696992,2.6352256246696992,Q1
6654-QGBZZ,Female,0,0,0,1,1,No,No,No internet service,No internet service,No internet service,No internet service,No internet service,No internet service,Month-to-month,0,Mailed check,19.9,19.9,0,4.67427738507957,2.634424151605061,2.634424151605061,Q1
8713-IGZSO,Male,0,0,0,2,1,Yes,No,No internet service,No internet service,No internet service,No internet service,No internet service,No internet service,Month-to-month,0,Mailed check,24.85,62.0,0,11.264685150742984,2.6334521371972,2.6334521371972,Q1
8800-JOOCF,Female,0,0,1,12,1,Yes,Fiber optic,No,No,No,No,Yes,No,Month-to-month,1,Electronic check,84.05,966.55,0,51.77918543760758,2.6329917059394683,2.6329917059394683,Q1
5451-YHYPW,Female,1,1,0,72,1,Yes,Fiber optic,Yes,Yes,Yes,Yes,Yes,Yes,Two year,1,Credit card (automatic),115.75,8443.7,0,60.968685420528836,2.63106897082853,2.63106897082853,Q1
5966-EMAZU,Male,0,1,0,64,1,Yes,Fiber optic,Yes,No,Yes,Yes,Yes,Yes,One year,1,Mailed check,108.5,6880.85,0,15.78417446936659,2.627732468339928,2.627732468339928,Q1
8329-GWVPJ,Female,0,1,1,50,1,No,Fiber optic,No,No,No,No,No,No,Month-to-month,1,Bank transfer (automatic),69.75,3557.7,0,50.363881802027166,2.6269775887894276,2.6269775887894276,Q1
8540-ZQGEA,Female,0,1,0,54,1,No,No,No internet service,No internet service,No internet service,No internet service,No internet service,No internet service,Two year,0,Credit card (automatic),20.05,1102.4,0,1.405179444733173,2.621078353531134,2.621078353531134,Q1
3399-BMLVW,Male,0,1,1,51,1,No,DSL,Yes,Yes,No,Yes,No,No,Two year,0,Credit card (automatic),60.5,3121.45,0,3.653787359563427,2.620761261574332,2.620761261574332,Q1
3489-HHPFY,Female,0,1,0,2,1,Yes,Fiber optic,No,No,No,No,Yes,No,Month-to-month,1,Electronic check,84.05,134.05,0,12.603709073261527,2.607735290485507,2.607735290485507,Q1
3530-CRZSB,Female,0,0,0,7,1,No,No,No internet service,No internet service,No internet service,No internet service,No internet service,No internet service,Month-to-month,0,Mailed check,20.65,155.9,0,35.45583708283701,2.601690862296999,2.601690862296999,Q1
4737-HOBAX,Male,0,1,0,63,1,Yes,DSL,No,No,Yes,Yes,Yes,Yes,Two year,0,Credit card (automatic),79.8,5034.05,0,3.9155402753681927,2.5990533923276504,2.5990533923276504,Q1
6904-JLBGY,Female,1,0,0,72,1,Yes,Fiber optic,Yes,Yes,Yes,Yes,Yes,Yes,Two year,1,Credit card (automatic),117.35,8436.25,0,0.8941061907325261,2.585771206279881,2.585771206279881,Q1
9040-KZVWO,Male,0,0,0,26,1,No,Fiber optic,No,Yes,No,No,No,No,One year,0,Bank transfer (automatic),75.5,2018.1,0,4.492956581546004,2.584359016119997,2.584359016119997,Q1
4018-PPNDW,Female,0,1,1,61,1,Yes,No,No internet service,No internet service,No internet service,No internet service,No internet service,No internet service,Two year,1,Mailed check,24.1,1551.6,0,18.60656329388395,0.4074542390143643,2.5756735541894025,Q1
7714-YXSMB,Female,0,0,0,26,1,Yes,Fiber optic,No,No,Yes,No,Yes,Yes,Month-to-month,1,Bank transfer (automatic),100.5,2599.95,0,11.252224142888352,2.570308795204306,2.570308795204306,Q1
2995-YWTCD,Female,0,1,1,19,1,Yes,No,No internet service,No internet service,No internet service,No internet service,No internet service,No internet service,Two year,1,Bank transfer (automatic),24.9,467.7,0,6.370577122024878,2.569156476493512,2.569156476493512,Q1
5019-GQVCR,Male,1,0,0,43,1,Yes,Fiber optic,No,No,No,No,Yes,No,Month-to-month,1,Electronic check,84.85,3645.6,0,2.248665360048562,2.56421978536427,2.56421978536427,Q1
6736-DHUQI,Female,0,1,1,67,1,No,Fiber optic,Yes,Yes,Yes,No,No,No,One year,0,Bank transfer (automatic),84.8,5598.3,0,9.803184358664865,2.5616116362589936,2.5616116362589936,Q1
3957-SQXML,Female,0,1,1,34,1,Yes,No,No internet service,No internet service,No internet service,No internet service,No internet service,No internet service,Two year,0,Credit card (automatic),24.95,894.3,0,22.333668655754536,2.5615276412963297,2.5615276412963297,Q1
6265-SXWBU,Male,0,1,1,69,1,Yes,Fiber optic,No,Yes,Yes,No,Yes,No,One year,0,Credit card (automatic),95.75,6511.25,0,1.9565938134528635,2.5582533541546724,2.5582533541546724,Q1
1169-WCVAK,Male,0,1,0,19,1,Yes,Fiber optic,Yes,Yes,No,Yes,No,No,Month-to-month,1,Credit card (automatic),88.8,1672.35,0,6.324564861842316,2.5539966852783325,2.5539966852783325,Q1
0114-PEGZZ,Female,0,0,0,33,1,Yes,Fiber optic,No,Yes,Yes,No,Yes,Yes,Month-to-month,0,Electronic check,107.55,3645.5,0,1.6794430977841521,2.5531935693810603,2.5531935693810603,Q1
5012-YSPJJ,Male,0,1,1,31,1,No,DSL,No,No,Yes,Yes,No,No,Month-to-month,0,Mailed check,54.35,1647.0,0,37.15295138143517,2.5458454680162346,2.5458454680162346,Q1
9298-WGMRW,Female,0,1,0,72,1,Yes,Fiber optic,Yes,Yes,Yes,Yes,Yes,Yes,Two year,1,Bank transfer (automatic),115.5,8312.75,0,71.60572569514379,2.5435556042921617,2.5435556042921617,Q1
1060-ENTOF,Female,1,1,0,67,1,Yes,Fiber optic,Yes,Yes,Yes,Yes,No,Yes,One year,1,Credit card (automatic),105.4,7035.6,0,25.380469503190316,2.5433936429329056,2.5433936429329056,Q1
2697-NQBPF,Male,0,0,0,34,1,Yes,Fiber optic,No,Yes,No,Yes,Yes,Yes,Month-to-month,1,Electronic check,105.35,3540.65,0,50.27933800556067,2.5425200477229506,2.5425200477229506,Q1
1325-USMEC,Male,0,1,0,70,1,Yes,Fiber optic,Yes,Yes,Yes,No,Yes,No,Two year,1,Credit card (automatic),99.35,6944.5,0,25.878035088954977,2.5408931984894965,2.5408931984894965,Q1
1269-FOYWN,Male,0,1,1,44,1,No,No,No internet service,No internet service,No internet service,No internet service,No internet service,No internet service,One year,0,Bank transfer (automatic),20.0,860.85,0,16.10983963427229,2.539927390538175,2.539927390538175,Q1
4193-IBKSW,Male,0,1,1,72,1,Yes,No,No internet service,No internet service,No internet service,No internet service,No internet service,No internet service,Two year,0,Bank transfer (automatic),24.75,1769.6,0,31.73401745877872,2.5374648654618097,2.5374648654618097,Q1
5376-PCKNB,Male,0,1,1,72,1,Yes,Fiber optic,No,Yes,Yes,No,Yes,Yes,One year,1,Credit card (automatic),104.45,7459.0,0,2.4177524348916717,2.5336011872700164,2.5336011872700164,Q1
4450-DLLMH,Male,0,0,0,2,1,No,Fiber optic,No,No,No,No,No,No,Month-to-month,1,Credit card (automatic),71.3,157.75,0,53.605726840996105,2.5288624797437054,2.5288624797437054,Q1
2927-CVULT,Female,0,1,1,53,1,Yes,Fiber optic,Yes,Yes,Yes,Yes,No,Yes,Two year,1,Bank transfer (automatic),104.05,5566.4,0,0.351774655668019,2.5280183649071484,2.5280183649071484,Q1
0829-XXPLX,Female,0,0,0,20,1,No,Fiber optic,Yes,No,Yes,No,Yes,No,Month-to-month,1,Bank transfer (automatic),89.4,1871.15,0,9.192023592100387,2.5240088701097667,2.5240088701097667,Q1
4451-RWASJ,Male,0,1,1,15,1,No,No,No internet service,No internet service,No internet service,No internet service,No internet service,No internet service,One year,1,Mailed check,19.5,239.75,0,4.458488501954761,2.5209583850137802,2.5209583850137802,Q1
2230-XTUWL,Female,0,1,1,48,1,No,No,No internet service,No internet service,No internet service,No internet service,No internet service,No internet service,Two year,0,Mailed check,19.55,883.35,0,8.749861331003778,2.520837141056124,2.520837141056124,Q1
5774-QPLTF,Male,0,1,1,50,1,No,No,No internet service,No internet service,No internet service,No internet service,No internet service,No internet service,One year,1,Mailed check,20.35,938.95,0,18.870937410223306,2.5183898795011315,2.5183898795011315,Q1
6180-YBIQI,Male,0,0,0,5,0,No phone service,DSL,No,No,No,No,No,No,Month-to-month,0,Mailed check,24.3,100.2,0,33.76569260674687,2.5172014437285117,2.5172014437285117,Q1
1301-LOPVR,Male,0,1,1,29,0,No phone service,DSL,Yes,Yes,Yes,Yes,No,Yes,One year,1,Credit card (automatic),55.35,1636.95,0,35.29150628284591,2.515653384471638,2.515653384471638,Q1
7696-CFTAT,Male,0,1,1,37,1,No,No,No internet service,No internet service,No internet service,No internet service,No internet service,No internet service,Two year,0,Bank transfer (automatic),19.8,726.1,0,0.4933964289976951,2.510223717288117,2.510223717288117,Q1
0946-FKYTX,Male,0,0,0,52,0,No phone service,DSL,No,Yes,No,No,No,No,One year,0,Mailed check,30.1,1623.4,0,27.25057064158543,2.509048604583841,2.509048604583841,Q1
9432-VOFYX,Male,0,0,0,17,1,No,Fiber optic,No,No,No,No,No,No,Month-to-month,1,Electronic check,70.8,1207.0,0,60.25226933642068,2.5087645010522808,2.5087645010522808,Q1
6198-RTPMF,Female,0,1,0,17,1,Yes,Fiber optic,No,No,No,No,Yes,Yes,Month-to-month,0,Electronic check,92.6,1579.7,0,42.15007525843137,2.506990410588176,2.506990410588176,Q1
3756-VNWDH,Male,1,1,0,65,1,Yes,Fiber optic,Yes,No,No,No,Yes,Yes,One year,1,Electronic check,100.75,6674.65,0,8.680446213383481,2.49873417298096,2.49873417298096,Q1
5915-ANOEI,Male,0,1,0,70,1,Yes,DSL,Yes,Yes,Yes,Yes,Yes,No,Two year,0,Mailed check,79.15,5536.5,0,48.82118569753519,2.4984905441595586,2.4984905441595586,Q1
7797-EJMDP,Female,0,0,0,8,1,No,DSL,Yes,No,No,Yes,No,Yes,Month-to-month,0,Bank transfer (automatic),66.05,574.5,0,16.5592063002019,2.493250059716704,2.493250059716704,Q1
7493-GVFIO,Male,0,0,0,57,1,No,No,No internet service,No internet service,No internet service,No internet service,No internet service,No internet service,Two year,0,Credit card (automatic),20.55,1252.85,0,22.02383707864152,2.493188156922714,2.493188156922714,Q1
6599-GZWCM,Female,0,0,0,13,1,No,Fiber optic,No,Yes,No,No,No,No,One year,1,Mailed check,74.65,966.25,0,24.526650337042184,2.487958208349814,2.487958208349814,Q1
8695-WDYEA,Male,0,0,0,1,1,No,DSL,Yes,No,No,No,No,No,Month-to-month,0,Mailed check,51.25,51.25,0,13.173745634274987,2.4804545037098595,2.4804545037098595,Q1
6873-UDNLD,Male,0,0,0,40,1,No,DSL,Yes,No,Yes,No,No,Yes,Month-to-month,0,Electronic check,67.45,2731.0,0,3.906750242428837,2.480288033315908,2.480288033315908,Q1
7718-RXDGG,Male,0,1,0,15,1,No,Fiber optic,No,No,No,No,No,No,Month-to-month,1,Bank transfer (automatic),68.6,1108.6,0,59.47097750451419,2.478524130911504,2.478524130911504,Q1
8734-FNWVH,Male,0,1,1,31,1,Yes,DSL,No,No,No,No,No,Yes,Month-to-month,0,Bank transfer (automatic),59.7,1825.5,0,0.622692399400805,2.4724486581565954,2.4724486581565954,Q1
8229-BUJHX,Female,0,1,1,71,1,No,No,No internet service,No internet service,No internet service,No internet service,No internet service,No internet service,Two year,0,Bank transfer (automatic),20.5,1500.95,0,26.053594431582773,2.470215177277519,2.470215177277519,Q1
9050-IKDZA,Female,1,0,0,2,1,No,Fiber optic,No,No,No,No,Yes,No,Month-to-month,0,Mailed check,81.5,162.55,0,48.67429870897323,2.462473740935784,2.462473740935784,Q1
6728-DKUCO,Female,0,1,1,72,1,Yes,Fiber optic,Yes,Yes,No,No,Yes,Yes,One year,1,Electronic check,104.15,7303.05,0,1.7712832175771391,2.46081727655378,2.46081727655378,Q1
0396-HUJBP,Female,0,0,0,2,1,No,No,No internet service,No internet service,No internet service,No internet service,No internet service,No internet service,Month-to-month,0,Mailed check,19.3,44.4,0,3.5929505024791877,2.455340470526967,2.455340470526967,Q1
6621-NRZAK,Female,0,1,1,63,1,No,No,No internet service,No internet service,No internet service,No internet service,No internet service,No internet service,Two year,0,Credit card (automatic),20.0,1209.25,0,10.398475311296949,2.446545669387142,2.446545669387142,Q1
4350-ZTLPI,Female,0,1,0,53,1,Yes,Fiber optic,No,Yes,Yes,Yes,Yes,Yes,One year,1,Bank transfer (automatic),108.95,5718.2,0,3.700619675905112,2.439735674602449,2.439735674602449,Q1
8329-UTMVM,Male,1,0,0,27,1,Yes,Fiber optic,No,Yes,No,Yes,Yes,Yes,One year,1,Bank transfer (automatic),104.65,2964.0,0,2.8043438678827406,2.4372170616044477,2.4372170616044477,Q1
6010-DDPPW,Male,0,1,0,70,1,Yes,No,No internet service,No internet service,No internet service,No internet service,No internet service,No internet service,Two year,0,Bank transfer (automatic),25.15,1940.85,0,17.69176258564454,2.4368576183771298,2.4368576183771298,Q1
4636-JGAAI,Male,0,1,0,34,1,Yes,Fiber optic,No,Yes,No,No,No,Yes,Month-to-month,0,Mailed check,88.85,3000.25,0,1.5020542312643483,2.431447469213024,2.431447469213024,Q1
3522-CDKHF,Female,0,1,0,32,1,No,Fiber optic,Yes,No,No,No,No,No,Month-to-month,1,Bank transfer (automatic),75.5,2324.7,0,15.334951836454872,2.4276767651698705,2.4276767651698705,Q1
0257-KXZGU,Female,0,1,1,32,1,Yes,DSL,No,Yes,Yes,No,No,No,Month-to-month,0,Bank transfer (automatic),62.45,2045.55,0,53.194076684106875,2.4252546605861878,2.4252546605861878,Q1
3411-WLRSQ,Female,1,1,0,3,1,No,Fiber optic,No,Yes,No,No,No,No,Month-to-month,1,Bank transfer (automatic),74.6,239.05,0,46.138454543628065,2.4237336415171016,2.4237336415171016,Q1
7016-NVRIC,Male,1,1,0,29,1,No,Fiber optic,Yes,No,Yes,No,No,Yes,One year,0,Bank transfer (automatic),90.1,2656.7,0,52.95140240348813,2.422855747329683,2.422855747329683,Q1
0219-QAERP,Male,0,1,0,30,1,No,No,No internet service,No internet service,No internet service,No internet service,No internet service,No internet service,One year,0,Credit card (automatic),19.8,576.65,0,14.693059078949474,2.4177524348916717,2.4177524348916717,Q1
6137-MFAJN,Female,0,0,0,48,0,No phone service,DSL,Yes,Yes,No,No,Yes,No,Month-to-month,1,Electronic check,44.8,2104.55,0,54.92743369516321,2.4174138444052993,2.4174138444052993,Q1
3128-YOVTD,Female,0,1,1,51,1,No,Fiber optic,Yes,Yes,No,No,No,No,Month-to-month,1,Bank transfer (automatic),79.15,4018.55,0,43.64811645493653,2.4172401729645654,2.4172401729645654,Q1
2673-CXQEU,Female,1,0,0,56,1,Yes,Fiber optic,Yes,Yes,Yes,No,Yes,Yes,One year,0,Electronic check,110.5,6139.5,0,5.350191077806192,2.4159496513522947,2.4159496513522947,Q1
4312-KFRXN,Male,0,1,0,72,1,Yes,No,No internet service,No internet service,No internet service,No internet service,No internet service,No internet service,Two year,0,Mailed check,25.4,1710.9,0,0.3868097438609515,2.415468776435379,2.415468776435379,Q1
6689-VRRTK,Female,1,0,0,44,1,Yes,Fiber optic,Yes,Yes,Yes,No,Yes,Yes,One year,1,Credit card (automatic),109.8,4860.35,0,29.206393306738864,2.4128141854830822,2.4128141854830822,Q1
7103-IPXPJ,Male,0,1,0,50,1,Yes,Fiber optic,No,No,No,Yes,Yes,Yes,One year,0,Electronic check,99.4,5059.75,0,57.64575728583925,2.4116732810495316,2.4116732810495316,Q1
2138-VFAPZ,Female,0,1,1,14,1,No,No,No internet service,No internet service,No internet service,No internet service,No internet service,No internet service,Two year,1,Mailed check,19.7,263.65,0,14.016488567601144,2.4043926106203264,2.4043926106203264,Q1
3327-YBAKM,Female,0,1,0,64,1,No,Fiber optic,Yes,No,No,Yes,Yes,Yes,One year,1,Mailed check,96.9,6314.35,0,55.14303014904808,2.4028570770621553,2.4028570770621553,Q1
8777-MBMTS,Female,1,1,0,65,1,No,Fiber optic,No,Yes,Yes,Yes,Yes,Yes,Two year,1,Credit card (automatic),105.85,6725.5,0,5.8724782965156725,2.399963612880769,2.399963612880769,Q1
8947-YRTDV,Male,0,1,1,32,1,No,Fiber optic,Yes,Yes,Yes,No,No,Yes,One year,0,Mailed check,94.8,3131.55,0,7.985982761467401,2.3944798514962455,2.3944798514962455,Q1
2419-FSORS,Male,0,1,0,72,1,Yes,Fiber optic,No,Yes,Yes,Yes,Yes,Yes,Two year,1,Electronic check,108.4,7719.5,0,1.8595837269281226,2.393561835161247,2.393561835161247,Q1
6177-PEVRA,Female,0,0,0,48,1,No,DSL,Yes,Yes,No,No,No,No,Two year,0,Credit card (automatic),55.5,2627.35,0,0.6793321776464823,2.3934376025227313,2.3934376025227313,Q1
9371-BITHB,Female,0,1,1,52,1,No,No,No internet service,No internet service,No internet service,No internet service,No internet service,No internet service,Two year,0,Mailed check,19.85,1070.5,0,25.053609617880195,2.3859522256114407,2.3859522256114407,Q1
2205-LPVGL,Male,1,1,1,58,1,Yes,Fiber optic,Yes,Yes,No,Yes,No,No,One year,1,Bank transfer (automatic),89.85,5125.75,0,0.7585542950539853,2.385153850469378,2.385153850469378,Q1
3569-EDBPQ,Female,0,0,0,24,1,Yes,Fiber optic,Yes,No,No,Yes,No,No,Month-to-month,1,Electronic check,84.35,1938.05,0,0.6916913662521731,2.384122987080455,2.384122987080455,Q1
6261-LHRTG,Female,0,0,0,26,1,No,DSL,No,Yes,Yes,No,No,No,Month-to-month,1,Credit card (automatic),54.75,1406.9,0,23.27917755135868,2.3841108404332676,2.3841108404332676,Q1
4311-QTTAI,Female,0,0,0,16,1,No,No,No internet service,No internet service,No internet service,No internet service,No internet service,No internet service,One year,0,Credit card (automatic),19.35,295.55,0,57.12306980999474,2.38384462703631,2.38384462703631,Q1
7605-BDWDC,Female,0,0,0,31,0,No phone service,DSL,Yes,Yes,No,Yes,No,Yes,Two year,1,Bank transfer (automatic),49.85,1520.1,0,1.662401313521062,2.3750504335115905,2.3750504335115905,Q1
9847-HNVGP,Male,0,0,0,17,1,No,No,No internet service,No internet service,No internet service,No internet service,No internet service,No internet service,One year,0,Mailed check,19.95,310.6,0,1.1143158566561377,2.374656328854486,2.374656328854486,Q1
8904-OPDCK,Male,1,1,0,54,0,No phone service,DSL,No,No,No,No,No,No,Month-to-month,1,Bank transfer (automatic),24.95,1364.75,0,5.401601694812206,2.3729625510165433,2.3729625510165433,Q1
0056-EPFBG,Male,0,1,1,20,0,No phone service,DSL,Yes,No,Yes,Yes,No,No,Two year,1,Credit card (automatic),39.4,825.4,0,25.80330672217323,2.3684330344754847,2.3684330344754847,Q1
7508-KBIMB,Male,0,1,1,24,1,No,DSL,Yes,No,Yes,No,No,No,One year,1,Credit card (automatic),56.25,1454.25,0,52.339286711441645,2.367068837968727,2.367068837968727,Q1
8100-PNJMH,Male,0,1,1,68,1,Yes,DSL,Yes,Yes,Yes,Yes,Yes,Yes,Two year,1,Credit card (automatic),88.85,6132.7,0,39.12188043831299,2.3647844984340716,2.3647844984340716,Q1
7156-MXBJE,Female,0,0,0,43,1,Yes,DSL,No,Yes,Yes,Yes,Yes,Yes,One year,0,Credit card (automatic),85.1,3662.25,0,27.13451063087965,2.364566994901029,2.364566994901029,Q1
1172-VIYBP,Male,0,1,1,53,1,Yes,DSL,Yes,Yes,No,No,No,Yes,Two year,0,Bank transfer (automatic),69.7,3686.05,0,0.9906607790487323,2.3632227985755936,2.3632227985755936,Q1
9483-GCPWE,Male,0,0,1,9,1,No,No,No internet service,No internet service,No internet service,No internet service,No internet service,No internet service,One year,0,Mailed check,20.1,190.25,0,18.96147600917507,2.3611953483126893,2.3611953483126893,Q1
2607-FBDFF,Male,0,0,0,1,1,No,DSL,No,No,No,Yes,No,No,Month-to-month,0,Credit card (automatic),49.0,49.0,0,37.835423989806536,2.3573860074996533,2.3573860074996533,Q1
6574-MCOEH,Female,0,1,1,33,1,Yes,DSL,No,No,Yes,Yes,Yes,Yes,One year,1,Electronic check,79.15,2531.4,0,26.11057929297872,2.3556103109718056,2.3556103109718056,Q1
8932-CZHRQ,Male,0,0,0,68,1,Yes,DSL,Yes,Yes,Yes,No,No,Yes,One year,0,Credit card (automatic),76.75,5233.25,0,1.9668068060701749,2.3525940128519998,2.3525940128519998,Q1
1357-MVDOZ,Male,0,1,1,11,1,No,DSL,No,No,Yes,No,Yes,No,Month-to-month,1,Bank transfer (automatic),59.65,683.25,0,30.205015913652066,2.3521314796698496,2.3521314796698496,Q1
8510-BBWMU,Female,0,0,0,41,1,No,No,No internet service,No internet service,No internet service,No internet service,No internet service,No internet service,One year,1,Mailed check,19.75,806.95,0,52.29133084705534,2.3521033081749882,2.3521033081749882,Q1
5365-LLFYV,Female,0,0,0,2,1,No,DSL,No,No,No,No,No,No,Month-to-month,1,Mailed check,45.85,105.6,0,3.3432723214412126,2.3344544282660222,2.3344544282660222,Q1
9924-JPRMC,Male,0,0,0,72,1,Yes,Fiber optic,Yes,Yes,Yes,Yes,Yes,Yes,Two year,1,Electronic check,118.2,8547.15,0,4.604950654039868,2.33224819746415,2.33224819746415,Q1
5088-QZLRL,Male,0,0,0,1,1,No,No,No internet service,No internet service,No internet service,No internet service,No internet service,No internet service,Month-to-month,0,Electronic check,20.65,20.65,0,60.55492913991433,2.330980545404723,2.330980545404723,Q1
1403-GYAFU,Male,0,1,1,70,1,No,No,No internet service,No internet service,No internet service,No internet service,No internet service,No internet service,Two year,0,Credit card (automatic),20.05,1360.25,0,48.56944670869533,2.330848094753912,2.330848094753912,Q1
2040-XBAVJ,Male,0,1,1,72,1,Yes,Fiber optic,Yes,Yes,Yes,Yes,Yes,Yes,Two year,0,Bank transfer (automatic),114.45,8100.55,0,30.838834924197805,2.323122358075917,2.323122358075917,Q1
3130-ICDUP,Female,0,0,1,2,1,Yes,Fiber optic,Yes,No,No,No,No,No,Month-to-month,0,Credit card (automatic),80.55,188.1,0,59.78977466744306,2.320641000673235,2.320641000673235,Q1
8016-NCFVO,Male,1,0,0,55,1,Yes,Fiber optic,Yes,Yes,Yes,Yes,Yes,Yes,Month-to-month,1,Electronic check,116.5,6382.55,0,1.7382381409015188,2.318738060211321,2.318738060211321,Q1
5447-VYTKW,Male,0,0,0,27,1,No,DSL,Yes,No,No,Yes,No,No,Month-to-month,0,Mailed check,53.45,1461.45,0,18.640949772392652,33.94436704314546,2.3130735883371756,Q1
3407-JMJQQ,Female,0,1,1,71,1,Yes,Fiber optic,Yes,Yes,Yes,No,Yes,Yes,Two year,1,Bank transfer (automatic),109.0,7661.8,0,43.26715293926988,2.3075428211922517,2.3075428211922517,Q1
5404-GGUKR,Male,0,0,0,5,1,No,DSL,No,Yes,No,No,No,No,Month-to-month,1,Electronic check,51.35,262.3,0,58.96809567872933,2.302599410440447,2.302599410440447,Q1
0106-GHRQR,Male,0,0,0,16,1,Yes,DSL,No,Yes,Yes,No,No,Yes,Month-to-month,1,Bank transfer (automatic),71.4,1212.1,0,48.713809002606126,2.2963380518228944,2.2963380518228944,Q1
4299-OPXEJ,Female,0,0,0,56,1,No,No,No internet service,No internet service,No internet service,No internet service,No internet service,No internet service,Two year,1,Bank transfer (automatic),19.55,1080.55,0,8.267319350988164,2.2935681976483058,2.2935681976483058,Q1
9227-UAQFT,Male,0,0,0,16,1,No,No,No internet service,No internet service,No internet service,No internet service,No internet service,No internet service,Two year,0,Mailed check,19.75,284.35,0,1.4622256963931577,2.2935414220861037,2.2935414220861037,Q1
6543-JXSOO,Female,0,1,1,23,1,No,DSL,Yes,Yes,No,Yes,No,No,One year,1,Mailed check,57.75,1282.85,0,31.85007521200034,2.2925863061657012,2.2925863061657012,Q1
2018-QKYGT,Male,0,1,1,1,1,No,Fiber optic,No,No,No,No,No,Yes,Month-to-month,1,Electronic check,81.05,81.05,0,1.12566843839486,2.289452065289614,2.289452065289614,Q1
1442-OKRJE,Male,0,1,1,66,1,No,Fiber optic,Yes,Yes,Yes,No,Yes,Yes,One year,1,Bank transfer (automatic),103.15,7031.3,0,10.585163726178582,2.2826594842188332,2.2826594842188332,Q1
5240-CAOYT,Female,0,0,0,57,1,Yes,Fiber optic,Yes,Yes,No,Yes,No,No,Month-to-month,1,Bank transfer (automatic),87.55,4884.85,0,2.1165067205937067,2.281167008202485,2.281167008202485,Q1
0096-BXERS,Female,0,1,0,6,1,Yes,DSL,No,No,No,No,No,No,Month-to-month,0,Electronic check,50.35,314.55,0,2.3075428211922517,2.278578050872473,2.278578050872473,Q1
2887-JPYLU,Female,0,0,1,41,1,No,DSL,No,No,No,No,No,No,Month-to-month,0,Bank transfer (automatic),45.2,1841.9,0,40.62549292455645,2.27644871510167,2.27644871510167,Q1
5313-FPXWG,Male,0,0,0,51,1,Yes,No,No internet service,No internet service,No internet service,No internet service,No internet service,No internet service,One year,1,Bank transfer (automatic),24.6,1266.4,0,1.116074007114739,2.2749674422493196,2.2749674422493196,Q1
5897-ZYEKH,Female,1,1,0,67,1,Yes,Fiber optic,Yes,Yes,No,No,Yes,Yes,One year,1,Electronic check,105.6,7112.15,0,6.087893546904857,2.273483530411094,2.273483530411094,Q1
5993-JSUWV,Female,0,0,0,66,1,No,DSL,Yes,Yes,Yes,No,No,No,Two year,1,Bank transfer (automatic),61.15,4017.45,0,41.826312087226185,2.261229353094782,2.261229353094782,Q1
3507-GASNP,Male,0,0,1,60,1,No,No,No internet service,No internet service,No internet service,No internet service,No internet service,No internet service,Two year,0,Mailed check,19.95,1189.9,0,20.973426247085204,2.2602187361118626,2.2602187361118626,Q1
9018-PCIOK,Female,0,0,0,55,1,No,DSL,No,Yes,Yes,No,No,Yes,Two year,1,Mailed check,64.75,3617.1,0,12.471635532906244,2.254318589126477,2.254318589126477,Q1
7644-OMVMY,Male,0,1,1,0,1,No,No,No internet service,No internet service,No internet service,No internet service,No internet service,No internet service,Two year,0,Mailed check,19.85,,0,1.027174035683561,2.251970884868771,2.251970884868771,Q1
1226-JZNKR,Female,0,1,1,8,1,No,No,No internet service,No internet service,No internet service,No internet service,No internet service,No internet service,One year,0,Electronic check,19.8,160.05,0,7.942875110162419,2.2500516386130354,2.2500516386130354,Q1
9498-FIMXL,Female,0,0,0,8,1,No,No,No internet service,No internet service,No internet service,No internet service,No internet service,No internet service,One year,1,Mailed check,19.2,161.95,0,56.08986800685574,2.248665360048562,2.248665360048562,Q1
6051-PTVNS,Female,0,1,1,55,1,No,No,No internet service,No internet service,No internet service,No internet service,No internet service,No internet service,One year,0,Credit card (automatic),19.15,998.1,0,4.574821146763667,2.2473487004858637,2.2473487004858637,Q1
7129-ACFOG,Female,0,0,0,5,1,Yes,DSL,Yes,No,No,No,No,No,Month-to-month,1,Electronic check,53.8,283.95,0,0.70994390724194,2.2444490263981396,2.2444490263981396,Q1
5505-OVWQW,Female,0,0,0,17,1,No,No,No internet service,No internet service,No internet service,No internet service,No internet service,No internet service,One year,0,Mailed check,20.15,353.65,0,2.3729625510165433,2.244439956957543,2.244439956957543,Q1
7013-PSXHK,Female,0,0,0,40,1,Yes,DSL,No,No,Yes,Yes,Yes,Yes,One year,1,Mailed check,80.75,3208.65,0,13.068957354777112,2.240802137326829,2.240802137326829,Q1
7225-IILWY,Male,0,1,1,68,1,Yes,No,No internet service,No internet service,No internet service,No internet service,No internet service,No internet service,Two year,0,Mailed check,25.75,1686.15,0,48.76898075014349,2.240389502902849,2.240389502902849,Q1
6122-LJADA,Male,0,1,1,70,1,Yes,DSL,Yes,Yes,Yes,Yes,Yes,Yes,Two year,1,Credit card (automatic),90.15,6237.05,0,71.05947273314628,2.237484978284728,2.237484978284728,Q1
9754-CLVZW,Female,0,1,1,26,0,No phone service,DSL,Yes,Yes,No,Yes,No,No,Month-to-month,0,Credit card (automatic),38.85,1025.15,0,4.818814412248296,2.2344962259549566,2.2344962259549566,Q1
0654-PQKDW,Female,0,1,1,62,1,No,DSL,Yes,No,Yes,Yes,Yes,No,One year,1,Bank transfer (automatic),70.75,4263.45,0,0.7770672561854766,2.230178336204692,2.230178336204692,Q1
4291-TPNFG,Male,0,1,0,72,1,Yes,DSL,Yes,Yes,Yes,Yes,No,Yes,Two year,1,Bank transfer (automatic),82.3,5980.55,0,57.7314522039335,2.225081904992653,2.225081904992653,Q1
6173-GOLSU,Male,1,1,0,67,1,Yes,Fiber optic,No,No,No,No,Yes,Yes,Month-to-month,1,Credit card (automatic),94.65,6079.0,0,3.484893132328877,2.221040020266528,2.221040020266528,Q1
9385-NXKDA,Female,0,1,0,72,1,Yes,DSL,Yes,Yes,Yes,No,Yes,Yes,Two year,1,Credit card (automatic),82.65,5919.35,0,0.7396492078520379,2.2188385966525925,2.2188385966525925,Q1
3721-WKIIL,Female,0,0,0,27,1,No,No,No internet service,No internet service,No internet service,No internet service,No internet service,No internet service,Two year,1,Mailed check,19.6,561.15,0,0.7428062976435279,2.215427720844017,2.215427720844017,Q1
2924-KHUVI,Male,0,1,0,56,1,Yes,Fiber optic,Yes,No,No,No,Yes,Yes,One year,1,Electronic check,100.55,5514.95,0,2.766546007192248,2.215033623271733,2.215033623271733,Q1
1025-FALIX,Female,0,0,0,26,1,No,Fiber optic,No,No,No,No,No,No,Month-to-month,1,Credit card (automatic),69.05,1815.65,0,0.8881095934492387,2.2119352178156446,2.2119352178156446,Q1
9823-EALYC,Male,0,1,1,72,1,Yes,DSL,Yes,Yes,Yes,Yes,Yes,No,Two year,1,Bank transfer (automatic),80.85,5727.45,0,10.723402971879807,2.203277724855506,2.203277724855506,Q1
8961-QDZZJ,Female,0,1,1,57,1,No,Fiber optic,No,Yes,No,No,Yes,Yes,One year,1,Electronic check,95.0,5535.8,0,14.383541593531893,2.1976469608855664,2.1976469608855664,Q1
3428-MMGUB,Male,0,0,0,60,1,Yes,Fiber optic,No,No,Yes,No,Yes,No,Two year,1,Electronic check,89.55,5231.2,0,11.480892520622128,2.1962128100358114,2.1962128100358114,Q1
4781-ZXYGU,Male,0,1,1,1,1,No,No,No internet service,No internet service,No internet service,No internet service,No internet service,No internet service,Month-to-month,1,Bank transfer (automatic),20.15,20.15,0,15.360567058086772,2.195974373964199,2.195974373964199,Q1
2332-TODQS,Female,0,0,0,48,1,Yes,No,No internet service,No internet service,No internet service,No internet service,No internet service,No internet service,One year,0,Credit card (automatic),25.05,1171.5,0,0.5763298896154685,2.1956364413925464,2.1956364413925464,Q1
4890-VMUAV,Male,0,0,0,63,1,Yes,DSL,Yes,Yes,Yes,Yes,No,No,One year,0,Electronic check,71.5,4576.3,0,5.175520321079265,2.191922553606124,2.191922553606124,Q1
9717-IOAAF,Male,0,0,1,27,1,Yes,No,No internet service,No internet service,No internet service,No internet service,No internet service,No internet service,Two year,1,Credit card (automatic),25.85,788.55,0,5.1458731668695314,2.190124709914723,2.190124709914723,Q1
8990-ZXLSU,Female,0,0,0,9,1,No,Fiber optic,No,No,No,No,No,No,Month-to-month,0,Electronic check,69.05,651.5,0,48.01267768054293,2.189508187766703,2.189508187766703,Q1
3178-CIFOT,Female,0,0,0,23,1,No,No,No internet service,No internet service,No internet service,No internet service,No internet service,No internet service,One year,1,Credit card (automatic),19.65,478.1,0,35.212767834398704,2.18584366739728,2.18584366739728,Q1
7976-CICYS,Male,0,0,0,4,1,No,No,No internet service,No internet service,No internet service,No internet service,No internet service,No internet service,Month-to-month,1,Credit card (automatic),20.7,83.75,0,1.754728441150296,2.1852149372685776,2.1852149372685776,Q1
8242-JSVBO,Male,0,0,0,7,1,No,DSL,No,No,No,No,No,No,Month-to-month,1,Bank transfer (automatic),44.65,322.5,0,39.018679917936225,2.183847185700953,2.183847185700953,Q1
2233-TXSIU,Male,0,1,1,17,0,No phone service,DSL,Yes,No,Yes,No,Yes,No,One year,0,Credit card (automatic),44.45,792.15,0,15.589013569961402,2.1745696889742794,2.1745696889742794,Q1
0567-GGCAC,Female,0,0,0,7,1,No,DSL,Yes,Yes,Yes,No,No,No,Month-to-month,0,Electronic check,61.4,438.9,0,2.3841108404332676,2.167474631704264,2.167474631704264,Q1
5914-XRFQB,Male,0,1,0,72,1,Yes,Fiber optic,Yes,Yes,Yes,Yes,Yes,Yes,Two year,1,Bank transfer (automatic),115.8,8424.9,0,1.1528045657273345,2.167322650504876,2.167322650504876,Q1
2669-QVCRG,Female,0,0,0,41,1,Yes,Fiber optic,Yes,No,No,No,No,No,Month-to-month,1,Credit card (automatic),81.3,3190.65,0,18.758272314761598,2.165502639425994,2.165502639425994,Q1
8191-XWSZG,Female,0,0,0,52,1,No,No,No internet service,No internet service,No internet service,No internet service,No internet service,No internet service,One year,0,Mailed check,20.65,1022.95,0,25.453911556461783,2.1619087691604006,2.1619087691604006,Q1
5996-NRVXR,Male,1,1,0,40,1,No,Fiber optic,Yes,Yes,Yes,Yes,Yes,No,One year,1,Credit card (automatic),98.15,4116.8,0,1.8266926030478499,2.1548015290445193,2.1548015290445193,Q1
3777-XROBG,Female,0,1,1,58,1,No,No,No internet service,No internet service,No internet service,No internet service,No internet service,No internet service,Two year,0,Credit card (automatic),19.55,1079.65,0,10.79804921539716,2.1525595311371273,2.1525595311371273,Q1
4482-FTFFX,Male,0,0,0,5,1,No,DSL,No,No,Yes,Yes,No,No,Month-to-month,0,Electronic check,56.15,291.45,0,0.5993555647847902,2.149312432939259,2.149312432939259,Q1
4323-ELYYB,Male,0,1,1,13,1,No,No,No internet service,No internet service,No internet service,No internet service,No internet service,No internet service,One year,0,Mailed check,20.0,218.55,0,26.27920490107235,2.1384428732548217,2.1384428732548217,Q1
2077-MPJQO,Male,1,1,0,7,1,Yes,Fiber optic,No,No,No,No,No,No,Month-to-month,1,Electronic check,75.4,533.05,0,4.355743869778879,2.1356634960781284,2.1356634960781284,Q1
9398-MMQTO,Male,0,0,0,3,1,No,Fiber optic,No,Yes,No,No,No,No,Month-to-month,0,Credit card (automatic),74.45,221.1,0,4.044371480543286,2.1327995530814348,2.1327995530814348,Q1
2215-ZAFGX,Male,0,0,0,9,1,Yes,Fiber optic,No,No,No,No,Yes,No,Month-to-month,1,Electronic check,85.5,791.7,0,56.714395867084086,2.132623905139769,2.132623905139769,Q1
2272-JKMSI,Female,0,1,1,62,1,Yes,Fiber optic,No,Yes,Yes,Yes,Yes,Yes,One year,1,Electronic check,110.8,6840.95,0,2.902588007291073,2.1319165144867607,2.1319165144867607,Q1
6357-JJPQT,Female,0,0,0,3,1,No,Fiber optic,No,No,No,No,Yes,No,Month-to-month,1,Electronic check,80.5,232.35,0,8.31291687148894,2.127663622987393,2.127663622987393,Q1
9967-ATRFS,Female,0,0,0,19,1,No,No,No internet service,No internet service,No internet service,No internet service,No internet service,No internet service,Month-to-month,0,Mailed check,19.9,367.55,0,18.390229524690298,2.126545144196375,2.126545144196375,Q1
6917-IAYHD,Male,0,0,1,1,0,No phone service,DSL,No,Yes,No,Yes,No,No,Month-to-month,0,Mailed check,33.6,33.6,0,43.371220569602364,2.125832260093299,2.125832260093299,Q1
3398-GCPMU,Female,1,1,1,72,1,Yes,DSL,Yes,Yes,Yes,Yes,Yes,Yes,Two year,1,Credit card (automatic),89.55,6448.85,0,4.506378807562875,2.1258155464522295,2.1258155464522295,Q1
2000-DHJUY,Female,1,1,0,70,1,Yes,DSL,Yes,Yes,Yes,Yes,Yes,Yes,Two year,1,Bank transfer (automatic),92.2,6474.45,0,7.942863155461286,2.121470709765106,2.121470709765106,Q1
5119-KEPFY,Male,0,1,0,36,1,Yes,Fiber optic,No,No,No,No,Yes,Yes,Month-to-month,1,Bank transfer (automatic),95.0,3440.25,0,37.22941920807846,2.117975947430261,2.117975947430261,Q1
7021-XSNYE,Male,0,1,1,7,0,No phone service,DSL,Yes,No,Yes,Yes,No,Yes,Two year,0,Credit card (automatic),49.65,305.55,0,1.404047780962076,2.1179697842487015,2.1179697842487015,Q1
0058-EVZWM,Female,0,1,0,55,1,Yes,Fiber optic,Yes,No,No,No,Yes,No,Month-to-month,1,Bank transfer (automatic),89.8,4959.6,0,2.3556103109718056,2.1177327429944843,2.1177327429944843,Q1
8903-XEBGX,Male,0,0,1,2,1,No,DSL,No,No,No,No,No,Yes,Month-to-month,1,Electronic check,55.3,108.65,0,13.443335931564496,2.1165067205937067,2.1165067205937067,Q1
1104-FEJAM,Male,0,1,1,28,1,Yes,DSL,No,Yes,No,No,No,Yes,Month-to-month,0,Electronic check,64.4,1802.15,0,12.78462900489315,2.108815686566275,2.108815686566275,Q1
2480-EJWYP,Female,1,1,0,58,1,Yes,Fiber optic,No,Yes,No,No,Yes,Yes,One year,1,Bank transfer (automatic),97.8,5458.8,0,43.911570470922086,2.1079332037969016,2.1079332037969016,Q1
2239-CFOUJ,Male,0,1,1,1,1,No,No,No internet service,No internet service,No internet service,No internet service,No internet service,No internet service,One year,0,Mailed check,20.4,20.4,0,3.8083971849001976,2.105525150684411,2.105525150684411,Q1
2826-DXLQO,Male,1,1,0,7,0,No phone service,DSL,Yes,No,No,No,No,No,Month-to-month,0,Bank transfer (automatic),29.8,220.45,0,74.30236802049185,2.1040475083663237,2.1040475083663237,Q1
6365-HITVU,Female,0,1,1,71,1,No,DSL,Yes,Yes,Yes,Yes,Yes,Yes,Two year,0,Credit card (automatic),87.25,6328.7,0,3.7100791550656957,2.103066030073624,2.103066030073624,Q1
3146-MSEGF,Female,1,1,1,72,1,Yes,DSL,Yes,Yes,Yes,Yes,Yes,Yes,Two year,1,Credit card (automatic),88.05,6425.65,0,0.5489804698499692,2.1022357497970616,2.1022357497970616,Q1
6266-QHOJZ,Female,0,0,0,65,1,Yes,Fiber optic,Yes,Yes,No,Yes,No,No,One year,1,Electronic check,89.85,5844.65,0,7.685436733252832,2.0932603523186115,2.0932603523186115,Q1
3896-RCYYE,Female,0,0,0,67,0,No phone service,DSL,No,No,Yes,Yes,Yes,Yes,Month-to-month,1,Credit card (automatic),53.4,3579.15,0,72.36625532774237,2.0863034419263644,2.0863034419263644,Q1
9500-WBGRP,Male,0,0,0,69,1,No,No,No internet service,No internet service,No internet service,No internet service,No internet service,No internet service,Two year,1,Mailed check,19.1,1268.85,0,7.59113506479952,2.0831923036083064,2.0831923036083064,Q1
5666-MBJPT,Male,0,0,0,65,1,Yes,No,No internet service,No internet service,No internet service,No internet service,No internet service,No internet service,Two year,1,Bank transfer (automatic),25.1,1725.0,0,0.4419093333411921,2.0796390071053485,2.0796390071053485,Q1
2040-VZIKE,Female,0,1,0,49,1,Yes,Fiber optic,Yes,No,No,No,Yes,Yes,Month-to-month,1,Mailed check,100.85,4847.35,0,0.356567323106049,2.078410621359119,2.078410621359119,Q1
6483-OATDN,Male,0,1,1,8,1,No,DSL,Yes,No,No,No,No,No,Month-to-month,1,Credit card (automatic),51.3,411.6,0,2.7728975611572735,2.0732297215979503,2.0732297215979503,Q1
6082-OQFBA,Male,0,1,1,23,1,No,No,No internet service,No internet service,No internet service,No internet service,No internet service,No internet service,One year,0,Mailed check,19.65,436.9,0,1.1646821151330096,2.07262937136117,2.07262937136117,Q1
5578-NKCXI,Female,0,1,1,58,1,No,Fiber optic,Yes,Yes,No,No,Yes,Yes,One year,0,Credit card (automatic),99.25,5846.65,0,2.3944798514962455,2.068651003692862,2.068651003692862,Q1
9867-NNXLC,Female,0,0,0,22,1,No,No,No internet service,No internet service,No internet service,No internet service,No internet service,No internet service,Month-to-month,1,Mailed check,20.05,470.2,0,30.77080654253228,2.065033847714882,2.065033847714882,Q1
7733-UDMTP,Female,1,0,0,57,0,No phone service,DSL,No,Yes,Yes,No,Yes,Yes,Month-to-month,1,Electronic check,55.0,3094.05,0,76.67554619041745,2.064919247740837,2.064919247740837,Q1
3908-MKIMJ,Male,1,1,0,68,0,No phone service,DSL,Yes,Yes,Yes,No,No,No,Two year,1,Electronic check,41.95,2965.75,0,1.056152496909537,2.063991954221875,2.063991954221875,Q1
1226-IENZN,Male,1,0,0,16,1,No,Fiber optic,No,No,No,No,No,Yes,Month-to-month,1,Electronic check,78.75,1218.25,0,1.963653003378057,2.058941970749629,2.058941970749629,Q1
1096-ADRUX,Female,0,1,1,66,1,Yes,Fiber optic,No,No,No,No,No,No,One year,1,Bank transfer (automatic),74.25,4859.25,0,0.2843265086839948,2.056465915083568,2.056465915083568,Q1
4536-PLEQY,Male,0,1,0,12,1,No,Fiber optic,No,Yes,No,No,No,Yes,Month-to-month,1,Credit card (automatic),85.05,999.8,0,5.605423789204135,2.0533688706445687,2.0533688706445687,Q1
1265-HVPZB,Male,0,1,0,59,1,No,DSL,Yes,Yes,Yes,No,Yes,No,One year,0,Credit card (automatic),66.4,3958.2,0,6.927731093179392,2.0527657155768977,2.0527657155768977,Q1
8626-XHBIE,Male,0,0,1,56,1,Yes,No,No internet service,No internet service,No internet service,No internet service,No internet service,No internet service,Two year,1,Mailed check,24.8,1424.2,0,46.36509588589672,2.0516189230194066,2.0516189230194066,Q1
5944-UGLLK,Male,0,0,0,53,0,No phone service,DSL,No,No,Yes,Yes,Yes,Yes,One year,0,Credit card (automatic),54.9,3045.75,0,7.9811955706018844,2.0455573111308816,2.0455573111308816,Q1
1439-LCGVL,Female,0,1,0,26,1,No,No,No internet service,No internet service,No internet service,No internet service,No internet service,No internet service,One year,0,Mailed check,19.2,459.6,0,26.23638832298353,2.0430314112346655,2.0430314112346655,Q1
9274-UARKJ,Female,0,0,0,15,1,No,Fiber optic,No,Yes,No,No,Yes,No,Month-to-month,1,Bank transfer (automatic),83.2,1130.0,0,14.098646935063751,2.0419851851529525,2.0419851851529525,Q1
1353-LJWEM,Male,0,0,0,11,1,No,DSL,No,Yes,Yes,Yes,No,No,Month-to-month,1,Electronic check,60.9,688.5,0,63.754362198893254,2.0371797417920523,2.0371797417920523,Q1
1729-VLAZJ,Female,0,0,1,10,0,No phone service,DSL,Yes,Yes,No,Yes,No,No,One year,0,Mailed check,40.25,411.45,0,18.40376736382302,2.036801347004661,2.036801347004661,Q1
2821-WARNZ,Female,0,0,1,49,1,No,No,No internet service,No internet service,No internet service,No internet service,No internet service,No internet service,One year,0,Credit card (automatic),19.45,921.3,0,2.07262937136117,2.0351187529663326,2.0351187529663326,Q1
0310-SUCIN,Female,0,1,0,71,1,No,DSL,Yes,Yes,Yes,Yes,Yes,Yes,One year,1,Bank transfer (automatic),84.8,6046.1,0,16.25592429775362,2.0342007903580246,2.0342007903580246,Q1
3301-LSLWQ,Female,0,0,0,29,1,Yes,DSL,Yes,No,No,No,No,Yes,Month-to-month,1,Electronic check,66.1,1912.15,0,1.8232982395649335,2.0337551186663743,2.0337551186663743,Q1
7129-CAKJW,Female,0,0,0,17,1,Yes,Fiber optic,No,No,Yes,No,No,No,Month-to-month,0,Bank transfer (automatic),80.05,1345.65,0,1.1225463023082516,2.029387260791394,2.029387260791394,Q1
8619-IJNDK,Female,0,1,1,71,1,No,DSL,Yes,Yes,Yes,Yes,No,No,Two year,0,Credit card (automatic),64.05,4492.9,0,31.20071413687454,2.025885600288958,2.025885600288958,Q1
6023-GSSXW,Female,0,1,0,69,1,No,DSL,No,Yes,No,No,No,Yes,Two year,1,Credit card (automatic),61.45,4131.2,0,15.62130719113543,2.0220501631840793,2.0220501631840793,Q1
7163-OCEQI,Male,0,1,1,22,1,Yes,DSL,No,No,Yes,Yes,Yes,Yes,One year,1,Mailed check,78.65,1663.75,0,20.716025866742484,2.0163232451692283,2.0163232451692283,Q1
5868-YTYKS,Male,0,0,1,1,1,No,No,No internet service,No internet service,No internet service,No internet service,No internet service,No internet service,Month-to-month,1,Mailed check,20.25,20.25,0,18.132494186474254,2.0160494399106983,2.0160494399106983,Q1
9619-GSATL,Female,0,0,0,43,1,No,DSL,No,Yes,No,Yes,No,No,One year,0,Electronic check,55.45,2444.25,0,11.506017426021517,2.014805783696019,2.014805783696019,Q1
9505-SQFSW,Female,0,1,1,3,0,No phone service,DSL,No,Yes,No,No,No,Yes,Month-to-month,0,Mailed check,40.3,92.5,0,18.027644909607922,2.0088339104116764,2.0088339104116764,Q1
6253-WRFHY,Male,0,1,1,13,1,No,DSL,No,No,No,No,Yes,Yes,One year,1,Electronic check,64.75,877.35,0,4.606183702927262,2.0055035899017564,2.0055035899017564,Q1
8395-ETZKQ,Male,1,1,1,68,1,No,No,No internet service,No internet service,No internet service,No internet service,No internet service,No internet service,One year,0,Bank transfer (automatic),19.5,1193.55,0,14.49519817547998,2.003911385575953,2.003911385575953,Q1
7868-TMWMZ,Female,1,1,0,60,1,No,Fiber optic,Yes,Yes,Yes,Yes,Yes,Yes,Two year,1,Bank transfer (automatic),110.0,6668.35,0,0.9523339374821533,1.9975689627011444,1.9975689627011444,Q1
2558-BUOZZ,Male,0,0,0,47,1,Yes,Fiber optic,Yes,Yes,No,No,Yes,No,One year,0,Bank transfer (automatic),94.8,4535.85,0,15.86717884230991,1.9964374731755312,1.9964374731755312,Q1
1848-LBZHY,Female,0,1,0,7,1,No,DSL,Yes,No,No,No,No,No,Month-to-month,1,Bank transfer (automatic),50.3,355.1,0,2.91730837942586,1.9957611140876463,1.9957611140876463,Q1
6259-WJQLC,Male,1,0,0,32,1,Yes,Fiber optic,No,No,Yes,No,No,No,Month-to-month,1,Credit card (automatic),81.1,2619.25,0,0.4004448524522829,1.9923596872356315,1.9923596872356315,Q1
3108-PCCGG,Male,1,1,0,72,1,Yes,DSL,Yes,Yes,Yes,No,Yes,Yes,Two year,0,Credit card (automatic),84.45,5899.85,0,22.916289726210533,1.9902900217656863,1.9902900217656863,Q1
5063-IUOKK,Male,0,0,0,13,1,No,No,No internet service,No internet service,No internet service,No internet service,No internet service,No internet service,Two year,0,Mailed check,19.75,265.75,0,4.014058954097019,1.9899687516544418,1.9899687516544418,Q1
6416-YJTTB,Male,0,0,0,11,1,No,Fiber optic,Yes,No,Yes,No,No,No,Month-to-month,1,Bank transfer (automatic),79.5,795.65,0,6.520784782556277,1.9820683740601281,1.9820683740601281,Q1
4060-LDNLU,Male,0,0,0,7,1,Yes,Fiber optic,No,No,No,No,Yes,Yes,Month-to-month,0,Electronic check,96.2,639.7,0,15.457036584230138,1.9804523597374348,1.9804523597374348,Q1
6121-TNHBO,Female,1,0,0,63,1,Yes,DSL,Yes,Yes,Yes,Yes,Yes,No,One year,0,Bank transfer (automatic),83.0,5243.05,0,53.50997719912559,1.9777549431272763,1.9777549431272763,Q1
4955-VCWBI,Female,0,1,1,43,1,No,No,No internet service,No internet service,No internet service,No internet service,No internet service,No internet service,One year,0,Mailed check,20.0,817.95,0,50.54994822221583,1.9773581031993102,1.9773581031993102,Q1
7508-SMHXL,Female,1,0,0,15,1,Yes,Fiber optic,No,Yes,No,No,Yes,No,Month-to-month,0,Credit card (automatic),89.0,1288.3,0,21.38313413712653,1.9737086741178165,1.9737086741178165,Q1
2272-WUSPA,Female,0,1,0,72,1,Yes,Fiber optic,Yes,Yes,Yes,No,Yes,Yes,Two year,1,Electronic check,110.75,7751.7,0,1.3014373430952395,1.9729617220951032,1.9729617220951032,Q1
1656-DRSMG,Female,0,0,0,63,1,Yes,Fiber optic,No,Yes,Yes,Yes,Yes,Yes,Month-to-month,1,Credit card (automatic),109.85,7002.95,0,2.8261174077622937,1.9668068060701749,1.9668068060701749,Q1
2207-RYYRL,Male,0,1,1,52,1,Yes,No,No internet service,No internet service,No internet service,No internet service,No internet service,No internet service,Two year,0,Mailed check,24.55,1331.05,0,18.795277449031236,1.9647421690061964,1.9647421690061964,Q1
6349-JDHQP,Female,0,0,0,53,1,No,No,No internet service,No internet service,No internet service,No internet service,No internet service,No internet service,Two year,0,Credit card (automatic),19.85,1049.6,0,69.96367736521827,1.963653003378057,1.963653003378057,Q1
7950-XWOVN,Male,0,0,0,11,0,No phone service,DSL,No,Yes,Yes,No,No,No,Month-to-month,0,Mailed check,34.7,383.55,0,7.804383412472513,1.9565938134528635,1.9565938134528635,Q1
7449-HVPIV,Male,0,1,1,55,1,Yes,Fiber optic,No,No,Yes,No,Yes,No,Month-to-month,1,Credit card (automatic),90.4,5099.15,0,30.810272660073906,1.9531532732738717,1.9531532732738717,Q1
5539-HIVAK,Female,1,1,0,28,1,Yes,No,No internet service,No internet service,No internet service,No internet service,No internet service,No internet service,Month-to-month,0,Mailed check,25.7,734.6,0,47.388447491803696,1.9528638013941704,1.9528638013941704,Q1
2933-XEUJM,Female,0,0,0,46,1,Yes,DSL,Yes,No,Yes,No,Yes,Yes,Two year,0,Mailed check,79.2,3593.8,0,21.66737429283338,1.9526666641744086,1.9526666641744086,Q1
2843-CQMEG,Male,0,0,0,24,1,No,DSL,No,Yes,No,No,No,No,Month-to-month,1,Mailed check,49.7,1218.25,0,7.783037923802021,1.9521617388494987,1.9521617388494987,Q1
5117-ZSMHQ,Female,0,1,1,71,1,Yes,DSL,Yes,Yes,Yes,Yes,Yes,Yes,Two year,0,Bank transfer (automatic),89.9,6342.7,0,10.281348644699232,1.9501550362394544,1.9501550362394544,Q1
5090-EMGTC,Female,0,1,0,59,1,No,Fiber optic,No,Yes,No,Yes,Yes,Yes,Two year,1,Mailed check,100.05,6034.85,0,2.721537726642346,1.949962635118619,1.949962635118619,Q1
0708-LGSMF,Male,0,1,0,13,1,Yes,DSL,Yes,No,No,No,No,Yes,Month-to-month,1,Electronic check,65.85,902.25,0,27.32496069251441,1.948243766982401,1.948243766982401,Q1
2135-DQWAQ,Female,0,0,0,5,1,No,Fiber optic,No,Yes,No,No,Yes,No,Month-to-month,1,Mailed check,85.3,420.45,0,8.325680711341512,1.9406606768608912,1.9406606768608912,Q1
5934-RMPOV,Female,0,0,1,22,1,Yes,Fiber optic,No,No,No,No,No,Yes,Month-to-month,1,Electronic check,84.75,1816.75,0,0.7516791556284099,1.9374431919458683,1.9374431919458683,Q1
5567-GZKQY,Male,0,0,0,58,1,No,No,No internet service,No internet service,No internet service,No internet service,No internet service,No internet service,Two year,0,Credit card (automatic),20.3,1131.5,0,57.97319572983988,1.9336501167074132,1.9336501167074132,Q1
9391-TTOYH,Female,0,0,0,23,1,No,No,No internet service,No internet service,No internet service,No internet service,No internet service,No internet service,Month-to-month,1,Mailed check,19.5,470.2,0,0.654349169498235,1.9326833877900316,1.9326833877900316,Q1
0644-OQMDK,Male,1,0,0,4,1,No,Fiber optic,No,No,No,No,No,No,Month-to-month,1,Electronic check,70.65,293.85,0,0.6642164369539003,1.9268138729503232,1.9268138729503232,Q1
3396-DKDEL,Female,0,1,1,70,1,Yes,Fiber optic,Yes,Yes,Yes,Yes,Yes,Yes,Two year,1,Credit card (automatic),115.15,8250.0,0,23.708402970199398,1.9251417998326943,1.9251417998326943,Q1
9927-DSWDF,Male,0,1,0,22,1,No,Fiber optic,Yes,Yes,No,Yes,Yes,Yes,Month-to-month,1,Electronic check,104.6,2180.55,0,25.90628904976912,1.9243326045883433,1.9243326045883433,Q1
3654-ARMGP,Female,0,0,0,61,1,Yes,DSL,No,Yes,Yes,Yes,Yes,Yes,Two year,0,Credit card (automatic),88.65,5321.25,0,9.259717129328958,1.9242962394352487,1.9242962394352487,Q1
1346-UFHAX,Female,0,0,0,13,1,Yes,Fiber optic,Yes,No,No,No,No,No,Month-to-month,1,Credit card (automatic),80.0,1029.35,0,5.017258387103216,1.9225429007780952,1.9225429007780952,Q1
4360-QRAVE,Male,1,0,0,37,0,No phone service,DSL,No,Yes,Yes,No,No,No,Month-to-month,0,Electronic check,36.65,1315.0,0,0.6368398418879974,1.9201244564935303,1.9201244564935303,Q1
3567-PQTSO,Male,0,1,1,53,1,Yes,Fiber optic,No,Yes,Yes,No,Yes,Yes,One year,1,Electronic check,105.25,5576.3,0,4.141903610200988,1.9188116547447682,1.9188116547447682,Q1
7605-SNLQG,Female,0,1,0,45,1,No,DSL,No,No,Yes,No,No,No,Month-to-month,1,Credit card (automatic),50.25,2221.55,0,31.246842560937644,1.9174188489713924,1.9174188489713924,Q1
6692-YQHXC,Male,0,0,0,16,1,No,Fiber optic,No,No,No,No,No,No,Month-to-month,1,Credit card (automatic),69.95,1205.5,0,52.92805345120115,1.9170598006936581,1.9170598006936581,Q1
3913-FCUUW,Female,0,1,1,72,1,Yes,DSL,Yes,Yes,Yes,Yes,No,No,Two year,1,Bank transfer (automatic),70.45,5165.7,0,2.230178336204692,1.9158530009566652,1.9158530009566652,Q1
6096-EGVTU,Female,0,1,1,64,1,Yes,No,No internet service,No internet service,No internet service,No internet service,No internet service,No internet service,One year,0,Mailed check,24.9,1595.5,0,1.1561852165932534,1.9147901777954797,1.9147901777954797,Q1
3858-XHYJO,Female,0,1,0,40,1,Yes,Fiber optic,Yes,No,Yes,No,Yes,Yes,One year,0,Bank transfer (automatic),105.75,4228.55,0,75.58949295570864,1.91326323851954,1.91326323851954,Q1
7876-BEUTG,Female,0,0,0,15,1,Yes,DSL,No,No,No,No,No,No,Month-to-month,1,Mailed check,48.8,720.1,0,8.901814237104249,1.9132223576826508,1.9132223576826508,Q1
2775-SEFEE,Male,0,0,1,0,1,Yes,DSL,Yes,Yes,No,Yes,No,No,Two year,1,Bank transfer (automatic),61.9,,0,30.679730938051065,1.9112241341246314,1.9112241341246314,Q1
8148-WOCMK,Male,0,1,1,8,1,No,No,No internet service,No internet service,No internet service,No internet service,No internet service,No internet service,Two year,0,Credit card (automatic),19.6,125.0,0,68.7285716418488,1.9053608516215699,1.9053608516215699,Q1
7718-UPSKJ,Female,0,1,0,69,1,No,Fiber optic,Yes,Yes,No,Yes,Yes,Yes,One year,1,Credit card (automatic),106.4,7251.9,0,0.6041266318161124,1.8968944197004356,1.8968944197004356,Q1
0139-IVFJG,Female,0,1,0,2,1,No,Fiber optic,Yes,Yes,No,No,Yes,No,Month-to-month,0,Electronic check,90.35,190.5,0,23.98918449388059,1.8962427064287608,1.8962427064287608,Q1
8687-BAFGU,Male,0,0,0,1,1,No,Fiber optic,No,No,No,Yes,No,No,Month-to-month,0,Electronic check,74.0,74.0,0,50.90871719285649,1.8956582465251077,1.8956582465251077,Q1
4176-RELJR,Male,1,0,0,67,1,Yes,No,No internet service,No internet service,No internet service,No internet service,No internet service,No internet service,Two year,0,Credit card (automatic),25.1,1672.15,0,31.424723368804365,1.893365932148462,1.893365932148462,Q1
1251-STYSZ,Female,1,0,0,4,1,Yes,Fiber optic,Yes,No,No,No,No,No,Month-to-month,1,Electronic check,80.25,303.7,0,5.551030442749361,1.8929122229090414,1.8929122229090414,Q1
7315-WYOAW,Male,0,0,0,13,1,Yes,Fiber optic,No,No,No,Yes,Yes,Yes,Month-to-month,0,Electronic check,100.75,1313.25,0,22.344076439686766,1.889483795742062,1.889483795742062,Q1
5227-JSCFE,Male,1,1,0,71,0,No phone service,DSL,Yes,Yes,Yes,Yes,No,No,Two year,0,Credit card (automatic),46.35,3353.4,0,67.33241720471092,1.8879057678722455,1.8879057678722455,Q1
1950-KSVVJ,Female,0,1,0,45,1,Yes,Fiber optic,Yes,Yes,Yes,Yes,Yes,Yes,One year,0,Mailed check,113.3,5032.25,0,10.471803295993336,1.881374095060362,1.881374095060362,Q1
5278-PNYOX,Female,0,0,0,49,1,No,Fiber optic,No,No,Yes,Yes,Yes,Yes,Two year,0,Credit card (automatic),100.65,4917.75,0,4.9498184374846055,1.8807608520782098,1.8807608520782098,Q1
3701-SFMUH,Male,0,1,1,7,1,No,DSL,Yes,No,No,No,Yes,Yes,Month-to-month,0,Credit card (automatic),69.7,516.15,0,18.336164743526602,1.8802748364549218,1.8802748364549218,Q1
7562-UXTPG,Female,0,0,0,13,1,No,Fiber optic,No,No,No,No,No,No,Month-to-month,1,Mailed check,70.15,886.7,0,6.385972788709745,1.8721671279796022,1.8721671279796022,Q1
9375-MHRRS,Male,0,0,0,6,1,No,DSL,No,No,No,Yes,No,No,Month-to-month,0,Mailed check,50.05,288.35,0,47.026353822996526,1.8714159515137503,1.8714159515137503,Q1
2616-UUTFK,Male,0,1,0,33,1,Yes,DSL,Yes,Yes,Yes,No,Yes,No,Month-to-month,1,Bank transfer (automatic),72.75,2447.45,0,2.0160494399106983,1.8701672692859432,1.8701672692859432,Q1
6695-FRVEC,Male,0,1,1,67,1,No,DSL,Yes,No,Yes,Yes,No,No,Two year,1,Bank transfer (automatic),60.4,3953.7,0,23.81141828674553,1.8700164027054185,1.8700164027054185,Q1
8313-NDOIA,Female,0,0,0,24,1,Yes,Fiber optic,No,Yes,Yes,No,Yes,Yes,Month-to-month,1,Electronic check,104.15,2494.65,0,8.334800424685605,1.869993612350206,1.869993612350206,Q1
7107-UBYKY,Female,0,1,1,35,1,Yes,No,No internet service,No internet service,No internet service,No internet service,No internet service,No internet service,Month-to-month,1,Electronic check,25.75,882.55,0,68.98625422141944,1.8694788694520161,1.8694788694520161,Q1
6925-BAYGL,Female,1,1,0,53,1,Yes,No,No internet service,No internet service,No internet service,No internet service,No internet service,No internet service,Two year,0,Credit card (automatic),25.1,1275.6,0,9.796390756771899,1.8656630170138466,1.8656630170138466,Q1
2137-DQMEV,Male,0,1,1,68,0,No phone service,DSL,Yes,Yes,No,No,Yes,No,One year,0,Mailed check,44.8,2983.65,0,10.720048817555579,1.8595837269281226,1.8595837269281226,Q1
2925-MXLSX,Female,0,0,0,30,1,Yes,DSL,No,Yes,Yes,No,Yes,No,One year,1,Credit card (automatic),68.95,2038.7,0,7.889647046859973,1.8593591664169025,1.8593591664169025,Q1
2314-TNDJQ,Female,0,1,1,72,0,No phone service,DSL,Yes,Yes,Yes,Yes,No,Yes,Two year,0,Credit card (automatic),55.65,3880.05,0,12.234959801165475,1.8514158692304956,1.8514158692304956,Q1
3166-PNEOF,Female,0,0,0,61,1,Yes,DSL,Yes,No,Yes,Yes,Yes,Yes,Two year,0,Credit card (automatic),86.45,5175.3,0,1.8701672692859432,1.8499672540815422,1.8499672540815422,Q1
5906-DVAPM,Female,0,1,1,55,1,Yes,DSL,Yes,Yes,No,Yes,Yes,No,One year,1,Credit card (automatic),75.0,4213.9,0,4.713603793884986,1.846040312193811,1.846040312193811,Q1
5727-MYATE,Male,0,1,1,72,1,Yes,DSL,Yes,Yes,Yes,Yes,Yes,Yes,Two year,1,Credit card (automatic),90.8,6397.6,0,18.28386455440091,1.8450987857937258,1.8450987857937258,Q1
4223-BKEOR,Female,0,0,1,21,1,No,DSL,Yes,No,Yes,No,No,Yes,One year,0,Mailed check,64.85,1336.8,0,25.3818881238129,1.8311892837217076,1.8311892837217076,Q1
2845-KDHVX,Female,0,1,0,64,1,No,DSL,No,Yes,Yes,Yes,No,Yes,Two year,1,Mailed check,68.3,4378.8,0,2.7516818025651646,1.8308934027005181,1.8308934027005181,Q1
2582-FFFZR,Female,0,0,0,22,0,No phone service,DSL,No,No,Yes,No,Yes,Yes,Month-to-month,1,Electronic check,50.6,1073.3,0,60.89728821013194,1.8296524509213368,1.8296524509213368,Q1
5402-HTOTQ,Male,0,0,0,16,1,Yes,DSL,No,Yes,No,No,No,No,Month-to-month,0,Electronic check,55.3,875.35,0,0.8567356269798089,1.8293918847969195,1.8293918847969195,Q1
0383-CLDDA,Female,0,0,0,69,1,Yes,DSL,Yes,No,Yes,Yes,Yes,Yes,Two year,1,Credit card (automatic),85.35,5897.4,0,3.8032297089820437,1.82811504511433,1.82811504511433,Q1
2466-NEJOJ,Male,0,1,1,8,1,No,No,No internet service,No internet service,No internet service,No internet service,No internet service,No internet service,Month-to-month,0,Credit card (automatic),19.65,169.75,0,13.358348117694135,1.8266926030478499,1.8266926030478499,Q1
0234-TEVTT,Female,0,1,1,48,0,No phone service,DSL,Yes,No,Yes,No,No,Yes,One year,0,Credit card (automatic),45.0,2196.3,0,23.360721893235073,1.8258805764409989,1.8258805764409989,Q1
0786-IVLAW,Female,1,0,0,66,1,Yes,Fiber optic,No,Yes,Yes,No,Yes,Yes,One year,0,Bank transfer (automatic),108.1,7238.6,0,31.40536180817509,1.8232982395649335,1.8232982395649335,Q1
2005-DWQZJ,Female,0,1,1,8,1,No,No,No internet service,No internet service,No internet service,No internet service,No internet service,No internet service,Two year,0,Mailed check,19.05,201.7,0,7.455090488084156,1.820996955629043,1.820996955629043,Q1
6997-UVGOX,Male,0,1,1,71,1,No,DSL,Yes,Yes,Yes,Yes,Yes,Yes,Two year,0,Bank transfer (automatic),85.45,6029.9,0,13.308436590848796,1.8200333693883113,1.8200333693883113,Q1
7159-NOKYQ,Male,0,1,0,67,1,Yes,Fiber optic,No,Yes,Yes,No,No,Yes,Two year,1,Electronic check,93.15,6368.2,0,28.27710928615092,1.8150943142307148,1.8150943142307148,Q1
5334-JLAXU,Female,0,1,0,60,1,Yes,Fiber optic,Yes,Yes,No,No,No,Yes,Month-to-month,1,Credit card (automatic),94.1,5475.9,0,47.23565496852594,1.8137735888231699,1.8137735888231699,Q1
6408-WHTEF,Male,0,1,1,72,1,Yes,DSL,Yes,Yes,Yes,Yes,Yes,Yes,Two year,1,Mailed check,89.4,6376.55,0,34.71448321290832,1.8125664753029367,1.8125664753029367,Q1
6591-QGOYB,Male,0,0,0,17,1,Yes,Fiber optic,Yes,Yes,Yes,Yes,Yes,No,Month-to-month,1,Bank transfer (automatic),106.65,1672.1,0,10.199918359732978,1.806985926668582,1.806985926668582,Q1
8543-MSDMF,Male,0,0,0,3,1,No,DSL,Yes,No,Yes,No,Yes,Yes,Month-to-month,1,Electronic check,77.4,206.15,0,16.17800544388342,1.8058401722064874,1.8058401722064874,Q1
8544-JNBOX,Male,0,0,0,72,1,No,No,No internet service,No internet service,No internet service,No internet service,No internet service,No internet service,Two year,1,Mailed check,20.8,1521.2,0,5.961888923057945,1.803544364784842,1.803544364784842,Q1
6738-ISCBM,Male,0,0,0,44,0,No phone service,DSL,Yes,No,Yes,No,Yes,Yes,One year,1,Electronic check,54.0,2440.25,0,10.876761997775027,1.8000425947510577,1.8000425947510577,Q1
7996-MHXLW,Female,0,0,0,66,1,Yes,No,No internet service,No internet service,No internet service,No internet service,No internet service,No internet service,Two year,1,Credit card (automatic),25.15,1683.6,0,0.5222072260350765,1.797732805865515,1.797732805865515,Q1
1764-VUUMT,Male,0,0,1,66,1,No,No,No internet service,No internet service,No internet service,No internet service,No internet service,No internet service,Two year,0,Credit card (automatic),19.95,1269.1,0,24.405176332428596,1.7958066001564763,1.7958066001564763,Q1
0365-BZUWY,Male,0,1,0,17,1,Yes,Fiber optic,No,Yes,Yes,No,Yes,Yes,Month-to-month,1,Electronic check,102.55,1742.5,0,18.620311335465807,4.716441761580857,1.795109654899295,Q1
5035-BVCXS,Male,0,0,0,11,1,No,Fiber optic,No,Yes,No,No,No,No,Month-to-month,1,Mailed check,75.9,866.4,0,1.42067575203923,1.793598013706342,1.793598013706342,Q1
6339-TBELP,Male,0,0,0,71,1,Yes,Fiber optic,No,No,Yes,Yes,No,No,Two year,1,Credit card (automatic),86.4,6172.0,0,2.33224819746415,1.792419406101054,1.792419406101054,Q1
8069-YQQAJ,Male,0,0,0,14,0,No phone service,DSL,No,Yes,No,No,No,No,Month-to-month,1,Mailed check,31.1,419.7,0,2.3573860074996533,1.7920365604437032,1.7920365604437032,Q1
3570-YUEKJ,Female,0,0,0,42,1,No,DSL,No,Yes,No,No,No,No,Month-to-month,1,Electronic check,49.55,2077.95,0,0.7969582863080116,1.7869518887564309,1.7869518887564309,Q1
7794-JASDG,Male,0,0,0,1,1,No,DSL,Yes,No,No,No,No,No,Month-to-month,1,Mailed check,50.75,50.75,0,32.13180135416812,1.785759367270161,1.785759367270161,Q1
8314-HTWVE,Female,0,1,1,7,1,No,No,No internet service,No internet service,No internet service,No internet service,No internet service,No internet service,Two year,0,Mailed check,19.85,144.15,0,35.316473380774795,1.7839867642911023,1.7839867642911023,Q1
0315-LVCRK,Male,0,0,0,11,1,No,Fiber optic,No,No,Yes,No,No,Yes,Month-to-month,0,Electronic check,84.8,888.75,0,31.775361960877945,1.7815799546867856,1.7815799546867856,Q1
2573-GYRUU,Male,1,1,0,48,1,Yes,Fiber optic,No,No,Yes,No,No,Yes,Month-to-month,1,Credit card (automatic),91.05,4370.75,0,19.468268768991056,1.7805461081655916,1.7805461081655916,Q1
2040-OBMLJ,Male,0,0,0,31,1,Yes,Fiber optic,No,No,No,Yes,No,No,One year,0,Credit card (automatic),81.7,2548.65,0,0.41266705953981137,1.7761801771447432,1.7761801771447432,Q1
5533-RJFTJ,Male,0,0,0,49,0,No phone service,DSL,No,No,Yes,No,No,No,Month-to-month,1,Bank transfer (automatic),30.2,1453.1,0,2.0419851851529525,1.77516080673553,1.77516080673553,Q1
0096-FCPUF,Male,0,0,0,30,1,Yes,DSL,Yes,No,No,No,No,Yes,Month-to-month,1,Mailed check,64.5,1888.45,0,3.8553970237428707,1.7748651212444022,1.7748651212444022,Q1
1955-IBMMB,Male,0,0,0,59,1,No,No,No internet service,No internet service,No internet service,No internet service,No internet service,No internet service,Two year,1,Bank transfer (automatic),20.2,1192.3,0,51.13802229892629,1.7727029889896189,1.7727029889896189,Q1
3372-CDXFJ,Male,0,1,1,13,1,Yes,No,No internet service,No internet service,No internet service,No internet service,No internet service,No internet service,One year,0,Bank transfer (automatic),24.5,343.6,0,35.04681689749034,1.7716008468140432,1.7716008468140432,Q1
1393-IMKZG,Female,0,0,0,1,1,No,Fiber optic,No,No,No,Yes,Yes,Yes,Month-to-month,1,Electronic check,95.85,95.85,0,13.842497814831036,1.7712832175771391,1.7712832175771391,Q1
6598-KELSS,Male,0,0,1,50,0,No phone service,DSL,Yes,Yes,No,No,Yes,No,One year,1,Bank transfer (automatic),43.05,2208.05,0,29.901608476389402,1.7704648110043606,1.7704648110043606,Q1
2103-ZRXFN,Male,0,0,0,1,1,Yes,DSL,No,No,No,No,No,No,Month-to-month,0,Mailed check,50.75,50.75,0,30.017911638258273,1.7686561432430223,1.7686561432430223,Q1
0089-IIQKO,Female,0,1,1,39,1,Yes,Fiber optic,No,No,No,Yes,Yes,Yes,Month-to-month,1,Credit card (automatic),99.95,3767.4,0,12.938660084069825,1.7683932559469917,1.7683932559469917,Q1
6078-VESFR,Male,1,1,0,13,1,No,Fiber optic,No,No,No,No,No,No,Month-to-month,0,Bank transfer (automatic),70.45,849.1,0,2.7153127568508593,1.7683905789959022,1.7683905789959022,Q1
2988-QRAJY,Male,0,0,0,69,1,Yes,Fiber optic,Yes,Yes,Yes,No,Yes,Yes,Two year,1,Credit card (automatic),110.05,7430.75,0,39.60998545185256,1.7682790048790333,1.7682790048790333,Q1
3716-LRGXK,Male,0,1,0,60,1,Yes,Fiber optic,No,No,Yes,No,Yes,Yes,Two year,0,Credit card (automatic),101.15,6067.4,0,0.9142391278323055,1.7679655839206894,1.7679655839206894,Q1
5302-BDJNT,Male,0,0,0,35,1,Yes,Fiber optic,No,No,Yes,Yes,Yes,No,Month-to-month,0,Electronic check,95.5,3418.2,0,26.492081642804877,1.7659902257414792,1.7659902257414792,Q1
0134-XWXCE,Female,1,0,0,44,1,No,DSL,No,No,Yes,Yes,Yes,Yes,One year,0,Bank transfer (automatic),74.85,3268.05,0,46.4720876745603,1.763721215653388,1.763721215653388,Q1
1455-HFBXA,Male,0,1,0,52,1,Yes,Fiber optic,Yes,No,Yes,Yes,No,No,Two year,1,Credit card (automatic),91.6,4627.8,0,40.88676573999942,1.7569737422597633,1.7569737422597633,Q1
5857-TYBCJ,Male,1,1,0,44,1,Yes,Fiber optic,No,No,Yes,No,Yes,No,Month-to-month,1,Electronic check,89.2,4040.2,0,10.557358435695903,1.755639578672106,1.755639578672106,Q1
1406-PUQVY,Male,0,0,1,1,1,No,DSL,No,Yes,No,No,No,No,Month-to-month,1,Electronic check,49.9,49.9,0,14.15182789359742,1.7550758909738,1.7550758909738,Q1
5743-KHMNA,Male,0,0,0,71,1,Yes,No,No internet service,No internet service,No internet service,No internet service,No internet service,No internet service,Two year,0,Bank transfer (automatic),25.55,1898.1,0,21.617164549546942,1.754728441150296,1.754728441150296,Q1
8778-LMWTJ,Female,0,0,0,9,1,No,Fiber optic,Yes,No,No,No,No,No,Month-to-month,1,Electronic check,74.85,708.2,0,24.197897884710713,1.753169288357062,1.753169288357062,Q1
8680-CGLTP,Male,0,0,0,29,1,No,DSL,Yes,Yes,No,Yes,No,No,One year,1,Electronic check,58.75,1696.2,0,21.66798305774343,1.751711678304448,1.751711678304448,Q1
0020-JDNXP,Female,0,1,1,34,0,No phone service,DSL,Yes,No,Yes,Yes,Yes,Yes,One year,0,Mailed check,61.25,1993.2,0,2.8502729009994074,1.751452073212519,1.751452073212519,Q1
6484-LATFU,Male,0,0,0,68,1,Yes,No,No internet service,No internet service,No internet service,No internet service,No internet service,No internet service,Two year,0,Mailed check,24.55,1657.4,0,3.744192512688006,1.743322452243124,1.743322452243124,Q1
3935-TBRZZ,Male,0,1,1,44,1,Yes,No,No internet service,No internet service,No internet service,No internet service,No internet service,No internet service,One year,0,Mailed check,25.7,1110.5,0,58.15317838999623,1.7429621598352825,1.7429621598352825,Q1
7173-TETGO,Female,1,1,0,72,1,Yes,Fiber optic,Yes,No,No,No,No,No,Two year,0,Bank transfer (automatic),78.5,5602.25,0,37.088278640564795,1.7382381409015188,1.7382381409015188,Q1
6195-MELTI,Male,0,0,0,57,1,No,DSL,No,Yes,No,Yes,No,No,One year,1,Mailed check,54.65,3134.7,0,7.653308659956531,1.735139157733424,1.735139157733424,Q1
2809-ZMYOQ,Female,0,0,0,32,1,Yes,Fiber optic,No,No,Yes,No,Yes,Yes,Month-to-month,1,Electronic check,101.35,3334.9,0,6.505317298120647,1.7312300391315039,1.7312300391315039,Q1
6497-TILVL,Female,0,1,1,7,1,No,DSL,Yes,No,No,No,No,No,Month-to-month,0,Mailed check,50.7,350.35,0,44.84903435164146,1.7230615818028656,1.7230615818028656,Q1
2133-TSRRM,Female,0,0,1,34,1,No,Fiber optic,Yes,Yes,Yes,No,Yes,Yes,Month-to-month,1,Bank transfer (automatic),105.35,3688.6,0,38.03484567251997,1.721182090820763,1.721182090820763,Q1
8747-UDCOI,Female,0,1,0,65,1,No,No,No internet service,No internet service,No internet service,No internet service,No internet service,No internet service,Two year,0,Bank transfer (automatic),19.35,1319.95,0,50.71814968427082,1.7179143118330285,1.7179143118330285,Q1
9720-JJJOR,Male,0,1,1,41,1,No,DSL,Yes,Yes,Yes,No,No,No,One year,1,Bank transfer (automatic),60.3,2511.3,0,1.7748651212444022,1.7173418411581285,1.7173418411581285,Q1
0319-QZTCO,Female,0,1,1,3,1,No,DSL,No,Yes,No,No,Yes,No,Month-to-month,1,Credit card (automatic),58.7,168.6,0,15.445967377445491,1.7130314973659633,1.7130314973659633,Q1
1116-DXXDF,Male,0,0,0,39,1,No,Fiber optic,Yes,No,Yes,No,Yes,Yes,Two year,1,Electronic check,100.45,3801.7,0,2.4368576183771298,1.7102826412795122,1.7102826412795122,Q1
9391-DXGGG,Female,1,0,0,44,1,No,Fiber optic,No,Yes,Yes,No,No,Yes,One year,0,Credit card (automatic),89.15,3990.75,0,16.24076269511063,1.7098261801781374,1.7098261801781374,Q1
3397-AVTKU,Male,0,0,0,43,1,No,DSL,No,Yes,No,No,No,Yes,Two year,1,Electronic check,60.0,2548.55,0,46.621143522533174,1.7088738023525223,1.7088738023525223,Q1
7018-WBJNK,Male,0,0,1,13,1,No,Fiber optic,No,No,No,No,Yes,No,Month-to-month,1,Credit card (automatic),78.3,1033.95,0,2.6329917059394683,1.7071301080928265,1.7071301080928265,Q1
7853-OETYL,Female,0,1,0,4,0,No phone service,DSL,Yes,No,No,No,No,No,Month-to-month,1,Electronic check,29.05,129.6,0,2.240389502902849,1.6985014695618978,1.6985014695618978,Q1
6840-RESVB,Male,0,1,1,24,1,Yes,DSL,Yes,No,Yes,Yes,Yes,Yes,One year,1,Mailed check,84.8,1990.5,0,3.318513312175993,1.6977888422085692,1.6977888422085692,Q1
0303-UNCIP,Male,0,0,0,41,1,Yes,DSL,No,No,Yes,No,No,Yes,One year,0,Mailed check,65.0,2531.8,0,0.3109821695866877,1.6966918713859243,1.6966918713859243,Q1
3806-YAZOV,Female,0,0,0,3,1,No,No,No internet service,No internet service,No internet service,No internet service,No internet service,No internet service,Month-to-month,0,Mailed check,18.8,56.0,0,4.561338077678075,1.6930529795947336,1.6930529795947336,Q1
1230-QAJDW,Male,0,0,0,3,1,Yes,DSL,No,No,No,Yes,Yes,No,Month-to-month,1,Mailed check,65.25,209.9,0,0.3287030576115987,1.6876620365624737,1.6876620365624737,Q1
9142-XMYJH,Female,0,0,0,29,1,No,No,No internet service,No internet service,No internet service,No internet service,No internet service,No internet service,Month-to-month,0,Credit card (automatic),19.35,601.6,0,19.489320274158224,1.6817013483145955,1.6817013483145955,Q1
4700-UBQMV,Male,0,1,1,21,1,Yes,DSL,Yes,No,No,No,Yes,Yes,One year,1,Bank transfer (automatic),75.9,1549.75,0,0.8637369496277102,1.6801936514584965,1.6801936514584965,Q1
1563-IWQEX,Female,0,0,0,12,1,No,No,No internet service,No internet service,No internet service,No internet service,No internet service,No internet service,Month-to-month,0,Mailed check,19.7,220.35,0,16.649904219749196,1.6796725379841941,1.6796725379841941,Q1
7321-ZNSLA,Male,0,1,1,13,0,No phone service,DSL,Yes,Yes,No,Yes,No,No,Two year,0,Mailed check,40.55,590.35,0,53.048545961974526,1.6794430977841521,1.6794430977841521,Q1
4616-ULAOA,Female,0,1,1,65,1,Yes,Fiber optic,No,Yes,Yes,Yes,Yes,Yes,Two year,1,Credit card (automatic),110.8,7245.9,0,49.17028525256746,1.6730102519050192,1.6730102519050192,Q1
5863-OOKCL,Female,0,0,0,10,1,No,No,No internet service,No internet service,No internet service,No internet service,No internet service,No internet service,Month-to-month,0,Mailed check,18.85,163.2,0,47.58217806629233,1.6728099772747258,1.6728099772747258,Q1
2123-VSCOT,Female,0,1,1,59,1,Yes,DSL,No,No,Yes,Yes,Yes,No,Two year,1,Bank transfer (automatic),72.1,4194.85,0,10.633976267148451,1.6725823841333218,1.6725823841333218,Q1
5647-FXOTP,Female,1,1,0,60,1,Yes,Fiber optic,No,Yes,Yes,No,Yes,Yes,Month-to-month,1,Electronic check,105.9,6401.25,0,28.106891652814525,1.6704565498757282,1.6704565498757282,Q1
1240-HCBOH,Female,0,0,0,67,1,Yes,No,No internet service,No internet service,No internet service,No internet service,No internet service,No internet service,Two year,1,Mailed check,26.1,1759.55,0,4.988909369561743,1.666238537401471,1.666238537401471,Q1
6257-DTAYD,Male,0,1,0,71,1,Yes,Fiber optic,No,Yes,No,Yes,Yes,Yes,Two year,1,Credit card (automatic),104.15,7365.3,0,1.2656638099797575,1.6652322792136045,1.6652322792136045,Q1
3850-OKINF,Male,0,1,1,71,1,Yes,DSL,Yes,No,No,No,Yes,No,One year,1,Electronic check,66.2,4692.55,0,47.673929684076086,1.663775870252504,1.663775870252504,Q1
0928-JMXNP,Male,1,1,0,4,0,No phone service,DSL,No,No,Yes,No,No,No,Month-to-month,1,Electronic check,29.9,118.25,0,4.7387271423718405,1.662401313521062,1.662401313521062,Q1
1591-XWLGB,Female,0,1,0,71,1,No,No,No internet service,No internet service,No internet service,No internet service,No internet service,No internet service,Two year,0,Credit card (automatic),19.85,1379.6,0,1.6966918713859243,1.6615279048511562,1.6615279048511562,Q1
0750-EBAIU,Male,0,0,0,52,1,No,Fiber optic,Yes,No,Yes,No,Yes,No,One year,0,Electronic check,91.25,4738.3,0,48.15890821674169,1.657024659072715,1.657024659072715,Q1
9648-BCHKM,Female,0,1,1,18,1,Yes,No,No internet service,No internet service,No internet service,No internet service,No internet service,No internet service,Two year,1,Credit card (automatic),24.65,471.35,0,60.77627485928424,1.6562072108901396,1.6562072108901396,Q1
6476-YHMGA,Female,0,1,1,15,1,No,DSL,No,Yes,Yes,Yes,Yes,Yes,Month-to-month,0,Bank transfer (automatic),76.5,1155.6,0,59.391974446159715,1.6532717631581328,1.6532717631581328,Q1
2282-YGNOR,Female,0,0,0,29,1,No,DSL,Yes,No,Yes,Yes,No,No,One year,0,Credit card (automatic),58.0,1734.5,0,22.536001436332715,1.6440356227234825,1.6440356227234825,Q1
6439-LAJXL,Male,0,1,0,9,1,No,DSL,Yes,Yes,No,Yes,Yes,No,Month-to-month,1,Mailed check,68.95,593.85,0,16.70799237743831,1.6431166229235343,1.6431166229235343,Q1
8755-IWJHN,Male,1,1,0,69,1,Yes,Fiber optic,No,Yes,Yes,No,No,Yes,Month-to-month,1,Bank transfer (automatic),95.35,6382.0,0,6.291390368475537,1.6396571795197854,1.6396571795197854,Q1
7622-NXQZR,Male,0,0,0,28,0,No phone service,DSL,No,No,No,Yes,No,No,Month-to-month,1,Credit card (automatic),30.1,810.85,0,0.8426168152405963,1.6388000430518475,1.6388000430518475,Q1
7602-DBTOU,Female,0,1,0,71,1,No,No,No internet service,No internet service,No internet service,No internet service,No internet service,No internet service,Two year,0,Mailed check,19.6,1416.5,0,36.16529064486972,1.6387135802564619,1.6387135802564619,Q1
6734-PSBAW,Male,0,1,0,72,1,Yes,No,No internet service,No internet service,No internet service,No internet service,No internet service,No internet service,Two year,1,Bank transfer (automatic),23.55,1723.95,0,12.401689919809408,1.6384296506955918,1.6384296506955918,Q1
7401-RUBNK,Female,0,1,0,18,1,No,Fiber optic,Yes,No,No,No,No,No,Month-to-month,0,Electronic check,74.8,1438.05,0,5.020431945847439,1.6380205732101072,1.6380205732101072,Q1
4450-YOOHP,Female,0,0,0,39,0,No phone service,DSL,No,No,Yes,No,Yes,Yes,Month-to-month,1,Credit card (automatic),50.65,1905.4,0,21.906782777748155,1.6362089634537134,1.6362089634537134,Q1
2316-ESMLS,Female,0,1,1,12,0,No phone service,DSL,Yes,No,No,Yes,No,No,One year,0,Credit card (automatic),33.15,444.75,0,9.075585052127193,1.6349382228642007,1.6349382228642007,Q1
1862-QRWPE,Female,0,1,1,48,1,No,No,No internet service,No internet service,No internet service,No internet service,No internet service,No internet service,Two year,0,Bank transfer (automatic),20.65,1057.0,0,1.9268138729503232,1.6332941382990969,1.6332941382990969,Q1
3391-JSQEW,Male,0,1,0,40,1,No,DSL,No,Yes,No,No,No,No,Month-to-month,1,Mailed check,50.15,2058.5,0,21.554390821306406,1.6325021555648216,1.6325021555648216,Q1
9229-RQABD,Male,0,0,0,18,1,Yes,No,No internet service,No internet service,No internet service,No internet service,No internet service,No internet service,One year,0,Mailed check,23.75,424.5,0,17.6686055023692,1.6315567022844228,1.6315567022844228,Q1
5996-EBTKM,Female,0,1,1,67,1,Yes,DSL,No,No,Yes,Yes,No,Yes,Two year,1,Bank transfer (automatic),69.9,4615.9,0,73.8008493060855,1.628697800901017,1.628697800901017,Q1
0516-OOHAR,Male,0,1,1,28,1,No,Fiber optic,No,Yes,Yes,No,Yes,Yes,One year,0,Bank transfer (automatic),100.35,2799.0,0,1.0989039347829392,1.6265929259906422,1.6265929259906422,Q1
3982-DQLUS,Male,1,1,1,65,1,Yes,Fiber optic,Yes,Yes,No,No,No,No,Month-to-month,1,Electronic check,85.75,5688.45,0,14.097050880210704,1.6261396877716778,1.6261396877716778,Q1
7982-VCELR,Female,0,0,0,36,1,No,Fiber optic,No,Yes,No,No,Yes,Yes,Month-to-month,1,Credit card (automatic),94.8,3565.65,0,3.6062200478025095,1.622938894948666,1.622938894948666,Q1
3524-WQDSG,Female,0,1,1,43,1,Yes,Fiber optic,No,No,Yes,No,Yes,Yes,Month-to-month,1,Bank transfer (automatic),99.3,4209.95,0,16.56949323666736,1.6205594285261815,1.6205594285261815,Q1
5453-AXEPF,Male,0,1,0,17,1,Yes,Fiber optic,No,Yes,No,No,No,No,Month-to-month,1,Bank transfer (automatic),80.5,1336.9,0,7.5251766777420235,1.617865239699795,1.617865239699795,Q1
6473-ULUHT,Male,0,1,1,16,1,Yes,DSL,Yes,Yes,No,Yes,Yes,Yes,Month-to-month,0,Electronic check,84.9,1398.25,0,5.504422218496654,1.6158971694390956,1.6158971694390956,Q1
0513-RBGPE,Male,0,1,1,37,1,Yes,DSL,Yes,No,Yes,Yes,No,No,Two year,1,Credit card (automatic),62.8,2278.75,0,5.236829478062819,1.6146922489974762,1.6146922489974762,Q1
1379-FRVEB,Male,0,0,1,15,1,Yes,Fiber optic,No,Yes,No,No,Yes,No,Month-to-month,1,Electronic check,91.0,1430.05,0,2.330980545404723,1.6138760998804464,1.6138760998804464,Q1
9359-JANWS,Female,0,1,0,65,1,No,DSL,Yes,No,Yes,Yes,No,No,Two year,0,Credit card (automatic),58.9,3857.1,0,6.765978055690133,1.612889408176452,1.612889408176452,Q1
4132-POCZS,Male,0,1,0,52,0,No phone service,DSL,Yes,No,No,No,No,Yes,Month-to-month,1,Electronic check,39.9,2020.9,0,62.64240727391223,1.6112369684718761,1.6112369684718761,Q1
5605-XNWEN,Male,1,1,0,72,1,Yes,No,No internet service,No internet service,No internet service,No internet service,No internet service,No internet service,Two year,1,Bank transfer (automatic),25.0,1802.55,0,5.317224910607153,1.6105820238570692,1.6105820238570692,Q1
4534-WGCIR,Female,0,1,1,58,1,Yes,No,No internet service,No internet service,No internet service,No internet service,No internet service,No internet service,Two year,0,Credit card (automatic),25.15,1509.9,0,38.75314290039956,1.6074707245011706,1.6074707245011706,Q1
5837-LXSDN,Female,0,1,1,21,1,No,DSL,No,Yes,No,No,Yes,No,One year,1,Credit card (automatic),58.85,1215.45,0,26.18481546699172,1.6049814930368576,1.6049814930368576,Q1
8898-KASCD,Male,0,0,0,39,0,No phone service,DSL,No,No,Yes,Yes,No,No,One year,0,Mailed check,35.55,1309.15,0,25.070972524380586,1.6006191529830887,1.6006191529830887,Q1
5736-YEJAX,Male,0,0,1,69,1,Yes,DSL,Yes,Yes,Yes,Yes,Yes,No,Two year,1,Credit card (automatic),79.45,5502.55,0,6.259043859404652,1.5975273535170902,1.5975273535170902,Q1
3768-VHXQO,Male,0,1,0,67,1,Yes,No,No internet service,No internet service,No internet service,No internet service,No internet service,No internet service,Two year,0,Credit card (automatic),24.85,1583.5,0,20.842247435353144,1.5959618798780069,1.5959618798780069,Q1
7247-XOZPB,Male,0,1,0,53,1,Yes,DSL,Yes,No,Yes,Yes,Yes,No,One year,0,Bank transfer (automatic),77.4,4155.95,0,1.1746085078481492,1.5937707462590454,1.5937707462590454,Q1
2782-JEEBU,Male,0,0,0,21,0,No phone service,DSL,No,Yes,No,Yes,No,No,Month-to-month,1,Mailed check,36.0,780.15,0,2.487958208349814,1.5934169879432032,1.5934169879432032,Q1
8152-UOBNY,Female,1,0,0,50,1,Yes,Fiber optic,No,Yes,No,Yes,Yes,Yes,One year,1,Electronic check,106.8,5347.95,0,25.356922137142107,1.5905368196018004,1.5905368196018004,Q1
4926-UMJZD,Female,0,1,0,31,1,No,DSL,No,No,No,Yes,No,No,Month-to-month,1,Mailed check,49.2,1498.55,0,21.467320762865718,1.590130939300493,1.590130939300493,Q1
9039-ZVJDC,Male,0,0,0,3,1,No,No,No internet service,No internet service,No internet service,No internet service,No internet service,No internet service,Month-to-month,1,Mailed check,19.1,53.05,0,11.578821079159644,1.5867881489218607,1.5867881489218607,Q1
6685-GBWJZ,Male,0,1,0,63,1,No,DSL,Yes,Yes,No,Yes,Yes,No,One year,0,Credit card (automatic),70.8,4448.8,0,17.97448616950189,1.5862932978903417,1.5862932978903417,Q1
8980-WQFWL,Female,0,0,0,35,1,No,DSL,No,No,Yes,No,No,Yes,Month-to-month,1,Electronic check,62.1,2096.1,0,6.41327485185842,1.5817085720316828,1.5817085720316828,Q1
5485-ITNPC,Male,0,1,0,66,1,No,DSL,Yes,Yes,Yes,Yes,Yes,Yes,Two year,1,Bank transfer (automatic),85.9,5595.3,0,1.456369132546441,1.5801356388430887,1.5801356388430887,Q1
9391-LMANN,Male,0,0,1,53,1,No,Fiber optic,Yes,Yes,Yes,No,No,Yes,One year,0,Electronic check,95.95,5036.9,0,0.833807104718124,1.5772477933324844,1.5772477933324844,Q1
3898-BSJYF,Female,0,0,1,10,1,Yes,DSL,Yes,No,Yes,Yes,No,Yes,One year,0,Credit card (automatic),73.55,693.3,0,7.0752329125240125,1.5677011104037903,1.5677011104037903,Q1
1194-SPVSP,Male,0,0,0,1,1,No,No,No internet service,No internet service,No internet service,No internet service,No internet service,No internet service,Month-to-month,0,Bank transfer (automatic),19.65,19.65,0,24.568030483968954,1.5660796377418393,1.5660796377418393,Q1
6718-BDGHG,Female,0,1,0,43,1,Yes,DSL,No,No,No,Yes,Yes,No,One year,1,Bank transfer (automatic),64.85,2908.2,0,37.24775844724238,1.5648943592032525,1.5648943592032525,Q1
5774-XZTQC,Female,0,1,1,7,1,No,No,No internet service,No internet service,No internet service,No internet service,No internet service,No internet service,Month-to-month,0,Mailed check,20.45,150.75,0,12.603277385138249,1.5635958478604817,1.5635958478604817,Q1
9752-ZNQUT,Female,0,0,0,1,1,No,DSL,No,Yes,No,No,No,No,Month-to-month,1,Electronic check,48.6,48.6,0,36.56956278629499,1.5627863092556549,1.5627863092556549,Q1
2636-SJDOU,Male,0,0,0,64,1,Yes,Fiber optic,Yes,Yes,No,No,No,No,One year,1,Credit card (automatic),84.3,5289.05,0,62.795881961934896,1.5587750640443137,1.5587750640443137,Q1
1810-BOHSY,Male,0,1,0,51,1,Yes,Fiber optic,Yes,Yes,No,No,No,Yes,One year,1,Credit card (automatic),96.4,4911.05,0,26.427430992135715,1.5566970028289102,1.5566970028289102,Q1
5343-SGUBI,Female,0,0,0,52,1,Yes,Fiber optic,No,Yes,No,No,No,No,One year,1,Mailed check,80.2,4297.6,0,38.560244266438595,1.5565033071278211,1.5565033071278211,Q1
7995-ZHHNZ,Male,0,1,0,42,1,Yes,DSL,Yes,No,No,No,No,No,One year,0,Credit card (automatic),56.1,2386.85,0,2.2344962259549566,1.555533950986929,1.555533950986929,Q1
5197-YPYBZ,Female,0,1,1,12,1,Yes,No,No internet service,No internet service,No internet service,No internet service,No internet service,No internet service,Two year,0,Credit card (automatic),25.25,274.7,0,23.217697192996773,1.5541142395112812,1.5541142395112812,Q1
1297-VQDRP,Male,1,1,1,68,1,Yes,Fiber optic,No,No,Yes,Yes,Yes,Yes,One year,1,Credit card (automatic),107.15,7379.8,0,18.87570837084204,1.554020875142335,1.554020875142335,Q1
9529-OFXHY,Male,0,0,0,15,1,Yes,Fiber optic,Yes,No,No,No,Yes,No,Month-to-month,1,Bank transfer (automatic),87.75,1242.2,0,5.396565756740333,1.5537967720594574,1.5537967720594574,Q1
2984-AFWNC,Female,0,0,0,3,1,No,Fiber optic,No,Yes,No,No,Yes,Yes,Month-to-month,0,Electronic check,95.4,293.15,0,12.882417041053188,1.553130321459871,1.553130321459871,Q1
9840-EFJQB,Female,0,0,0,1,1,No,Fiber optic,No,Yes,No,No,No,No,Month-to-month,0,Electronic check,74.35,74.35,0,5.729429994090478,1.551205734182124,1.551205734182124,Q1
9919-KNPOO,Female,0,1,0,21,1,Yes,Fiber optic,No,No,No,No,Yes,Yes,Month-to-month,1,Electronic check,94.3,1948.35,0,31.170847981692063,1.5506057432709714,1.5506057432709714,Q1
7966-YOTQW,Male,0,0,0,10,1,Yes,DSL,Yes,No,No,No,No,No,Month-to-month,1,Credit card (automatic),54.5,568.2,0,1.9174188489713924,1.5473047340052957,1.5473047340052957,Q1
1335-NTIUC,Male,0,0,0,9,0,No phone service,DSL,No,No,No,No,No,No,Month-to-month,1,Electronic check,24.95,190.25,0,11.386719918307593,1.5458630270887368,1.5458630270887368,Q1
4835-YSJMR,Male,0,0,0,39,1,No,DSL,No,No,No,Yes,No,No,Two year,1,Bank transfer (automatic),49.8,1971.15,0,2.221040020266528,1.5451416511935707,1.5451416511935707,Q1
9251-WNSOD,Female,0,1,0,67,1,Yes,DSL,Yes,Yes,Yes,No,No,Yes,One year,0,Mailed check,75.1,5064.45,0,41.86599627114556,1.5430646248359867,1.5430646248359867,Q1
2650-GYRYL,Male,0,1,1,33,1,No,No,No internet service,No internet service,No internet service,No internet service,No internet service,No internet service,One year,1,Bank transfer (automatic),19.45,600.25,0,3.1641662525408494,1.5398958528771902,1.5398958528771902,Q1
8984-EYLLL,Male,0,1,0,64,1,Yes,Fiber optic,No,Yes,No,Yes,Yes,Yes,Two year,1,Electronic check,105.25,6823.4,0,0.37475601576326206,1.539119789270368,1.539119789270368,Q1
6050-IJRHS,Female,0,1,1,70,1,Yes,Fiber optic,No,Yes,Yes,No,Yes,Yes,One year,1,Electronic check,106.5,7397.0,0,12.92643491190581,1.537658518410473,1.537658518410473,Q1
1431-AIDJQ,Male,0,1,1,33,1,No,DSL,No,Yes,Yes,Yes,Yes,Yes,Two year,0,Credit card (automatic),82.1,2603.1,0,3.684896693955944,1.5351557255183805,1.5351557255183805,Q1
7869-ZYDST,Male,0,1,0,31,1,Yes,DSL,No,No,No,No,Yes,No,Month-to-month,1,Credit card (automatic),59.05,1882.8,0,5.778804790029849,1.5304533347150493,1.5304533347150493,Q1
4942-VZZOM,Male,0,1,0,64,1,Yes,DSL,Yes,No,No,No,Yes,No,One year,1,Credit card (automatic),66.15,4392.5,0,0.7406997245418154,1.5278767198120176,1.5278767198120176,Q1
4452-QIIEB,Male,0,0,0,7,1,No,DSL,No,No,No,No,No,No,Month-to-month,0,Mailed check,43.9,278.4,0,42.77171009434874,1.527516645097105,1.527516645097105,Q1
9029-FEGVJ,Female,1,1,0,32,1,Yes,Fiber optic,No,No,Yes,No,No,No,Month-to-month,0,Mailed check,79.3,2570.0,0,0.6959738807776965,1.525917928927527,1.525917928927527,Q1
5906-BFOZT,Male,0,0,0,1,1,No,No,No internet service,No internet service,No internet service,No internet service,No internet service,No internet service,Month-to-month,1,Mailed check,19.5,19.5,0,3.1939442303883556,1.5183433501569426,1.5183433501569426,Q1
7077-XJMET,Male,0,1,0,12,1,No,DSL,No,No,Yes,Yes,Yes,Yes,Month-to-month,1,Electronic check,74.15,741.4,0,43.65625861633145,1.5174531086710241,1.5174531086710241,Q1
5317-FLPJF,Female,0,0,0,66,0,No phone service,DSL,Yes,No,Yes,Yes,Yes,Yes,Two year,1,Bank transfer (automatic),61.35,4193.4,0,16.016411049158947,1.5166964535245322,1.5166964535245322,Q1
6765-MBQNU,Female,0,1,0,26,1,Yes,No,No internet service,No internet service,No internet service,No internet service,No internet service,No internet service,One year,0,Mailed check,26.0,684.05,0,0.7023120895557051,1.5057053342234403,1.5057053342234403,Q1
2368-GAKKQ,Female,0,0,0,70,1,Yes,Fiber optic,Yes,Yes,Yes,Yes,Yes,Yes,Two year,1,Bank transfer (automatic),113.65,7939.25,0,42.83033271062956,1.5049358438097726,1.5049358438097726,Q1
1494-EJZDW,Female,0,1,1,10,1,No,No,No internet service,No internet service,No internet service,No internet service,No internet service,No internet service,Two year,0,Mailed check,20.15,220.8,0,30.59035321920629,1.5038694933988483,1.5038694933988483,Q1
9199-PWQVC,Female,0,1,0,63,1,Yes,DSL,Yes,Yes,No,No,Yes,Yes,One year,1,Credit card (automatic),79.7,4786.15,0,39.001937236163705,1.5020542312643483,1.5020542312643483,Q1
6016-LVTJQ,Female,0,1,1,34,1,No,No,No internet service,No internet service,No internet service,No internet service,No internet service,No internet service,Month-to-month,0,Mailed check,20.65,716.4,0,57.78227398967907,1.498840064080322,1.498840064080322,Q1
4307-KWMXE,Male,0,0,0,10,0,No phone service,DSL,No,Yes,No,Yes,No,No,Month-to-month,0,Electronic check,35.75,389.8,0,15.42270601506171,1.4983757383007301,1.4983757383007301,Q1
1767-TGTKO,Female,0,1,1,8,1,No,DSL,No,No,No,No,No,No,Month-to-month,1,Electronic check,45.45,411.75,0,61.611395625595264,1.4967071275768244,1.4967071275768244,Q1
3933-DQPWX,Female,0,0,0,50,0,No phone service,DSL,No,Yes,Yes,Yes,No,No,Two year,0,Credit card (automatic),39.7,1932.75,0,47.48541293035241,1.4952729721119935,1.4952729721119935,Q1
7521-YXVZY,Male,0,0,1,3,1,No,No,No internet service,No internet service,No internet service,No internet service,No internet service,No internet service,Month-to-month,0,Mailed check,19.95,58.3,0,0.6789300807534785,1.4921460145694339,1.4921460145694339,Q1
6435-SRWBJ,Female,0,0,0,5,1,Yes,Fiber optic,No,No,Yes,Yes,No,No,Month-to-month,1,Electronic check,82.75,417.75,0,68.07187230574345,1.4909236232015886,1.4909236232015886,Q1
0310-VQXAM,Male,0,0,0,9,1,No,No,No internet service,No internet service,No internet service,No internet service,No internet service,No internet service,Month-to-month,0,Mailed check,19.85,178.8,0,52.3574145475613,1.4864433892715956,1.4864433892715956,Q1
8111-BKVDS,Female,0,0,0,10,0,No phone service,DSL,Yes,Yes,Yes,No,No,No,Month-to-month,0,Bank transfer (automatic),40.7,449.3,0,15.102482902731573,1.4831371138139084,1.4831371138139084,Q1
5392-AKEMH,Female,0,0,0,12,1,No,DSL,No,No,No,No,No,No,Month-to-month,1,Electronic check,45.05,523.1,0,15.000121663493616,1.4822607338092413,1.4822607338092413,Q1
4188-PCPIG,Female,0,1,0,57,1,No,DSL,Yes,Yes,No,Yes,Yes,No,Two year,1,Credit card (automatic),70.35,4124.65,0,3.8117653651300034,1.4749893614012877,1.4749893614012877,Q1
3797-FKOGQ,Male,0,0,1,11,1,Yes,Fiber optic,No,No,No,No,No,Yes,Month-to-month,0,Electronic check,86.2,893.2,0,18.573721698558636,1.472543676239537,1.472543676239537,Q1
0708-SJDIS,Female,0,0,0,34,1,Yes,DSL,No,No,No,Yes,Yes,No,Month-to-month,0,Mailed check,65.0,2157.5,0,0.8805328033962676,1.467489360358774,1.467489360358774,Q1
8873-GLDMH,Female,0,0,0,6,1,Yes,Fiber optic,No,No,No,No,No,No,Month-to-month,1,Mailed check,73.85,401.3,0,3.0979399351539842,1.4622256963931577,1.4622256963931577,Q1
5220-AGAAX,Male,0,1,1,68,1,Yes,No,No internet service,No internet service,No internet service,No internet service,No internet service,No internet service,Two year,1,Bank transfer (automatic),24.0,1664.3,0,70.72095915023571,1.4619410437543727,1.4619410437543727,Q1
8942-DBMHZ,Male,0,0,0,12,1,No,No,No internet service,No internet service,No internet service,No internet service,No internet service,No internet service,Month-to-month,0,Mailed check,20.45,255.35,0,1.0132446609113674,1.4615144944577185,1.4615144944577185,Q1
2229-VWQJH,Female,0,0,0,24,1,No,DSL,No,No,Yes,No,No,No,Month-to-month,1,Credit card (automatic),49.3,1233.25,0,73.13962159305397,1.460296660024758,1.460296660024758,Q1
7813-TKCVO,Female,0,1,0,20,1,No,No,No internet service,No internet service,No internet service,No internet service,No internet service,No internet service,One year,0,Mailed check,20.35,393.15,0,1.846040312193811,1.456798868326277,1.456798868326277,Q1
4872-VXRIL,Male,0,0,0,56,1,Yes,DSL,Yes,Yes,No,Yes,No,No,One year,1,Bank transfer (automatic),64.65,3665.55,0,13.147118588271118,1.456399907212928,1.456399907212928,Q1
2439-QKJUL,Male,0,0,0,5,1,No,No,No internet service,No internet service,No internet service,No internet service,No internet service,No internet service,Month-to-month,0,Mailed check,20.25,109.8,0,1.7098261801781374,1.456369132546441,1.456369132546441,Q1
3557-HTYWR,Female,0,0,0,47,1,Yes,DSL,Yes,Yes,No,Yes,No,Yes,Two year,0,Mailed check,74.05,3496.3,0,5.599618000430419,1.4557214182642564,1.4557214182642564,Q1
7061-OVMIM,Female,0,1,1,30,1,No,No,No internet service,No internet service,No internet service,No internet service,No internet service,No internet service,One year,0,Bank transfer (automatic),19.55,608.5,0,1.5934169879432032,1.4552019445962585,1.4552019445962585,Q1
5686-CMAWK,Male,0,0,0,17,1,Yes,Fiber optic,No,No,Yes,Yes,No,No,One year,0,Electronic check,86.75,1410.25,0,35.73595653322566,1.4506530765469812,1.4506530765469812,Q1
0463-TXOAK,Male,0,0,1,52,1,Yes,No,No internet service,No internet service,No internet service,No internet service,No internet service,No internet service,Two year,0,Credit card (automatic),25.6,1334.5,0,1.5278767198120176,1.4491411955851963,1.4491411955851963,Q1
5349-AZPEW,Female,0,1,1,5,0,No phone service,DSL,No,No,No,No,No,No,Month-to-month,0,Mailed check,25.05,125.5,0,1.0751516768797398,1.4428183743895522,1.4428183743895522,Q1
1769-GRUIK,Female,0,0,0,18,1,No,Fiber optic,No,No,No,No,No,No,Month-to-month,1,Electronic check,71.1,1247.75,0,22.5948135878765,1.4417365553845551,1.4417365553845551,Q1
4990-ALDGW,Male,0,0,0,57,1,No,No,No internet service,No internet service,No internet service,No internet service,No internet service,No internet service,Two year,0,Mailed check,20.75,1118.8,0,3.4079629097338366,1.4415253225497808,1.4415253225497808,Q1
6922-NCEDI,Male,0,0,1,56,1,No,No,No internet service,No internet service,No internet service,No internet service,No internet service,No internet service,One year,1,Mailed check,21.2,1238.65,0,5.017189769456724,1.4406563236213963,1.4406563236213963,Q1
7233-IOQNP,Female,0,1,0,43,0,No phone service,DSL,Yes,No,No,Yes,No,No,Month-to-month,0,Bank transfer (automatic),34.0,1505.35,0,19.206648562669493,1.438571755609471,1.438571755609471,Q1
5965-GGPRW,Male,0,1,1,72,1,Yes,Fiber optic,Yes,No,Yes,No,Yes,Yes,Two year,0,Bank transfer (automatic),105.25,7609.75,0,73.87543505168333,1.4345396840185654,1.4345396840185654,Q1
4056-QHXHZ,Female,0,1,1,72,1,Yes,Fiber optic,Yes,No,Yes,Yes,Yes,Yes,Two year,0,Mailed check,107.45,7576.7,0,31.222891177549982,1.4330947437424544,1.4330947437424544,Q1
9357-UJRUN,Male,0,1,0,24,1,Yes,DSL,Yes,No,No,Yes,No,No,One year,1,Electronic check,58.35,1346.9,0,16.929772843088404,1.4318143644705825,1.4318143644705825,Q1
6919-ELBGL,Male,1,1,1,72,1,Yes,Fiber optic,Yes,Yes,Yes,Yes,Yes,Yes,Two year,1,Bank transfer (automatic),114.95,8196.4,0,23.96342770692156,1.4274369577492623,1.4274369577492623,Q1
7711-YIJWC,Male,0,1,1,61,1,No,DSL,Yes,Yes,Yes,Yes,Yes,Yes,One year,0,Bank transfer (automatic),84.9,5264.5,0,4.82052031478261,1.4273375316569248,1.4273375316569248,Q1
9631-RXVJM,Male,0,0,0,35,1,No,No,No internet service,No internet service,No internet service,No internet service,No internet service,No internet service,Two year,0,Mailed check,19.25,677.9,0,1.5801356388430887,1.427184969631237,1.427184969631237,Q1
3050-RLLXC,Female,0,1,1,56,1,Yes,DSL,Yes,Yes,Yes,Yes,Yes,No,Two year,0,Credit card (automatic),81.25,4620.4,0,5.966487938850203,1.4247798406458374,1.4247798406458374,Q1
2181-UAESM,Male,0,0,0,2,1,No,DSL,Yes,No,Yes,No,No,No,Month-to-month,0,Electronic check,53.45,119.5,0,50.69171613370692,1.42067575203923,1.42067575203923,Q1
8722-PRFDV,Female,0,1,1,71,1,No,DSL,Yes,No,Yes,No,Yes,Yes,Two year,0,Credit card (automatic),77.55,5574.35,0,0.704052402461719,1.4175695432408268,1.4175695432408268,Q1
5208-FVQKB,Male,0,1,0,70,1,No,DSL,Yes,Yes,No,Yes,No,Yes,Two year,0,Mailed check,67.95,4664.15,0,3.85652538065984,1.4151659903453917,1.4151659903453917,Q1
9793-WECQC,Male,0,0,0,23,1,No,Fiber optic,No,Yes,No,No,Yes,Yes,Month-to-month,0,Mailed check,95.3,2192.9,0,21.635004490218876,1.4143806003371864,1.4143806003371864,Q1
6921-OZMFH,Male,0,1,1,5,1,Yes,DSL,No,No,No,Yes,No,No,Month-to-month,1,Mailed check,55.7,259.4,0,6.328135836545054,1.4134900091237583,1.4134900091237583,Q1
3733-ZEECP,Male,0,1,1,22,1,No,DSL,No,No,No,Yes,No,No,Month-to-month,1,Electronic check,51.1,1232.9,0,2.493188156922714,1.4133261490398652,1.4133261490398652,Q1
8388-FYNPZ,Male,0,0,0,4,1,No,DSL,Yes,No,Yes,No,No,No,Month-to-month,0,Electronic check,56.75,245.15,0,0.6243117101363967,1.405179444733173,1.405179444733173,Q1
3541-ZNUHK,Female,0,1,1,55,1,Yes,Fiber optic,Yes,Yes,No,No,No,No,Month-to-month,1,Electronic check,85.1,4600.95,0,6.7025939601566344,1.404047780962076,1.404047780962076,Q1
2885-HIJDH,Male,0,1,1,69,1,Yes,DSL,Yes,No,Yes,Yes,Yes,Yes,Two year,0,Bank transfer (automatic),86.9,6194.1,0,0.4067174701924167,1.4037833579268382,1.4037833579268382,Q1
5370-IIVVL,Male,0,0,0,37,1,Yes,Fiber optic,No,Yes,No,Yes,Yes,Yes,One year,1,Credit card (automatic),104.5,3778.0,0,1.7659902257414792,1.4034679140757154,1.4034679140757154,Q1
3126-WQMGH,Female,0,1,0,49,1,Yes,DSL,No,No,No,No,No,No,Month-to-month,1,Credit card (automatic),52.15,2583.75,0,17.838303563710227,1.4020140937231644,1.4020140937231644,Q1
9625-QNLUX,Male,0,1,1,68,1,No,Fiber optic,Yes,Yes,Yes,No,Yes,Yes,Two year,1,Credit card (automatic),103.25,7074.4,0,1.4406563236213963,1.401425536321713,1.401425536321713,Q1
7909-FIOIY,Female,0,1,1,19,0,No phone service,DSL,No,No,No,No,No,No,Month-to-month,1,Mailed check,24.85,434.8,0,22.63800478654762,1.4007859433928178,1.4007859433928178,Q1
9778-OGKQZ,Male,0,1,0,72,1,Yes,DSL,Yes,Yes,Yes,Yes,Yes,Yes,Two year,1,Credit card (automatic),92.0,6782.15,0,0.628698876470552,1.3991933319065342,1.3991933319065342,Q1
7730-CLDSV,Female,0,1,1,72,1,Yes,Fiber optic,No,Yes,Yes,Yes,No,Yes,Two year,1,Bank transfer (automatic),98.65,7129.45,0,2.634424151605061,1.3985036210893733,1.3985036210893733,Q1
9167-APMXZ,Female,0,0,0,22,1,Yes,Fiber optic,No,No,No,No,Yes,No,Month-to-month,1,Bank transfer (automatic),84.15,1821.95,0,2.8078501808292096,1.397690578572496,1.397690578572496,Q1
7010-ZMVBF,Female,0,1,1,18,1,No,No,No internet service,No internet service,No internet service,No internet service,No internet service,No internet service,Month-to-month,0,Mailed check,20.45,357.0,0,2.9352092217505747,1.397558450552799,1.397558450552799,Q1
2700-LUEVA,Male,0,0,0,1,1,No,No,No internet service,No internet service,No internet service,No internet service,No internet service,No internet service,Month-to-month,0,Credit card (automatic),20.75,20.75,0,24.84152643374,1.397164838815232,1.397164838815232,Q1
2193-SFWQW,Male,0,1,1,72,1,No,Fiber optic,Yes,Yes,Yes,Yes,Yes,Yes,Two year,0,Bank transfer (automatic),111.95,8033.1,0,8.967645530753506,1.394134192802474,1.394134192802474,Q1
4295-YURET,Female,1,1,1,56,1,No,DSL,Yes,No,No,Yes,Yes,Yes,Two year,1,Credit card (automatic),72.6,4084.35,0,1.7102826412795122,1.3922806576429188,1.3922806576429188,Q1
2360-RDGRO,Male,0,1,0,65,1,Yes,Fiber optic,Yes,No,Yes,No,Yes,Yes,Month-to-month,1,Electronic check,104.25,6812.95,0,6.817883525371722,1.3908081070899756,1.3908081070899756,Q1
6953-PBDIN,Male,0,1,0,70,1,Yes,DSL,No,Yes,Yes,Yes,Yes,No,Two year,0,Bank transfer (automatic),72.95,5265.55,0,60.64747226682526,1.3889923297426399,1.3889923297426399,Q1
7114-AEOZE,Female,0,0,0,60,1,No,No,No internet service,No internet service,No internet service,No internet service,No internet service,No internet service,Two year,0,Bank transfer (automatic),19.85,1128.1,0,0.8119397772950192,1.3885577830657216,1.3885577830657216,Q1
5668-MEISB,Female,0,1,1,72,1,Yes,Fiber optic,Yes,Yes,Yes,Yes,Yes,No,Two year,0,Credit card (automatic),106.1,7657.4,0,46.24235885202791,1.3880732613597684,1.3880732613597684,Q1
1084-MNSMJ,Female,0,1,1,51,1,No,DSL,Yes,Yes,Yes,Yes,Yes,Yes,Two year,0,Credit card (automatic),85.5,4421.95,0,13.454569644378319,1.3867108734474742,1.3867108734474742,Q1
5699-BNCAS,Male,1,0,0,71,1,Yes,No,No internet service,No internet service,No internet service,No internet service,No internet service,No internet service,Two year,1,Mailed check,24.65,1766.75,0,16.603887253606885,1.3862261632047468,1.3862261632047468,Q1
3061-BCKYI,Male,0,0,0,14,1,No,No,No internet service,No internet service,No internet service,No internet service,No internet service,No internet service,Month-to-month,0,Mailed check,19.9,283.75,0,7.145871705569633,1.3852694799924565,1.3852694799924565,Q1
5353-WILCI,Female,0,0,0,28,1,No,DSL,Yes,Yes,No,No,No,No,Month-to-month,0,Electronic check,56.05,1522.65,0,10.130086776768868,1.3842671382552332,1.3842671382552332,Q1
5678-VFNEQ,Female,0,1,0,71,1,Yes,Fiber optic,Yes,No,Yes,No,Yes,Yes,One year,1,Credit card (automatic),104.1,7412.25,0,13.197631866687937,1.3833615962430088,1.3833615962430088,Q1
4397-FRLTA,Female,0,0,0,4,1,No,No,No internet service,No internet service,No internet service,No internet service,No internet service,No internet service,Month-to-month,0,Mailed check,20.15,84.5,0,39.938541899882885,1.3827919686143613,1.3827919686143613,Q1
7560-QJAVJ,Female,0,0,0,70,1,No,DSL,Yes,No,Yes,Yes,Yes,Yes,Two year,0,Bank transfer (automatic),79.6,5589.45,0,64.5882036084042,1.3782742755757975,1.3782742755757975,Q1
3853-LYGAM,Male,0,0,0,17,1,Yes,Fiber optic,No,No,Yes,Yes,No,Yes,Month-to-month,1,Bank transfer (automatic),95.65,1640.0,0,1.4864433892715956,1.3776313114747052,1.3776313114747052,Q1
8725-JEDFD,Male,0,0,0,27,1,No,Fiber optic,No,No,No,No,No,No,Month-to-month,1,Mailed check,69.05,1793.25,0,22.68457992829295,1.3771881642052264,1.3771881642052264,Q1
2639-UGMAZ,Male,1,0,0,71,0,No phone service,DSL,Yes,Yes,No,No,Yes,Yes,One year,1,Electronic check,56.45,3985.35,0,39.79604432127285,1.3757417558519998,1.3757417558519998,Q1
3014-WJKSM,Male,0,1,0,29,1,No,Fiber optic,No,No,Yes,No,No,No,Month-to-month,1,Credit card (automatic),75.3,2263.4,0,22.8931677040746,1.3742647759446125,1.3742647759446125,Q1
5917-RYRMG,Male,1,0,0,32,1,No,No,No internet service,No internet service,No internet service,No internet service,No internet service,No internet service,One year,0,Credit card (automatic),19.8,587.7,0,35.432302950454556,1.374063539901887,1.374063539901887,Q1
8035-PWSEV,Female,0,0,0,6,1,No,Fiber optic,No,No,Yes,Yes,No,Yes,Month-to-month,1,Electronic check,89.25,487.05,0,78.93307495245043,1.3733344196602932,1.3733344196602932,Q1
3352-ALMCK,Male,0,0,0,40,1,Yes,Fiber optic,No,Yes,Yes,No,Yes,Yes,Month-to-month,1,Mailed check,102.65,4108.15,0,0.6935557513758737,1.370959174643172,1.370959174643172,Q1
6286-SUUWT,Male,0,0,0,1,1,No,No,No internet service,No internet service,No internet service,No internet service,No internet service,No internet service,Month-to-month,0,Mailed check,19.95,19.95,0,26.691746357953157,1.3633189533905254,1.3633189533905254,Q1
1707-HABPF,Female,1,0,0,46,1,No,Fiber optic,No,Yes,Yes,No,Yes,No,One year,1,Bank transfer (automatic),91.3,4126.35,0,27.91002747254539,1.360413196572232,1.360413196572232,Q1
0362-RAOQO,Female,0,0,0,40,1,No,No,No internet service,No internet service,No internet service,No internet service,No internet service,No internet service,Two year,0,Credit card (automatic),19.65,830.25,0,24.610409261896898,1.3523808702845415,1.3523808702845415,Q1
5155-AZQPB,Female,0,1,1,28,1,Yes,DSL,No,No,No,No,No,No,Month-to-month,0,Mailed check,49.9,1410.25,0,17.50400759354016,1.3491467412517666,1.3491467412517666,Q1
3719-TDVQB,Female,1,1,0,54,1,No,No,No internet service,No internet service,No internet service,No internet service,No internet service,No internet service,Two year,1,Mailed check,18.95,1031.1,0,33.230706556100955,1.347984449526043,1.347984449526043,Q1
1766-GKNMI,Male,0,0,0,29,1,Yes,Fiber optic,No,No,No,No,No,Yes,Month-to-month,1,Electronic check,84.9,2516.2,0,18.555123420040886,1.347581239361865,1.347581239361865,Q1
7416-CKTEP,Female,0,1,0,57,1,No,No,No internet service,No internet service,No internet service,No internet service,No internet service,No internet service,Two year,1,Bank transfer (automatic),19.6,1134.25,0,6.9850843783136565,1.3474687171206616,1.3474687171206616,Q1
2307-FYNNL,Male,1,0,0,65,1,Yes,Fiber optic,Yes,No,Yes,Yes,Yes,Yes,Two year,1,Electronic check,109.05,7108.2,0,3.1653219301785787,1.3430649662782197,1.3430649662782197,Q1
6726-NNFWD,Female,1,1,0,71,1,No,Fiber optic,No,Yes,Yes,No,No,Yes,Two year,0,Credit card (automatic),89.45,6435.25,0,46.19901155994037,1.342050675279928,1.342050675279928,Q1
9972-NKTFD,Female,0,0,0,28,1,No,DSL,No,Yes,No,Yes,No,No,Month-to-month,0,Bank transfer (automatic),54.65,1517.5,0,27.49302709153566,1.3407323128852728,1.3407323128852728,Q1
9777-WJJPR,Male,0,1,0,31,1,Yes,Fiber optic,No,No,Yes,No,Yes,No,Month-to-month,0,Credit card (automatic),88.65,2683.2,0,57.77902242392392,1.3393071840342903,1.3393071840342903,Q1
1599-EAHXY,Male,0,1,1,60,1,Yes,No,No internet service,No internet service,No internet service,No internet service,No internet service,No internet service,One year,0,Credit card (automatic),23.95,1506.4,0,43.1191767253133,1.339117607782201,1.339117607782201,Q1
9099-FTUHS,Female,0,0,0,23,1,Yes,DSL,Yes,No,No,No,No,No,Month-to-month,0,Electronic check,54.4,1249.25,0,15.559057579477459,1.338167775539267,1.338167775539267,Q1
7811-JIVPF,Female,0,0,0,23,1,No,DSL,No,No,Yes,No,No,No,Month-to-month,0,Credit card (automatic),49.7,1081.25,0,0.9646189142257707,1.3359917545337632,1.3359917545337632,Q1
4191-XOVOM,Male,0,0,0,63,1,Yes,Fiber optic,No,Yes,No,Yes,Yes,Yes,Month-to-month,0,Electronic check,105.4,6713.2,0,77.90006792362945,1.3315974026383754,1.3315974026383754,Q1
6319-QSUSR,Female,0,0,1,11,1,No,No,No internet service,No internet service,No internet service,No internet service,No internet service,No internet service,Month-to-month,0,Credit card (automatic),19.7,216.2,0,12.654248413981737,1.328216414002106,1.328216414002106,Q1
0060-FUALY,Female,0,1,0,59,1,Yes,Fiber optic,Yes,Yes,No,No,Yes,No,Month-to-month,1,Electronic check,94.75,5597.65,0,3.710943992591995,1.3262708994443249,1.3262708994443249,Q1
6485-QXWWE,Female,0,0,1,62,1,Yes,No,No internet service,No internet service,No internet service,No internet service,No internet service,No internet service,Two year,0,Bank transfer (automatic),26.0,1638.7,0,35.74324608115056,1.3231885816804447,1.3231885816804447,Q1
1222-LRYKO,Male,0,0,1,6,1,Yes,No,No internet service,No internet service,No internet service,No internet service,No internet service,No internet service,Month-to-month,0,Mailed check,26.35,184.05,0,2.0220501631840793,1.3218616110192487,1.3218616110192487,Q1
5032-MIYKT,Female,0,0,0,1,1,No,Fiber optic,No,No,No,No,No,No,Month-to-month,1,Mailed check,70.7,70.7,0,18.61343622316965,1.320490048642603,1.320490048642603,Q1
1291-CUOCY,Male,0,1,0,72,1,Yes,Fiber optic,No,Yes,Yes,Yes,Yes,Yes,Two year,1,Credit card (automatic),110.6,7962.2,0,0.3367154553539198,1.3183470394345431,1.3183470394345431,Q1
2273-QCKXA,Male,0,0,0,1,1,No,DSL,No,No,No,Yes,No,No,Month-to-month,0,Mailed check,49.05,49.05,0,27.71362799011016,1.3163560517625401,1.3163560517625401,Q1
7115-IRDHS,Female,0,1,0,72,1,Yes,No,No internet service,No internet service,No internet service,No internet service,No internet service,No internet service,Two year,0,Bank transfer (automatic),24.65,1830.05,0,14.723700051884883,1.3106212641886135,1.3106212641886135,Q1
8106-GWQOK,Male,0,1,0,38,0,No phone service,DSL,Yes,Yes,No,Yes,Yes,Yes,Two year,1,Bank transfer (automatic),60.0,2193.2,0,0.7636075733605381,1.3104524182240147,1.3104524182240147,Q1
5701-GUXDC,Female,0,1,0,26,0,No phone service,DSL,Yes,No,Yes,No,No,No,One year,0,Credit card (automatic),35.4,978.6,0,17.691088214313748,1.3066628376031726,1.3066628376031726,Q1
4872-JCVCA,Female,0,1,0,71,0,No phone service,DSL,Yes,Yes,Yes,Yes,No,No,Two year,1,Bank transfer (automatic),47.6,3377.8,0,15.728575847601586,1.3058635714663325,1.3058635714663325,Q1
2664-XJZNO,Male,0,1,1,72,1,No,Fiber optic,Yes,No,Yes,Yes,Yes,Yes,Two year,1,Credit card (automatic),104.9,7559.55,0,9.91804881292702,1.3014373430952395,1.3014373430952395,Q1
2682-KEVRP,Female,1,0,0,22,1,No,No,No internet service,No internet service,No internet service,No internet service,No internet service,No internet service,One year,1,Mailed check,20.05,417.0,0,1.617865239699795,1.3005479193244973,1.3005479193244973,Q1
8908-SLFCJ,Female,0,0,0,21,1,No,No,No internet service,No internet service,No internet service,No internet service,No internet service,No internet service,Two year,1,Credit card (automatic),20.85,435.25,0,50.20752182064481,1.2947807802561833,1.2947807802561833,Q1
5495-GPSRW,Male,0,0,0,20,1,No,No,No internet service,No internet service,No internet service,No internet service,No internet service,No internet service,Two year,1,Mailed check,19.7,419.4,0,2.6951131939862405,1.2894915534030504,1.2894915534030504,Q1
3577-AMVUX,Male,0,0,0,1,1,No,DSL,No,No,Yes,Yes,No,No,Month-to-month,0,Mailed check,55.05,55.05,0,34.46036311724338,1.2799848865084473,1.2799848865084473,Q1
3077-RSNTJ,Female,0,1,1,6,1,No,No,No internet service,No internet service,No internet service,No internet service,No internet service,No internet service,Month-to-month,0,Mailed check,19.7,113.5,0,66.84509382873406,1.279345763547882,1.279345763547882,Q1
7873-CVMAW,Male,0,0,0,72,1,Yes,DSL,Yes,Yes,Yes,Yes,Yes,Yes,Two year,0,Credit card (automatic),88.55,6362.35,0,22.653293277263227,1.2754335166790376,1.2754335166790376,Q1
8735-IJJEG,Male,0,1,0,14,1,No,DSL,No,No,Yes,No,No,No,Month-to-month,0,Credit card (automatic),50.2,668.85,0,15.086164087230255,1.2725607911649464,1.2725607911649464,Q1
5198-EFNBM,Male,1,1,0,57,1,No,Fiber optic,No,Yes,Yes,No,Yes,No,One year,1,Electronic check,90.65,5199.8,0,60.01825877619886,1.2723980951943856,1.2723980951943856,Q1
4980-URKXC,Male,0,1,0,36,1,No,No,No internet service,No internet service,No internet service,No internet service,No internet service,No internet service,One year,0,Bank transfer (automatic),20.85,720.05,0,0.6455841003057546,1.2714807401219548,1.2714807401219548,Q1
3620-MWJNE,Male,0,0,0,2,1,No,DSL,Yes,No,No,Yes,No,No,Month-to-month,1,Mailed check,54.45,87.3,0,30.366511967139747,1.2685279879418019,1.2685279879418019,Q1
4334-HOWRP,Male,1,1,0,72,0,No phone service,DSL,Yes,Yes,Yes,Yes,Yes,Yes,Two year,1,Credit card (automatic),64.95,4546.0,0,2.5582533541546724,1.2679364453481932,1.2679364453481932,Q1
2882-WDTBA,Male,0,1,1,69,1,No,DSL,Yes,Yes,Yes,Yes,Yes,No,Two year,1,Bank transfer (automatic),75.75,5388.15,0,6.953616570003759,1.2672565906799962,1.2672565906799962,Q1
5799-JRCZO,Female,0,0,1,63,1,No,No,No internet service,No internet service,No internet service,No internet service,No internet service,No internet service,Two year,0,Credit card (automatic),19.5,1215.1,0,7.917361193885772,1.2656638099797575,1.2656638099797575,Q1
5804-JMYIO,Female,0,1,1,39,1,No,No,No internet service,No internet service,No internet service,No internet service,No internet service,No internet service,Two year,0,Mailed check,19.75,757.95,0,4.105480015492156,1.2650269500965963,1.2650269500965963,Q1
7298-IZWLY,Female,0,0,0,1,1,No,No,No internet service,No internet service,No internet service,No internet service,No internet service,No internet service,Month-to-month,1,Mailed check,19.4,19.4,0,15.36237808949627,1.2624063997219694,1.2624063997219694,Q1
4146-SVFUD,Male,0,0,0,1,1,No,DSL,No,No,No,No,No,No,Month-to-month,0,Mailed check,44.6,44.6,0,46.75116095284654,1.254261508400786,1.254261508400786,Q1
6300-BWMJX,Female,0,1,0,59,1,Yes,Fiber optic,No,No,Yes,Yes,Yes,No,Month-to-month,0,Electronic check,93.35,5386.5,0,12.759652095158025,1.254083156417716,1.254083156417716,Q1
3258-SYSWS,Male,1,0,0,72,1,Yes,Fiber optic,Yes,Yes,Yes,Yes,Yes,Yes,Two year,0,Bank transfer (automatic),113.8,7845.8,0,45.20350166406084,1.2495433615635103,1.2495433615635103,Q1
1241-EZFMJ,Male,0,1,0,61,1,Yes,No,No internet service,No internet service,No internet service,No internet service,No internet service,No internet service,Two year,0,Bank transfer (automatic),25.45,1538.6,0,0.6237966653497449,1.2471379543397199,1.2471379543397199,Q1
5821-MMEIL,Female,0,1,0,57,1,No,No,No internet service,No internet service,No internet service,No internet service,No internet service,No internet service,Two year,0,Bank transfer (automatic),19.9,1115.6,0,4.6350717957491625,1.2382602902043987,1.2382602902043987,Q1
7176-WIONM,Female,0,1,0,12,0,No phone service,DSL,No,No,Yes,No,Yes,Yes,Month-to-month,1,Bank transfer (automatic),49.85,617.15,0,14.959283587126237,1.2376604403737235,1.2376604403737235,Q1
1452-KIOVK,Male,0,0,1,22,1,Yes,Fiber optic,No,Yes,No,No,Yes,No,Month-to-month,1,Credit card (automatic),89.1,1949.4,0,12.288816160516905,1.2370827094674428,1.2370827094674428,Q1
1641-RQDAY,Female,1,1,1,32,1,Yes,Fiber optic,No,Yes,No,No,Yes,Yes,Month-to-month,1,Electronic check,100.4,3217.65,0,1.4967071275768244,1.2360054982193522,1.2360054982193522,Q1
3137-LUPIX,Female,0,0,0,4,1,Yes,DSL,No,No,No,Yes,Yes,No,Month-to-month,1,Mailed check,64.4,253.0,0,44.8047178402713,1.2356539245405074,1.2356539245405074,Q1
4302-ZYFEL,Male,0,1,1,69,1,No,No,No internet service,No internet service,No internet service,No internet service,No internet service,No internet service,One year,1,Credit card (automatic),20.55,1403.1,0,0.2708444195321267,1.2328579985021442,1.2328579985021442,Q1
6837-BJYDQ,Male,0,0,0,3,1,No,No,No internet service,No internet service,No internet service,No internet service,No internet service,No internet service,One year,0,Mailed check,19.6,61.35,0,2.821458617716771,1.2163403318407129,1.2163403318407129,Q1
0723-VSOBE,Female,1,0,0,45,0,No phone service,DSL,No,No,No,No,No,Yes,One year,0,Electronic check,34.2,1596.6,0,6.331187710721271,1.2139335634337538,1.2139335634337538,Q1
5980-BDHPY,Male,0,1,0,72,1,Yes,DSL,Yes,Yes,Yes,Yes,Yes,Yes,Two year,1,Bank transfer (automatic),87.1,6230.1,0,0.8554858410811171,1.2114804160550492,1.2114804160550492,Q1
1744-JHKYS,Female,0,1,0,34,1,Yes,No,No internet service,No internet service,No internet service,No internet service,No internet service,No internet service,Month-to-month,0,Electronic check,24.7,780.2,0,12.562888930689702,1.210206128211662,1.210206128211662,Q1
9795-NREXC,Female,0,1,0,64,1,Yes,DSL,Yes,No,Yes,Yes,Yes,Yes,Two year,1,Credit card (automatic),85.0,5484.4,0,25.026613630436422,1.20895262424684,1.20895262424684,Q1
3354-OADJP,Female,0,0,0,8,1,No,DSL,Yes,No,No,Yes,No,No,One year,0,Bank transfer (automatic),54.25,447.75,0,35.92344453140844,1.2085311219308728,1.2085311219308728,Q1
5448-VWNAM,Female,0,0,1,19,1,Yes,DSL,Yes,Yes,No,Yes,Yes,No,Month-to-month,1,Mailed check,75.9,1375.6,0,1.3862261632047468,1.2078651339881876,1.2078651339881876,Q1
0835-JKADZ,Female,0,0,0,71,1,Yes,Fiber optic,No,Yes,Yes,Yes,Yes,Yes,Two year,1,Electronic check,111.25,7984.15,0,2.836501354210096,1.2039974857118725,1.2039974857118725,Q1
2931-XIQBR,Female,0,1,1,50,1,No,Fiber optic,No,No,Yes,Yes,Yes,Yes,One year,0,Mailed check,103.05,5153.5,0,9.925657933203274,1.2009764238895808,1.2009764238895808,Q1
5832-EXGTT,Male,0,1,1,29,1,No,DSL,Yes,No,No,No,No,Yes,Month-to-month,1,Mailed check,60.2,1834.15,0,13.06505759931623,1.1983487092874117,1.1983487092874117,Q1
7137-NAXML,Male,0,0,0,23,1,No,No,No internet service,No internet service,No internet service,No internet service,No internet service,No internet service,One year,0,Bank transfer (automatic),20.15,405.6,0,42.440845923678594,1.1940423832877929,1.1940423832877929,Q1
1866-DIOQZ,Female,0,1,0,71,0,No phone service,DSL,Yes,Yes,Yes,Yes,Yes,Yes,One year,0,Bank transfer (automatic),66.8,4689.15,0,6.872515930459031,1.1927437314683709,1.1927437314683709,Q1
2830-LEWOA,Male,0,1,1,61,1,No,Fiber optic,No,Yes,Yes,Yes,Yes,Yes,One year,0,Credit card (automatic),103.9,6449.15,0,44.28477760307747,1.1894141458648981,1.1894141458648981,Q1
7401-JIXNM,Female,0,1,1,54,1,Yes,DSL,Yes,Yes,Yes,Yes,Yes,Yes,Two year,0,Credit card (automatic),91.3,4965.0,0,28.63695206367242,1.1879753581431138,1.1879753581431138,Q1
8148-NLEGT,Female,0,1,1,42,1,Yes,No,No internet service,No internet service,No internet service,No internet service,No internet service,No internet service,Two year,0,Electronic check,22.95,1014.25,0,4.416408008369042,1.1853489038587595,1.1853489038587595,Q1
3605-JISKB,Male,1,1,0,55,1,Yes,DSL,Yes,Yes,No,No,No,No,One year,0,Credit card (automatic),60.0,3316.1,0,13.696096139128935,1.1836761731615715,1.1836761731615715,Q1
5575-GNVDE,Male,0,0,0,34,1,No,DSL,Yes,No,Yes,No,No,No,One year,0,Mailed check,56.95,1889.5,0,40.97321106795701,1.1828456798015186,1.1828456798015186,Q1
8865-TNMNX,Male,0,1,1,10,1,No,DSL,No,Yes,No,No,No,No,One year,0,Mailed check,49.55,475.7,0,23.299434455473005,1.180858674973936,1.180858674973936,Q1
1159-WFSGR,Female,0,1,1,16,1,No,No,No internet service,No internet service,No internet service,No internet service,No internet service,No internet service,Month-to-month,0,Electronic check,20.4,321.4,0,4.910315593736951,1.1751928873405604,1.1751928873405604,Q1
3612-YUNGG,Male,0,1,1,64,1,Yes,Fiber optic,No,Yes,Yes,Yes,Yes,Yes,Two year,1,Credit card (automatic),109.2,6741.15,0,3.345496209805035,1.1746085078481492,1.1746085078481492,Q1
9574-BOSMD,Male,0,1,1,68,1,Yes,No,No internet service,No internet service,No internet service,No internet service,No internet service,No internet service,Two year,0,Bank transfer (automatic),25.4,1620.2,0,29.853642879365065,1.1744088549748364,1.1744088549748364,Q1
4654-GGUII,Female,0,0,0,18,0,No phone service,DSL,Yes,Yes,No,Yes,No,No,One year,1,Mailed check,40.2,711.95,0,46.73254984254126,1.174283740520827,1.174283740520827,Q1
0541-FITGH,Female,0,1,0,2,1,No,DSL,Yes,No,No,No,No,Yes,Month-to-month,1,Mailed check,62.15,113.1,0,1.5565033071278211,1.1725817861854706,1.1725817861854706,Q1
4709-LKHYG,Female,0,1,1,29,1,No,No,No internet service,No internet service,No internet service,No internet service,No internet service,No internet service,One year,0,Electronic check,20.0,540.05,0,55.992434765299734,1.1680991894915373,1.1680991894915373,Q1
7779-ORAEL,Male,1,1,0,45,1,Yes,DSL,Yes,No,Yes,Yes,No,Yes,Two year,0,Credit card (automatic),75.15,3480.35,0,18.726069655557097,1.1648361630520818,1.1648361630520818,Q1
8198-RKSZG,Female,0,1,1,14,1,Yes,DSL,No,Yes,No,Yes,Yes,Yes,Month-to-month,0,Credit card (automatic),80.45,1137.05,0,3.4417769706390504,1.1646821151330096,1.1646821151330096,Q1
0960-HUWBM,Male,0,1,1,65,1,Yes,Fiber optic,No,No,Yes,Yes,Yes,Yes,Two year,1,Bank transfer (automatic),104.1,6700.05,0,0.3217585284794553,1.1629161839534294,1.1629161839534294,Q1
6461-SZMCV,Female,0,1,0,71,1,Yes,DSL,Yes,Yes,Yes,Yes,Yes,Yes,Two year,0,Bank transfer (automatic),87.95,6365.35,0,25.069435308613773,1.160047078231326,1.160047078231326,Q1
9058-MJLZC,Female,0,0,0,24,1,No,Fiber optic,Yes,No,No,No,Yes,Yes,Month-to-month,1,Electronic check,94.6,2283.15,0,4.525012755301566,1.1594602880201315,1.1594602880201315,Q1
9028-LIHRP,Male,0,1,1,71,1,No,Fiber optic,Yes,Yes,Yes,Yes,Yes,No,Two year,0,Credit card (automatic),100.2,7209.0,0,16.57380930731447,1.1586904370615594,1.1586904370615594,Q1
0594-UFTUL,Male,0,1,1,13,1,No,No,No internet service,No internet service,No internet service,No internet service,No internet service,No internet service,Month-to-month,1,Mailed check,19.85,252.0,0,3.476946718547136,1.1573365649382792,1.1573365649382792,Q1
8374-UULRV,Male,0,0,0,72,1,Yes,DSL,Yes,Yes,No,Yes,Yes,Yes,Two year,0,Credit card (automatic),86.05,6309.65,0,0.8816416254486564,1.1561852165932534,1.1561852165932534,Q1
5245-VDBUR,Female,0,1,0,52,0,No phone service,DSL,Yes,No,Yes,No,No,No,One year,0,Mailed check,35.45,1958.95,0,0.46356718075556186,1.155253671696507,1.155253671696507,Q1
6522-OIQSX,Female,0,1,1,69,0,No phone service,DSL,No,Yes,Yes,No,Yes,Yes,Two year,1,Credit card (automatic),54.95,3772.5,0,55.26769453528304,1.1548689464110915,1.1548689464110915,Q1
3688-FTHLT,Female,0,0,0,16,1,Yes,DSL,No,No,No,No,No,Yes,Month-to-month,1,Bank transfer (automatic),63.05,1067.05,0,1.1940423832877929,1.1538061186203326,1.1538061186203326,Q1
3214-IYUUQ,Female,0,1,0,61,1,No,Fiber optic,Yes,Yes,No,Yes,No,Yes,One year,0,Bank transfer (automatic),93.7,5860.7,0,5.813020271885088,1.1528045657273345,1.1528045657273345,Q1
5465-BUBFA,Female,0,1,1,41,1,No,No,No internet service,No internet service,No internet service,No internet service,No internet service,No internet service,Two year,0,Bank transfer (automatic),19.3,772.4,0,1.6801936514584965,1.1523485436472471,1.1523485436472471,Q1
0347-UBKUZ,Female,0,0,0,15,1,No,No,No internet service,No internet service,No internet service,No internet service,No internet service,No internet service,Month-to-month,0,Mailed check,19.9,320.45,0,23.53708019738424,1.1517256216495024,1.1517256216495024,Q1
6789-HJBWG,Female,0,0,0,12,1,No,DSL,No,Yes,No,No,No,No,Month-to-month,1,Electronic check,49.4,611.65,0,5.414144466495586,1.1511313581431977,1.1511313581431977,Q1
3873-WOSBC,Male,0,1,0,67,1,Yes,No,No internet service,No internet service,No internet service,No internet service,No internet service,No internet service,Two year,0,Credit card (automatic),25.6,1784.9,0,58.62237140547114,1.145396032906873,1.145396032906873,Q1
5981-ZVXOT,Female,1,0,0,35,1,Yes,Fiber optic,Yes,Yes,Yes,No,Yes,Yes,One year,1,Electronic check,108.35,3726.15,0,0.346004908169826,1.1436029146399334,1.1436029146399334,Q1
3950-VPYJB,Male,0,1,1,57,1,No,DSL,Yes,Yes,No,Yes,No,No,One year,0,Mailed check,59.6,3509.4,0,51.259387214818965,1.1426655803506098,1.1426655803506098,Q1
7602-MVRMB,Female,0,1,1,72,1,Yes,Fiber optic,Yes,No,Yes,Yes,Yes,Yes,Two year,1,Bank transfer (automatic),110.45,8058.85,0,14.996047594227782,1.142120332920283,1.142120332920283,Q1
5384-ZTTWP,Female,0,1,1,15,1,No,No,No internet service,No internet service,No internet service,No internet service,No internet service,No internet service,Month-to-month,0,Mailed check,19.8,272.95,0,13.940334630754716,1.139098666070725,1.139098666070725,Q1
4652-ODEVH,Male,0,1,1,45,1,Yes,No,No internet service,No internet service,No internet service,No internet service,No internet service,No internet service,Two year,0,Mailed check,24.45,1088.25,0,28.118546346276002,1.1388540716724682,1.1388540716724682,Q1
0930-EHUZA,Female,0,0,0,36,1,No,DSL,Yes,Yes,Yes,Yes,Yes,No,One year,1,Mailed check,76.35,2606.35,0,17.70864927061155,1.1373081189270073,1.1373081189270073,Q1
0188-GWFLE,Male,0,0,0,2,1,No,No,No internet service,No internet service,No internet service,No internet service,No internet service,No internet service,Month-to-month,0,Mailed check,20.05,33.7,0,0.863790193815816,1.1361185727076721,1.1361185727076721,Q1
0536-ESJEP,Male,0,1,0,54,1,No,DSL,Yes,Yes,No,No,Yes,Yes,Two year,1,Bank transfer (automatic),74.55,4191.45,0,3.2766567572399716,1.1343260480005934,1.1343260480005934,Q1
5811-IWXYM,Female,0,1,1,52,1,Yes,Fiber optic,No,No,Yes,No,Yes,Yes,One year,0,Bank transfer (automatic),101.25,5301.1,0,3.3798032425380438,1.1306079368784605,1.1306079368784605,Q1
6549-YMFAW,Male,1,1,0,9,1,No,No,No internet service,No internet service,No internet service,No internet service,No internet service,No internet service,Month-to-month,1,Mailed check,21.25,204.55,0,0.6463917422352814,1.1303916503782745,1.1303916503782745,Q1
5982-XMDEX,Female,0,0,0,65,1,Yes,No,No internet service,No internet service,No internet service,No internet service,No internet service,No internet service,Two year,0,Bank transfer (automatic),26.5,1698.55,0,5.61225465808445,1.1292639921267273,1.1292639921267273,Q1
6967-QIQRV,Male,0,1,1,15,1,No,Fiber optic,Yes,No,No,Yes,Yes,Yes,One year,0,Electronic check,101.9,1667.25,0,0.76316308985703,1.1274741896502944,1.1274741896502944,Q1
0225-ZORZP,Male,0,0,0,3,1,No,Fiber optic,No,Yes,No,No,No,Yes,Month-to-month,0,Electronic check,84.3,235.05,0,22.27779316668806,1.1263526647216,1.1263526647216,Q1
9565-AXSMR,Male,0,1,1,52,1,No,No,No internet service,No internet service,No internet service,No internet service,No internet service,No internet service,Two year,0,Mailed check,19.2,1054.75,0,16.512353588257934,1.1261815720736403,1.1261815720736403,Q1
5201-FRKKS,Male,0,0,0,25,1,No,Fiber optic,Yes,No,No,No,No,No,Month-to-month,0,Bank transfer (automatic),74.3,1952.25,0,69.62147571331889,1.12566843839486,1.12566843839486,Q1
6741-QRLUP,Female,0,0,0,63,1,Yes,DSL,Yes,Yes,Yes,Yes,No,Yes,Two year,1,Credit card (automatic),80.3,4995.35,0,44.18508519165011,1.1225463023082516,1.1225463023082516,Q1
1925-GMVBW,Female,0,0,0,5,1,No,No,No internet service,No internet service,No internet service,No internet service,No internet service,No internet service,Month-to-month,0,Credit card (automatic),20.55,96.1,0,17.721115267378725,1.1215102184120203,1.1215102184120203,Q1
7629-WIXZF,Female,0,0,0,7,1,No,DSL,Yes,No,No,No,No,Yes,One year,1,Electronic check,59.1,369.25,0,51.62997394794881,1.1167867867404944,1.1167867867404944,Q1
6522-YRBXD,Male,1,1,0,35,1,Yes,Fiber optic,Yes,Yes,No,No,No,Yes,Month-to-month,1,Electronic check,94.55,3365.4,0,2.5425200477229506,1.116074007114739,1.116074007114739,Q1
1309-XGFSN,Male,1,1,1,52,1,Yes,DSL,No,Yes,Yes,No,Yes,Yes,One year,1,Electronic check,80.85,4079.55,0,10.125417841319795,1.1155084825832262,1.1155084825832262,Q1
8780-RSYYU,Female,0,0,0,25,1,No,No,No internet service,No internet service,No internet service,No internet service,No internet service,No internet service,Month-to-month,1,Credit card (automatic),19.2,532.1,0,5.426739382986199,1.1143158566561377,1.1143158566561377,Q1
1480-IVEVR,Male,1,1,0,35,1,Yes,Fiber optic,No,No,Yes,No,No,No,One year,1,Bank transfer (automatic),81.6,2815.25,0,1.1879753581431138,1.1140768278613908,1.1140768278613908,Q1
0021-IKXGC,Female,1,0,0,1,1,Yes,Fiber optic,No,No,No,No,No,No,Month-to-month,1,Electronic check,72.1,72.1,0,57.09087697057353,1.1134446919220442,1.1134446919220442,Q1
7284-BUYEC,Female,0,0,0,5,0,No phone service,DSL,No,Yes,No,No,Yes,Yes,Month-to-month,1,Credit card (automatic),50.95,229.4,0,71.50637296228484,1.109792011400505,1.109792011400505,Q1
4277-BWBML,Male,0,1,1,72,1,No,No,No internet service,No internet service,No internet service,No internet service,No internet service,No internet service,Two year,0,Bank transfer (automatic),19.95,1322.85,0,14.43663164692314,1.1084400556616176,1.1084400556616176,Q1
7929-SKFGK,Male,0,1,0,70,1,Yes,Fiber optic,Yes,Yes,Yes,Yes,Yes,Yes,Two year,0,Credit card (automatic),114.3,8244.3,0,14.873256598096646,1.1056691866469448,1.1056691866469448,Q1
2272-UOINI,Female,0,0,0,7,1,No,DSL,Yes,Yes,No,Yes,Yes,Yes,Month-to-month,1,Electronic check,78.5,571.05,0,1.2799848865084473,1.1035852104969521,1.1035852104969521,Q1
9143-CANJF,Female,0,1,1,24,1,No,DSL,Yes,No,No,Yes,No,No,Month-to-month,0,Electronic check,55.15,1319.85,0,1.881374095060362,1.1003698513542595,1.1003698513542595,Q1
3078-ZKNTS,Female,0,1,1,13,1,No,No,No internet service,No internet service,No internet service,No internet service,No internet service,No internet service,Two year,1,Bank transfer (automatic),19.75,246.7,0,30.954098503244442,1.1000883026202224,1.1000883026202224,Q1
6582-PLFUU,Male,0,1,1,51,1,No,No,No internet service,No internet service,No internet service,No internet service,No internet service,No internet service,Two year,0,Credit card (automatic),19.55,1086.75,0,20.73665913885284,1.0989039347829392,1.0989039347829392,Q1
7905-NJMXS,Male,1,1,0,7,1,Yes,DSL,Yes,Yes,No,Yes,No,No,Month-to-month,0,Electronic check,64.2,475.0,0,40.7462796621368,1.0960434463388995,1.0960434463388995,Q1
0386-CWRGM,Female,0,1,1,46,1,No,No,No internet service,No internet service,No internet service,No internet service,No internet service,No internet service,Two year,0,Mailed check,19.4,967.85,0,46.354561001168975,1.0943260647067992,1.0943260647067992,Q1
8167-GJLRN,Male,0,0,0,3,0,No phone service,DSL,No,No,No,Yes,No,No,Month-to-month,0,Electronic check,30.4,82.15,0,2.506990410588176,1.093733880998143,1.093733880998143,Q1
1927-QEWMY,Female,0,1,0,72,1,No,No,No internet service,No internet service,No internet service,No internet service,No internet service,No internet service,Two year,0,Credit card (automatic),20.5,1502.25,0,0.9877719765792926,1.0936828138224854,1.0936828138224854,Q1
1237-WIYYZ,Female,0,0,0,18,1,No,No,No internet service,No internet service,No internet service,No internet service,No internet service,No internet service,Month-to-month,1,Mailed check,19.55,389.25,0,2.4043926106203264,1.0903221071789684,1.0903221071789684,Q1
5193-QLVZB,Male,0,0,0,63,1,Yes,Fiber optic,No,Yes,Yes,No,Yes,Yes,Two year,1,Bank transfer (automatic),104.75,6536.5,0,11.896814378196563,1.0866175253695454,1.0866175253695454,Q1
6582-OIVSP,Female,0,0,0,1,1,No,DSL,No,No,No,No,No,No,Month-to-month,0,Mailed check,45.3,45.3,0,0.32798660256462414,1.0826268264743266,1.0826268264743266,Q1
1518-OMDIK,Male,0,1,0,33,1,No,DSL,No,No,No,No,No,No,Month-to-month,1,Credit card (automatic),44.55,1462.6,0,2.3611953483126893,1.081521852094698,1.081521852094698,Q1
4661-NJEUX,Male,0,0,0,1,1,No,No,No internet service,No internet service,No internet service,No internet service,No internet service,No internet service,Month-to-month,1,Mailed check,20.05,20.05,0,35.94976558251838,1.0751516768797398,1.0751516768797398,Q1
6184-DYUOB,Female,0,1,0,3,1,No,No,No internet service,No internet service,No internet service,No internet service,No internet service,No internet service,Month-to-month,1,Mailed check,19.6,55.25,0,27.10671105230985,1.0717440742221664,1.0717440742221664,Q1
2858-EIMXH,Female,1,1,0,53,1,Yes,Fiber optic,No,No,No,No,Yes,Yes,One year,1,Credit card (automatic),95.85,5016.25,0,14.59245410328179,1.067909659369148,1.067909659369148,Q1
7228-PAQPD,Female,0,0,0,14,1,No,DSL,No,No,No,Yes,No,Yes,One year,0,Credit card (automatic),59.1,772.85,0,1.254083156417716,1.0677931347168677,1.0677931347168677,Q1
0248-PGHBZ,Female,1,0,0,67,1,No,Fiber optic,Yes,Yes,No,Yes,Yes,No,Two year,1,Bank transfer (automatic),92.45,6140.85,0,1.82811504511433,1.0667065327095149,1.0667065327095149,Q1
3678-MNGZX,Male,0,1,1,68,1,No,No,No internet service,No internet service,No internet service,No internet service,No internet service,No internet service,Two year,0,Bank transfer (automatic),19.95,1377.7,0,22.455941079830037,1.0660266613322926,1.0660266613322926,Q1
4785-FCIFB,Female,0,1,0,61,1,Yes,No,No internet service,No internet service,No internet service,No internet service,No internet service,No internet service,Two year,0,Mailed check,24.4,1417.9,0,15.50711080846144,1.0640503754670687,1.0640503754670687,Q1
7993-NQLJE,Male,0,1,1,15,1,No,Fiber optic,Yes,No,No,No,No,No,Month-to-month,0,Mailed check,75.1,1151.55,0,8.483187795077455,1.0638888110640632,1.0638888110640632,Q1
1354-YZFNB,Male,0,1,1,4,1,No,No,No internet service,No internet service,No internet service,No internet service,No internet service,No internet service,Two year,0,Credit card (automatic),19.55,68.8,0,18.099933729179902,1.0626851155615447,1.0626851155615447,Q1
0666-UXTJO,Male,1,1,0,34,1,No,Fiber optic,No,No,Yes,No,Yes,No,Month-to-month,1,Credit card (automatic),85.2,2874.45,0,7.328814573062556,1.0626513398031863,1.0626513398031863,Q1
5676-CFLYY,Male,0,1,1,71,1,No,DSL,No,Yes,No,Yes,Yes,Yes,Two year,1,Credit card (automatic),73.35,5154.5,0,25.334321404335014,1.061542973688486,1.061542973688486,Q1
6152-ONASV,Female,0,1,0,68,1,Yes,DSL,Yes,No,No,Yes,No,No,One year,0,Bank transfer (automatic),58.25,3975.7,0,0.477004587578798,1.0607419570222396,1.0607419570222396,Q1
8259-NFJTV,Female,0,1,1,7,0,No phone service,DSL,Yes,No,No,Yes,No,No,Month-to-month,0,Mailed check,34.65,246.6,0,0.25911055484662104,1.0591570426468881,1.0591570426468881,Q1
9702-AIUJO,Male,0,1,1,50,1,No,DSL,No,No,No,No,No,No,One year,1,Bank transfer (automatic),44.8,2230.85,0,71.372302158095,1.0586643943846916,1.0586643943846916,Q1
9385-EHGDO,Female,0,1,1,35,1,No,No,No internet service,No internet service,No internet service,No internet service,No internet service,No internet service,Two year,1,Mailed check,19.85,739.35,0,16.724501521953357,1.0572136553267586,1.0572136553267586,Q1
4195-PNGZS,Male,0,1,1,69,1,Yes,No,No internet service,No internet service,No internet service,No internet service,No internet service,No internet service,Two year,0,Bank transfer (automatic),24.45,1718.2,0,11.998333475325136,1.0566272325703912,1.0566272325703912,Q1
6447-GORXK,Male,0,0,1,31,0,No phone service,DSL,No,No,No,No,No,No,Month-to-month,0,Credit card (automatic),25.0,789.2,0,6.826206995558142,1.0564804604725895,1.0564804604725895,Q1
2481-SBOYW,Female,0,0,1,61,1,Yes,No,No internet service,No internet service,No internet service,No internet service,No internet service,No internet service,Two year,1,Credit card (automatic),25.0,1498.35,0,2.2188385966525925,1.056152496909537,1.056152496909537,Q1
6169-PPETC,Male,0,1,1,35,1,No,No,No internet service,No internet service,No internet service,No internet service,No internet service,No internet service,Two year,0,Bank transfer (automatic),20.5,759.35,0,2.029387260791394,1.0537115606098169,1.0537115606098169,Q1
3466-RITXD,Male,0,0,0,26,1,Yes,Fiber optic,Yes,Yes,No,No,Yes,No,Month-to-month,1,Credit card (automatic),92.4,2349.8,0,28.669845021100492,1.0531006943526509,1.0531006943526509,Q1
3723-BFBGR,Male,1,0,0,24,1,Yes,DSL,No,Yes,No,No,No,No,Month-to-month,0,Credit card (automatic),54.8,1291.3,0,8.668475529657332,1.0516411501469518,1.0516411501469518,Q1
4878-BUNFV,Male,0,1,1,42,1,No,No,No internet service,No internet service,No internet service,No internet service,No internet service,No internet service,Two year,0,Mailed check,20.7,828.85,0,1.1361185727076721,1.0515418302196198,1.0515418302196198,Q1
2001-MCUUW,Male,0,0,0,46,1,Yes,Fiber optic,No,Yes,Yes,Yes,Yes,Yes,Two year,0,Electronic check,108.65,4903.2,0,36.00239683232312,1.0491032309223198,1.0491032309223198,Q1
1307-ATKGB,Male,0,0,0,24,1,No,Fiber optic,No,Yes,Yes,No,No,Yes,Month-to-month,1,Electronic check,89.55,2187.15,0,18.47838034336288,1.0489854132177254,1.0489854132177254,Q1
6933-VLYFX,Male,0,1,1,31,0,No phone service,DSL,Yes,No,Yes,Yes,Yes,Yes,One year,0,Electronic check,59.95,1848.8,0,5.5757309830006285,1.0479832477485926,1.0479832477485926,Q1
2348-KCJLT,Female,0,1,0,44,1,No,DSL,Yes,Yes,Yes,No,No,No,One year,1,Mailed check,61.5,2722.2,0,4.281226442440364,1.0470754234326762,1.0470754234326762,Q1
7619-PLRLP,Female,0,1,0,53,1,Yes,DSL,Yes,Yes,Yes,No,No,Yes,One year,0,Bank transfer (automatic),74.1,3833.95,0,7.918243247744802,1.0462677405048626,1.0462677405048626,Q1
9547-ITEFG,Male,0,1,1,9,1,Yes,Fiber optic,No,Yes,Yes,No,Yes,Yes,Month-to-month,1,Credit card (automatic),102.6,897.75,0,4.602112334687908,1.0446122456871372,1.0446122456871372,Q1
3079-BCHLN,Male,0,1,0,47,1,No,No,No internet service,No internet service,No internet service,No internet service,No internet service,No internet service,One year,0,Bank transfer (automatic),19.9,942.95,0,57.158427758696654,1.041001355530069,1.041001355530069,Q1
6784-XYJAE,Female,0,0,0,36,1,Yes,DSL,No,No,Yes,No,No,No,One year,0,Electronic check,55.8,1941.5,0,49.23693046945384,1.0400117094912773,1.0400117094912773,Q1
2380-DAMQP,Female,0,1,0,72,1,Yes,Fiber optic,Yes,Yes,Yes,Yes,Yes,Yes,Two year,0,Electronic check,115.15,8349.7,0,1.1292639921267273,1.0373469179677954,1.0373469179677954,Q1
0816-TSPHQ,Male,0,0,0,2,1,No,No,No internet service,No internet service,No internet service,No internet service,No internet service,No internet service,Month-to-month,0,Mailed check,20.75,44.2,0,6.639920450612961,1.029946583995038,1.029946583995038,Q1
7503-EPSZW,Female,0,1,1,64,1,Yes,No,No internet service,No internet service,No internet service,No internet service,No internet service,No internet service,Two year,1,Mailed check,24.05,1559.15,0,1.4921460145694339,1.029816913308905,1.029816913308905,Q1
5693-PIPCS,Male,0,0,0,41,1,No,Fiber optic,No,Yes,No,Yes,Yes,Yes,Two year,1,Credit card (automatic),99.65,4220.35,0,6.169568421755105,1.027174035683561,1.027174035683561,Q1
0224-NIJLP,Male,0,1,1,8,1,No,No,No internet service,No internet service,No internet service,No internet service,No internet service,No internet service,Two year,0,Mailed check,20.15,165.5,0,26.085303691092566,1.0270895866463312,1.0270895866463312,Q1
1891-QRQSA,Male,1,1,1,64,1,Yes,Fiber optic,Yes,No,Yes,Yes,Yes,Yes,Two year,1,Bank transfer (automatic),111.6,7099.0,0,3.477309173032625,1.0241729021528114,1.0241729021528114,Q1
6345-HOVES,Male,0,0,0,34,0,No phone service,DSL,No,No,No,No,No,No,Month-to-month,1,Bank transfer (automatic),25.05,852.7,0,26.731983466618814,1.0236996906452187,1.0236996906452187,Q1
4735-BJKOU,Female,0,0,0,40,1,No,No,No internet service,No internet service,No internet service,No internet service,No internet service,No internet service,Two year,0,Mailed check,20.15,804.85,0,20.92350203978612,1.02189993783022,1.02189993783022,Q1
6549-BTYPG,Female,0,1,0,60,0,No phone service,DSL,No,Yes,Yes,Yes,Yes,Yes,Two year,0,Credit card (automatic),60.8,3603.45,0,32.889776348387834,1.0210111548533847,1.0210111548533847,Q1
7740-BTPUX,Male,1,1,0,55,1,Yes,Fiber optic,No,Yes,Yes,Yes,Yes,Yes,Two year,1,Electronic check,113.6,6292.7,0,7.046558165292738,1.0189704982703507,1.0189704982703507,Q1
0206-TBWLC,Female,0,1,0,54,1,Yes,Fiber optic,Yes,Yes,Yes,Yes,Yes,Yes,One year,1,Mailed check,114.65,6049.5,0,41.69860947781151,1.018079504678756,1.018079504678756,Q1
1266-NZYUI,Female,0,1,1,72,1,Yes,DSL,Yes,No,Yes,Yes,No,No,Two year,0,Bank transfer (automatic),66.85,4758.8,0,0.9516253845676932,1.0136441069522766,1.0136441069522766,Q1
8064-RAVOH,Male,0,0,1,1,1,No,DSL,No,No,Yes,No,No,No,Month-to-month,1,Electronic check,49.85,49.85,0,12.644278994343496,1.0132446609113674,1.0132446609113674,Q1
7129-AZJDE,Male,0,1,1,34,1,No,Fiber optic,No,No,No,No,No,Yes,One year,1,Bank transfer (automatic),78.95,2647.2,0,0.6635382977962822,1.0123564884689118,1.0123564884689118,Q1
9408-HRXRK,Female,0,1,1,45,1,Yes,Fiber optic,Yes,Yes,No,No,Yes,Yes,Month-to-month,1,Electronic check,105.15,4730.9,0,8.122931690825693,1.0068528610272498,1.0068528610272498,Q1
6332-FBZRI,Male,0,1,1,67,1,Yes,DSL,Yes,Yes,Yes,Yes,No,No,One year,1,Credit card (automatic),69.35,4653.25,0,1.1523485436472471,1.004193085799442,1.004193085799442,Q1
6218-KNUBD,Male,0,0,0,6,1,No,DSL,No,Yes,No,No,Yes,No,Month-to-month,0,Electronic check,59.45,357.6,0,65.4960503213671,1.0024318636072287,1.0024318636072287,Q1
3279-DYZQM,Male,0,1,1,71,1,No,No,No internet service,No internet service,No internet service,No internet service,No internet service,No internet service,Two year,0,Mailed check,19.45,1378.45,0,24.148596528257738,1.0010013066157089,1.0010013066157089,Q1
7036-TYDEC,Female,0,0,0,69,1,Yes,Fiber optic,No,No,Yes,Yes,Yes,Yes,Two year,0,Electronic check,104.0,7028.5,0,14.12049754364421,0.9995153236685461,0.9995153236685461,Q1
4682-BLBUC,Male,0,1,0,44,1,No,DSL,No,Yes,Yes,Yes,Yes,No,One year,1,Electronic check,70.95,3250.45,0,34.358098307907255,0.99851382676832,0.99851382676832,Q1
3766-EJLFL,Female,0,1,1,68,1,Yes,Fiber optic,Yes,No,Yes,Yes,Yes,Yes,Two year,1,Bank transfer (automatic),109.05,7508.55,0,8.850946907832462,0.9974426987570003,0.9974426987570003,Q1
0871-OPBXW,Female,0,0,0,2,1,No,No,No internet service,No internet service,No internet service,No internet service,No internet service,No internet service,Month-to-month,1,Mailed check,20.05,39.25,0,7.760302780501657,0.9934849103774013,0.9934849103774013,Q1
0015-UOCOJ,Female,1,0,0,7,1,No,DSL,Yes,No,No,No,No,No,Month-to-month,1,Electronic check,48.2,340.35,0,5.736325984518616,0.9926399125790103,0.9926399125790103,Q1
9074-KGVOX,Male,0,1,1,50,0,No phone service,DSL,Yes,No,No,No,Yes,No,Month-to-month,1,Credit card (automatic),39.45,2021.35,0,1.9501550362394544,0.9921502118161184,0.9921502118161184,Q1
1813-JYWTO,Female,0,1,0,72,1,Yes,Fiber optic,Yes,No,No,No,No,No,Two year,0,Bank transfer (automatic),80.45,5737.6,0,1.8308934027005181,0.9906607790487323,0.9906607790487323,Q1
9361-YNQWJ,Female,0,0,0,64,1,Yes,No,No internet service,No internet service,No internet service,No internet service,No internet service,No internet service,One year,1,Bank transfer (automatic),24.4,1601.2,0,5.913253250627815,0.9893785003728509,0.9893785003728509,Q1
4324-BZCKL,Female,0,1,1,10,1,No,DSL,No,Yes,Yes,No,No,No,Month-to-month,1,Mailed check,55.55,551.3,0,1.6049814930368576,0.9887200070468126,0.9887200070468126,Q1
4301-VVZKA,Male,0,1,0,16,1,Yes,Fiber optic,No,No,No,No,No,No,Month-to-month,1,Electronic check,75.4,1189.4,0,62.783671105043716,0.988391005228362,0.988391005228362,Q1
6713-OKOMC,Female,0,0,0,10,0,No phone service,DSL,Yes,No,No,No,No,No,Month-to-month,0,Mailed check,29.75,301.9,0,0.30320139074806157,0.9877719765792926,0.9877719765792926,Q1
3043-TYBNO,Male,0,0,0,3,1,No,DSL,No,No,No,Yes,No,Yes,Month-to-month,0,Mailed check,60.65,196.9,0,3.128398063883219,0.9844313252992457,0.9844313252992457,Q1
4903-CNOZC,Male,0,0,0,29,1,Yes,DSL,No,Yes,Yes,No,No,Yes,One year,0,Credit card (automatic),70.9,1964.6,0,11.491466481024638,0.983872849614491,0.983872849614491,Q1
6518-KZXCB,Male,0,0,0,22,1,Yes,No,No internet service,No internet service,No internet service,No internet service,No internet service,No internet service,Two year,0,Mailed check,25.25,566.5,0,5.5138509570726235,0.9793136126762325,0.9793136126762325,Q1
8566-YPRGL,Female,0,0,0,1,1,No,No,No internet service,No internet service,No internet service,No internet service,No internet service,No internet service,Month-to-month,1,Mailed check,19.5,19.5,0,54.02775764364094,0.9711945564443162,0.9711945564443162,Q1
7750-EYXWZ,Female,0,0,0,12,0,No phone service,DSL,No,Yes,Yes,Yes,Yes,Yes,One year,0,Electronic check,60.65,743.3,0,16.832755035293467,0.9691179981974034,0.9691179981974034,Q1
8775-ERLNB,Male,1,1,0,1,1,Yes,Fiber optic,No,No,No,No,No,No,Month-to-month,0,Electronic check,74.3,74.3,0,7.124852702026484,0.9666588707359558,0.9666588707359558,Q1
3841-NFECX,Female,1,1,0,71,1,Yes,Fiber optic,Yes,Yes,Yes,Yes,No,No,Two year,1,Credit card (automatic),96.35,6766.95,0,18.175385349083133,0.9646189142257707,0.9646189142257707,Q1
7145-FEJWU,Female,0,0,1,12,1,Yes,Fiber optic,No,Yes,Yes,No,Yes,Yes,Month-to-month,1,Electronic check,105.3,1275.65,0,5.441565839858415,0.9638894845601702,0.9638894845601702,Q1
6164-HXUGH,Female,0,1,1,6,1,No,No,No internet service,No internet service,No internet service,No internet service,No internet service,No internet service,Month-to-month,0,Mailed check,19.85,119.3,0,46.613547865458365,0.962936218394401,0.962936218394401,Q1
1171-TYKUR,Male,0,1,0,47,1,Yes,No,No internet service,No internet service,No internet service,No internet service,No internet service,No internet service,Month-to-month,0,Electronic check,25.4,1139.2,0,13.397660682164265,0.9608848611542058,0.9608848611542058,Q1
0487-RPVUM,Male,0,1,0,61,1,Yes,Fiber optic,Yes,No,Yes,Yes,Yes,No,Month-to-month,0,Bank transfer (automatic),99.4,5943.65,0,42.937201755576396,0.9544909054594698,0.9544909054594698,Q1
2207-QPJED,Female,1,1,0,37,1,No,Fiber optic,No,No,Yes,Yes,Yes,No,Month-to-month,0,Electronic check,90.0,3371.75,0,2.601690862296999,0.9532418889797766,0.9532418889797766,Q1
9714-EDSUC,Male,0,0,0,4,1,No,Fiber optic,Yes,Yes,No,Yes,No,Yes,Month-to-month,1,Mailed check,94.9,360.55,0,6.682580943572993,0.9523339374821533,0.9523339374821533,Q1
8058-DMYRU,Male,1,0,0,54,1,Yes,Fiber optic,No,Yes,No,No,No,Yes,Month-to-month,1,Electronic check,90.05,4931.8,0,0.5881586470382588,0.9516253845676932,0.9516253845676932,Q1
4993-JCRGJ,Male,0,0,0,26,1,Yes,Fiber optic,No,No,Yes,Yes,No,No,Month-to-month,1,Mailed check,84.3,2281.6,0,43.511995892871994,0.9487523448027496,0.9487523448027496,Q1
0080-EMYVY,Female,0,0,0,14,1,No,DSL,No,Yes,No,No,No,No,One year,0,Credit card (automatic),51.45,727.85,0,3.874912338383289,0.9431724260892674,0.9431724260892674,Q1
3347-YJZZE,Male,0,1,1,29,1,Yes,DSL,No,Yes,Yes,No,Yes,Yes,Month-to-month,0,Credit card (automatic),80.1,2211.8,0,13.783532474765636,0.938643607043584,0.938643607043584,Q1
4726-DLWQN,Male,1,0,0,50,1,Yes,DSL,Yes,Yes,No,No,Yes,No,Month-to-month,1,Bank transfer (automatic),70.35,3454.6,0,16.946409752789354,0.9338956749910816,0.9338956749910816,Q1
7550-WIQVA,Male,0,1,1,50,1,Yes,Fiber optic,Yes,Yes,Yes,No,Yes,Yes,One year,1,Electronic check,108.25,5431.4,0,53.90919314787095,0.9303060519420927,0.9303060519420927,Q1
4335-BSMJS,Female,0,0,0,62,1,Yes,No,No internet service,No internet service,No internet service,No internet service,No internet service,No internet service,Two year,1,Credit card (automatic),25.8,1563.95,0,3.7628683056913457,0.9296866529883618,0.9296866529883618,Q1
1636-NTNCO,Male,1,0,0,4,0,No phone service,DSL,No,Yes,No,No,Yes,Yes,Month-to-month,1,Credit card (automatic),50.95,207.35,0,19.75585715022068,0.9266090289564197,0.9266090289564197,Q1
4291-HPAXL,Male,0,0,1,1,1,No,No,No internet service,No internet service,No internet service,No internet service,No internet service,No internet service,Month-to-month,0,Mailed check,19.85,19.85,0,1.7130314973659633,0.9262052321029007,0.9262052321029007,Q1
1568-BEKZM,Male,1,1,0,70,1,Yes,DSL,Yes,Yes,Yes,Yes,Yes,Yes,Two year,0,Credit card (automatic),90.05,6333.4,0,7.914224088160142,0.9238448020563816,0.9238448020563816,Q1
7989-VCQOH,Male,0,1,1,18,1,No,DSL,Yes,No,Yes,Yes,Yes,Yes,Month-to-month,0,Electronic check,83.25,1611.15,0,3.020533776875181,0.9187284964112771,0.9187284964112771,Q1
3195-TQDZX,Male,0,0,0,3,1,No,No,No internet service,No internet service,No internet service,No internet service,No internet service,No internet service,Month-to-month,1,Electronic check,20.25,61.45,0,20.863849489120774,0.9152272001773971,0.9152272001773971,Q1
8559-WNQZS,Male,0,0,0,1,1,No,No,No internet service,No internet service,No internet service,No internet service,No internet service,No internet service,Two year,0,Mailed check,20.45,20.45,0,10.80722006806825,0.9142391278323055,0.9142391278323055,Q1
0817-HSUSE,Male,0,0,0,1,1,No,DSL,No,No,Yes,Yes,Yes,Yes,Month-to-month,1,Electronic check,75.5,75.5,0,3.2430925708191936,0.9140487987003038,0.9140487987003038,Q1
1023-BQXZE,Male,0,0,0,57,1,No,DSL,Yes,No,Yes,No,Yes,Yes,Two year,1,Bank transfer (automatic),74.35,4317.35,0,68.9944969339188,0.9104818672163423,0.9104818672163423,Q1
0725-CXOTM,Female,0,0,0,36,1,Yes,DSL,Yes,No,Yes,Yes,Yes,Yes,One year,1,Credit card (automatic),89.65,3348.1,0,9.407789807607935,0.9102141083106094,0.9102141083106094,Q1
5062-CJJKH,Male,0,1,1,25,1,No,DSL,No,Yes,Yes,No,No,No,One year,0,Mailed check,53.65,1355.45,0,38.02212724402948,0.9042122344058179,0.9042122344058179,Q1
9938-TKDGL,Male,0,1,1,68,1,No,Fiber optic,Yes,No,No,Yes,Yes,Yes,Two year,1,Electronic check,99.55,6668.0,0,2.895608775051497,0.9017326841872828,0.9017326841872828,Q1
8711-LOBKY,Male,0,1,1,59,1,No,No,No internet service,No internet service,No internet service,No internet service,No internet service,No internet service,Two year,0,Mailed check,19.85,1188.25,0,0.5587341443616942,0.8993691558738572,0.8993691558738572,Q1
5296-BFCYD,Male,0,1,1,46,1,No,No,No internet service,No internet service,No internet service,No internet service,No internet service,No internet service,Two year,1,Mailed check,20.1,936.85,0,32.2310045963189,0.8990803459365242,0.8990803459365242,Q1
5494-WOZRZ,Female,0,1,1,71,1,No,DSL,Yes,No,Yes,Yes,Yes,Yes,Two year,1,Credit card (automatic),82.0,5999.85,0,4.822244099829647,0.897218751062225,0.897218751062225,Q1
8189-DUKMV,Female,0,1,0,4,1,No,No,No internet service,No internet service,No internet service,No internet service,No internet service,No internet service,One year,0,Bank transfer (automatic),20.5,79.05,0,0.6327857563164616,0.8965217910700035,0.8965217910700035,Q1
9932-WBWIK,Male,0,0,0,11,1,No,No,No internet service,No internet service,No internet service,No internet service,No internet service,No internet service,Month-to-month,0,Mailed check,20.35,215.25,0,23.836461804581393,0.8950630051119238,0.8950630051119238,Q1
2625-TRCZQ,Female,0,1,0,51,0,No phone service,DSL,No,Yes,No,No,Yes,Yes,Month-to-month,1,Electronic check,49.65,2553.35,0,22.338374285063924,0.8941397117895152,0.8941397117895152,Q1
4526-RMTLL,Male,0,1,1,8,1,Yes,DSL,Yes,Yes,No,Yes,No,Yes,Two year,1,Credit card (automatic),76.15,645.8,0,6.929708875418707,0.8941061907325261,0.8941061907325261,Q1
7472-EQOAV,Male,1,1,1,71,1,No,Fiber optic,Yes,Yes,Yes,No,No,No,One year,1,Bank transfer (automatic),86.7,6179.35,0,2.191922553606124,0.892902200993674,0.892902200993674,Q1
1627-AFWVJ,Female,0,0,0,29,1,No,No,No internet service,No internet service,No internet service,No internet service,No internet service,No internet service,Two year,0,Mailed check,19.4,554.25,0,1.0667065327095149,0.8914586097505246,0.8914586097505246,Q1
3422-WJOYD,Male,0,1,0,28,1,No,DSL,Yes,No,No,Yes,No,No,One year,0,Mailed check,54.35,1426.45,0,7.732244860668472,0.8913386480226172,0.8913386480226172,Q1
8990-YOZLV,Female,0,0,0,69,1,Yes,DSL,Yes,Yes,No,Yes,No,No,Two year,1,Mailed check,66.9,4577.9,0,25.78305964372689,0.8907222569788464,0.8907222569788464,Q1
6631-HMANX,Male,0,1,0,72,1,Yes,DSL,No,Yes,Yes,Yes,Yes,Yes,Two year,1,Credit card (automatic),85.45,6227.5,0,73.45391436886375,0.8892029775773151,0.8892029775773151,Q1
6292-TOSSS,Male,0,0,0,50,1,Yes,No,No internet service,No internet service,No internet service,No internet service,No internet service,No internet service,Two year,0,Bank transfer (automatic),24.9,1195.25,0,41.972324801806906,0.8881095934492387,0.8881095934492387,Q1
3621-CHYVB,Female,0,1,0,57,0,No phone service,DSL,Yes,No,Yes,Yes,No,Yes,Month-to-month,1,Bank transfer (automatic),49.9,2782.4,0,2.651118509958824,0.8839398247302944,0.8839398247302944,Q1
0929-PECLO,Female,1,0,0,63,1,Yes,Fiber optic,No,No,Yes,No,No,Yes,Month-to-month,1,Bank transfer (automatic),89.6,5538.8,0,49.690070459233944,0.8831196832628798,0.8831196832628798,Q1
7878-RTCZG,Female,0,0,0,1,1,No,No,No internet service,No internet service,No internet service,No internet service,No internet service,No internet service,Month-to-month,0,Mailed check,19.9,19.9,0,60.56652493507643,0.8818690816640051,0.8818690816640051,Q1
4619-EVPHY,Female,1,1,0,20,1,No,Fiber optic,No,No,No,No,Yes,Yes,One year,1,Bank transfer (automatic),91.0,1859.5,0,1.3880732613597684,0.8816416254486564,0.8816416254486564,Q1
2323-ARSVR,Male,0,1,0,67,1,No,Fiber optic,Yes,Yes,Yes,Yes,Yes,Yes,Two year,1,Electronic check,111.05,7321.05,0,19.16406354004843,0.8815329209597258,0.8815329209597258,Q1
9108-EQPNQ,Female,0,1,1,10,1,Yes,No,No internet service,No internet service,No internet service,No internet service,No internet service,No internet service,Two year,0,Credit card (automatic),26.1,225.55,0,16.210572774192574,0.8805328033962676,0.8805328033962676,Q1
8495-LJDFO,Female,1,0,0,64,1,Yes,Fiber optic,Yes,No,Yes,Yes,Yes,Yes,Month-to-month,1,Bank transfer (automatic),108.95,7111.3,0,6.603333106407969,0.8789015117335007,0.8789015117335007,Q1
1017-FBQMM,Female,0,1,1,62,1,Yes,Fiber optic,No,Yes,No,Yes,Yes,Yes,One year,1,Credit card (automatic),106.05,6703.5,0,10.364595938621504,0.8734568623739499,0.8734568623739499,Q1
7722-VJRQD,Male,0,1,1,72,0,No phone service,DSL,Yes,No,Yes,Yes,Yes,Yes,Two year,0,Bank transfer (automatic),60.95,4549.05,0,1.4428183743895522,0.8725561662795076,0.8725561662795076,Q1
1057-FOGLZ,Female,0,0,0,18,1,No,No,No internet service,No internet service,No internet service,No internet service,No internet service,No internet service,Month-to-month,0,Mailed check,19.65,391.7,0,6.652529335549261,0.8717765345487426,0.8717765345487426,Q1
1402-PTHGN,Female,0,1,1,18,1,No,DSL,Yes,Yes,No,Yes,No,No,One year,1,Mailed check,61.5,1087.45,0,46.800111939523944,0.8714993921522551,0.8714993921522551,Q1
2371-JQHZZ,Male,0,1,0,24,1,Yes,Fiber optic,No,No,No,No,Yes,Yes,Month-to-month,1,Electronic check,93.0,2248.05,0,26.75435449083966,0.8663774936312284,0.8663774936312284,Q1
9397-TZSHA,Female,0,0,0,69,1,Yes,No,No internet service,No internet service,No internet service,No internet service,No internet service,No internet service,Two year,0,Credit card (automatic),24.6,1678.05,0,0.5403545852750802,0.8663471832505735,0.8663471832505735,Q1
6994-ORCWG,Female,0,0,0,14,1,Yes,DSL,No,Yes,No,No,No,No,One year,1,Mailed check,54.25,773.2,0,29.70486771251976,0.8647573193063035,0.8647573193063035,Q1
9501-UKKNL,Male,0,0,0,59,0,No phone service,DSL,No,No,No,Yes,Yes,Yes,Month-to-month,1,Electronic check,51.7,3005.8,0,17.994563666336745,0.863790193815816,0.863790193815816,Q1
5480-XTFFL,Female,0,1,1,31,1,No,No,No internet service,No internet service,No internet service,No internet service,No internet service,No internet service,Two year,0,Mailed check,21.0,697.7,0,16.50654142038145,0.8637369496277102,0.8637369496277102,Q1
9027-YFHQJ,Male,0,0,0,7,1,Yes,No,No internet service,No internet service,No internet service,No internet service,No internet service,No internet service,Month-to-month,1,Bank transfer (automatic),25.05,152.95,0,49.92868700933085,0.8626843026342358,0.8626843026342358,Q1
2325-NBPZG,Female,0,0,0,3,1,No,Fiber optic,Yes,No,No,No,No,No,Month-to-month,1,Electronic check,74.55,233.65,0,2.225081904992653,0.8599233058292926,0.8599233058292926,Q1
1545-ACTAS,Female,0,1,1,48,1,No,Fiber optic,Yes,No,Yes,No,Yes,Yes,One year,1,Bank transfer (automatic),99.7,4977.2,0,11.760496578888846,0.8594117404974051,0.8594117404974051,Q1
7123-WQUHX,Male,0,0,0,38,1,Yes,Fiber optic,No,No,Yes,Yes,Yes,No,One year,0,Bank transfer (automatic),95.0,3605.6,0,6.241694438166536,0.8569743199115955,0.8569743199115955,Q1
6198-PNNSZ,Female,0,1,0,56,1,Yes,Fiber optic,Yes,Yes,Yes,No,Yes,Yes,One year,0,Bank transfer (automatic),109.8,6109.65,0,31.58653842862532,0.8567356269798089,0.8567356269798089,Q1
9822-WMWVG,Female,0,0,0,41,1,Yes,Fiber optic,Yes,Yes,Yes,Yes,Yes,No,Month-to-month,1,Electronic check,106.5,4282.4,0,1.9112241341246314,0.8554858410811171,0.8554858410811171,Q1
1154-HYWWO,Male,0,0,0,38,1,No,DSL,Yes,Yes,No,Yes,Yes,No,One year,0,Mailed check,70.6,2708.2,0,35.40867987750497,0.8542777302426681,0.8542777302426681,Q1
0463-WZZKO,Male,0,0,0,3,1,No,No,No internet service,No internet service,No internet service,No internet service,No internet service,No internet service,Month-to-month,1,Credit card (automatic),20.75,67.1,0,0.8941397117895152,0.8517354711819023,0.8517354711819023,Q1
6260-XLACS,Male,0,0,0,4,1,No,No,No internet service,No internet service,No internet service,No internet service,No internet service,No internet service,One year,0,Mailed check,19.7,117.8,0,37.645660289005235,0.8514354982618272,0.8514354982618272,Q1
5975-BAICR,Male,0,1,1,36,1,No,DSL,Yes,No,Yes,No,No,Yes,One year,1,Credit card (automatic),63.7,2188.5,0,2.7680307364302106,0.8450638332711072,0.8450638332711072,Q1
2057-BOYKM,Female,1,1,0,72,1,Yes,Fiber optic,Yes,Yes,Yes,Yes,No,No,Two year,1,Bank transfer (automatic),96.6,6827.5,0,21.436334897685853,0.8426168152405963,0.8426168152405963,Q1
3873-NFTGI,Male,0,0,0,14,1,Yes,DSL,No,Yes,No,No,No,No,Month-to-month,1,Credit card (automatic),55.5,767.55,0,17.97710691067588,0.8410544722520641,0.8410544722520641,Q1
8757-TFHHJ,Male,0,0,0,1,1,No,DSL,Yes,No,No,No,No,No,Month-to-month,1,Credit card (automatic),49.8,49.8,0,7.444818875938358,0.8407702636424809,0.8407702636424809,Q1
9602-WCXPI,Male,0,0,0,50,1,No,No,No internet service,No internet service,No internet service,No internet service,No internet service,No internet service,One year,0,Credit card (automatic),20.15,989.05,0,16.78221192923925,0.8373417325292006,0.8373417325292006,Q1
2229-DPMBI,Female,0,1,1,8,1,No,No,No internet service,No internet service,No internet service,No internet service,No internet service,No internet service,Two year,0,Mailed check,19.5,162.15,0,19.229179463863247,0.8371922970728911,0.8371922970728911,Q1
5148-HKFIR,Female,0,0,0,20,1,No,No,No internet service,No internet service,No internet service,No internet service,No internet service,No internet service,Two year,0,Mailed check,19.7,406.95,0,1.7071301080928265,0.8359575001755856,0.8359575001755856,Q1
3863-QSTYI,Male,0,0,0,59,1,No,DSL,No,No,Yes,Yes,Yes,No,Month-to-month,1,Electronic check,64.65,3735.45,0,9.452751081579013,0.833807104718124,0.833807104718124,Q1
6614-YWYSC,Male,1,1,0,61,1,Yes,No,No internet service,No internet service,No internet service,No internet service,No internet service,No internet service,Two year,0,Bank transfer (automatic),25.0,1501.75,0,24.642460529398257,0.8331606329638009,0.8331606329638009,Q1
8626-PTQGE,Male,0,0,0,69,0,No phone service,DSL,Yes,Yes,No,Yes,Yes,Yes,Two year,1,Bank transfer (automatic),60.05,4176.7,0,48.331849740358635,0.8324068439866337,0.8324068439866337,Q1
4134-BSXLX,Male,0,1,0,28,1,No,DSL,Yes,Yes,No,Yes,No,No,Month-to-month,0,Mailed check,60.9,1785.65,0,7.956809893647277,0.8300028373025286,0.8300028373025286,Q1
1142-IHLOO,Female,0,0,0,51,1,No,Fiber optic,No,No,No,No,Yes,Yes,One year,0,Credit card (automatic),87.55,4475.9,0,22.06150751033416,0.8287941882291778,0.8287941882291778,Q1
5970-GHJAW,Male,0,1,1,46,1,No,No,No internet service,No internet service,No internet service,No internet service,No internet service,No internet service,Two year,0,Credit card (automatic),19.95,862.4,0,0.5988315996938073,0.8269674109731808,0.8269674109731808,Q1
6773-LQTVT,Female,1,1,1,29,0,No phone service,DSL,No,Yes,Yes,No,No,No,Month-to-month,1,Mailed check,35.65,1025.15,0,1.1517256216495024,0.8268492619972194,0.8268492619972194,Q1
4785-NKHCX,Male,1,0,0,5,1,No,No,No internet service,No internet service,No internet service,No internet service,No internet service,No internet service,Month-to-month,0,Bank transfer (automatic),20.05,94.15,0,3.3016120896268,0.8253405777936201,0.8253405777936201,Q1
6848-YLDFR,Male,0,1,1,58,1,No,DSL,No,Yes,No,Yes,Yes,Yes,One year,1,Credit card (automatic),75.2,4300.8,0,10.535963834538478,0.8219037705401296,0.8219037705401296,Q1
7318-EIVKO,Male,0,0,0,8,1,Yes,DSL,No,No,No,No,Yes,No,Month-to-month,1,Electronic check,59.25,436.6,0,18.592823983550407,0.8208512646812587,0.8208512646812587,Q1
2669-OIDSD,Female,0,1,0,48,1,No,Fiber optic,No,No,Yes,Yes,Yes,Yes,Month-to-month,1,Credit card (automatic),100.05,4834.0,0,31.20058849746782,0.8197138420437363,0.8197138420437363,Q1
5338-YHWYT,Male,0,0,1,37,1,No,DSL,Yes,Yes,No,Yes,No,No,Two year,0,Credit card (automatic),61.45,2302.35,0,38.6140730344677,0.8167817816446858,0.8167817816446858,Q1
6500-JVEGC,Male,0,0,0,68,1,Yes,Fiber optic,Yes,Yes,Yes,No,Yes,No,One year,0,Bank transfer (automatic),101.35,7110.75,0,2.0831923036083064,0.8165653290450671,0.8165653290450671,Q1
9432-RUVSL,Female,0,0,0,48,1,No,Fiber optic,Yes,No,Yes,Yes,Yes,Yes,Two year,1,Credit card (automatic),102.5,4904.25,0,10.12703746453201,0.8140320898855894,0.8140320898855894,Q1
5630-AHZIL,Female,0,0,1,3,1,No,DSL,Yes,No,No,Yes,No,Yes,Month-to-month,1,Bank transfer (automatic),64.5,177.4,0,56.577777223027205,0.814007642894466,0.814007642894466,Q1
5345-BMKWB,Male,0,1,0,8,1,No,No,No internet service,No internet service,No internet service,No internet service,No internet service,No internet service,Month-to-month,0,Mailed check,20.25,158.35,0,15.722238353486894,0.8137180765019734,0.8137180765019734,Q1
2240-HSJQD,Male,0,0,1,38,1,Yes,Fiber optic,No,Yes,No,No,No,No,Month-to-month,1,Mailed check,81.85,3141.7,0,0.5030716792456695,0.8119397772950192,0.8119397772950192,Q1
3427-GGZZI,Female,0,1,0,19,1,Yes,Fiber optic,No,Yes,No,No,No,Yes,Month-to-month,1,Electronic check,89.1,1620.8,0,1.3782742755757975,0.8109924444698081,0.8109924444698081,Q1
5117-IFGPS,Male,1,1,0,29,1,Yes,Fiber optic,No,No,No,No,No,Yes,Month-to-month,1,Electronic check,84.3,2357.75,0,25.132071207854555,0.8108391219947994,0.8108391219947994,Q1
0397-ZXWQF,Male,0,0,0,67,1,No,No,No internet service,No internet service,No internet service,No internet service,No internet service,No internet service,Two year,0,Bank transfer (automatic),20.5,1430.95,0,28.222610507589874,0.8089847097972209,0.8089847097972209,Q1
3813-DHBBB,Male,0,1,0,67,0,No phone service,DSL,Yes,Yes,No,Yes,No,Yes,Two year,1,Bank transfer (automatic),50.95,3521.7,0,7.900211169749298,0.8086823737674349,0.8086823737674349,Q1
5886-VLQVU,Male,0,1,0,35,1,Yes,Fiber optic,No,No,No,Yes,No,Yes,Month-to-month,1,Bank transfer (automatic),89.85,3161.2,0,9.881287273250138,0.805035490923749,0.805035490923749,Q1
8469-SNFFH,Male,0,1,0,70,1,Yes,DSL,Yes,Yes,Yes,Yes,Yes,No,One year,0,Bank transfer (automatic),79.4,5528.9,0,17.228930911300683,0.7969582863080116,0.7969582863080116,Q1
5298-GSTLM,Female,1,0,0,60,1,Yes,Fiber optic,Yes,No,No,No,Yes,Yes,One year,1,Bank transfer (automatic),101.4,6176.6,0,5.646692704918355,0.7968221528205024,0.7968221528205024,Q1
6212-ATMLK,Female,0,0,0,50,1,Yes,Fiber optic,No,No,No,No,Yes,Yes,Month-to-month,1,Electronic check,95.7,4729.75,0,2.4028570770621553,0.7938569221402727,0.7938569221402727,Q1
8406-LNMHF,Male,1,1,0,59,1,No,Fiber optic,Yes,Yes,Yes,No,No,No,One year,1,Credit card (automatic),82.95,4903.15,0,0.37716079966770727,0.7926176973130918,0.7926176973130918,Q1
4859-ZSRDZ,Female,0,1,1,58,0,No phone service,DSL,No,No,Yes,Yes,Yes,Yes,Two year,1,Credit card (automatic),55.5,3166.9,0,4.31987876070437,0.7916269836647694,0.7916269836647694,Q1
0885-HMGPY,Male,0,0,0,62,1,Yes,DSL,Yes,Yes,Yes,Yes,No,No,Two year,0,Bank transfer (automatic),69.4,4237.5,0,13.299211727387467,0.7909461452853407,0.7909461452853407,Q1
6374-NTQLP,Male,1,1,1,72,1,No,Fiber optic,Yes,No,Yes,Yes,Yes,Yes,Two year,1,Credit card (automatic),104.1,7447.7,0,4.021148161216273,0.7860565158611204,0.7860565158611204,Q1
5188-HGMLP,Male,1,1,0,54,1,Yes,Fiber optic,No,No,No,No,No,No,Month-to-month,0,Bank transfer (automatic),74.0,3919.15,0,1.3523808702845415,0.7835408551749764,0.7835408551749764,Q1
1591-MQJTP,Male,1,1,0,51,1,Yes,Fiber optic,Yes,No,Yes,No,No,Yes,One year,1,Bank transfer (automatic),93.65,4839.15,0,17.523069317874718,0.7830946426161473,0.7830946426161473,Q1
7328-OWMOM,Female,0,0,1,31,1,No,No,No internet service,No internet service,No internet service,No internet service,No internet service,No internet service,One year,0,Credit card (automatic),20.1,589.25,0,7.263391367144514,0.7779387692808724,0.7779387692808724,Q1
1663-MHLHE,Male,0,0,0,1,1,No,No,No internet service,No internet service,No internet service,No internet service,No internet service,No internet service,Month-to-month,0,Mailed check,19.2,19.2,0,2.165502639425994,0.7770672561854766,0.7770672561854766,Q1
0318-ZOPWS,Female,0,1,0,49,1,No,No,No internet service,No internet service,No internet service,No internet service,No internet service,No internet service,Two year,1,Bank transfer (automatic),20.15,973.35,0,19.43710826397812,0.774744466639648,0.774744466639648,Q1
7515-LODFU,Male,1,0,0,69,1,No,No,No internet service,No internet service,No internet service,No internet service,No internet service,No internet service,Two year,0,Credit card (automatic),20.3,1356.3,0,22.468550529941922,0.7741299920293297,0.7741299920293297,Q1
0027-KWYKW,Female,0,1,1,23,1,Yes,Fiber optic,No,No,No,No,Yes,No,Month-to-month,1,Electronic check,83.75,1849.95,0,6.018907364911084,0.7740528017521741,0.7740528017521741,Q1
2259-OUUSZ,Male,0,0,0,7,0,No phone service,DSL,No,No,Yes,Yes,No,No,One year,1,Credit card (automatic),35.5,249.55,0,48.48879197344472,0.7732857394946662,0.7732857394946662,Q1
3259-QMXUN,Male,0,1,0,58,1,Yes,DSL,Yes,Yes,Yes,No,Yes,Yes,Two year,1,Electronic check,86.1,4890.5,0,47.54884276594411,0.7693333719416323,0.7693333719416323,Q1
4992-LTJNE,Male,0,1,1,72,1,Yes,DSL,Yes,No,No,No,No,No,Two year,0,Bank transfer (automatic),55.3,3983.6,0,4.28208573930124,0.7687622059086169,0.7687622059086169,Q1
7682-AZNDK,Male,0,1,1,34,1,No,Fiber optic,No,Yes,Yes,No,Yes,No,Month-to-month,1,Electronic check,89.85,3091.75,0,4.498799495067155,0.7670986871254712,0.7670986871254712,Q1
7665-VIGUD,Male,0,0,0,10,1,No,No,No internet service,No internet service,No internet service,No internet service,No internet service,No internet service,One year,0,Mailed check,20.35,176.3,0,31.262252151021546,0.7651986437944801,0.7651986437944801,Q1
3387-PLKUI,Female,0,1,1,13,1,No,No,No internet service,No internet service,No internet service,No internet service,No internet service,No internet service,Month-to-month,0,Mailed check,18.8,251.25,0,4.722103863200276,0.7636075733605381,0.7636075733605381,Q1
8454-AATJP,Female,0,0,0,72,1,Yes,Fiber optic,Yes,Yes,Yes,Yes,Yes,Yes,Two year,0,Credit card (automatic),115.05,8405.0,0,4.95900534486731,0.7634218221395053,0.7634218221395053,Q1
0581-MDMPW,Female,0,0,0,24,1,Yes,Fiber optic,No,No,Yes,No,Yes,No,Month-to-month,1,Credit card (automatic),88.95,2072.75,0,22.86345230212975,0.76316308985703,0.76316308985703,Q1
4782-OSFXZ,Female,1,1,0,71,1,Yes,DSL,Yes,Yes,Yes,Yes,No,Yes,Two year,1,Bank transfer (automatic),82.7,5831.2,0,35.232941389273165,0.7619104408028712,0.7619104408028712,Q1
1212-GLHMD,Male,0,0,0,3,1,No,Fiber optic,Yes,No,No,No,No,Yes,Month-to-month,1,Mailed check,86.05,244.85,0,17.843165279705026,0.7594280581432451,0.7594280581432451,Q1
7599-NTMDP,Female,0,1,1,62,0,No phone service,DSL,Yes,Yes,No,Yes,Yes,No,Two year,0,Bank transfer (automatic),48.7,3008.55,0,6.765991313310497,0.7585542950539853,0.7585542950539853,Q1
7176-WRTNX,Male,0,0,0,70,1,Yes,Fiber optic,Yes,Yes,Yes,Yes,Yes,Yes,Two year,1,Bank transfer (automatic),114.95,7711.25,0,19.576923369615717,0.757677785601317,0.757677785601317,Q1
9224-VTYID,Male,0,1,1,47,1,Yes,DSL,Yes,Yes,Yes,Yes,Yes,Yes,Two year,1,Mailed check,90.5,4318.35,0,20.421393637961767,0.7566020687360261,0.7566020687360261,Q1
9548-LERKT,Male,0,1,0,24,1,No,No,No internet service,No internet service,No internet service,No internet service,No internet service,No internet service,Two year,0,Mailed check,19.75,483.15,0,1.9158530009566652,0.7564933711408173,0.7564933711408173,Q1
4616-EWBNJ,Female,0,0,0,16,1,No,No,No internet service,No internet service,No internet service,No internet service,No internet service,No internet service,One year,0,Bank transfer (automatic),20.1,318.6,0,6.904165541787501,0.7548362625237184,0.7548362625237184,Q1
1353-GHZOS,Male,0,1,0,22,1,No,DSL,Yes,No,No,No,Yes,No,One year,1,Bank transfer (automatic),59.75,1374.35,0,13.972168661994383,0.7534482353194774,0.7534482353194774,Q1
8059-UDZFY,Female,1,0,1,33,1,Yes,Fiber optic,No,Yes,Yes,No,Yes,Yes,Month-to-month,1,Bank transfer (automatic),105.35,3465.05,0,24.542642976392777,0.7522275433181428,0.7522275433181428,Q1
1015-JPFYW,Male,0,0,1,7,1,No,No,No internet service,No internet service,No internet service,No internet service,No internet service,No internet service,One year,0,Mailed check,19.45,136.75,0,6.077278734762524,0.7518459858791212,0.7518459858791212,Q1
3239-TPHPZ,Female,0,1,0,12,1,No,No,No internet service,No internet service,No internet service,No internet service,No internet service,No internet service,Two year,1,Electronic check,20.05,264.55,0,61.357378180233255,0.7516791556284099,0.7516791556284099,Q1
3896-ZVNET,Female,0,1,1,24,1,Yes,No,No internet service,No internet service,No internet service,No internet service,No internet service,No internet service,Two year,0,Mailed check,24.7,571.75,0,12.584857840396996,0.7509790093598884,0.7509790093598884,Q1
2725-IWWBA,Male,0,1,1,46,1,No,DSL,Yes,No,Yes,Yes,No,No,One year,0,Mailed check,56.9,2560.1,0,51.39915050261676,0.7500774225689508,0.7500774225689508,Q1
4429-WYGFR,Male,0,0,0,26,1,No,DSL,No,No,No,Yes,No,No,Month-to-month,0,Bank transfer (automatic),49.15,1237.3,0,3.8913976625157805,0.7492687142217439,0.7492687142217439,Q1
5146-CBVOE,Female,0,0,0,16,1,No,Fiber optic,No,Yes,No,No,No,No,Month-to-month,0,Bank transfer (automatic),75.1,1212.85,0,0.47788597781485265,0.7469418167298064,0.7469418167298064,Q1
2203-GHNWN,Female,0,1,0,24,1,Yes,Fiber optic,No,No,Yes,No,No,No,Month-to-month,1,Mailed check,79.65,1928.7,0,29.431982781055265,0.7439658039986216,0.7439658039986216,Q1
7860-UXCRM,Male,0,1,1,63,1,No,DSL,Yes,Yes,Yes,Yes,Yes,No,Two year,0,Credit card (automatic),74.5,4674.55,0,4.395292379509382,0.7436833537173229,0.7436833537173229,Q1
0463-ZSDNT,Male,0,0,0,10,1,No,DSL,No,No,No,No,No,Yes,Month-to-month,1,Bank transfer (automatic),56.75,503.25,0,72.91317357885104,0.74280976286951,0.74280976286951,Q1
0128-MKWSG,Female,0,0,1,26,0,No phone service,DSL,Yes,No,No,Yes,No,Yes,Month-to-month,0,Mailed check,45.8,1147.0,0,2.8624404806262236,0.7428062976435279,0.7428062976435279,Q1
4849-PYRLQ,Female,1,0,0,56,1,Yes,DSL,Yes,No,Yes,Yes,No,Yes,Two year,0,Bank transfer (automatic),73.25,4054.2,0,4.675458320667629,0.7406997245418154,0.7406997245418154,Q1
1696-MZVAU,Male,0,1,1,39,0,No phone service,DSL,No,No,No,No,No,No,One year,1,Credit card (automatic),25.25,947.75,0,26.651494198013076,0.740686842646364,0.740686842646364,Q1
4159-NAAIX,Female,0,0,0,63,1,Yes,Fiber optic,No,Yes,No,No,Yes,Yes,Two year,0,Bank transfer (automatic),97.45,6253.0,0,2.5240088701097667,0.7396492078520379,0.7396492078520379,Q1
5003-XZWWO,Male,0,1,0,71,1,Yes,DSL,No,Yes,Yes,Yes,Yes,Yes,Two year,0,Credit card (automatic),84.2,5956.85,0,0.5191809345921119,0.7328914122404143,0.7328914122404143,Q1
7073-QETQY,Male,0,1,1,66,1,No,No,No internet service,No internet service,No internet service,No internet service,No internet service,No internet service,One year,1,Electronic check,20.35,1359.5,0,21.823646503210544,0.7321068636227618,0.7321068636227618,Q1
5996-DAOQL,Male,0,0,0,1,1,No,No,No internet service,No internet service,No internet service,No internet service,No internet service,No internet service,Month-to-month,1,Mailed check,20.45,20.45,0,1.397164838815232,0.7318132448229736,0.7318132448229736,Q1
5371-VYLSX,Female,1,0,0,50,1,Yes,Fiber optic,Yes,Yes,No,No,No,No,Month-to-month,1,Electronic check,83.4,4113.7,0,28.429207265373968,0.7311841136109071,0.7311841136109071,Q1
9066-QRSDU,Female,0,1,0,69,1,Yes,No,No internet service,No internet service,No internet service,No internet service,No internet service,No internet service,One year,1,Electronic check,26.3,1763.55,0,35.41486581900407,0.7299282654389572,0.7299282654389572,Q1
2990-OGYTD,Female,0,1,0,67,1,Yes,DSL,No,Yes,Yes,Yes,Yes,Yes,Two year,0,Bank transfer (automatic),86.15,5883.85,0,0.2709222013203428,0.7274559429440501,0.7274559429440501,Q1
9330-DHBFL,Female,0,1,1,23,1,No,DSL,Yes,Yes,Yes,Yes,No,No,One year,1,Mailed check,66.25,1533.8,0,0.5776815160593698,0.7245924649109531,0.7245924649109531,Q1
9717-QEBGU,Male,0,0,0,2,1,No,Fiber optic,No,No,No,No,No,No,Month-to-month,1,Electronic check,70.3,144.0,0,12.533317728473042,0.7217517235634036,0.7217517235634036,Q1
2651-ZCBXV,Male,0,0,0,54,1,Yes,Fiber optic,Yes,Yes,No,Yes,Yes,Yes,Two year,1,Credit card (automatic),108.0,5760.65,0,4.57194587757738,0.7215386870835558,0.7215386870835558,Q1
6064-PUPMC,Male,0,1,1,23,1,No,DSL,Yes,No,No,Yes,No,No,One year,0,Credit card (automatic),57.2,1423.35,0,13.387499845775846,0.720332114726334,0.720332114726334,Q1
8450-UYIBU,Female,1,0,0,35,0,No phone service,DSL,No,No,Yes,No,Yes,No,Month-to-month,1,Electronic check,39.85,1434.6,0,43.780407019418796,0.7176964312556229,0.7176964312556229,Q1
7361-YPXFS,Female,1,0,0,28,1,Yes,DSL,No,Yes,Yes,Yes,No,No,Month-to-month,0,Bank transfer (automatic),64.45,1867.6,0,1.2624063997219694,0.7164745943793127,0.7164745943793127,Q1
5092-STPKP,Female,0,0,0,24,1,No,DSL,Yes,No,No,Yes,No,No,Month-to-month,0,Credit card (automatic),56.35,1381.2,0,5.760740615300724,0.7154515641440764,0.7154515641440764,Q1
5916-QEWPT,Female,0,1,0,2,1,No,DSL,No,No,Yes,No,Yes,Yes,Month-to-month,0,Credit card (automatic),69.0,147.8,0,70.55399312621398,0.7133818506923117,0.7133818506923117,Q1
7758-UJWYS,Male,0,1,1,34,0,No phone service,DSL,No,No,No,Yes,Yes,No,Two year,1,Electronic check,40.55,1325.85,0,27.91110406532043,0.7132309360277809,0.7132309360277809,Q1
8231-BSWXX,Male,0,0,0,71,1,Yes,Fiber optic,No,Yes,No,No,No,No,One year,1,Credit card (automatic),79.05,5552.5,0,68.74323947667597,0.711810147047805,0.711810147047805,Q1
1676-MQAOA,Male,0,0,0,72,1,No,DSL,Yes,Yes,Yes,Yes,Yes,No,Two year,1,Bank transfer (automatic),75.1,5336.35,0,19.577321029385438,0.7113034642467012,0.7113034642467012,Q1
0975-VOOVL,Female,0,0,0,3,0,No phone service,DSL,No,Yes,No,No,No,No,Month-to-month,0,Mailed check,29.2,98.5,0,43.26900522831685,0.70994390724194,0.70994390724194,Q1
8015-IHCGW,Female,0,1,1,72,1,Yes,Fiber optic,Yes,Yes,Yes,Yes,Yes,Yes,Two year,1,Electronic check,115.5,8425.15,0,10.315406858885709,0.7075000197994318,0.7075000197994318,Q1
0572-ZJKLT,Female,0,1,1,46,1,Yes,Fiber optic,Yes,No,Yes,Yes,No,Yes,Two year,0,Mailed check,99.65,4630.2,0,1.666238537401471,0.7070215072626945,0.7070215072626945,Q1
1564-HJUVY,Male,0,0,0,4,1,No,DSL,No,Yes,No,Yes,Yes,No,Month-to-month,1,Bank transfer (automatic),63.75,226.2,0,17.807011782356945,0.7059259324120615,0.7059259324120615,Q1
5038-ETMLM,Female,0,1,0,72,1,Yes,Fiber optic,Yes,Yes,Yes,Yes,Yes,Yes,Two year,1,Bank transfer (automatic),113.65,8182.75,0,0.6663083950756103,0.7056221815190391,0.7056221815190391,Q1
2799-TSLAG,Female,0,1,1,65,1,Yes,No,No internet service,No internet service,No internet service,No internet service,No internet service,No internet service,Two year,1,Bank transfer (automatic),25.3,1748.55,0,1.2714807401219548,0.704052402461719,0.704052402461719,Q1
1436-ZMJAN,Female,0,1,0,10,1,No,DSL,No,No,Yes,No,Yes,Yes,Month-to-month,1,Credit card (automatic),67.8,653.15,0,72.2971346805751,0.7038406706211616,0.7038406706211616,Q1
9554-DFKIC,Male,0,1,1,30,1,Yes,DSL,Yes,No,No,No,No,No,Month-to-month,1,Bank transfer (automatic),54.45,1588.7,0,4.730092566344022,0.7023120895557051,0.7023120895557051,Q1
8149-AIQCG,Male,0,0,0,39,1,Yes,Fiber optic,No,No,No,No,No,No,Month-to-month,1,Credit card (automatic),73.15,2730.85,0,17.686264601461446,0.6989149579096448,0.6989149579096448,Q1
5447-WZAFP,Female,0,0,0,53,1,No,Fiber optic,No,Yes,Yes,No,Yes,Yes,One year,1,Mailed check,100.3,5200.8,0,29.754188155716744,0.6983137278454595,0.6983137278454595,Q1
2585-KTFRE,Male,0,0,1,1,1,No,DSL,Yes,Yes,No,Yes,No,Yes,Month-to-month,1,Bank transfer (automatic),70.45,70.45,0,6.584384677348811,0.6972829322687746,0.6972829322687746,Q1
2806-MLNTI,Male,1,1,0,52,1,Yes,Fiber optic,No,Yes,Yes,No,Yes,Yes,One year,1,Bank transfer (automatic),105.1,5376.4,0,8.724071834130878,0.6972633937530813,0.6972633937530813,Q1
5514-YQENT,Male,0,0,1,41,1,No,Fiber optic,Yes,Yes,Yes,Yes,Yes,Yes,Two year,1,Electronic check,111.15,4507.15,0,23.052892734608072,0.6969191728508248,0.6969191728508248,Q1
8208-EUMTE,Male,0,0,0,16,0,No phone service,DSL,Yes,Yes,Yes,Yes,Yes,No,Two year,0,Mailed check,54.85,916.15,0,39.780754651956215,0.6959738807776965,0.6959738807776965,Q1
2928-HLDBA,Female,0,0,0,6,1,No,No,No internet service,No internet service,No internet service,No internet service,No internet service,No internet service,Month-to-month,0,Mailed check,20.7,112.75,0,50.68802128996469,0.6935557513758737,0.6935557513758737,Q1
1074-AMIOH,Female,0,1,1,53,1,No,Fiber optic,No,Yes,Yes,Yes,Yes,Yes,Month-to-month,1,Bank transfer (automatic),108.25,5935.1,0,8.89214386969554,0.6929135914729099,0.6929135914729099,Q1
3808-HFKDE,Female,0,0,0,20,1,No,DSL,No,No,No,No,No,No,Month-to-month,1,Electronic check,44.35,927.15,0,38.91145385135143,0.6916913662521731,0.6916913662521731,Q1
9833-TGFHX,Male,0,1,1,42,1,Yes,Fiber optic,Yes,No,No,No,Yes,Yes,One year,0,Electronic check,97.1,4016.75,0,23.44385804726788,0.6898714436587023,0.6898714436587023,Q1
8739-XNIKG,Female,0,0,0,5,1,Yes,Fiber optic,No,No,No,No,Yes,No,Month-to-month,1,Electronic check,84.0,424.75,0,3.183183331098328,0.6856767039988836,0.6856767039988836,Q1
5375-XLDOF,Male,0,1,1,69,1,Yes,Fiber optic,Yes,Yes,Yes,Yes,Yes,Yes,Two year,1,Bank transfer (automatic),114.35,7665.8,0,16.922499153492847,0.6835228938929776,0.6835228938929776,Q1
2732-ISEZX,Female,0,0,0,5,1,No,No,No internet service,No internet service,No internet service,No internet service,No internet service,No internet service,Month-to-month,1,Mailed check,20.5,104.3,0,1.4143806003371864,0.6793321776464823,0.6793321776464823,Q1
6981-TDRFT,Male,0,1,1,44,0,No phone service,DSL,No,No,Yes,Yes,Yes,Yes,One year,1,Electronic check,54.3,2317.1,0,9.103098436325647,0.6790088306253584,0.6790088306253584,Q1
7147-AYBAA,Male,0,0,0,37,1,No,Fiber optic,No,No,No,No,No,No,Month-to-month,1,Mailed check,70.35,2552.9,0,14.378832963551542,0.6789300807534785,0.6789300807534785,Q1
9560-BBZXK,Female,0,0,0,36,0,No phone service,DSL,Yes,No,No,No,No,No,Two year,0,Bank transfer (automatic),31.05,1126.35,0,27.08759704725076,0.6763651192119462,0.6763651192119462,Q1
2967-MXRAV,Male,0,1,1,1,1,No,No,No internet service,No internet service,No internet service,No internet service,No internet service,No internet service,One year,0,Mailed check,18.8,18.8,0,24.493988852673382,0.6761296921118448,0.6761296921118448,Q1
6734-JDTTV,Male,0,1,1,65,1,No,No,No internet service,No internet service,No internet service,No internet service,No internet service,No internet service,Two year,1,Credit card (automatic),19.85,1267.05,0,29.006438003092132,0.6736488952475352,0.6736488952475352,Q1
4893-GYUJU,Female,0,0,0,50,1,No,No,No internet service,No internet service,No internet service,No internet service,No internet service,No internet service,One year,1,Mailed check,19.35,1033.0,0,2.281167008202485,0.6735535932769746,0.6735535932769746,Q1
4338-EYCER,Male,0,1,0,21,1,No,DSL,No,No,No,No,Yes,No,Month-to-month,0,Bank transfer (automatic),54.6,1125.2,0,1.9251417998326943,0.6732881297349192,0.6732881297349192,Q1
8779-YIQQA,Male,0,1,1,21,1,No,No,No internet service,No internet service,No internet service,No internet service,No internet service,No internet service,One year,0,Mailed check,19.8,350.1,0,1.5351557255183805,0.672717778315923,0.672717778315923,Q1
6907-CQGPN,Male,0,0,0,29,0,No phone service,DSL,No,Yes,No,Yes,No,No,Month-to-month,0,Electronic check,34.3,1004.75,0,1.8450987857937258,0.6708951861056407,0.6708951861056407,Q1
0402-OAMEN,Female,0,1,1,72,1,Yes,No,No internet service,No internet service,No internet service,No internet service,No internet service,No internet service,Two year,0,Bank transfer (automatic),24.45,1709.1,0,4.380280376147426,0.6703391367067992,0.6703391367067992,Q1
2824-DXNKN,Female,0,1,1,72,1,Yes,DSL,Yes,No,Yes,No,Yes,No,Two year,1,Bank transfer (automatic),71.45,5025.85,0,8.458621618957638,0.6698868393326485,0.6698868393326485,Q1
2916-BQZLN,Male,0,0,0,19,1,Yes,Fiber optic,Yes,No,Yes,No,No,No,Month-to-month,1,Electronic check,84.75,1651.95,0,19.738720111688863,0.6687835786274803,0.6687835786274803,Q1
6281-FKEWS,Female,0,0,0,44,0,No phone service,DSL,No,No,Yes,No,Yes,Yes,One year,1,Electronic check,49.05,2265.0,0,6.403284372461047,0.6678755680989118,0.6678755680989118,Q1
9931-KGHOA,Female,0,1,0,46,1,Yes,DSL,Yes,No,No,No,No,No,Month-to-month,0,Bank transfer (automatic),55.0,2473.95,0,9.398112897212533,0.6665185341433957,0.6665185341433957,Q1
1346-PJWTK,Male,0,1,0,61,1,No,Fiber optic,No,Yes,Yes,Yes,No,Yes,Month-to-month,0,Credit card (automatic),94.15,5731.85,0,5.5717851770530755,0.6663083950756103,0.6663083950756103,Q1
1087-GRUYI,Male,0,1,0,38,1,No,No,No internet service,No internet service,No internet service,No internet service,No internet service,No internet service,Two year,0,Bank transfer (automatic),20.4,743.5,0,71.39772791058377,0.6642164369539003,0.6642164369539003,Q1
5533-NHFRF,Male,1,0,0,7,0,No phone service,DSL,No,Yes,No,Yes,No,Yes,Month-to-month,1,Electronic check,44.4,265.8,0,23.145342042409712,0.6635382977962822,0.6635382977962822,Q1
3580-HYCSP,Male,0,1,1,72,1,Yes,Fiber optic,Yes,Yes,Yes,No,Yes,Yes,Two year,1,Bank transfer (automatic),110.3,7966.9,0,6.53692136375585,0.6632083252367529,0.6632083252367529,Q1
3544-FBCAS,Female,0,1,1,72,1,Yes,DSL,Yes,Yes,Yes,No,Yes,Yes,Two year,1,Credit card (automatic),83.6,5959.3,0,1.0537115606098169,0.6627392121503322,0.6627392121503322,Q1
0822-QGCXA,Female,1,1,0,27,1,Yes,DSL,No,Yes,Yes,Yes,Yes,Yes,Month-to-month,0,Electronic check,83.85,2310.2,0,1.893365932148462,0.660582114562711,0.660582114562711,Q1
3261-CQXOL,Female,0,1,1,71,1,Yes,No,No internet service,No internet service,No internet service,No internet service,No internet service,No internet service,Two year,0,Bank transfer (automatic),25.45,1813.35,0,18.92137881295714,0.6590189421424988,0.6590189421424988,Q1
5546-QUERU,Male,0,0,0,13,1,No,No,No internet service,No internet service,No internet service,No internet service,No internet service,No internet service,One year,1,Mailed check,19.95,257.0,0,37.02058326768779,0.6556753263047002,0.6556753263047002,Q1
8512-WIWYV,Male,0,0,0,32,1,No,No,No internet service,No internet service,No internet service,No internet service,No internet service,No internet service,One year,0,Credit card (automatic),20.35,707.5,0,13.825836465604654,0.6544009053483806,0.6544009053483806,Q1
3716-UVSPD,Male,0,0,0,1,1,No,DSL,No,No,No,Yes,No,No,Month-to-month,1,Electronic check,49.3,49.3,0,11.664434227532594,0.654349169498235,0.654349169498235,Q1
9209-NWPGU,Male,0,0,0,44,1,No,DSL,Yes,No,No,Yes,Yes,No,One year,0,Electronic check,65.4,2774.55,0,3.927861372470841,0.6539605190891388,0.6539605190891388,Q1
9242-TKFSV,Male,0,1,1,72,0,No phone service,DSL,Yes,Yes,Yes,Yes,Yes,Yes,Two year,1,Credit card (automatic),65.1,4754.3,0,0.34971183921832744,0.6535636047258582,0.6535636047258582,Q1
1304-SEGFY,Female,0,1,0,72,1,Yes,Fiber optic,No,No,Yes,No,Yes,Yes,Two year,1,Electronic check,97.85,6841.3,0,3.254798285012049,0.6532828838578001,0.6532828838578001,Q1
5862-BRIXZ,Male,0,0,0,46,0,No phone service,DSL,Yes,No,Yes,Yes,Yes,Yes,Two year,1,Bank transfer (automatic),60.75,2893.4,0,47.5038610272385,0.6532340404175102,0.6532340404175102,Q1
7408-OFWXJ,Female,0,1,1,72,1,Yes,DSL,Yes,Yes,Yes,Yes,Yes,Yes,Two year,0,Credit card (automatic),89.8,6510.45,0,0.3805471566539076,0.6519234577407568,0.6519234577407568,Q1
3556-BVQGL,Female,0,1,0,20,1,No,No,No internet service,No internet service,No internet service,No internet service,No internet service,No internet service,One year,1,Mailed check,20.0,416.45,0,4.902954031341225,0.6508969251857689,0.6508969251857689,Q1
6394-HHHZM,Male,0,0,0,3,1,No,No,No internet service,No internet service,No internet service,No internet service,No internet service,No internet service,Month-to-month,0,Mailed check,20.7,57.5,0,13.841072791609497,0.6508030775114377,0.6508030775114377,Q1
3088-LHEFH,Female,0,0,0,11,1,Yes,Fiber optic,Yes,No,No,No,No,No,Month-to-month,1,Bank transfer (automatic),79.0,929.3,0,22.08648910735736,0.6463917422352814,0.6463917422352814,Q1
8160-HOWOX,Female,0,0,0,7,1,No,DSL,No,No,No,No,Yes,Yes,Month-to-month,1,Electronic check,66.85,458.1,0,2.4116732810495316,0.6455841003057546,0.6455841003057546,Q1
2683-JXWQQ,Male,0,1,1,61,0,No phone service,DSL,Yes,No,Yes,No,No,No,Month-to-month,0,Bank transfer (automatic),33.6,2117.2,0,0.4253500264906576,0.6447523122645987,0.6447523122645987,Q1
7587-AOVVU,Male,0,1,1,27,1,Yes,Fiber optic,Yes,Yes,No,Yes,Yes,No,Month-to-month,0,Electronic check,100.75,2793.55,0,0.35259079260010123,0.6444427852462883,0.6444427852462883,Q1
5399-ZIMKF,Male,0,0,0,5,1,No,Fiber optic,No,Yes,No,No,No,No,Month-to-month,1,Electronic check,74.65,383.65,0,57.00981273443598,0.6399015107566542,0.6399015107566542,Q1
8109-YUOHE,Male,0,0,0,17,1,No,DSL,Yes,Yes,No,No,No,No,One year,0,Mailed check,56.1,946.95,0,1.735139157733424,0.6395696133475974,0.6395696133475974,Q1
4558-CGYCZ,Male,0,0,0,4,1,No,No,No internet service,No internet service,No internet service,No internet service,No internet service,No internet service,Month-to-month,0,Mailed check,19.75,78.3,0,21.348373828483822,0.6368398418879974,0.6368398418879974,Q1
6242-SGYTS,Male,0,1,1,62,1,Yes,Fiber optic,Yes,Yes,No,No,Yes,No,One year,1,Credit card (automatic),94.95,5791.85,0,32.89485674681608,0.6351277587330397,0.6351277587330397,Q1
6807-SIWJI,Male,0,0,0,38,1,Yes,Fiber optic,Yes,Yes,No,No,Yes,Yes,One year,1,Electronic check,104.85,3887.25,0,3.077274121633702,0.6334405398577966,0.6334405398577966,Q1
4568-TTZRT,Male,0,0,0,9,1,No,No,No internet service,No internet service,No internet service,No internet service,No internet service,No internet service,Month-to-month,0,Mailed check,20.4,181.8,0,8.344937306196186,0.6327857563164616,0.6327857563164616,Q1
3587-PMCOY,Male,0,0,0,10,1,No,Fiber optic,Yes,No,Yes,No,Yes,Yes,One year,1,Electronic check,98.9,1064.95,0,2.0516189230194066,0.628698876470552,0.628698876470552,Q1
2275-RBYQS,Female,0,0,0,1,1,No,DSL,No,No,No,No,No,No,Month-to-month,1,Mailed check,45.4,45.4,0,28.969921480803723,0.6243117101363967,0.6243117101363967,Q1
2091-GPPIQ,Female,0,1,1,72,1,Yes,DSL,No,Yes,No,Yes,Yes,Yes,Two year,1,Electronic check,78.95,5730.15,0,0.6334405398577966,0.6237966653497449,0.6237966653497449,Q1
3552-CTCYF,Male,0,1,1,63,1,Yes,Fiber optic,No,Yes,Yes,No,Yes,Yes,Two year,1,Bank transfer (automatic),104.8,6597.25,0,19.737076410129035,0.622692399400805,0.622692399400805,Q1
0531-ZZJWQ,Male,1,1,0,55,1,Yes,Fiber optic,No,No,No,No,No,No,Month-to-month,1,Electronic check,74.0,4052.4,0,35.03824522771522,0.618747526484448,0.618747526484448,Q1
0221-NAUXK,Male,0,0,1,10,1,No,No,No internet service,No internet service,No internet service,No internet service,No internet service,No internet service,One year,1,Bank transfer (automatic),19.95,219.5,0,10.516685054284217,0.6178306173123551,0.6178306173123551,Q1
0831-JNISG,Male,0,1,1,71,1,No,No,No internet service,No internet service,No internet service,No internet service,No internet service,No internet service,Two year,0,Mailed check,19.8,1396.25,0,18.317466338548066,0.617802516279863,0.617802516279863,Q1
2361-UPSND,Female,0,1,0,46,1,No,DSL,Yes,Yes,No,Yes,No,Yes,One year,0,Mailed check,70.6,3231.05,0,14.683297220253172,0.6176893926999929,0.6176893926999929,Q1
0074-HDKDG,Male,0,1,1,25,1,No,DSL,Yes,Yes,Yes,No,No,No,One year,1,Bank transfer (automatic),61.6,1611.0,0,9.526660968323228,0.6067625834042544,0.6067625834042544,Q1
5248-KWLAR,Male,0,1,1,71,1,Yes,DSL,Yes,Yes,Yes,Yes,Yes,Yes,Two year,0,Electronic check,90.35,6325.25,0,36.50484956251215,0.6051061706791572,0.6051061706791572,Q1
1135-LMECX,Female,0,0,0,1,1,No,No,No internet service,No internet service,No internet service,No internet service,No internet service,No internet service,Month-to-month,0,Mailed check,19.85,19.85,0,1.0489854132177254,0.6050593089567162,0.6050593089567162,Q1
4670-TABXH,Male,0,1,0,72,1,Yes,Fiber optic,No,Yes,Yes,Yes,Yes,Yes,Two year,1,Credit card (automatic),109.75,7758.9,0,24.158292561881414,0.6043887377042864,0.6043887377042864,Q1
8745-PVESG,Female,0,0,0,57,0,No phone service,DSL,Yes,No,Yes,Yes,No,No,One year,1,Credit card (automatic),41.1,2258.25,0,8.00395265660158,0.6041266318161124,0.6041266318161124,Q1
3547-LQRIK,Female,0,1,0,47,1,Yes,No,No internet service,No internet service,No internet service,No internet service,No internet service,No internet service,One year,0,Electronic check,26.9,1250.85,0,19.771115387151887,0.6027225574342606,0.6027225574342606,Q1
2446-ZKVAF,Male,0,1,0,18,1,Yes,DSL,No,Yes,No,No,No,No,Month-to-month,0,Credit card (automatic),56.8,1074.65,0,5.396955693262897,0.6012321442488764,0.6012321442488764,Q1
2931-VUVJN,Female,1,1,0,59,1,Yes,Fiber optic,Yes,Yes,Yes,Yes,No,No,One year,1,Electronic check,94.05,5483.9,0,62.6910247830242,0.6010349138101013,0.6010349138101013,Q1
4767-HZZHQ,Male,0,1,1,30,1,No,Fiber optic,No,Yes,Yes,No,No,No,Month-to-month,0,Bank transfer (automatic),82.05,2570.2,0,7.2213466023454425,0.6009987321948539,0.6009987321948539,Q1
0082-LDZUE,Male,0,0,0,1,1,No,DSL,No,No,No,No,No,No,Month-to-month,1,Mailed check,44.3,44.3,0,6.800641832684858,0.6005472618535,0.6005472618535,Q1
9055-MOJJJ,Female,0,1,1,64,1,No,DSL,Yes,No,No,Yes,Yes,No,One year,0,Mailed check,65.8,4068.0,0,29.504299164711146,0.5993555647847902,0.5993555647847902,Q1
4415-WNGVR,Female,1,1,0,12,1,No,DSL,Yes,No,Yes,Yes,Yes,Yes,One year,1,Electronic check,79.2,943.85,0,0.6969191728508248,0.5988315996938073,0.5988315996938073,Q1
6402-EJMWF,Male,0,0,0,4,1,No,DSL,No,No,No,No,No,Yes,Month-to-month,1,Mailed check,55.3,238.5,0,22.345554224146035,0.5957125067024943,0.5957125067024943,Q1
3199-XGZCY,Female,0,0,0,8,1,Yes,Fiber optic,No,No,No,No,No,No,Month-to-month,1,Electronic check,75.25,576.7,0,72.52473040714682,0.5956783162037816,0.5956783162037816,Q1
7901-IIDQV,Male,0,0,0,24,1,Yes,DSL,No,No,No,Yes,No,No,One year,0,Bank transfer (automatic),54.6,1242.25,0,52.57218329640817,0.5952312941953914,0.5952312941953914,Q1
2061-VVFST,Female,0,1,0,37,1,No,No,No internet service,No internet service,No internet service,No internet service,No internet service,No internet service,Month-to-month,0,Bank transfer (automatic),19.5,805.2,0,1.2382602902043987,0.594315865993637,0.594315865993637,Q1
9257-AZMTZ,Female,0,1,1,52,1,No,No,No internet service,No internet service,No internet service,No internet service,No internet service,No internet service,Two year,0,Bank transfer (automatic),20.1,1078.75,0,18.880868110985986,0.5938769983354051,0.5938769983354051,Q1
8204-TIFGJ,Female,0,0,0,23,1,No,No,No internet service,No internet service,No internet service,No internet service,No internet service,No internet service,Month-to-month,1,Bank transfer (automatic),20.3,470.6,0,42.45920899601103,0.5933400549341084,0.5933400549341084,Q1
5820-PTRYM,Female,1,1,0,56,1,Yes,DSL,Yes,Yes,Yes,Yes,No,No,One year,1,Credit card (automatic),68.45,4014.0,0,69.2878458761081,0.5931847519563309,0.5931847519563309,Q1
4163-KIUHY,Male,0,0,0,35,1,Yes,No,No internet service,No internet service,No internet service,No internet service,No internet service,No internet service,Month-to-month,1,Electronic check,25.6,901.25,0,0.5887799573589109,0.5931180148043701,0.5931180148043701,Q1
5073-RZGBK,Female,0,1,1,50,1,Yes,DSL,Yes,Yes,Yes,Yes,No,Yes,One year,1,Bank transfer (automatic),80.05,4042.2,0,0.6539605190891388,0.5929093763211088,0.5929093763211088,Q1
7241-AJHFS,Male,0,0,0,32,1,Yes,Fiber optic,Yes,No,No,Yes,No,No,Month-to-month,0,Bank transfer (automatic),87.65,2766.4,0,4.460585616378386,0.591737696065715,0.591737696065715,Q1
1306-RPWXZ,Female,0,0,1,49,1,No,No,No internet service,No internet service,No internet service,No internet service,No internet service,No internet service,Two year,0,Credit card (automatic),20.45,1024.65,0,1.9201244564935303,0.59129196007032,0.59129196007032,Q1
9821-BESNZ,Male,0,0,0,66,1,Yes,Fiber optic,No,Yes,No,Yes,Yes,Yes,One year,1,Electronic check,104.25,6860.6,0,19.076044030083462,0.5912897312284721,0.5912897312284721,Q1
6507-DTJZV,Male,0,0,1,13,1,No,DSL,No,No,No,No,Yes,Yes,Month-to-month,0,Credit card (automatic),66.4,831.75,0,12.377269402224488,0.5887799573589109,0.5887799573589109,Q1
8565-WUXZU,Male,1,1,0,72,1,No,Fiber optic,Yes,Yes,No,Yes,No,No,Two year,1,Credit card (automatic),84.8,6141.65,0,3.09315848814632,0.588687092345535,0.588687092345535,Q1
7674-YTAFD,Female,0,0,0,33,1,No,Fiber optic,No,Yes,No,Yes,No,No,One year,1,Bank transfer (automatic),79.95,2684.85,0,31.320089754164055,0.5882601087816892,0.5882601087816892,Q1
1492-KGETH,Male,0,1,1,70,1,Yes,DSL,Yes,Yes,Yes,Yes,No,Yes,One year,0,Bank transfer (automatic),78.35,5445.95,0,19.004301230916624,0.588232991678727,0.588232991678727,Q1
8679-LZBMD,Male,0,1,0,44,1,No,Fiber optic,No,No,No,No,Yes,Yes,One year,1,Bank transfer (automatic),90.65,3974.15,0,47.921516856262365,0.5881586470382588,0.5881586470382588,Q1
9365-CSLBQ,Male,0,0,1,71,1,Yes,No,No internet service,No internet service,No internet service,No internet service,No internet service,No internet service,Two year,0,Mailed check,24.35,1654.6,0,9.874776656337911,0.5870983452697552,0.5870983452697552,Q1
5803-NQJZO,Male,0,1,0,72,1,Yes,DSL,Yes,Yes,Yes,Yes,No,No,Two year,1,Bank transfer (automatic),67.8,4804.65,0,3.877954611546721,0.5862518021880934,0.5862518021880934,Q1
0254-KCJGT,Male,0,1,0,52,1,Yes,DSL,Yes,Yes,Yes,Yes,No,Yes,One year,1,Credit card (automatic),81.4,4354.45,0,4.914316667246787,0.5805440417775529,0.5805440417775529,Q1
4973-RLZVI,Female,0,0,0,30,1,No,DSL,Yes,Yes,Yes,Yes,Yes,No,One year,0,Credit card (automatic),74.65,2308.6,0,16.42519050380931,0.5803236092548849,0.5803236092548849,Q1
3088-FVYWK,Male,0,1,1,53,1,Yes,No,No internet service,No internet service,No internet service,No internet service,No internet service,No internet service,Two year,0,Credit card (automatic),25.55,1336.1,0,1.370959174643172,0.579521600124771,0.579521600124771,Q1
1360-RCYRT,Male,0,1,1,23,0,No phone service,DSL,No,No,No,Yes,No,No,Month-to-month,1,Bank transfer (automatic),30.35,678.75,0,8.834997797673411,0.5782722637066509,0.5782722637066509,Q1
6646-JPPHA,Female,1,0,0,14,1,No,Fiber optic,Yes,Yes,No,No,No,No,Month-to-month,0,Electronic check,78.85,1043.8,0,5.026098493844313,0.5776815160593698,0.5776815160593698,Q1
3308-MHOOC,Male,0,0,1,1,1,No,No,No internet service,No internet service,No internet service,No internet service,No internet service,No internet service,Month-to-month,1,Mailed check,19.2,19.2,0,7.710759246614413,0.5769563128315152,0.5769563128315152,Q1
1708-PBBOA,Female,0,0,0,42,0,No phone service,DSL,Yes,Yes,Yes,Yes,No,Yes,One year,1,Electronic check,54.75,2348.45,0,1.9406606768608912,0.5763298896154685,0.5763298896154685,Q1
8043-PNYSD,Male,0,1,1,63,1,No,No,No internet service,No internet service,No internet service,No internet service,No internet service,No internet service,Two year,0,Mailed check,19.55,1245.6,0,1.539119789270368,0.5759548478304302,0.5759548478304302,Q1
6728-WYQBC,Male,0,0,0,1,1,No,No,No internet service,No internet service,No internet service,No internet service,No internet service,No internet service,Month-to-month,0,Bank transfer (automatic),20.95,20.95,0,1.1373081189270073,0.5739315688383494,0.5739315688383494,Q1
2267-WTPYD,Female,1,1,0,57,1,Yes,Fiber optic,No,Yes,Yes,No,No,Yes,Month-to-month,0,Credit card (automatic),94.0,5438.95,0,0.4214973360734169,0.5714953367785703,0.5714953367785703,Q1
5642-MHDQT,Female,0,1,1,53,1,No,No,No internet service,No internet service,No internet service,No internet service,No internet service,No internet service,One year,1,Bank transfer (automatic),19.85,1039.45,0,1.793598013706342,0.5697871203459127,0.5697871203459127,Q1
5899-OUVKV,Male,0,0,0,31,1,No,Fiber optic,No,Yes,No,No,Yes,Yes,Month-to-month,1,Electronic check,94.5,2979.2,0,15.431734581992899,0.5681975257143028,0.5681975257143028,Q1
0621-JFHOL,Female,0,0,0,10,0,No phone service,DSL,No,No,No,Yes,No,No,Two year,1,Mailed check,29.6,299.05,0,9.980832925421899,0.5681115369784181,0.5681115369784181,Q1
5016-IBERQ,Male,0,1,0,23,1,Yes,Fiber optic,No,Yes,Yes,No,No,No,Month-to-month,0,Electronic check,84.25,1968.1,0,53.751443915337546,0.5655148203143852,0.5655148203143852,Q1
0396-UKGAI,Male,0,0,1,23,1,No,DSL,No,Yes,No,Yes,No,No,Month-to-month,1,Bank transfer (automatic),55.3,1284.2,0,30.558708197261037,0.5632560486274217,0.5632560486274217,Q1
0147-ESWWR,Female,1,1,0,39,1,Yes,Fiber optic,No,No,No,Yes,Yes,Yes,Month-to-month,1,Electronic check,101.25,3949.15,0,11.031804723464338,0.561924255116637,0.561924255116637,Q1
0481-SUMCB,Female,1,0,0,45,1,Yes,Fiber optic,No,No,Yes,No,Yes,Yes,One year,1,Bank transfer (automatic),102.15,4735.35,0,0.4409509979825808,0.5587341443616942,0.5587341443616942,Q1
5602-BVFMK,Female,0,0,0,12,1,No,No,No internet service,No internet service,No internet service,No internet service,No internet service,No internet service,One year,0,Mailed check,19.3,228.75,0,9.128490017660988,0.5572161298126843,0.5572161298126843,Q1
0988-AADSA,Female,0,1,1,72,1,Yes,DSL,Yes,Yes,Yes,Yes,No,Yes,Two year,0,Bank transfer (automatic),80.85,5824.75,0,42.439621839438075,0.5568865380040692,0.5568865380040692,Q1
7167-PCEYD,Male,0,0,0,67,1,No,No,No internet service,No internet service,No internet service,No internet service,No internet service,No internet service,Two year,1,Mailed check,19.8,1311.3,0,2.1956364413925464,0.5511747004170747,0.5511747004170747,Q1
5928-QLDHB,Male,0,0,0,9,1,Yes,Fiber optic,No,No,No,No,No,No,Month-to-month,1,Electronic check,76.25,684.85,0,1.9053608516215699,0.5489804698499692,0.5489804698499692,Q1
5118-MUEYH,Female,0,1,0,48,1,Yes,Fiber optic,No,Yes,No,Yes,Yes,Yes,Month-to-month,1,Credit card (automatic),105.1,5083.55,0,18.215203990659333,0.5477328405258001,0.5477328405258001,Q1
6865-JZNKO,Female,0,0,0,30,1,No,DSL,Yes,Yes,No,No,No,No,Month-to-month,1,Bank transfer (automatic),55.3,1530.6,0,2.607735290485507,0.5433119673752348,0.5433119673752348,Q1
5847-MXBEO,Male,0,0,0,22,1,No,No,No internet service,No internet service,No internet service,No internet service,No internet service,No internet service,One year,0,Mailed check,20.3,475.1,0,2.1258155464522295,0.5422541400983218,0.5422541400983218,Q1
3892-NXAZG,Male,0,1,1,72,1,Yes,Fiber optic,Yes,Yes,Yes,Yes,Yes,Yes,Two year,1,Credit card (automatic),114.05,8289.2,0,7.019387612733873,0.5403804441864756,0.5403804441864756,Q1
4526-ZJJTM,Female,1,1,0,25,1,No,Fiber optic,No,Yes,Yes,No,No,Yes,Month-to-month,0,Bank transfer (automatic),88.4,2191.15,0,0.4582251226292261,0.5403545852750802,0.5403545852750802,Q1
3055-OYMSE,Female,1,0,0,53,1,No,Fiber optic,No,Yes,No,No,No,No,Month-to-month,1,Credit card (automatic),73.8,4003.85,0,9.617065020109232,0.540024309624221,0.540024309624221,Q1
1640-PLFMP,Female,0,0,0,1,1,No,Fiber optic,No,No,No,No,No,No,Month-to-month,1,Electronic check,70.25,70.25,0,34.516775682771325,0.5357171544263244,0.5357171544263244,Q1
0988-JRWWP,Female,0,0,0,3,1,No,DSL,No,No,No,No,Yes,No,Month-to-month,1,Electronic check,54.2,140.4,0,0.5078656969711564,0.5324894033902463,0.5324894033902463,Q1
0048-PIHNL,Female,0,1,0,49,1,No,No,No internet service,No internet service,No internet service,No internet service,No internet service,No internet service,One year,0,Bank transfer (automatic),20.45,900.9,0,68.61744537493857,0.5291385413497264,0.5291385413497264,Q1
8203-XJZRC,Male,0,0,0,1,1,No,No,No internet service,No internet service,No internet service,No internet service,No internet service,No internet service,Month-to-month,0,Mailed check,20.25,20.25,0,1.320490048642603,0.5283094507876507,0.5283094507876507,Q1
2632-TACXW,Female,0,1,0,62,1,Yes,No,No internet service,No internet service,No internet service,No internet service,No internet service,No internet service,Two year,0,Bank transfer (automatic),23.65,1416.75,0,2.743357868807487,0.5265548383957943,0.5265548383957943,Q1
0730-BGQGF,Male,0,1,1,71,1,Yes,DSL,Yes,Yes,Yes,Yes,Yes,Yes,Two year,0,Credit card (automatic),90.3,6287.3,0,1.6265929259906422,0.5263156238491303,0.5263156238491303,Q1
0432-CAJZV,Male,0,0,0,3,1,No,Fiber optic,No,No,No,No,Yes,Yes,Month-to-month,0,Mailed check,90.7,237.65,0,1.5587750640443137,0.5228336409891924,0.5228336409891924,Q1
4851-BQDNX,Male,0,1,1,40,1,No,Fiber optic,No,No,Yes,No,Yes,No,One year,1,Electronic check,85.05,3355.65,0,0.7522275433181428,0.5222072260350765,0.5222072260350765,Q1
5651-YLPRD,Female,0,1,1,32,1,No,Fiber optic,No,Yes,No,No,Yes,No,Month-to-month,1,Electronic check,86.1,2723.75,0,41.61005040715062,0.5201937541858626,0.5201937541858626,Q1
2087-QAREY,Female,0,1,0,22,1,No,DSL,No,Yes,Yes,No,No,No,Month-to-month,1,Mailed check,54.7,1178.75,0,1.9902900217656863,0.5191809345921119,0.5191809345921119,Q1
3914-FDRHP,Male,0,0,0,9,1,No,Fiber optic,No,No,No,Yes,Yes,No,Month-to-month,0,Electronic check,86.25,770.5,0,30.22762940832789,0.5178917935875038,0.5178917935875038,Q1
7148-XZPHA,Male,0,1,1,55,1,No,Fiber optic,No,Yes,No,Yes,No,No,Month-to-month,0,Electronic check,79.4,4238.45,0,23.79841238116057,0.5176534946545894,0.5176534946545894,Q1
0447-RXSGD,Male,0,0,0,24,1,Yes,Fiber optic,No,Yes,No,No,Yes,Yes,Month-to-month,1,Bank transfer (automatic),99.65,2404.85,0,1.6532717631581328,0.5175283225500383,0.5175283225500383,Q1
6933-FHBZC,Female,0,0,0,26,1,No,DSL,No,Yes,Yes,No,No,No,One year,1,Mailed check,56.05,1553.2,0,31.436805244987344,0.5124418666624634,0.5124418666624634,Q1
6308-CQRBU,Female,0,1,0,71,1,Yes,Fiber optic,No,Yes,Yes,Yes,Yes,Yes,Two year,0,Electronic check,109.25,7707.7,0,7.705468044438934,0.5114007598309862,0.5114007598309862,Q1
5439-WIKXB,Male,1,1,0,41,1,No,Fiber optic,No,Yes,No,No,Yes,Yes,Month-to-month,1,Electronic check,94.55,3851.45,0,32.417823724907066,0.5105717969295683,0.5105717969295683,Q1
1078-TDCRN,Female,1,1,0,3,0,No phone service,DSL,No,Yes,No,No,No,No,Month-to-month,1,Electronic check,30.75,82.85,0,38.76564218953725,0.5101293334585,0.5101293334585,Q1
6625-FLENO,Male,0,1,0,58,1,No,No,No internet service,No internet service,No internet service,No internet service,No internet service,No internet service,Two year,0,Mailed check,20.75,1185.95,0,2.904907709318839,0.5092066622575714,0.5092066622575714,Q1
8044-BGWPI,Male,0,1,1,12,1,No,No,No internet service,No internet service,No internet service,No internet service,No internet service,No internet service,Month-to-month,1,Electronic check,21.15,306.05,0,16.799547856594042,0.5080350140500381,0.5080350140500381,Q1
3374-PZLXD,Male,0,0,0,34,1,No,No,No internet service,No internet service,No internet service,No internet service,No internet service,No internet service,Month-to-month,0,Mailed check,19.7,675.6,0,54.52211798986617,0.5078656969711564,0.5078656969711564,Q1
3865-ZFZIB,Male,0,0,0,19,1,No,No,No internet service,No internet service,No internet service,No internet service,No internet service,No internet service,Two year,0,Mailed check,19.65,358.15,0,12.328061334218274,0.507263588761649,0.507263588761649,Q1
3410-MHHUM,Female,0,1,1,44,1,Yes,Fiber optic,No,Yes,Yes,No,No,Yes,One year,0,Electronic check,94.4,4295.35,0,31.567341598514837,0.5045587248985637,0.5045587248985637,Q1
7291-CDTMJ,Male,0,0,0,1,1,No,No,No internet service,No internet service,No internet service,No internet service,No internet service,No internet service,Month-to-month,1,Bank transfer (automatic),19.65,19.65,0,6.46749737087123,0.5040878548866877,0.5040878548866877,Q1
6242-MBHPK,Female,1,1,0,23,1,No,Fiber optic,Yes,No,No,No,Yes,Yes,Month-to-month,1,Electronic check,95.1,2326.05,0,32.07852836419617,0.5030716792456695,0.5030716792456695,Q1
5562-YJQGT,Female,0,0,0,2,1,No,No,No internet service,No internet service,No internet service,No internet service,No internet service,No internet service,Month-to-month,0,Credit card (automatic),20.35,35.1,0,5.506505924661669,0.5030488280980935,0.5030488280980935,Q1
0696-UKTOX,Male,0,0,1,23,1,No,DSL,No,Yes,No,Yes,No,No,Month-to-month,0,Electronic check,54.15,1312.45,0,19.179665909368843,0.5009584740684478,0.5009584740684478,Q1
0064-YIJGF,Male,0,1,1,27,1,Yes,Fiber optic,No,No,No,No,No,No,Month-to-month,1,Bank transfer (automatic),75.75,1929.0,0,13.238661939311974,0.4989441193558073,0.4989441193558073,Q1
0731-EBJQB,Female,0,1,1,52,1,No,No,No internet service,No internet service,No internet service,No internet service,No internet service,No internet service,One year,1,Electronic check,20.4,1090.65,0,5.22161029735617,0.49398230213068506,0.49398230213068506,Q1
7074-STDCN,Male,0,0,0,39,0,No phone service,DSL,No,No,No,Yes,No,Yes,Month-to-month,1,Electronic check,40.6,1494.5,0,1.0270895866463312,0.4933964289976951,0.4933964289976951,Q1
3646-ITDGM,Female,0,0,0,56,1,No,No,No internet service,No internet service,No internet service,No internet service,No internet service,No internet service,Two year,0,Bank transfer (automatic),19.7,1051.9,0,13.512121808807906,0.4915889023630866,0.4915889023630866,Q1
5093-FEGLU,Female,0,1,0,47,1,No,No,No internet service,No internet service,No internet service,No internet service,No internet service,No internet service,Two year,0,Bank transfer (automatic),19.65,921.55,0,18.709886538625405,0.4874439961556221,0.4874439961556221,Q1
3097-PYWXL,Female,0,1,1,4,1,No,No,No internet service,No internet service,No internet service,No internet service,No internet service,No internet service,Month-to-month,1,Electronic check,19.95,82.9,0,0.6898714436587023,0.48643578961963685,0.48643578961963685,Q1
1777-JYQPJ,Male,0,0,0,2,0,No phone service,DSL,No,No,No,No,No,No,Month-to-month,0,Mailed check,24.3,38.45,0,29.032033990014693,0.4863018092011756,0.4863018092011756,Q1
3457-PQBYH,Female,0,1,1,58,1,No,No,No internet service,No internet service,No internet service,No internet service,No internet service,No internet service,Two year,0,Credit card (automatic),20.3,1160.75,0,27.17018286116744,0.48600757033341074,0.48600757033341074,Q1
4070-OKWVH,Female,0,1,0,52,1,Yes,Fiber optic,No,Yes,Yes,No,Yes,No,Month-to-month,0,Bank transfer (automatic),94.6,5025.8,0,44.88065435611824,0.4846918973733569,0.4846918973733569,Q1
6518-PPLMZ,Male,0,1,1,53,1,No,No,No internet service,No internet service,No internet service,No internet service,No internet service,No internet service,Two year,1,Mailed check,19.4,1110.35,0,4.465088891649302,0.48357324774067145,0.48357324774067145,Q1
3071-MVJCD,Male,0,1,1,72,1,Yes,DSL,Yes,Yes,Yes,Yes,Yes,No,Two year,0,Bank transfer (automatic),82.3,5815.15,0,6.339264801394857,0.482744505231569,0.482744505231569,Q1
6752-APNJL,Male,0,1,1,42,1,No,DSL,Yes,Yes,No,No,No,No,Month-to-month,0,Mailed check,54.5,2301.15,0,3.356172418676674,0.4793944879204956,0.4793944879204956,Q1
3370-GQEAL,Male,0,1,1,30,1,Yes,Fiber optic,No,No,No,No,Yes,No,Month-to-month,0,Electronic check,85.45,2509.95,0,36.28992604527678,0.47788597781485265,0.47788597781485265,Q1
8752-IMQOS,Male,0,1,1,5,1,No,No,No internet service,No internet service,No internet service,No internet service,No internet service,No internet service,One year,0,Mailed check,20.1,85.1,0,4.513195834497901,0.4778459483159789,0.4778459483159789,Q1
6175-IRFIT,Male,0,0,0,5,1,No,Fiber optic,No,No,No,No,No,Yes,Month-to-month,0,Mailed check,78.75,426.35,0,1.498840064080322,0.477004587578798,0.477004587578798,Q1
7225-CBZPL,Male,1,1,0,17,1,Yes,Fiber optic,No,No,No,No,Yes,Yes,Month-to-month,1,Electronic check,94.8,1563.9,0,4.832812919439555,0.4761327043408003,0.4761327043408003,Q1
0455-XFASS,Female,0,1,1,3,1,No,Fiber optic,No,No,No,No,No,No,Month-to-month,1,Electronic check,69.55,200.2,0,11.212929617379688,0.475627251216374,0.475627251216374,Q1
5712-VBOXD,Female,0,0,0,4,1,No,No,No internet service,No internet service,No internet service,No internet service,No internet service,No internet service,Month-to-month,1,Credit card (automatic),20.15,68.45,0,2.849305952207521,0.4732318217646426,0.4732318217646426,Q1
9895-VFOXH,Female,0,0,0,1,0,No phone service,DSL,No,No,No,No,No,No,Month-to-month,0,Mailed check,24.4,24.4,0,4.091557997694595,0.4718763093022814,0.4718763093022814,Q1
7072-MBHEV,Female,1,1,1,11,1,Yes,Fiber optic,No,No,Yes,No,No,No,Month-to-month,1,Credit card (automatic),78.1,864.85,0,12.90579824762233,0.47160517465113083,0.47160517465113083,Q1
0707-HOVVN,Female,1,0,0,70,1,Yes,DSL,No,Yes,Yes,Yes,Yes,No,Two year,1,Bank transfer (automatic),75.5,5212.65,0,37.74531279196346,0.47120498994249144,0.47120498994249144,Q1
3518-FSTWG,Male,1,1,0,72,1,Yes,Fiber optic,Yes,Yes,Yes,No,Yes,Yes,Two year,1,Bank transfer (automatic),109.55,7920.7,0,3.3955211968208374,0.4698669048887154,0.4698669048887154,Q1
6952-OMNWB,Male,1,1,0,68,1,Yes,Fiber optic,No,No,Yes,No,No,No,Month-to-month,1,Credit card (automatic),80.35,5589.3,0,12.008645723301836,0.4686675592711898,0.4686675592711898,Q1
3190-FZATL,Male,0,0,1,14,1,No,No,No internet service,No internet service,No internet service,No internet service,No internet service,No internet service,Month-to-month,0,Mailed check,19.95,268.4,0,0.540024309624221,0.4640167143272462,0.4640167143272462,Q1
7169-YWAMK,Male,0,1,1,72,1,No,DSL,Yes,Yes,No,Yes,Yes,No,Two year,0,Bank transfer (automatic),68.4,4855.35,0,3.451275039154815,0.46356718075556186,0.46356718075556186,Q1
7542-CYDDM,Male,0,0,0,18,1,No,No,No internet service,No internet service,No internet service,No internet service,No internet service,No internet service,Month-to-month,0,Mailed check,20.05,358.5,0,60.97874748689567,0.4624170444163208,0.4624170444163208,Q1
1207-BLKSA,Female,0,1,1,52,1,Yes,No,No internet service,No internet service,No internet service,No internet service,No internet service,No internet service,Two year,0,Mailed check,23.05,1255.1,0,2.385153850469378,0.46217213347060715,0.46217213347060715,Q1
2954-PIBKO,Female,0,1,1,69,1,Yes,DSL,Yes,No,Yes,Yes,No,No,Two year,1,Credit card (automatic),64.15,4254.1,0,16.649132028466518,0.4618099673066336,0.4618099673066336,Q1
6260-ONULR,Male,0,0,0,1,1,No,DSL,No,No,No,No,Yes,Yes,Month-to-month,1,Mailed check,62.8,62.8,0,50.90448403081865,0.4612130096664354,0.4612130096664354,Q1
2866-IKBTM,Female,0,0,0,1,1,No,No,No internet service,No internet service,No internet service,No internet service,No internet service,No internet service,Month-to-month,0,Mailed check,19.55,19.55,0,41.05614912471779,0.4582251226292261,0.4582251226292261,Q1
2351-RRBUE,Female,0,1,1,7,1,No,No,No internet service,No internet service,No internet service,No internet service,No internet service,No internet service,One year,0,Mailed check,20.65,134.05,0,2.5539966852783325,0.45380105520993846,0.45380105520993846,Q1
9761-XUJWD,Male,0,0,0,5,1,No,DSL,No,Yes,No,Yes,No,Yes,Month-to-month,1,Bank transfer (automatic),65.6,339.9,0,41.06950114046482,0.4532200996714501,0.4532200996714501,Q1
8390-FESFV,Female,0,0,0,62,1,Yes,DSL,No,Yes,Yes,Yes,Yes,Yes,Two year,0,Bank transfer (automatic),84.5,5193.2,0,58.606950434985926,0.4529081424744179,0.4529081424744179,Q1
2452-MRMZF,Female,1,1,0,72,1,Yes,No,No internet service,No internet service,No internet service,No internet service,No internet service,No internet service,Two year,1,Credit card (automatic),25.7,1937.4,0,37.264077081895564,0.4501604090742346,0.4501604090742346,Q1
9839-ETQOE,Male,0,0,1,43,0,No phone service,DSL,Yes,Yes,Yes,No,No,No,Month-to-month,1,Electronic check,40.45,1912.85,0,0.25157544951214156,0.44913433111499634,0.44913433111499634,Q1
4054-CUMIA,Female,0,1,1,18,1,No,No,No internet service,No internet service,No internet service,No internet service,No internet service,No internet service,Month-to-month,1,Mailed check,20.25,401.95,0,6.177318745714429,0.44794542752746885,0.44794542752746885,Q1
8735-NBLWT,Male,0,0,1,9,1,No,No,No internet service,No internet service,No internet service,No internet service,No internet service,No internet service,Month-to-month,0,Mailed check,20.4,184.1,0,32.87927101443488,0.44772682521481977,0.44772682521481977,Q1
7349-ALMUX,Male,0,0,0,37,1,No,DSL,Yes,Yes,Yes,Yes,No,No,Two year,0,Bank transfer (automatic),65.6,2313.8,0,2.2935414220861037,0.4460785851297445,0.4460785851297445,Q1
6563-VRERX,Male,0,1,1,33,1,No,No,No internet service,No internet service,No internet service,No internet service,No internet service,No internet service,One year,0,Mailed check,20.6,690.25,0,2.740417827319226,0.44322387274362873,0.44322387274362873,Q1
4676-WLUHT,Male,0,0,0,54,0,No phone service,DSL,Yes,Yes,No,No,No,Yes,Two year,0,Bank transfer (automatic),46.2,2431.95,0,0.8165653290450671,0.4419093333411921,0.4419093333411921,Q1
1216-BGTSP,Male,0,0,0,45,1,Yes,Fiber optic,Yes,No,Yes,Yes,Yes,Yes,Month-to-month,1,Credit card (automatic),108.45,4964.7,0,37.33189722021635,0.4409509979825808,0.4409509979825808,Q1
0851-DFJKB,Female,0,0,0,15,1,No,DSL,Yes,No,Yes,Yes,No,No,Month-to-month,0,Electronic check,58.95,955.15,0,1.6205594285261815,0.43872583189107717,0.43872583189107717,Q1
0580-PIQHM,Female,0,1,1,41,1,Yes,Fiber optic,Yes,Yes,Yes,No,No,Yes,One year,1,Bank transfer (automatic),101.6,3930.55,0,64.58926584632762,0.43666215105405015,0.43666215105405015,Q1
2501-XWWTZ,Male,0,0,0,11,1,No,Fiber optic,No,No,No,No,No,No,Month-to-month,0,Electronic check,70.2,760.05,0,23.157049418233555,0.4349369994055083,0.4349369994055083,Q1
7868-BGSZA,Male,0,1,0,43,1,Yes,DSL,Yes,No,Yes,No,Yes,Yes,One year,1,Electronic check,80.2,3581.6,0,3.921938539506853,0.4343320256927963,0.4343320256927963,Q1
0970-QXPXW,Female,0,0,0,1,1,No,No,No internet service,No internet service,No internet service,No internet service,No internet service,No internet service,Month-to-month,0,Mailed check,19.65,19.65,0,3.1424652297189923,0.43260449808687096,0.43260449808687096,Q1
0635-WKOLD,Male,0,1,0,40,1,Yes,DSL,No,Yes,No,Yes,Yes,No,One year,0,Credit card (automatic),70.75,2921.75,0,0.8569743199115955,0.43099855734785913,0.43099855734785913,Q1
6257-RJOHI,Male,0,0,0,4,1,No,DSL,No,No,No,Yes,No,No,Month-to-month,1,Mailed check,50.8,202.3,0,64.4895924198623,0.42951796114947416,0.42951796114947416,Q1
7501-IWUNG,Female,0,1,1,61,1,No,DSL,No,No,Yes,Yes,Yes,Yes,Two year,1,Bank transfer (automatic),73.8,4616.05,0,13.343773011531606,0.42909509210221675,0.42909509210221675,Q1
1641-BYBTK,Male,0,0,1,6,1,No,No,No internet service,No internet service,No internet service,No internet service,No internet service,No internet service,Month-to-month,1,Mailed check,20.2,98.35,0,18.82102150546288,0.4287996419971305,0.4287996419971305,Q1
3247-MHJKM,Male,0,0,0,1,1,No,No,No internet service,No internet service,No internet service,No internet service,No internet service,No internet service,Month-to-month,0,Mailed check,20.2,20.2,0,4.124439733695508,0.4286499973189764,0.4286499973189764,Q1
9845-QOMAD,Male,0,1,1,14,1,No,No,No internet service,No internet service,No internet service,No internet service,No internet service,No internet service,One year,0,Mailed check,19.75,309.35,0,3.7371935774057787,0.42663302634609446,0.42663302634609446,Q1
6077-BDPXA,Female,0,0,0,3,1,No,Fiber optic,No,No,No,No,No,No,Month-to-month,1,Electronic check,70.15,194.2,0,3.5904458751044235,0.4258067215018714,0.4258067215018714,Q1
0130-SXOUN,Male,0,0,0,66,1,Yes,Fiber optic,No,Yes,No,No,No,Yes,Month-to-month,0,Credit card (automatic),89.4,5976.9,0,3.777316387305703,0.4253500264906576,0.4253500264906576,Q1
7354-OIJLX,Male,0,0,0,9,1,Yes,Fiber optic,No,No,No,No,No,No,Month-to-month,1,Electronic check,75.85,724.65,0,0.9104818672163423,0.4248856286018829,0.4248856286018829,Q1
2831-EBWRN,Male,0,0,0,4,1,No,DSL,No,No,No,No,No,No,Month-to-month,1,Electronic check,45.9,199.75,0,1.0400117094912773,0.42458054000188966,0.42458054000188966,Q1
2842-BCQGE,Male,0,0,0,43,1,Yes,Fiber optic,No,No,No,No,No,No,Month-to-month,1,Credit card (automatic),75.35,3161.4,0,15.53861094401121,0.42451015499168265,0.42451015499168265,Q1
5115-SQAAU,Female,0,1,1,69,1,Yes,No,No internet service,No internet service,No internet service,No internet service,No internet service,No internet service,Two year,1,Bank transfer (automatic),25.6,1673.4,0,18.59969254741044,0.42153663239678735,0.42153663239678735,Q1
8755-OGKNA,Female,0,1,1,57,1,No,No,No internet service,No internet service,No internet service,No internet service,No internet service,No internet service,Two year,0,Bank transfer (automatic),19.5,1167.6,0,28.56330208682236,0.4214973360734169,0.4214973360734169,Q1
9880-TDQAC,Female,0,1,1,72,0,No phone service,DSL,No,Yes,Yes,Yes,Yes,Yes,Two year,1,Electronic check,60.0,4264.0,0,3.225550177348474,0.42133447014841174,0.42133447014841174,Q1
7037-MTYVW,Male,0,1,1,38,1,Yes,DSL,Yes,No,Yes,Yes,Yes,Yes,Two year,1,Bank transfer (automatic),85.4,3297.0,0,66.25391120329645,0.4212971868553588,0.4212971868553588,Q1
7821-DPRQE,Male,0,1,0,68,1,Yes,Fiber optic,Yes,Yes,No,Yes,Yes,Yes,Month-to-month,1,Electronic check,107.7,7320.9,0,19.622771094350412,0.42082109848643456,0.42082109848643456,Q1
6352-GIGGQ,Male,0,0,0,67,1,Yes,DSL,Yes,Yes,Yes,Yes,Yes,Yes,One year,1,Bank transfer (automatic),88.8,5903.15,0,14.580754028905304,0.41943000740292735,0.41943000740292735,Q1
9184-GALIL,Female,0,1,1,38,1,No,No,No internet service,No internet service,No internet service,No internet service,No internet service,No internet service,Month-to-month,0,Mailed check,20.45,781.25,0,49.20131177101646,0.4185410091108857,0.4185410091108857,Q1
8285-ABVLB,Female,0,1,0,70,1,No,No,No internet service,No internet service,No internet service,No internet service,No internet service,No internet service,Two year,0,Credit card (automatic),19.85,1328.35,0,1.1629161839534294,0.41843816637893505,0.41843816637893505,Q1
1140-UKVZG,Female,0,0,0,17,1,Yes,No,No internet service,No internet service,No internet service,No internet service,No internet service,No internet service,Month-to-month,0,Mailed check,24.8,475.25,0,15.053833075887491,0.4137262823270649,0.4137262823270649,Q1
8727-JQFHV,Male,0,1,1,57,1,No,No,No internet service,No internet service,No internet service,No internet service,No internet service,No internet service,Two year,0,Mailed check,20.75,1123.15,0,8.270710113154266,0.41312089631658727,0.41312089631658727,Q1
6729-GDNGC,Female,1,0,0,20,1,No,Fiber optic,No,No,No,No,Yes,No,Month-to-month,0,Bank transfer (automatic),80.7,1614.2,0,15.994551958823694,0.41266705953981137,0.41266705953981137,Q1
6762-NSODU,Female,0,1,1,46,1,No,No,No internet service,No internet service,No internet service,No internet service,No internet service,No internet service,Two year,0,Credit card (automatic),19.4,958.15,0,17.80071207936534,0.4119690718477201,0.4119690718477201,Q1
6848-HJTXY,Female,0,1,0,64,1,No,No,No internet service,No internet service,No internet service,No internet service,No internet service,No internet service,Two year,0,Credit card (automatic),19.45,1208.6,0,0.411258998093998,0.411258998093998,0.411258998093998,Q1
2121-JAFOM,Female,0,1,0,72,1,Yes,Fiber optic,Yes,Yes,Yes,Yes,Yes,Yes,Two year,1,Credit card (automatic),115.55,8312.4,0,38.60649563708591,0.41075124573500754,0.41075124573500754,Q1
6116-RFVHN,Female,0,1,0,34,1,Yes,Fiber optic,No,No,Yes,No,Yes,Yes,Month-to-month,1,Electronic check,100.45,3414.65,0,8.819122213557199,0.40938489208755674,0.40938489208755674,Q1
0556-FJEGU,Male,0,0,0,58,1,No,DSL,No,Yes,Yes,Yes,Yes,No,Two year,0,Bank transfer (automatic),70.1,4048.95,0,65.27771737320556,0.4093272017876993,0.4093272017876993,Q1
0559-CKHUS,Female,0,1,0,29,1,No,No,No internet service,No internet service,No internet service,No internet service,No internet service,No internet service,Two year,1,Mailed check,19.55,521.8,0,0.45380105520993846,0.40920115091432446,0.40920115091432446,Q1
8550-XSXUQ,Male,0,1,0,48,1,Yes,DSL,No,Yes,Yes,No,No,Yes,One year,1,Credit card (automatic),70.55,3420.5,0,0.5681115369784181,0.4089012403879522,0.4089012403879522,Q1
7820-ZYGNY,Male,0,0,0,63,1,Yes,Fiber optic,No,Yes,No,No,No,Yes,One year,0,Credit card (automatic),90.45,5825.5,0,18.60656329388395,2.5756735541894025,0.4074542390143643,Q1
5914-GXMDA,Female,0,1,0,32,1,No,No,No internet service,No internet service,No internet service,No internet service,No internet service,No internet service,One year,0,Mailed check,19.3,593.2,0,1.397558450552799,0.4067174701924167,0.4067174701924167,Q1
1134-YWTYF,Male,0,1,0,27,1,No,DSL,No,Yes,No,Yes,No,No,Month-to-month,1,Electronic check,53.8,1389.85,0,4.168307505334847,0.4055592042766865,0.4055592042766865,Q1
4583-PARNH,Male,1,1,0,16,1,No,Fiber optic,No,No,Yes,Yes,No,Yes,Month-to-month,1,Electronic check,91.55,1540.05,0,3.1345850487730655,0.4053426970131011,0.4053426970131011,Q1
5828-DWPIL,Male,1,1,0,62,1,Yes,Fiber optic,Yes,Yes,Yes,No,No,No,Month-to-month,1,Electronic check,89.1,5618.3,0,29.98663429273839,0.4050869724004218,0.4050869724004218,Q1
2560-QTSBS,Female,0,1,1,72,1,Yes,No,No internet service,No internet service,No internet service,No internet service,No internet service,No internet service,One year,1,Bank transfer (automatic),23.3,1623.15,0,15.895465779765777,0.4029916863945257,0.4029916863945257,Q1
8668-KNZTI,Male,0,0,0,52,1,No,DSL,Yes,No,Yes,No,No,No,One year,0,Electronic check,53.75,2790.65,0,0.9296866529883618,0.40056028345249106,0.40056028345249106,Q1
9168-INPSZ,Female,1,1,0,44,1,Yes,Fiber optic,No,No,Yes,Yes,Yes,Yes,Month-to-month,0,Electronic check,104.15,4495.65,0,48.060200886425534,0.4004448524522829,0.4004448524522829,Q1
6075-QMNRR,Female,0,0,0,52,1,No,DSL,Yes,No,No,No,No,No,Month-to-month,1,Bank transfer (automatic),49.75,2535.55,0,29.809667692776827,0.39943962984101855,0.39943962984101855,Q1
8480-PPONV,Male,0,1,1,62,1,Yes,Fiber optic,Yes,Yes,Yes,Yes,Yes,Yes,Two year,0,Bank transfer (automatic),115.55,7159.05,0,22.58418612611857,0.3969284928392867,0.3969284928392867,Q1
9261-WDCAF,Male,0,0,0,3,1,No,DSL,No,No,No,No,No,Yes,Month-to-month,0,Mailed check,54.65,189.1,0,15.005002716288546,0.39424003110849826,0.39424003110849826,Q1
7601-WFVZV,Male,0,0,0,1,1,No,No,No internet service,No internet service,No internet service,No internet service,No internet service,No internet service,Month-to-month,0,Mailed check,19.55,19.55,0,0.4874439961556221,0.39421759041620663,0.39421759041620663,Q1
9732-EQMWY,Female,0,1,0,49,1,No,Fiber optic,No,Yes,Yes,No,Yes,Yes,Month-to-month,0,Electronic check,99.4,5025.0,0,48.97507619440322,0.3903050016029558,0.3903050016029558,Q1
8654-DHAOW,Female,0,0,0,2,1,Yes,DSL,No,Yes,No,No,No,No,Month-to-month,0,Mailed check,54.15,101.65,0,2.735531926046623,0.39023693834635353,0.39023693834635353,Q1
0228-MAUWC,Male,0,0,0,19,1,Yes,DSL,No,No,Yes,Yes,No,No,Month-to-month,0,Electronic check,59.55,1144.6,0,1.6006191529830887,0.38909458707160244,0.38909458707160244,Q1
4981-FLTMF,Female,0,1,1,57,1,Yes,DSL,Yes,Yes,No,Yes,No,No,Month-to-month,0,Bank transfer (automatic),65.2,3687.85,0,5.267160671160681,0.3878041479723831,0.3878041479723831,Q1
2694-CIUMO,Female,0,0,0,12,1,Yes,Fiber optic,No,No,No,Yes,No,No,Month-to-month,1,Credit card (automatic),79.55,958.25,0,0.4185410091108857,0.3868097438609515,0.3868097438609515,Q1
2931-SVLTV,Male,0,1,1,40,1,Yes,Fiber optic,Yes,Yes,No,Yes,Yes,Yes,Month-to-month,1,Credit card (automatic),110.1,4469.1,0,51.39596095305027,0.38571215119646224,0.38571215119646224,Q1
7924-GJZFI,Female,1,1,0,25,1,No,Fiber optic,No,No,No,No,No,No,Month-to-month,1,Electronic check,69.3,1813.1,0,3.0293597775773535,0.38405761955984496,0.38405761955984496,Q1
3439-GVUSX,Male,0,0,0,1,0,No phone service,DSL,No,No,No,No,No,No,Month-to-month,0,Mailed check,24.4,24.4,0,1.0943260647067992,0.3805471566539076,0.3805471566539076,Q1
7654-YWJUF,Male,0,1,0,43,1,No,Fiber optic,Yes,No,Yes,Yes,No,No,One year,1,Bank transfer (automatic),84.25,3539.25,0,5.92305550045882,0.37943381967879386,0.37943381967879386,Q1
0078-XZMHT,Male,0,1,0,72,1,Yes,DSL,No,Yes,Yes,Yes,Yes,Yes,Two year,1,Bank transfer (automatic),85.15,6316.2,0,22.92206585374041,0.37926475202332227,0.37926475202332227,Q1
7639-LIAYI,Male,0,0,0,52,1,Yes,DSL,Yes,No,No,Yes,Yes,Yes,Two year,1,Credit card (automatic),79.75,4217.8,0,18.510882517773307,0.37724715306128975,0.37724715306128975,Q1
5067-XJQFU,Male,1,1,1,66,1,Yes,Fiber optic,No,Yes,Yes,Yes,Yes,Yes,One year,1,Electronic check,108.45,7076.35,0,8.527432011673469,0.37716079966770727,0.37716079966770727,Q1
7130-CTCUS,Male,1,1,0,16,1,No,DSL,Yes,Yes,No,No,No,No,Month-to-month,1,Bank transfer (automatic),54.55,825.1,0,6.577107048273137,0.3765311278345065,0.3765311278345065,Q1
8622-ZLFKO,Female,0,1,0,6,1,Yes,Fiber optic,No,Yes,No,No,No,Yes,Month-to-month,1,Electronic check,90.75,512.25,0,6.788987560854295,0.37623293421267556,0.37623293421267556,Q1
6496-JDSSB,Female,0,0,0,8,1,No,Fiber optic,No,No,No,No,Yes,No,Month-to-month,1,Bank transfer (automatic),80.0,624.6,0,13.000848988573749,0.37475601576326206,0.37475601576326206,Q1
1399-UBQIU,Male,0,0,0,11,1,No,DSL,No,No,Yes,No,Yes,Yes,Month-to-month,1,Electronic check,69.35,712.25,0,0.9303060519420927,0.3737684637298447,0.3737684637298447,Q1
2324-EFHVG,Male,0,0,0,64,1,Yes,Fiber optic,No,Yes,Yes,No,Yes,Yes,Two year,1,Bank transfer (automatic),104.4,6692.65,0,2.740118189702332,0.3723600580566845,0.3723600580566845,Q1
0810-BDHAW,Female,0,1,1,24,1,Yes,DSL,Yes,Yes,No,No,Yes,Yes,One year,0,Electronic check,78.4,1832.4,0,20.821343871194784,0.37190548606238955,0.37190548606238955,Q1
3262-EIDHV,Female,0,1,1,72,1,Yes,DSL,Yes,No,Yes,Yes,Yes,Yes,Two year,0,Credit card (automatic),84.7,5893.9,0,28.75107277396974,0.3716912029602322,0.3716912029602322,Q1
3588-WSTTJ,Female,1,0,0,35,1,Yes,Fiber optic,Yes,No,No,No,Yes,Yes,Month-to-month,1,Electronic check,99.05,3554.6,0,8.074704010303476,0.3686072951431133,0.3686072951431133,Q1
3904-UKFRE,Male,0,0,0,4,1,Yes,Fiber optic,Yes,No,No,No,No,No,Month-to-month,1,Electronic check,80.1,336.15,0,1.6112369684718761,0.36670817895604446,0.36670817895604446,Q1
3941-XTSKM,Male,0,1,1,42,0,No phone service,DSL,No,Yes,Yes,No,No,Yes,One year,1,Credit card (automatic),45.1,2049.05,0,46.245007778706274,0.3646455170096925,0.3646455170096925,Q1
2169-RRLFW,Female,0,1,0,71,1,Yes,No,No internet service,No internet service,No internet service,No internet service,No internet service,No internet service,Two year,0,Credit card (automatic),25.6,1888.25,0,7.993249193827411,0.3640501040052305,0.3640501040052305,Q1
1153-GNOLC,Male,0,0,0,33,0,No phone service,DSL,No,Yes,No,No,Yes,No,One year,1,Electronic check,39.1,1309.0,0,67.45568936535207,0.3609055925606892,0.3609055925606892,Q1
5172-MIGPM,Male,0,0,0,4,1,Yes,DSL,No,No,No,Yes,No,Yes,Month-to-month,0,Mailed check,65.55,237.2,0,32.851052520496424,0.35982100052171573,0.35982100052171573,Q1
0967-BMLBD,Female,0,1,1,11,1,No,No,No internet service,No internet service,No internet service,No internet service,No internet service,No internet service,One year,1,Mailed check,20.0,196.35,0,2.911127198228915,0.3595609912278609,0.3595609912278609,Q1
5456-ITGIC,Male,1,1,0,72,0,No phone service,DSL,Yes,Yes,Yes,Yes,Yes,Yes,Two year,1,Credit card (automatic),64.45,4641.1,0,7.911908026714238,0.35686984843719866,0.35686984843719866,Q1
1329-VHWNP,Female,0,0,0,7,0,No phone service,DSL,No,No,No,No,No,No,Month-to-month,0,Bank transfer (automatic),25.05,189.95,0,38.46915795890572,0.356567323106049,0.356567323106049,Q1
4381-MHQDC,Female,0,0,0,47,1,Yes,DSL,Yes,No,Yes,Yes,No,No,Two year,1,Mailed check,65.0,2879.9,0,68.84840004861708,0.3550346065568867,0.3550346065568867,Q1
0247-SLUJI,Male,0,1,1,1,1,No,No,No internet service,No internet service,No internet service,No internet service,No internet service,No internet service,Month-to-month,0,Mailed check,19.7,19.7,0,26.34216842036655,0.35259079260010123,0.35259079260010123,Q1
7973-DZRKH,Female,0,0,1,66,1,Yes,Fiber optic,Yes,No,Yes,Yes,No,No,Two year,1,Credit card (automatic),90.95,5930.05,0,5.084176206854335,0.351774655668019,0.351774655668019,Q1
6537-OTKMY,Male,0,0,0,15,0,No phone service,DSL,No,No,Yes,No,Yes,Yes,One year,0,Electronic check,50.75,688.2,0,1.347984449526043,0.34971183921832744,0.34971183921832744,Q1
1897-OKVMW,Female,0,1,1,64,1,Yes,DSL,Yes,Yes,Yes,Yes,Yes,Yes,Two year,1,Mailed check,90.6,5817.45,0,7.561527514834224,0.34849794051597327,0.34849794051597327,Q1
1960-UYCNN,Male,0,0,0,10,1,Yes,Fiber optic,No,Yes,Yes,No,No,Yes,Month-to-month,1,Electronic check,95.25,1021.55,0,40.558051876866706,0.3483297415720976,0.3483297415720976,Q1
9286-BHDQG,Male,0,1,1,72,0,No phone service,DSL,Yes,Yes,Yes,Yes,No,No,Two year,0,Credit card (automatic),45.25,3139.8,0,17.057776733277247,0.3480303898270079,0.3480303898270079,Q1
9494-BDNNC,Male,0,1,0,66,1,Yes,Fiber optic,No,Yes,Yes,No,No,Yes,One year,0,Electronic check,95.3,6273.4,0,44.08694128961438,0.34777462931205605,0.34777462931205605,Q1
6815-ABQFQ,Male,0,1,0,56,1,Yes,Fiber optic,No,Yes,No,Yes,Yes,Yes,One year,1,Electronic check,107.25,6033.3,0,9.882164603684972,0.3473881108350987,0.3473881108350987,Q1
1099-BTKWT,Female,0,1,0,68,0,No phone service,DSL,Yes,No,Yes,No,Yes,Yes,One year,1,Electronic check,54.4,3723.65,0,19.24161250587541,0.3469912962087674,0.3469912962087674,Q1
2429-AYKKO,Male,0,0,0,72,1,No,No,No internet service,No internet service,No internet service,No internet service,No internet service,No internet service,Two year,0,Bank transfer (automatic),19.85,1434.1,0,37.60262436724094,0.346004908169826,0.346004908169826,Q1
9620-ENEJV,Female,0,0,0,6,1,No,Fiber optic,No,No,No,No,No,No,Month-to-month,0,Credit card (automatic),70.55,433.95,0,47.91640089251545,0.3452922686599932,0.3452922686599932,Q1
4853-OITSN,Male,0,1,0,5,1,Yes,Fiber optic,Yes,No,No,No,No,Yes,Month-to-month,1,Electronic check,89.15,413.25,0,52.1550924537037,0.34168721461308005,0.34168721461308005,Q1
3349-ANQNH,Female,1,0,0,59,1,Yes,Fiber optic,No,No,Yes,No,Yes,Yes,One year,1,Electronic check,99.5,5890.0,0,7.992598325093277,0.3367154553539198,0.3367154553539198,Q1
8190-ZTQFB,Male,0,0,0,41,0,No phone service,DSL,No,No,Yes,No,Yes,Yes,One year,1,Electronic check,51.35,2075.1,0,1.6440356227234825,0.3366237146836853,0.3366237146836853,Q1
6633-SYEUS,Female,0,0,0,23,1,No,Fiber optic,No,Yes,Yes,Yes,No,No,Month-to-month,0,Bank transfer (automatic),83.2,2032.3,0,1.7958066001564763,0.3355505361648429,0.3355505361648429,Q1
7427-AUFPY,Male,0,0,0,54,1,No,No,No internet service,No internet service,No internet service,No internet service,No internet service,No internet service,Two year,0,Credit card (automatic),19.65,1008.7,0,28.12894322375497,0.33497235285674654,0.33497235285674654,Q1
8774-GSBUN,Male,0,1,0,72,1,Yes,No,No internet service,No internet service,No internet service,No internet service,No internet service,No internet service,Two year,0,Mailed check,25.4,1797.1,0,28.406305508594897,0.3348575557646993,0.3348575557646993,Q1
7729-JTEEC,Male,0,1,1,2,1,No,DSL,No,No,No,No,No,No,Month-to-month,1,Electronic check,44.5,90.05,0,11.931917829680334,0.3331613041130377,0.3331613041130377,Q1
8510-TMWYB,Female,0,1,1,54,1,Yes,DSL,No,Yes,Yes,No,No,No,Two year,1,Bank transfer (automatic),59.8,3246.45,0,11.136100237088302,0.3330028845548017,0.3330028845548017,Q1
7581-EBBOU,Female,0,0,0,60,1,No,DSL,No,Yes,Yes,Yes,Yes,No,One year,1,Credit card (automatic),70.15,4224.7,0,4.453931057239862,0.33227711922757475,0.33227711922757475,Q1
6479-OAUSD,Male,0,0,0,25,1,No,No,No internet service,No internet service,No internet service,No internet service,No internet service,No internet service,One year,0,Credit card (automatic),19.9,510.8,0,56.1384363870789,0.3321474508577299,0.3321474508577299,Q1
5271-DBYSJ,Male,1,0,0,11,1,No,Fiber optic,No,No,No,No,No,Yes,Month-to-month,1,Credit card (automatic),79.15,827.7,0,0.4093272017876993,0.331815106066137,0.331815106066137,Q1
6844-DZKRF,Male,0,0,0,2,1,No,DSL,No,No,No,Yes,No,No,Month-to-month,1,Credit card (automatic),50.2,109.25,0,6.664861665720431,0.33028289047945814,0.33028289047945814,Q1
8791-GFXLZ,Male,0,0,0,12,1,No,DSL,No,Yes,No,No,No,No,Month-to-month,1,Bank transfer (automatic),49.05,593.05,0,1.7686561432430223,0.3287562131539505,0.3287562131539505,Q1
4376-KFVRS,Male,0,1,1,72,1,Yes,Fiber optic,Yes,Yes,Yes,Yes,Yes,Yes,Two year,1,Credit card (automatic),114.05,8468.2,0,43.422766567362444,0.3287030576115987,0.3287030576115987,Q1
4854-CIDCF,Female,1,0,0,3,1,No,Fiber optic,No,No,Yes,No,No,No,Month-to-month,0,Electronic check,73.85,196.4,0,26.97587038283632,0.32851658499257924,0.32851658499257924,Q1
7206-PQBBZ,Male,1,1,0,11,1,No,Fiber optic,No,No,No,No,No,No,Month-to-month,1,Electronic check,70.2,834.7,0,35.285148263313225,0.32798660256462414,0.32798660256462414,Q1
6067-NGCEU,Female,0,0,0,65,1,Yes,Fiber optic,Yes,Yes,Yes,No,Yes,Yes,Month-to-month,1,Credit card (automatic),111.05,7107.0,0,0.8663774936312284,0.32790567875345744,0.32790567875345744,Q1
9364-YKUVW,Male,0,0,0,15,1,No,No,No internet service,No internet service,No internet service,No internet service,No internet service,No internet service,Month-to-month,1,Mailed check,19.8,309.4,0,60.335609019926714,0.3269565420758104,0.3269565420758104,Q1
4332-MUOEZ,Male,1,1,1,20,1,No,Fiber optic,Yes,No,Yes,Yes,No,Yes,One year,0,Credit card (automatic),94.3,1818.3,0,8.180782436980664,0.3217585284794553,0.3217585284794553,Q1
7577-SWIFR,Male,0,0,0,1,1,No,Fiber optic,No,No,No,No,Yes,Yes,Month-to-month,1,Electronic check,89.25,89.25,0,45.923217537419525,0.32035683604264786,0.32035683604264786,Q1
8138-EALND,Male,0,0,0,15,1,No,No,No internet service,No internet service,No internet service,No internet service,No internet service,No internet service,Month-to-month,0,Mailed check,19.75,311.6,0,1.5458630270887368,0.3187317497902779,0.3187317497902779,Q1
0177-PXBAT,Male,1,1,0,33,1,Yes,Fiber optic,Yes,No,Yes,Yes,Yes,Yes,Month-to-month,1,Bank transfer (automatic),109.9,3694.7,0,17.865555902176357,0.31844012512146747,0.31844012512146747,Q1
9621-OUPYD,Female,0,1,0,25,1,No,No,No internet service,No internet service,No internet service,No internet service,No internet service,No internet service,One year,1,Bank transfer (automatic),20.2,507.9,0,32.13743525290913,0.31822694948921565,0.31822694948921565,Q1
6339-DKLMK,Female,0,0,0,13,0,No phone service,DSL,No,Yes,No,No,No,No,Month-to-month,1,Electronic check,31.65,389.95,0,4.427000622777492,0.31575838245312693,0.31575838245312693,Q1
9251-AWQGT,Female,0,1,1,48,1,No,No,No internet service,No internet service,No internet service,No internet service,No internet service,No internet service,Two year,0,Mailed check,20.0,935.9,0,63.99549770892597,0.314970730304395,0.314970730304395,Q1
6766-HFKLA,Female,0,1,0,56,1,Yes,Fiber optic,No,No,Yes,Yes,Yes,Yes,Two year,0,Bank transfer (automatic),103.2,5744.35,0,5.053228607990819,0.31252792274574703,0.31252792274574703,Q1
1125-SNVCK,Female,1,0,0,49,1,No,DSL,No,No,No,No,No,No,Month-to-month,0,Mailed check,43.8,2106.05,0,43.15838017738287,0.31122035429597616,0.31122035429597616,Q1
1371-OJCEK,Female,0,0,0,48,1,Yes,No,No internet service,No internet service,No internet service,No internet service,No internet service,No internet service,One year,0,Bank transfer (automatic),24.35,1133.7,0,36.442932341932355,0.3111261680877698,0.3111261680877698,Q1
1302-UHBDD,Male,1,0,0,20,1,No,Fiber optic,No,No,No,No,Yes,Yes,Month-to-month,0,Electronic check,89.95,1648.45,0,10.087465573912995,0.3109821695866877,0.3109821695866877,Q1
1622-HSHSF,Female,0,0,0,1,1,No,No,No internet service,No internet service,No internet service,No internet service,No internet service,No internet service,Month-to-month,1,Mailed check,19.55,19.55,0,8.040362787659985,0.30503261990958436,0.30503261990958436,Q1
2516-XSJKX,Female,0,1,1,41,1,No,DSL,Yes,Yes,No,Yes,Yes,Yes,Two year,0,Electronic check,78.45,3126.45,0,29.4159491803948,0.3044204082808424,0.3044204082808424,Q1
3320-VEOYC,Male,1,0,0,14,1,Yes,Fiber optic,No,No,No,No,Yes,Yes,Month-to-month,1,Electronic check,95.6,1273.3,0,27.783259632909207,0.30320139074806157,0.30320139074806157,Q1
7041-TXQJH,Female,0,0,0,37,0,No phone service,DSL,No,No,Yes,No,No,Yes,Month-to-month,1,Credit card (automatic),40.2,1478.85,0,44.40503278526603,0.2984224563311661,0.2984224563311661,Q1
3420-ZDBMA,Male,1,0,0,5,1,No,Fiber optic,No,No,No,No,No,No,Month-to-month,1,Mailed check,71.45,371.6,0,10.86752301770556,0.2981973888488024,0.2981973888488024,Q1
3373-YZZYM,Male,0,1,1,1,1,No,No,No internet service,No internet service,No internet service,No internet service,No internet service,No internet service,Month-to-month,0,Mailed check,19.2,19.2,0,24.63672652723506,0.2906265366959386,0.2906265366959386,Q1
7717-BICXI,Male,0,1,1,60,1,No,No,No internet service,No internet service,No internet service,No internet service,No internet service,No internet service,Two year,0,Mailed check,20.55,1205.05,0,4.1430507607781015,0.28473475561068107,0.28473475561068107,Q1
4236-UJPWO,Female,0,0,0,2,0,No phone service,DSL,No,No,No,No,No,No,Month-to-month,0,Electronic check,24.5,46.4,0,9.513523436440277,0.2843265086839948,0.2843265086839948,Q1
3200-MNQTF,Male,0,1,0,67,1,Yes,DSL,Yes,Yes,Yes,Yes,No,No,Two year,0,Credit card (automatic),70.9,4677.1,0,36.94808872290648,0.28431526368392596,0.28431526368392596,Q1
7998-WNZEM,Male,0,0,0,71,1,Yes,DSL,Yes,Yes,Yes,Yes,No,Yes,Two year,0,Bank transfer (automatic),80.6,5708.2,0,38.768180654582345,0.28404864857775153,0.28404864857775153,Q1
8262-COGGB,Male,0,0,0,1,1,No,No,No internet service,No internet service,No internet service,No internet service,No internet service,No internet service,Month-to-month,1,Mailed check,20.45,20.45,0,66.51441625648025,0.28300531894061465,0.28300531894061465,Q1
3812-LRZIR,Female,0,1,1,27,1,Yes,No,No internet service,No internet service,No internet service,No internet service,No internet service,No internet service,Two year,0,Electronic check,24.5,761.95,0,32.25466985649948,0.28015215888593403,0.28015215888593403,Q1
8676-OOQEJ,Male,0,0,0,4,0,No phone service,DSL,No,No,No,Yes,No,No,Month-to-month,0,Electronic check,30.5,118.4,0,2.917756221019522,0.28000773479130636,0.28000773479130636,Q1
4883-KCPZJ,Female,0,1,1,22,1,Yes,No,No internet service,No internet service,No internet service,No internet service,No internet service,No internet service,Two year,0,Credit card (automatic),25.25,555.4,0,2.278578050872473,0.2709222013203428,0.2709222013203428,Q1
0565-JUPYD,Male,0,0,0,63,1,Yes,Fiber optic,Yes,Yes,Yes,Yes,Yes,No,One year,0,Credit card (automatic),104.5,6590.8,0,0.7518459858791212,0.2708444195321267,0.2708444195321267,Q1
5327-CNLUQ,Male,0,1,0,48,1,Yes,Fiber optic,Yes,Yes,Yes,No,Yes,No,Two year,1,Bank transfer (automatic),96.9,4473.45,0,40.55024667528021,0.2707452779818778,0.2707452779818778,Q1
3161-GETRM,Male,0,1,1,34,1,Yes,Fiber optic,No,No,Yes,No,No,Yes,Month-to-month,1,Credit card (automatic),90.05,3097.0,0,27.0659461556155,0.27059057403957193,0.27059057403957193,Q1
2888-ADFAO,Female,0,1,1,47,1,No,No,No internet service,No internet service,No internet service,No internet service,No internet service,No internet service,Two year,1,Bank transfer (automatic),21.3,1041.8,0,55.10535746806718,0.266330271023727,0.266330271023727,Q1
9801-NOSHQ,Male,0,0,1,23,1,No,No,No internet service,No internet service,No internet service,No internet service,No internet service,No internet service,One year,0,Mailed check,19.8,465.45,0,25.766377206484997,0.2640819505524963,0.2640819505524963,Q1
3841-CONLJ,Female,0,1,0,1,0,No phone service,DSL,No,No,No,No,No,Yes,Month-to-month,0,Electronic check,35.0,35.0,0,12.032608609803097,0.2596215889353095,0.2596215889353095,Q1
7421-ZLUPA,Female,0,0,0,8,0,No phone service,DSL,No,Yes,No,No,No,No,Month-to-month,1,Mailed check,29.25,226.95,0,3.873523691153744,0.25921723370650396,0.25921723370650396,Q1
7594-LZNWR,Male,1,0,0,34,1,No,Fiber optic,No,No,No,No,No,No,Month-to-month,0,Credit card (automatic),69.15,2275.1,0,18.90665492501696,0.25911055484662104,0.25911055484662104,Q1
1167-OYZJF,Female,1,1,0,67,1,No,No,No internet service,No internet service,No internet service,No internet service,No internet service,No internet service,Two year,1,Bank transfer (automatic),20.05,1263.05,0,1.9326833877900316,0.25654276553891225,0.25654276553891225,Q1
5397-NSKQG,Male,0,1,1,67,0,No phone service,DSL,Yes,No,No,No,Yes,Yes,Two year,0,Credit card (automatic),50.9,3281.65,0,27.258867773715078,0.2556603134023062,0.2556603134023062,Q1
7789-HKSBS,Female,1,1,0,42,1,Yes,Fiber optic,Yes,No,Yes,No,Yes,Yes,One year,1,Bank transfer (automatic),105.2,4599.15,0,4.544329287428727,0.25430267508993265,0.25430267508993265,Q1
6114-TCFID,Female,0,0,0,29,0,No phone service,DSL,Yes,Yes,No,Yes,No,No,One year,0,Credit card (automatic),39.5,1082.75,0,32.477903150249354,0.25373132071599924,0.25373132071599924,Q1
9958-MEKUC,Male,0,1,1,72,1,Yes,Fiber optic,Yes,Yes,Yes,Yes,No,Yes,Two year,0,Credit card (automatic),103.95,7517.7,0,6.765560865775691,0.2528187086097534,0.2528187086097534,Q1
1904-WAJAA,Female,0,1,1,24,1,Yes,DSL,Yes,Yes,Yes,No,No,No,Two year,0,Electronic check,64.35,1558.65,0,0.6703391367067992,0.2526296141090557,0.2526296141090557,Q1
2878-DHMIN,Male,0,1,1,35,1,No,No,No internet service,No internet service,No internet service,No internet service,No internet service,No internet service,One year,0,Electronic check,19.9,666.0,0,12.66423155803135,0.25157544951214156,0.25157544951214156,Q1
4098-NAUKP,Male,1,1,1,68,1,Yes,Fiber optic,No,Yes,Yes,No,No,No,Month-to-month,1,Electronic check,84.65,5683.6,0,27.676354116364905,0.2505984880651753,0.2505984880651753,Q1
6322-PJJDJ,Male,0,1,0,49,1,No,Fiber optic,No,Yes,No,No,Yes,Yes,Two year,1,Electronic check,94.8,4690.65,0,21.157886448045502,0.24749492174073046,0.24749492174073046,Q1
5025-GOOKI,Female,0,0,0,20,1,No,No,No internet service,No internet service,No internet service,No internet service,No internet service,No internet service,Month-to-month,1,Credit card (automatic),18.9,347.65,0,69.97717774627169,0.24533588606763615,0.24533588606763615,Q1
6024-RUGGH,Male,0,1,1,72,1,Yes,No,No internet service,No internet service,No internet service,No internet service,No internet service,No internet service,Two year,1,Bank transfer (automatic),25.2,1798.9,0,3.6105589339080626,0.24290734386483886,0.24290734386483886,Q1
