customerID,gender,SeniorCitizen,Partner,Dependents,tenure,PhoneService,MultipleLines,InternetService,OnlineSecurity,OnlineBackup,DeviceProtection,TechSupport,StreamingTV,StreamingMovies,Contract,PaperlessBilling,PaymentMethod,MonthlyCharges,TotalCharges,Churn,risk_churn,risk_churn %,risk_churn - per cent,risk_quartile
8857-CUPFQ,Male,0,1,0,63,1,No,No,No internet service,No internet service,No internet service,No internet service,No internet service,No internet service,Two year,0,Mailed check,19.25,1237.65,0,16.757981323579045,10.873746697605336,10.873746697605336,Q2
2969-WGHQO,Female,0,1,1,7,1,No,DSL,Yes,Yes,Yes,No,Yes,No,One year,0,Electronic check,69.45,477.05,0,11.446207543851386,10.869054721582168,10.869054721582168,Q2
3466-BYAVD,Male,0,1,1,15,1,No,DSL,No,Yes,Yes,Yes,No,Yes,Month-to-month,1,Mailed check,69.5,1071.4,0,63.98904977508153,10.86752301770556,10.86752301770556,Q2
1657-DYMBM,Male,0,1,0,53,1,No,No,No internet service,No internet service,No internet service,No internet service,No internet service,No internet service,Two year,0,Credit card (automatic),19.9,1110.05,0,1.0123564884689118,10.849080830557542,10.849080830557542,Q2
9150-HEPMB,Male,0,0,0,56,1,No,DSL,Yes,No,Yes,No,No,No,One year,0,Mailed check,52.7,3019.7,0,1.4133261490398652,10.835986510390043,10.835986510390043,Q2
8317-BVKSO,Male,0,0,0,14,1,No,No,No internet service,No internet service,No internet service,No internet service,No internet service,No internet service,Month-to-month,1,Electronic check,20.05,299.3,0,35.41299565159353,10.828729490158901,10.828729490158901,Q2
8631-WUXGY,Female,0,0,1,46,1,No,Fiber optic,No,Yes,Yes,No,Yes,Yes,Month-to-month,1,Electronic check,99.8,4391.25,0,7.260838420848918,10.819800451337635,10.819800451337635,Q2
2877-VDUER,Female,0,1,1,35,0,No phone service,DSL,No,No,No,Yes,Yes,No,One year,0,Mailed check,40.9,1383.6,0,1.1927437314683709,10.808635681706189,10.808635681706189,Q2
9643-YBLUR,Male,0,1,0,9,1,Yes,DSL,No,Yes,Yes,No,No,Yes,Month-to-month,1,Credit card (automatic),69.05,653.95,0,0.31122035429597616,10.807517452888456,10.807517452888456,Q2
0292-WEGCH,Female,0,1,1,54,1,Yes,DSL,No,Yes,Yes,Yes,Yes,Yes,Month-to-month,1,Electronic check,86.2,4524.05,0,5.61379243635034,10.80722006806825,10.80722006806825,Q2
8587-XYZSF,Male,0,0,0,67,1,No,DSL,No,No,No,Yes,No,No,Two year,0,Bank transfer (automatic),50.55,3260.1,0,0.4248856286018829,10.79804921539716,10.79804921539716,Q2
9435-JMLSX,Male,0,1,0,71,1,No,DSL,Yes,Yes,Yes,Yes,Yes,Yes,Two year,1,Bank transfer (automatic),86.1,6045.9,0,70.80580237965171,10.792398605364333,10.792398605364333,Q2
7219-TLZHO,Female,0,1,1,4,1,No,No,No internet service,No internet service,No internet service,No internet service,No internet service,No internet service,Month-to-month,0,Mailed check,20.85,62.9,0,5.262007988446943,10.777709842679647,10.777709842679647,Q2
7365-BVCJH,Male,0,0,0,1,0,No phone service,DSL,No,No,No,No,No,No,Month-to-month,1,Electronic check,24.4,24.4,0,44.16727852116738,10.763786660048691,10.763786660048691,Q2
7801-KICAO,Female,0,0,0,18,1,Yes,Fiber optic,No,No,No,No,No,No,Month-to-month,1,Electronic check,74.15,1345.75,0,0.6010349138101013,10.755051360413475,10.755051360413475,Q2
8393-JMVMB,Male,0,0,0,1,1,No,No,No internet service,No internet service,No internet service,No internet service,No internet service,No internet service,Month-to-month,0,Mailed check,19.45,19.45,0,60.77060714226488,10.752646927152936,10.752646927152936,Q2
5346-BZCHP,Female,0,1,1,69,1,No,No,No internet service,No internet service,No internet service,No internet service,No internet service,No internet service,Two year,0,Mailed check,19.4,1346.2,0,44.36806098332802,10.75198485400168,10.75198485400168,Q2
8041-TMEID,Male,1,1,0,63,1,Yes,Fiber optic,Yes,Yes,Yes,No,Yes,Yes,Two year,0,Credit card (automatic),108.5,6991.9,0,1.0462677405048626,10.723402971879807,10.723402971879807,Q2
7508-DQAKK,Female,0,0,0,64,1,Yes,DSL,Yes,Yes,Yes,Yes,Yes,Yes,Two year,1,Credit card (automatic),86.4,5442.05,0,1.792419406101054,10.720048817555579,10.720048817555579,Q2
3511-APPBJ,Male,0,0,0,23,1,No,Fiber optic,Yes,No,Yes,No,Yes,Yes,One year,1,Credit card (automatic),99.95,2292.75,0,0.4050869724004218,10.71555247430331,10.71555247430331,Q2
6075-SLNIL,Male,0,0,0,38,1,Yes,Fiber optic,No,Yes,Yes,No,No,Yes,Month-to-month,1,Credit card (automatic),95.1,3691.2,0,10.75198485400168,10.707129560751897,10.707129560751897,Q2
3258-ZKPAI,Male,0,1,1,72,1,Yes,Fiber optic,Yes,Yes,Yes,Yes,Yes,Yes,Two year,1,Bank transfer (automatic),116.6,8337.45,0,2.2473487004858637,10.70105766344072,10.70105766344072,Q2
3256-EZDBI,Male,1,1,0,51,0,No phone service,DSL,No,Yes,No,No,No,No,Month-to-month,1,Credit card (automatic),29.45,1459.35,0,12.794464595887284,10.69559183685795,10.69559183685795,Q2
6434-TTGJP,Male,0,1,1,10,0,No phone service,DSL,Yes,Yes,Yes,Yes,No,Yes,Two year,0,Credit card (automatic),53.7,521.0,0,18.018168988534853,10.695203340280495,10.695203340280495,Q2
5780-INQIK,Female,0,0,0,8,1,No,DSL,No,No,No,Yes,No,No,Month-to-month,0,Electronic check,49.4,408.25,0,20.20508061395917,10.685313273115572,10.685313273115572,Q2
4365-MSDYN,Male,0,1,0,8,1,No,No,No internet service,No internet service,No internet service,No internet service,No internet service,No internet service,Month-to-month,1,Bank transfer (automatic),19.55,161.15,0,4.021720908486238,10.679014401035403,10.679014401035403,Q2
1573-LGXBA,Male,0,1,1,57,1,No,Fiber optic,No,Yes,Yes,No,Yes,Yes,One year,1,Credit card (automatic),97.55,5598.0,0,20.223586293621988,10.662421616225034,10.662421616225034,Q2
7398-LXGYX,Male,0,1,0,44,1,Yes,Fiber optic,Yes,No,Yes,No,No,No,Month-to-month,1,Credit card (automatic),84.8,3626.35,0,2.470215177277519,10.633976267148451,10.633976267148451,Q2
8952-WCVCD,Female,0,1,0,41,1,No,Fiber optic,Yes,Yes,Yes,No,Yes,Yes,One year,1,Bank transfer (automatic),104.45,4162.05,0,4.923859180339543,10.611391496766371,10.611391496766371,Q2
9347-AERRL,Male,0,1,0,23,1,No,No,No internet service,No internet service,No internet service,No internet service,No internet service,No internet service,One year,0,Credit card (automatic),19.3,486.2,0,26.991568406890888,10.60080285913294,10.60080285913294,Q2
9763-GRSKD,Male,0,1,1,13,1,No,DSL,Yes,No,No,No,No,No,Month-to-month,1,Mailed check,49.95,587.45,0,6.001488880420784,10.60011924161954,10.60011924161954,Q2
4549-ZDQYY,Female,0,0,0,52,1,No,DSL,Yes,No,Yes,Yes,No,No,One year,0,Credit card (automatic),57.95,3042.25,0,2.058941970749629,10.59494277010202,10.59494277010202,Q2
1360-JYXKQ,Female,1,1,0,54,1,No,Fiber optic,No,No,Yes,Yes,Yes,Yes,One year,1,Electronic check,99.1,5437.1,0,2.7960836640402293,10.594463079147587,10.594463079147587,Q2
9776-OJUZI,Female,1,0,0,65,1,Yes,Fiber optic,No,Yes,Yes,No,Yes,No,Month-to-month,1,Bank transfer (automatic),95.45,6223.3,0,9.766276890228937,10.585163726178582,10.585163726178582,Q2
2294-DMMUS,Female,0,1,1,62,1,Yes,DSL,No,No,No,No,Yes,Yes,Month-to-month,1,Credit card (automatic),70.45,4300.45,0,55.430529266121084,10.557358435695903,10.557358435695903,Q2
5248-YGIJN,Male,0,1,0,72,1,Yes,DSL,Yes,Yes,Yes,Yes,Yes,Yes,Two year,1,Credit card (automatic),90.25,6369.45,0,60.206105673533536,10.551899025144499,10.551899025144499,Q2
0906-QVPMS,Male,0,1,0,72,1,Yes,Fiber optic,Yes,Yes,Yes,Yes,Yes,Yes,Two year,0,Bank transfer (automatic),115.15,8349.45,0,4.5250568127457464,10.535963834538478,10.535963834538478,Q2
1038-RQOST,Male,0,1,1,19,1,No,No,No internet service,No internet service,No internet service,No internet service,No internet service,No internet service,Month-to-month,0,Mailed check,20.6,414.95,0,1.8593591664169025,10.52633511200272,10.52633511200272,Q2
6810-VCAEX,Female,0,0,0,47,0,No phone service,DSL,Yes,Yes,No,Yes,No,No,One year,0,Credit card (automatic),39.65,1798.65,0,7.8914983135590075,10.516685054284217,10.516685054284217,Q2
7691-XVTZH,Female,0,1,0,68,1,Yes,Fiber optic,No,No,Yes,No,Yes,No,Two year,1,Bank transfer (automatic),89.95,5974.3,0,39.258781805193564,10.500209346493616,10.500209346493616,Q2
2782-LFZVW,Female,0,0,0,11,1,Yes,DSL,No,No,No,No,No,Yes,Month-to-month,1,Mailed check,58.95,601.6,0,2.189508187766703,10.491491900881996,10.491491900881996,Q2
3810-DVDQQ,Female,0,1,1,72,1,Yes,Fiber optic,Yes,Yes,Yes,Yes,Yes,Yes,Two year,1,Bank transfer (automatic),117.6,8308.9,0,4.31495451138062,10.483689262949367,10.483689262949367,Q2
9972-EWRJS,Female,0,1,1,67,1,No,No,No internet service,No internet service,No internet service,No internet service,No internet service,No internet service,Two year,1,Bank transfer (automatic),19.25,1372.9,0,5.84243278260069,10.472385541853837,10.472385541853837,Q2
5937-EORGB,Male,1,1,0,15,1,Yes,Fiber optic,Yes,No,Yes,No,Yes,No,Month-to-month,1,Electronic check,96.5,1392.25,0,12.542648360422342,10.471803295993336,10.471803295993336,Q2
0409-WTMPL,Female,0,1,0,58,1,Yes,Fiber optic,Yes,Yes,Yes,No,Yes,Yes,One year,1,Credit card (automatic),110.65,6526.65,0,48.25573292244131,10.465763681384457,10.465763681384457,Q2
5701-YVSVF,Female,1,1,0,11,1,No,Fiber optic,No,No,No,Yes,Yes,No,Month-to-month,1,Electronic check,82.9,880.05,0,25.056525878961583,10.461039228392362,10.461039228392362,Q2
2245-ADZFJ,Female,0,1,1,31,1,Yes,DSL,No,Yes,No,Yes,Yes,Yes,Two year,0,Bank transfer (automatic),80.55,2471.6,0,14.456058557875567,10.419751421180997,10.419751421180997,Q2
4957-SREEC,Male,0,1,1,70,1,No,No,No internet service,No internet service,No internet service,No internet service,No internet service,No internet service,Two year,0,Credit card (automatic),20.35,1458.1,0,1.2328579985021442,10.410684377951416,10.410684377951416,Q2
2359-KLTEK,Female,0,1,1,41,1,No,Fiber optic,No,No,Yes,No,Yes,Yes,Month-to-month,1,Bank transfer (automatic),94.9,3848.0,0,14.954734234485148,10.404971956322813,10.404971956322813,Q2
5176-LMJXE,Female,0,0,0,47,1,No,No,No internet service,No internet service,No internet service,No internet service,No internet service,No internet service,Two year,1,Mailed check,20.55,945.7,0,4.727539104896803,10.402607570590757,10.402607570590757,Q2
5712-AHQNN,Female,0,0,0,43,1,No,Fiber optic,No,Yes,Yes,No,Yes,No,Month-to-month,1,Electronic check,91.65,3954.1,0,0.3483297415720976,10.398475311296949,10.398475311296949,Q2
7029-IJEJK,Female,0,0,0,54,0,No phone service,DSL,Yes,No,No,Yes,No,Yes,One year,0,Bank transfer (automatic),44.1,2369.7,0,1.3430649662782197,10.390212153667171,10.390212153667171,Q2
2990-IAJSV,Male,0,0,0,72,1,Yes,DSL,Yes,Yes,Yes,Yes,Yes,Yes,Two year,0,Bank transfer (automatic),92.0,6632.75,0,2.1179697842487015,10.38448757767505,10.38448757767505,Q2
5651-WYIPH,Female,1,0,0,18,1,No,DSL,No,Yes,No,No,No,No,Month-to-month,1,Credit card (automatic),49.85,865.75,0,18.7790418781614,10.379751838695853,10.379751838695853,Q2
2371-KFUOG,Male,0,0,0,58,1,No,Fiber optic,Yes,Yes,No,No,Yes,Yes,One year,0,Bank transfer (automatic),99.15,5720.95,0,0.5870983452697552,10.376651036940384,10.376651036940384,Q2
2668-TZSPS,Male,0,0,0,1,1,No,No,No internet service,No internet service,No internet service,No internet service,No internet service,No internet service,Month-to-month,0,Mailed check,20.45,20.45,0,57.90893676672431,10.374883716437665,10.374883716437665,Q2
6583-SZVGP,Male,0,0,0,48,1,Yes,Fiber optic,No,Yes,Yes,No,Yes,Yes,Two year,1,Bank transfer (automatic),108.1,5067.45,0,14.114157371866876,10.364595938621504,10.364595938621504,Q2
6227-FBDXH,Male,0,1,0,69,1,Yes,Fiber optic,No,No,Yes,No,Yes,Yes,One year,0,Bank transfer (automatic),99.5,6841.45,0,28.222499173948723,10.360036233485898,10.360036233485898,Q2
6651-RLGGM,Male,0,1,1,67,1,Yes,No,No internet service,No internet service,No internet service,No internet service,No internet service,No internet service,Two year,0,Mailed check,26.3,1688.9,0,6.064890709653821,10.334646236375598,10.334646236375598,Q2
2129-ALKBS,Female,0,1,1,40,1,Yes,No,No internet service,No internet service,No internet service,No internet service,No internet service,No internet service,Month-to-month,1,Electronic check,26.2,1077.5,0,6.479676596085071,10.315406858885709,10.315406858885709,Q2
6158-HDPXZ,Male,0,0,0,1,0,No phone service,DSL,No,No,No,No,No,No,Month-to-month,0,Mailed check,25.35,25.35,0,2.4237336415171016,10.31280947185845,10.31280947185845,Q2
9867-JCZSP,Female,0,1,1,17,1,No,No,No internet service,No internet service,No internet service,No internet service,No internet service,No internet service,One year,0,Mailed check,20.75,418.25,0,2.1356634960781284,10.310599831962982,10.310599831962982,Q2
3318-ISQFQ,Female,0,0,0,20,1,No,No,No internet service,No internet service,No internet service,No internet service,No internet service,No internet service,Month-to-month,1,Bank transfer (automatic),19.5,413.0,0,4.199530368987206,10.305846387913157,10.305846387913157,Q2
0784-ZQJZX,Male,0,0,1,72,1,No,No,No internet service,No internet service,No internet service,No internet service,No internet service,No internet service,Two year,0,Credit card (automatic),19.9,1529.65,0,1.0591570426468881,10.297981972535375,10.297981972535375,Q2
9289-LBQVU,Male,0,1,0,64,1,Yes,DSL,No,Yes,No,Yes,No,Yes,One year,1,Mailed check,70.15,4480.7,0,12.286924813198459,10.291814191956979,10.291814191956979,Q2
9337-SRRNI,Male,0,0,1,66,1,Yes,No,No internet service,No internet service,No internet service,No internet service,No internet service,No internet service,Two year,1,Credit card (automatic),25.3,1673.8,0,56.2440928600525,10.282271143693125,10.282271143693125,Q2
2234-XADUH,Female,0,1,1,72,1,Yes,Fiber optic,No,Yes,Yes,No,Yes,Yes,One year,1,Credit card (automatic),103.2,7362.9,0,1.1084400556616176,10.281348644699232,10.281348644699232,Q2
3137-NYQQI,Male,0,1,0,17,1,No,DSL,Yes,Yes,No,No,No,Yes,One year,0,Mailed check,64.8,1175.6,0,47.78390191576348,10.24023452931088,10.24023452931088,Q2
6507-ZJSUR,Male,1,1,0,23,1,No,Fiber optic,No,No,No,No,Yes,Yes,Month-to-month,1,Electronic check,90.45,2117.25,0,19.408920924881453,10.228078903846779,10.228078903846779,Q2
7100-FQPRV,Male,0,1,1,43,1,Yes,DSL,Yes,No,No,Yes,No,Yes,One year,1,Credit card (automatic),71.9,3173.35,0,1.8929122229090414,10.218183533144876,10.218183533144876,Q2
3096-GKWEB,Male,0,1,0,18,1,Yes,Fiber optic,No,No,No,No,Yes,Yes,Month-to-month,1,Electronic check,94.75,1691.9,0,1.628697800901017,10.20117040898989,10.20117040898989,Q2
4716-MRVEN,Female,0,0,0,29,1,No,No,No internet service,No internet service,No internet service,No internet service,No internet service,No internet service,One year,0,Mailed check,20.0,599.3,0,34.969491535394205,10.199918359732978,10.199918359732978,Q2
8984-HPEMB,Female,0,0,0,71,1,Yes,Fiber optic,Yes,Yes,Yes,Yes,Yes,Yes,Two year,1,Electronic check,118.65,8477.6,0,9.95547630576671,10.183393455559601,10.183393455559601,Q2
8735-SDUFN,Female,1,1,0,72,1,Yes,No,No internet service,No internet service,No internet service,No internet service,No internet service,No internet service,Two year,0,Bank transfer (automatic),24.3,1778.7,0,9.337899792358947,10.169735339688096,10.169735339688096,Q2
7311-MQJCH,Female,0,0,0,5,1,No,No,No internet service,No internet service,No internet service,No internet service,No internet service,No internet service,One year,0,Electronic check,19.55,99.6,0,27.05684132470672,10.165142534936281,10.165142534936281,Q2
5214-CHIWJ,Male,0,0,0,27,1,No,No,No internet service,No internet service,No internet service,No internet service,No internet service,No internet service,One year,0,Mailed check,20.3,595.05,0,11.69007387569917,10.160496743848116,10.160496743848116,Q2
7879-CGSFV,Male,0,0,0,55,1,No,Fiber optic,Yes,Yes,No,No,Yes,Yes,One year,1,Mailed check,100.9,5552.05,0,2.742929054793147,10.153087451535676,10.153087451535676,Q2
3181-MIZBN,Male,0,1,1,16,1,No,No,No internet service,No internet service,No internet service,No internet service,No internet service,No internet service,Month-to-month,0,Electronic check,19.75,313.4,0,3.77646457162291,10.150399467263286,10.150399467263286,Q2
3462-BJQQA,Female,0,0,0,6,1,Yes,Fiber optic,No,Yes,No,No,Yes,No,Month-to-month,1,Electronic check,89.75,552.65,0,10.792398605364333,10.150111868489013,10.150111868489013,Q2
4086-ATNFV,Female,0,1,1,34,1,No,DSL,Yes,Yes,Yes,No,No,No,One year,1,Mailed check,60.8,2042.05,0,1.1751928873405604,10.139009442731568,10.139009442731568,Q2
9770-LXDBK,Female,0,0,0,3,1,No,No,No internet service,No internet service,No internet service,No internet service,No internet service,No internet service,Month-to-month,0,Mailed check,20.4,63.15,0,30.258504808396992,10.13755993887899,10.13755993887899,Q2
3199-NPKCN,Female,0,1,0,67,1,Yes,Fiber optic,Yes,No,Yes,Yes,Yes,Yes,One year,1,Electronic check,111.25,7511.65,0,13.398802434290753,10.130086776768868,10.130086776768868,Q2
4007-NHVHI,Female,1,0,0,56,1,Yes,Fiber optic,Yes,Yes,No,No,No,Yes,Month-to-month,1,Electronic check,96.85,5219.65,0,24.13591930210911,10.128231405612409,10.128231405612409,Q2
8125-QPFJD,Female,0,1,0,72,1,Yes,DSL,Yes,No,Yes,Yes,Yes,Yes,Two year,1,Bank transfer (automatic),84.9,6065.3,0,15.919270228927301,10.127689341477215,10.127689341477215,Q2
4824-GUCBY,Female,1,0,0,22,1,No,Fiber optic,Yes,Yes,No,No,No,No,Month-to-month,0,Electronic check,81.7,1820.9,0,8.013399321930143,10.12703746453201,10.12703746453201,Q2
3633-CDBUW,Male,0,0,1,17,1,No,DSL,No,Yes,Yes,Yes,Yes,Yes,One year,0,Electronic check,80.85,1445.95,0,2.7416262587750895,10.125595839292131,10.125595839292131,Q2
6937-GCDGQ,Male,0,1,1,19,1,No,DSL,Yes,No,No,No,No,No,One year,1,Bank transfer (automatic),48.95,955.6,0,14.82605238430447,10.125417841319795,10.125417841319795,Q2
9313-CDOGY,Male,0,1,1,38,1,No,No,No internet service,No internet service,No internet service,No internet service,No internet service,No internet service,Month-to-month,0,Electronic check,19.6,717.3,0,23.19138616464979,10.124936105482021,10.124936105482021,Q2
6458-CYIDZ,Female,1,0,0,5,1,No,Fiber optic,Yes,Yes,No,No,No,No,Month-to-month,0,Electronic check,80.7,374.8,0,42.04609606565294,10.089604870499121,10.089604870499121,Q2
3709-OIJEA,Male,0,0,0,26,1,No,Fiber optic,No,Yes,Yes,Yes,No,No,One year,1,Electronic check,85.2,2184.6,0,63.42519791929322,10.087465573912995,10.087465573912995,Q2
8875-AKBYH,Male,1,0,0,20,1,Yes,Fiber optic,No,No,No,No,Yes,No,Month-to-month,1,Electronic check,84.35,1745.2,0,56.49618453134691,10.080670413327741,10.080670413327741,Q2
3913-RDSJZ,Female,0,1,0,64,1,Yes,No,No internet service,No internet service,No internet service,No internet service,No internet service,No internet service,Two year,0,Mailed check,25.55,1714.95,0,0.5931180148043701,10.068689940072058,10.068689940072058,Q2
8067-NIOYM,Female,0,1,1,24,1,No,No,No internet service,No internet service,No internet service,No internet service,No internet service,No internet service,Two year,1,Credit card (automatic),21.1,490.65,0,0.7938569221402727,10.053869485291129,10.053869485291129,Q2
0909-SELIE,Male,0,1,0,61,1,Yes,DSL,Yes,Yes,Yes,Yes,No,Yes,Two year,1,Bank transfer (automatic),80.8,4860.85,0,8.500442196251983,10.046021814213834,10.046021814213834,Q2
5918-VUKWP,Female,0,0,0,32,1,No,No,No internet service,No internet service,No internet service,No internet service,No internet service,No internet service,One year,0,Bank transfer (automatic),20.55,654.55,0,31.503405177851185,10.034842326180158,10.034842326180158,Q2
6624-JDRDS,Female,0,0,0,6,0,No phone service,DSL,Yes,No,No,No,No,No,Month-to-month,0,Bank transfer (automatic),29.45,161.45,0,0.39943962984101855,10.000460546214503,10.000460546214503,Q2
0376-OIWME,Male,0,1,0,36,1,No,Fiber optic,Yes,No,No,No,Yes,Yes,Month-to-month,1,Electronic check,93.6,3366.05,0,6.255509777177395,9.994978697047701,9.994978697047701,Q2
1475-VWVDO,Male,0,0,0,7,1,No,Fiber optic,No,No,Yes,No,No,No,Month-to-month,1,Electronic check,74.9,490.55,0,13.155627594422187,9.980832925421899,9.980832925421899,Q2
4188-FRABG,Male,0,1,0,57,1,Yes,Fiber optic,Yes,Yes,Yes,Yes,Yes,No,Month-to-month,1,Electronic check,103.05,5925.75,0,8.3591546030968,9.95547630576671,9.95547630576671,Q2
8272-ONJLV,Male,0,0,0,12,1,No,Fiber optic,No,No,Yes,No,Yes,Yes,One year,0,Electronic check,95.7,1184.0,0,12.751938117357648,9.945526101208849,9.945526101208849,Q2
1177-XZBJL,Male,0,1,1,53,1,Yes,DSL,Yes,Yes,No,Yes,No,No,One year,0,Bank transfer (automatic),64.15,3491.55,0,3.538030459110717,9.943400692817253,9.943400692817253,Q2
1385-TQOZW,Female,0,0,0,9,1,No,No,No internet service,No internet service,No internet service,No internet service,No internet service,No internet service,Month-to-month,1,Credit card (automatic),20.45,147.55,0,10.695203340280495,9.92776032955859,9.92776032955859,Q2
6972-SNKKW,Female,0,0,0,6,1,No,No,No internet service,No internet service,No internet service,No internet service,No internet service,No internet service,Month-to-month,0,Mailed check,20.0,109.2,0,11.782476417391493,9.925657933203274,9.925657933203274,Q2
2511-MORQY,Male,0,1,1,50,1,Yes,DSL,No,No,Yes,No,No,No,One year,0,Bank transfer (automatic),54.9,2614.1,0,3.822220800076727,9.91804881292702,9.91804881292702,Q2
7203-OYKCT,Male,0,0,0,72,1,Yes,Fiber optic,No,Yes,Yes,No,Yes,Yes,One year,1,Electronic check,104.95,7544.3,0,1.0010013066157089,9.909835844103638,9.909835844103638,Q2
8311-UEUAB,Female,0,1,1,67,1,Yes,DSL,Yes,No,No,No,Yes,Yes,Two year,1,Electronic check,75.5,5229.45,0,21.285210112077753,9.899936306944582,9.899936306944582,Q2
7766-CLTIC,Female,0,0,0,10,1,No,DSL,No,No,No,Yes,No,Yes,Month-to-month,1,Mailed check,60.95,629.55,0,32.39640890403598,9.885988039525182,9.885988039525182,Q2
7781-HVGMK,Female,0,1,1,72,0,No phone service,DSL,Yes,Yes,Yes,Yes,Yes,Yes,Two year,1,Credit card (automatic),65.2,4784.45,0,30.092315242694113,9.88514746413465,9.88514746413465,Q2
2692-BUCFV,Male,1,0,0,29,1,No,Fiber optic,No,Yes,Yes,No,Yes,Yes,Month-to-month,1,Bank transfer (automatic),101.45,2948.6,0,25.196986487147704,9.882164603684972,9.882164603684972,Q2
4059-IIEBK,Female,0,0,0,7,1,Yes,Fiber optic,No,Yes,No,No,No,No,Month-to-month,1,Bank transfer (automatic),78.55,522.95,0,41.30971837783118,9.881287273250138,9.881287273250138,Q2
2408-PSJVE,Male,0,1,1,44,1,No,DSL,No,Yes,Yes,Yes,No,No,Month-to-month,1,Mailed check,61.9,2924.05,0,0.3640501040052305,9.874776656337911,9.874776656337911,Q2
9916-AYHTC,Male,0,0,0,48,1,No,No,No internet service,No internet service,No internet service,No internet service,No internet service,No internet service,Two year,0,Credit card (automatic),19.85,916.0,0,1.3885577830657216,9.84290508514635,9.84290508514635,Q2
2586-CWXVV,Male,0,1,0,54,0,No phone service,DSL,No,Yes,No,No,No,No,Month-to-month,0,Electronic check,30.4,1621.35,0,9.112520389474025,9.83783451495676,9.83783451495676,Q2
7025-IWFHT,Male,0,0,0,41,1,No,Fiber optic,No,Yes,No,Yes,Yes,No,One year,1,Electronic check,89.55,3729.75,0,6.922964473836654,9.810642330413213,9.810642330413213,Q2
9348-ROUAI,Female,0,1,1,59,1,Yes,DSL,Yes,Yes,Yes,Yes,Yes,Yes,Two year,0,Credit card (automatic),90.3,5194.05,0,3.1923983236130207,9.803184358664865,9.803184358664865,Q2
3982-JGSFD,Male,0,0,0,36,1,No,No,No internet service,No internet service,No internet service,No internet service,No internet service,No internet service,One year,1,Credit card (automatic),20.35,695.85,0,1.0241729021528114,9.796390756771899,9.796390756771899,Q2
3086-RUCRN,Female,0,0,0,66,1,Yes,Fiber optic,Yes,Yes,Yes,Yes,No,Yes,Month-to-month,1,Bank transfer (automatic),103.1,6595.0,0,17.743877974071502,9.791270799108068,9.791270799108068,Q2
8979-CAMGB,Male,1,0,0,64,1,Yes,Fiber optic,No,No,Yes,Yes,Yes,Yes,One year,0,Electronic check,102.1,6688.1,0,30.23318853086131,9.766276890228937,9.766276890228937,Q2
6741-EGCBI,Male,1,0,0,30,1,Yes,Fiber optic,Yes,No,No,No,No,Yes,Month-to-month,1,Credit card (automatic),90.5,2595.85,0,7.633298181348562,9.738853342697471,9.738853342697471,Q2
8563-OYMQY,Male,0,0,0,17,1,No,Fiber optic,No,Yes,Yes,No,No,Yes,Month-to-month,1,Credit card (automatic),90.95,1612.2,0,1.1167867867404944,9.734620457981473,9.734620457981473,Q2
7813-ZGGAW,Male,1,0,0,31,1,Yes,Fiber optic,No,No,Yes,Yes,Yes,No,Month-to-month,1,Bank transfer (automatic),96.6,2877.95,0,15.543885243430427,9.728874371611454,9.728874371611454,Q2
5334-AFQJB,Male,1,0,0,72,1,Yes,No,No internet service,No internet service,No internet service,No internet service,No internet service,No internet service,Two year,1,Credit card (automatic),25.1,1789.9,0,22.53221550170787,9.728569927535336,9.728569927535336,Q2
5318-YKDPV,Male,0,1,1,43,1,No,DSL,Yes,No,Yes,Yes,Yes,Yes,Two year,1,Credit card (automatic),79.15,3566.6,0,6.676871427258188,9.715624779788074,9.715624779788074,Q2
7690-KPNCU,Male,0,1,1,64,1,No,DSL,Yes,No,Yes,No,Yes,Yes,One year,1,Credit card (automatic),73.05,4688.65,0,52.549256559278945,9.713478730089879,9.713478730089879,Q2
9844-FELAJ,Female,1,1,1,70,1,Yes,Fiber optic,No,Yes,Yes,Yes,Yes,Yes,One year,1,Electronic check,107.9,7475.85,0,4.269230766136283,9.701180320026928,9.701180320026928,Q2
5527-ACHSO,Female,0,0,0,11,1,No,DSL,No,No,No,Yes,Yes,Yes,Month-to-month,0,Mailed check,70.5,829.3,0,36.80040333046818,9.6721785584559,9.6721785584559,Q2
4525-VZCZG,Male,0,0,1,54,1,No,Fiber optic,Yes,Yes,No,Yes,Yes,Yes,One year,1,Electronic check,105.85,5826.65,0,1.7683932559469917,9.666115089163531,9.666115089163531,Q2
7217-JYHOQ,Male,0,1,1,24,1,No,DSL,Yes,Yes,No,Yes,No,Yes,Month-to-month,1,Credit card (automatic),70.3,1706.45,0,59.056371446421544,9.654791769852075,9.654791769852075,Q2
5307-UVGNB,Female,0,1,1,53,0,No phone service,DSL,Yes,Yes,Yes,No,No,Yes,Month-to-month,1,Bank transfer (automatic),48.7,2495.2,0,15.426373543203828,9.63961963182198,9.63961963182198,Q2
3026-ATZYV,Female,0,1,1,37,1,No,DSL,Yes,Yes,No,No,Yes,Yes,One year,0,Bank transfer (automatic),75.1,2658.8,0,1.6146922489974762,9.638900628635023,9.638900628635023,Q2
1498-NHTLT,Male,0,1,1,59,1,No,DSL,Yes,Yes,Yes,Yes,Yes,Yes,Two year,1,Electronic check,86.75,5186.0,0,2.5336011872700164,9.633016429449526,9.633016429449526,Q2
1270-XKUCC,Female,0,1,1,30,1,No,No,No internet service,No internet service,No internet service,No internet service,No internet service,No internet service,Two year,0,Mailed check,19.7,599.25,0,25.20335789112968,9.617065020109232,9.617065020109232,Q2
6360-SVNWV,Female,1,0,0,31,1,No,Fiber optic,Yes,No,No,No,No,No,Month-to-month,1,Credit card (automatic),73.55,2094.65,0,43.035578256737494,9.615814748243865,9.615814748243865,Q2
9334-GWGOW,Male,1,1,0,7,1,Yes,Fiber optic,No,No,No,No,No,No,Month-to-month,1,Electronic check,74.85,485.25,0,47.685921988477084,9.611122930459974,9.611122930459974,Q2
8085-MSNLK,Female,0,1,0,62,1,Yes,Fiber optic,Yes,Yes,Yes,Yes,Yes,Yes,Two year,0,Mailed check,113.95,6891.4,0,4.011419128958691,9.604386362417381,9.604386362417381,Q2
1013-QCWAM,Female,1,1,0,66,1,Yes,Fiber optic,No,Yes,No,No,Yes,Yes,Month-to-month,1,Electronic check,100.8,6690.75,0,1.8137735888231699,9.584285472418804,9.584285472418804,Q2
9933-QRGTX,Female,0,1,0,60,1,No,Fiber optic,Yes,No,No,Yes,Yes,Yes,Two year,1,Electronic check,97.2,5611.75,0,55.26469225202191,9.57795899142494,9.57795899142494,Q2
2123-AGEEN,Female,1,0,0,7,1,No,Fiber optic,No,No,Yes,No,Yes,No,Month-to-month,1,Electronic check,84.35,609.65,0,0.7038406706211616,9.562975433227813,9.562975433227813,Q2
0679-TDGAK,Male,0,1,1,50,1,No,DSL,Yes,No,No,Yes,Yes,Yes,One year,0,Electronic check,75.5,4025.6,0,72.90062227829502,9.552718543694425,9.552718543694425,Q2
0297-RBCSG,Male,0,0,0,19,1,No,DSL,No,Yes,No,Yes,No,Yes,One year,1,Bank transfer (automatic),65.35,1231.85,0,17.244770112827695,9.552469111920487,9.552469111920487,Q2
9128-CPXKI,Female,0,0,0,59,1,No,Fiber optic,No,No,Yes,No,Yes,Yes,Two year,0,Electronic check,95.8,5655.45,0,11.85284012304203,9.54766714793371,9.54766714793371,Q2
8677-HDZEE,Female,0,0,0,56,1,Yes,Fiber optic,No,Yes,No,Yes,Yes,Yes,Month-to-month,1,Bank transfer (automatic),105.45,5916.95,0,0.5105717969295683,9.543273031451518,9.543273031451518,Q2
1215-EXRMO,Male,0,1,0,50,1,No,No,No internet service,No internet service,No internet service,No internet service,No internet service,No internet service,Two year,0,Mailed check,20.55,1067.65,0,8.822055721027814,9.540947511302516,9.540947511302516,Q2
8328-SKJNO,Male,0,0,1,23,0,No phone service,DSL,Yes,Yes,No,Yes,No,No,One year,0,Bank transfer (automatic),40.65,947.4,0,17.26085235253663,9.527930111551782,9.527930111551782,Q2
8873-TMKGR,Male,0,0,0,29,1,No,No,No internet service,No internet service,No internet service,No internet service,No internet service,No internet service,One year,0,Mailed check,19.1,529.5,0,0.4698669048887154,9.526904268786627,9.526904268786627,Q2
5839-SUYVZ,Male,0,0,0,16,1,No,Fiber optic,No,No,No,Yes,No,No,Month-to-month,1,Credit card (automatic),74.55,1170.5,0,6.338718237103842,9.526660968323228,9.526660968323228,Q2
4868-AADLV,Male,1,1,1,66,1,Yes,Fiber optic,Yes,Yes,Yes,Yes,Yes,Yes,One year,1,Electronic check,116.25,7862.25,0,1.3058635714663325,9.522786302530314,9.522786302530314,Q2
2654-VBVPB,Female,0,0,0,1,1,No,No,No internet service,No internet service,No internet service,No internet service,No internet service,No internet service,Month-to-month,0,Bank transfer (automatic),19.9,19.9,0,52.45944977224721,9.513523436440277,9.513523436440277,Q2
4636-OLWOE,Male,0,0,1,54,1,No,DSL,No,Yes,Yes,Yes,No,No,One year,1,Electronic check,61.0,3283.05,0,28.742206488828113,9.490220942613222,9.490220942613222,Q2
3498-LZGQZ,Male,0,1,1,63,1,No,No,No internet service,No internet service,No internet service,No internet service,No internet service,No internet service,Two year,1,Mailed check,19.15,1177.05,0,9.359084532639928,9.487436630838305,9.487436630838305,Q2
9127-QRZMH,Male,0,1,0,44,1,No,DSL,Yes,Yes,No,Yes,No,No,One year,1,Bank transfer (automatic),59.85,2603.95,0,3.9310926325190834,9.479841021923244,9.479841021923244,Q2
4480-QQRHC,Female,1,0,0,8,1,No,Fiber optic,No,No,Yes,No,No,No,Month-to-month,1,Bank transfer (automatic),74.05,600.15,0,45.43206737567102,9.470609901489208,9.470609901489208,Q2
9138-EFSMO,Male,0,1,1,26,1,No,Fiber optic,No,No,No,No,No,Yes,One year,0,Bank transfer (automatic),78.95,2034.25,0,12.826694236534669,9.454006362129771,9.454006362129771,Q2
7190-XHTWJ,Female,0,0,0,38,1,No,No,No internet service,No internet service,No internet service,No internet service,No internet service,No internet service,One year,0,Mailed check,19.3,755.5,0,11.491292065311391,9.452751081579013,9.452751081579013,Q2
2876-GZYZC,Female,0,0,0,13,1,Yes,Fiber optic,No,No,No,No,No,Yes,Month-to-month,1,Electronic check,85.95,1215.65,0,0.5956783162037816,9.445998378718482,9.445998378718482,Q2
4625-XMOYM,Female,0,1,1,72,1,Yes,No,No internet service,No internet service,No internet service,No internet service,No internet service,No internet service,Two year,1,Bank transfer (automatic),26.25,1988.05,0,6.708309659282991,9.434879679344718,9.434879679344718,Q2
3533-UVMOM,Male,0,1,0,68,1,No,DSL,Yes,Yes,Yes,No,No,Yes,Two year,0,Bank transfer (automatic),70.95,4741.45,0,22.884695189695965,9.433231529490618,9.433231529490618,Q2
1534-OULXE,Female,0,1,1,61,1,No,DSL,Yes,No,No,No,No,No,One year,1,Bank transfer (automatic),49.7,2961.4,0,26.48581178727324,9.428421659576673,9.428421659576673,Q2
2832-SCUCO,Female,0,0,0,2,1,No,No,No internet service,No internet service,No internet service,No internet service,No internet service,No internet service,Month-to-month,0,Electronic check,19.9,57.4,0,41.939081659154894,9.42015098894138,9.42015098894138,Q2
2038-OEQZH,Male,0,0,0,4,1,No,Fiber optic,No,No,Yes,No,No,Yes,Month-to-month,0,Electronic check,86.05,308.1,0,19.118291491645113,9.415017121339396,9.415017121339396,Q2
0422-OHQHQ,Female,0,1,1,15,1,No,No,No internet service,No internet service,No internet service,No internet service,No internet service,No internet service,One year,0,Mailed check,20.55,295.95,0,51.57986552605187,9.411945237359335,9.411945237359335,Q2
9710-NJERN,Female,0,0,0,39,1,No,No,No internet service,No internet service,No internet service,No internet service,No internet service,No internet service,Two year,0,Mailed check,20.15,826.0,0,10.410684377951416,9.407789807607935,9.407789807607935,Q2
4223-WOZCM,Male,1,0,0,2,1,No,DSL,No,No,Yes,No,No,No,Month-to-month,0,Mailed check,49.95,107.1,0,0.9042122344058179,9.402620832620263,9.402620832620263,Q2
6818-DJXAA,Female,0,0,1,10,1,No,Fiber optic,No,No,Yes,Yes,Yes,No,Month-to-month,1,Electronic check,91.1,964.35,0,8.02096931071608,9.398112897212533,9.398112897212533,Q2
3589-PPVKW,Male,0,0,0,9,1,No,DSL,No,No,No,No,No,No,Month-to-month,1,Mailed check,44.4,348.15,0,20.498107315113636,9.394933881487862,9.394933881487862,Q2
3057-VJJQE,Male,0,0,0,35,1,Yes,DSL,Yes,No,No,No,No,No,Two year,0,Mailed check,55.25,1924.1,0,4.201713599989158,9.394791725996857,9.394791725996857,Q2
5387-ASZNZ,Female,1,0,0,66,1,Yes,DSL,Yes,Yes,No,Yes,No,No,One year,1,Credit card (automatic),63.85,4174.35,0,68.5616959526954,9.370941964465587,9.370941964465587,Q2
7850-VWJUU,Female,0,0,0,23,1,No,Fiber optic,Yes,No,No,No,No,No,Month-to-month,1,Bank transfer (automatic),75.0,1778.5,0,0.5357171544263244,9.359084532639928,9.359084532639928,Q2
2519-LBNQL,Male,1,1,0,60,1,Yes,Fiber optic,No,Yes,Yes,No,Yes,Yes,One year,1,Electronic check,104.35,6339.45,0,51.673860610711856,9.352647463265594,9.352647463265594,Q2
1867-TJHTS,Female,0,0,0,58,1,Yes,Fiber optic,Yes,No,No,No,No,No,Month-to-month,1,Bank transfer (automatic),79.8,4526.85,0,0.5009584740684478,9.337899792358947,9.337899792358947,Q2
0336-PIKEI,Male,1,1,0,72,1,No,DSL,Yes,Yes,Yes,Yes,Yes,No,Two year,0,Bank transfer (automatic),74.4,5360.75,0,24.018587664003547,9.337592697734367,9.337592697734367,Q2
8084-OIVBS,Female,0,0,0,11,1,No,No,No internet service,No internet service,No internet service,No internet service,No internet service,No internet service,One year,0,Mailed check,20.0,211.95,0,19.044267572473522,9.336982405830499,9.336982405830499,Q2
8879-XUAHX,Male,0,1,0,71,1,Yes,Fiber optic,Yes,Yes,Yes,Yes,Yes,Yes,Two year,1,Electronic check,116.25,8564.75,0,1.0516411501469518,9.332180410367615,9.332180410367615,Q2
3566-HJGPK,Male,0,0,0,1,1,No,DSL,No,No,No,No,No,No,Month-to-month,1,Mailed check,45.55,45.55,0,0.2984224563311661,9.306851765854171,9.306851765854171,Q2
8204-YJCLA,Male,1,1,1,72,0,No phone service,DSL,Yes,Yes,Yes,Yes,Yes,Yes,Two year,1,Bank transfer (automatic),64.8,4732.35,0,0.5175283225500383,9.301235462670151,9.301235462670151,Q2
6344-SFJVH,Female,0,0,0,20,0,No phone service,DSL,No,No,No,No,No,No,Month-to-month,0,Credit card (automatic),24.9,505.95,0,10.60080285913294,9.292964769243554,9.292964769243554,Q2
0458-HEUZG,Female,0,0,0,13,0,No phone service,DSL,No,No,Yes,Yes,No,No,Two year,0,Mailed check,35.4,450.4,0,48.35195389459435,9.282985278647967,9.282985278647967,Q2
4299-SIMNS,Male,0,0,0,9,1,Yes,Fiber optic,Yes,No,No,No,No,No,Month-to-month,1,Electronic check,81.15,784.45,0,60.926273068705115,9.272704661952858,9.272704661952858,Q2
9489-DEDVP,Female,0,1,1,70,1,Yes,DSL,Yes,Yes,No,No,Yes,No,Two year,1,Credit card (automatic),69.2,4872.35,0,34.01471035572967,9.270424295385792,9.270424295385792,Q2
4472-VESGY,Female,0,1,1,52,1,Yes,Fiber optic,Yes,Yes,Yes,No,No,Yes,Month-to-month,0,Bank transfer (automatic),98.15,4993.4,0,14.030811090016629,9.267429035119553,9.267429035119553,Q2
7781-EWARA,Male,0,1,1,70,0,No phone service,DSL,No,Yes,Yes,Yes,Yes,Yes,One year,0,Electronic check,60.35,4138.7,0,2.620761261574332,9.259717129328958,9.259717129328958,Q2
0795-XCCTE,Male,1,0,0,72,1,Yes,No,No internet service,No internet service,No internet service,No internet service,No internet service,No internet service,Two year,0,Bank transfer (automatic),25.4,1809.35,0,0.7328914122404143,9.251368604887036,9.251368604887036,Q2
6671-NGWON,Female,0,0,0,7,1,No,No,No internet service,No internet service,No internet service,No internet service,No internet service,No internet service,Month-to-month,0,Mailed check,20.35,150.6,0,12.155361406657939,9.241921362998001,9.241921362998001,Q2
0459-SPZHJ,Male,0,1,1,63,1,Yes,DSL,Yes,Yes,Yes,No,Yes,Yes,Two year,0,Credit card (automatic),83.5,5435.0,0,13.25418009387232,9.233305960664016,9.233305960664016,Q2
1336-EZFZY,Female,0,0,0,4,1,No,No,No internet service,No internet service,No internet service,No internet service,No internet service,No internet service,Month-to-month,0,Mailed check,20.05,83.3,0,1.6796725379841941,9.230796235898298,9.230796235898298,Q2
0599-XNYDO,Female,0,1,0,20,1,No,Fiber optic,No,No,No,No,No,No,Month-to-month,1,Bank transfer (automatic),69.8,1540.35,0,11.619443976656395,9.210549283371398,9.210549283371398,Q2
5372-FBKBN,Female,0,0,1,21,1,No,No,No internet service,No internet service,No internet service,No internet service,No internet service,No internet service,Month-to-month,0,Mailed check,20.75,452.2,0,41.139295348112995,9.192023592100387,9.192023592100387,Q2
4927-WWOOZ,Male,0,1,0,2,1,Yes,Fiber optic,No,No,Yes,No,Yes,No,Month-to-month,1,Electronic check,91.45,171.45,0,73.12524823068985,9.179471197211212,9.179471197211212,Q2
8849-AYPTR,Male,0,1,0,33,1,No,Fiber optic,No,No,No,No,Yes,Yes,Month-to-month,0,Electronic check,91.25,2964.05,0,24.254491622466944,9.17333107719087,9.17333107719087,Q2
3129-AAQOU,Female,0,1,1,19,1,Yes,No,No internet service,No internet service,No internet service,No internet service,No internet service,No internet service,Two year,0,Mailed check,25.6,485.9,0,1.949962635118619,9.173278755468731,9.173278755468731,Q2
2190-BCXEC,Female,0,1,0,40,1,Yes,Fiber optic,No,No,No,Yes,No,No,Month-to-month,1,Credit card (automatic),78.85,3126.85,0,6.464752630416395,9.162278214055684,9.162278214055684,Q2
8261-GWDBQ,Female,1,1,0,60,1,Yes,Fiber optic,Yes,Yes,Yes,Yes,Yes,Yes,Two year,1,Bank transfer (automatic),116.05,6925.9,0,18.50678681800975,9.146545045977883,9.146545045977883,Q2
0479-HMSWA,Female,0,0,1,26,1,No,Fiber optic,No,Yes,Yes,Yes,Yes,Yes,Two year,1,Electronic check,105.45,2715.3,0,2.8146561093420295,9.141511098402235,9.141511098402235,Q2
2324-AALNO,Female,0,0,0,48,1,Yes,No,No internet service,No internet service,No internet service,No internet service,No internet service,No internet service,One year,0,Bank transfer (automatic),24.55,1203.95,0,6.572595767883921,9.128490017660988,9.128490017660988,Q2
2898-MRKPI,Male,0,1,1,68,1,Yes,Fiber optic,No,Yes,No,No,Yes,Yes,One year,1,Credit card (automatic),101.05,6770.5,0,5.535641103030148,9.113686248999581,9.113686248999581,Q2
3345-JHUEO,Male,0,0,0,4,1,No,No,No internet service,No internet service,No internet service,No internet service,No internet service,No internet service,Month-to-month,1,Electronic check,20.2,55.7,0,10.360036233485898,9.112520389474025,9.112520389474025,Q2
5795-BKOYE,Female,0,1,1,69,1,No,DSL,No,Yes,Yes,Yes,No,No,One year,0,Bank transfer (automatic),59.1,4134.7,0,12.826561859710656,9.103098436325647,9.103098436325647,Q2
4647-XXZAM,Female,0,1,1,6,1,No,DSL,No,No,No,No,No,No,Month-to-month,0,Mailed check,45.5,285.2,0,2.0430314112346655,9.080923928623355,9.080923928623355,Q2
2277-DJJDL,Male,1,1,0,60,1,Yes,Fiber optic,No,No,No,Yes,Yes,Yes,Month-to-month,1,Electronic check,99.0,6017.9,0,8.299114353179428,9.075585052127193,9.075585052127193,Q2
2054-PJOCK,Female,0,0,0,60,1,Yes,DSL,No,No,Yes,Yes,Yes,Yes,One year,0,Credit card (automatic),80.55,4847.05,0,0.7968221528205024,9.07007051121656,9.07007051121656,Q2
3911-RSNHI,Female,0,1,0,71,0,No phone service,DSL,No,Yes,Yes,Yes,Yes,Yes,Two year,1,Credit card (automatic),61.4,4310.35,0,1.0903221071789684,9.068393856862704,9.068393856862704,Q2
7310-EGVHZ,Male,0,0,0,1,1,No,No,No internet service,No internet service,No internet service,No internet service,No internet service,No internet service,Month-to-month,0,Bank transfer (automatic),20.2,20.2,0,43.08785591563979,9.063856467764689,9.063856467764689,Q2
7762-ONLJY,Female,0,1,1,6,1,No,No,No internet service,No internet service,No internet service,No internet service,No internet service,No internet service,One year,0,Mailed check,19.7,94.45,0,4.094993113810451,9.062002321046633,9.062002321046633,Q2
1794-SWWKL,Male,0,1,1,15,1,Yes,DSL,No,No,Yes,Yes,No,No,Month-to-month,1,Bank transfer (automatic),59.65,867.1,0,34.33654283619884,9.06138975749962,9.06138975749962,Q2
0030-FNXPP,Female,0,0,0,3,1,No,No,No internet service,No internet service,No internet service,No internet service,No internet service,No internet service,Month-to-month,0,Mailed check,19.85,57.2,0,60.99529062748535,9.045072950168358,9.045072950168358,Q2
2789-CZANW,Female,0,1,1,64,1,Yes,Fiber optic,Yes,Yes,No,Yes,Yes,Yes,Two year,0,Bank transfer (automatic),110.3,6997.3,0,8.730133247934809,9.029452342281488,9.029452342281488,Q2
1156-ZFYDO,Female,0,0,0,1,1,No,No,No internet service,No internet service,No internet service,No internet service,No internet service,No internet service,Month-to-month,0,Electronic check,19.75,19.75,0,13.317766843436878,9.028400500646299,9.028400500646299,Q2
9650-VBUOG,Male,0,1,1,38,1,Yes,No,No internet service,No internet service,No internet service,No internet service,No internet service,No internet service,Two year,0,Credit card (automatic),25.05,963.95,0,18.075384523222105,9.022788058752859,9.022788058752859,Q2
9837-FWLCH,Male,0,1,1,12,1,No,No,No internet service,No internet service,No internet service,No internet service,No internet service,No internet service,Month-to-month,1,Electronic check,19.2,239.0,0,0.617802516279863,9.005539705105022,9.005539705105022,Q2
9788-HNGUT,Male,0,1,0,72,1,Yes,Fiber optic,Yes,Yes,Yes,Yes,Yes,Yes,Two year,1,Credit card (automatic),116.95,8594.4,0,33.84401703647335,8.998880127317651,8.998880127317651,Q2
5197-LQXXH,Female,0,1,0,71,1,Yes,DSL,No,Yes,Yes,Yes,Yes,Yes,Two year,1,Credit card (automatic),83.3,5894.5,0,2.816649546729947,8.982428935058087,8.982428935058087,Q2
4578-PHJYZ,Male,0,1,1,52,1,No,DSL,No,Yes,Yes,Yes,Yes,No,One year,1,Electronic check,68.75,3482.85,0,10.777709842679647,8.980494087869864,8.980494087869864,Q2
6762-QVYJO,Female,0,1,1,58,0,No phone service,DSL,Yes,No,Yes,Yes,Yes,Yes,Two year,0,Mailed check,59.75,3624.35,0,0.6395696133475974,8.97999863465977,8.97999863465977,Q2
5985-TBABQ,Female,0,0,0,32,1,Yes,DSL,Yes,No,No,No,Yes,Yes,One year,0,Mailed check,74.75,2282.95,0,2.014805783696019,8.9751025571337,8.9751025571337,Q2
2911-WDXMV,Male,0,0,1,18,1,Yes,Fiber optic,No,No,Yes,No,No,No,Month-to-month,1,Credit card (automatic),80.55,1406.65,0,1.8714159515137503,8.970755458708114,8.970755458708114,Q2
3082-WQRVY,Male,1,1,0,14,1,No,No,No internet service,No internet service,No internet service,No internet service,No internet service,No internet service,One year,0,Mailed check,19.65,228.65,0,22.73260373074603,8.968966166957614,8.968966166957614,Q2
5542-NKVRU,Female,0,0,0,42,1,No,No,No internet service,No internet service,No internet service,No internet service,No internet service,No internet service,Two year,1,Bank transfer (automatic),20.75,844.45,0,2.431447469213024,8.967645530753506,8.967645530753506,Q2
9314-IJWSQ,Female,0,1,1,14,1,Yes,Fiber optic,No,No,No,No,Yes,No,Month-to-month,1,Electronic check,84.8,1203.9,0,0.42951796114947416,8.962715699519704,8.962715699519704,Q2
5442-BXVND,Female,0,1,1,33,1,Yes,No,No internet service,No internet service,No internet service,No internet service,No internet service,No internet service,Month-to-month,0,Bank transfer (automatic),24.25,838.5,0,1.0479832477485926,8.961174127846947,8.961174127846947,Q2
3976-HXHCE,Male,0,0,0,72,1,No,No,No internet service,No internet service,No internet service,No internet service,No internet service,No internet service,Two year,0,Bank transfer (automatic),19.3,1414.8,0,6.6200469659796575,8.928393670985704,8.928393670985704,Q2
8007-YYPWD,Female,0,0,0,15,1,Yes,No,No internet service,No internet service,No internet service,No internet service,No internet service,No internet service,Two year,0,Bank transfer (automatic),25.05,369.1,0,67.0771529280552,8.920779395361498,8.920779395361498,Q2
2226-ICFDO,Female,0,1,1,72,1,Yes,DSL,Yes,No,Yes,Yes,Yes,Yes,Two year,1,Credit card (automatic),85.9,6110.75,0,37.650103087674594,8.901814237104249,8.901814237104249,Q2
9755-JHNMN,Female,0,0,0,49,1,No,DSL,Yes,Yes,Yes,Yes,No,No,Two year,0,Bank transfer (automatic),67.4,3306.85,0,11.407566411345977,8.900293803949753,8.900293803949753,Q2
4747-LCAQL,Male,0,0,0,25,1,No,DSL,Yes,Yes,No,Yes,Yes,Yes,Month-to-month,1,Mailed check,79.0,1902.0,0,24.189541611441406,8.89214386969554,8.89214386969554,Q2
3970-XGJDU,Female,0,0,0,62,1,No,No,No internet service,No internet service,No internet service,No internet service,No internet service,No internet service,Two year,1,Credit card (automatic),19.2,1123.65,0,5.938441106351148,8.867197985440898,8.867197985440898,Q2
6551-ZCOTS,Male,1,0,0,33,1,Yes,No,No internet service,No internet service,No internet service,No internet service,No internet service,No internet service,One year,1,Bank transfer (automatic),24.9,847.8,0,67.18330894949848,8.862234522478488,8.862234522478488,Q2
5850-BDWCY,Female,0,0,0,6,1,No,No,No internet service,No internet service,No internet service,No internet service,No internet service,No internet service,Month-to-month,0,Mailed check,20.2,123.65,0,1.0640503754670687,8.857655192949773,8.857655192949773,Q2
4238-JSSWH,Female,1,1,0,35,1,Yes,Fiber optic,No,No,Yes,No,Yes,Yes,Month-to-month,0,Bank transfer (automatic),102.05,3452.55,0,24.325414160679184,8.854681965519832,8.854681965519832,Q2
2988-GBIVW,Female,1,1,0,70,1,Yes,Fiber optic,Yes,No,No,No,No,Yes,Month-to-month,1,Electronic check,90.85,6470.1,0,5.560120155388949,8.850946907832462,8.850946907832462,Q2
3733-UOCWF,Male,1,1,0,61,1,Yes,Fiber optic,No,Yes,No,Yes,No,No,One year,1,Bank transfer (automatic),85.55,5251.75,0,0.3330028845548017,8.838163031115082,8.838163031115082,Q2
4973-MGTON,Female,0,1,0,71,1,No,DSL,Yes,Yes,Yes,Yes,Yes,Yes,Two year,1,Credit card (automatic),84.4,5969.3,0,20.667557910863692,8.834997797673411,8.834997797673411,Q2
9646-NMHXE,Male,0,1,0,47,1,No,No,No internet service,No internet service,No internet service,No internet service,No internet service,No internet service,Two year,0,Mailed check,19.65,973.1,0,2.2119352178156446,8.829781936231662,8.829781936231662,Q2
8748-HFWBO,Male,0,1,1,19,1,No,No,No internet service,No internet service,No internet service,No internet service,No internet service,No internet service,One year,0,Mailed check,19.9,357.7,0,0.7860565158611204,8.822055721027814,8.822055721027814,Q2
3546-GHEAE,Male,0,0,0,7,1,No,No,No internet service,No internet service,No internet service,No internet service,No internet service,No internet service,Two year,0,Mailed check,19.45,165.35,0,64.33964506789154,8.819122213557199,8.819122213557199,Q2
5115-GZDEL,Male,0,0,1,72,0,No phone service,DSL,Yes,Yes,Yes,Yes,Yes,Yes,Two year,0,Credit card (automatic),67.2,4671.7,0,3.0969839216147923,8.812074763424933,8.812074763424933,Q2
4431-EDMIQ,Female,0,1,1,7,1,No,DSL,Yes,Yes,Yes,Yes,Yes,No,Month-to-month,1,Electronic check,75.7,554.05,0,1.4417365553845551,8.809012775361804,8.809012775361804,Q2
2937-FTHUR,Female,0,0,1,18,1,Yes,DSL,Yes,No,No,No,No,Yes,Month-to-month,0,Electronic check,64.8,1166.7,0,4.725097750969078,8.774953708785574,8.774953708785574,Q2
8404-VLQFB,Female,0,1,1,15,1,Yes,No,No internet service,No internet service,No internet service,No internet service,No internet service,No internet service,Month-to-month,1,Electronic check,25.25,394.85,0,0.6687835786274803,8.749861331003778,8.749861331003778,Q2
1866-NXPSP,Female,0,0,0,36,1,No,DSL,Yes,Yes,Yes,Yes,No,Yes,One year,1,Mailed check,75.55,2680.15,0,12.405013997879069,8.741135741485543,8.741135741485543,Q2
2144-ESWKO,Male,0,0,0,43,0,No phone service,DSL,Yes,No,Yes,No,No,No,One year,1,Credit card (automatic),35.2,1463.7,0,3.6633091794528374,8.730133247934809,8.730133247934809,Q2
0650-BWOZN,Female,1,0,0,18,1,No,Fiber optic,No,Yes,No,No,No,No,Month-to-month,1,Electronic check,73.55,1359.45,0,29.51373085970464,8.724071834130878,8.724071834130878,Q2
1932-UEDCX,Male,1,1,0,33,1,Yes,Fiber optic,No,Yes,No,No,Yes,Yes,Month-to-month,1,Bank transfer (automatic),100.6,3270.25,0,21.554933548639983,8.717715375622829,8.717715375622829,Q2
7978-DKUQH,Female,0,1,0,25,1,No,Fiber optic,No,No,Yes,No,No,No,Month-to-month,1,Electronic check,74.6,1797.75,0,0.8626843026342358,8.699784152194207,8.699784152194207,Q2
1557-EMYVT,Female,0,0,0,43,1,Yes,Fiber optic,Yes,Yes,Yes,Yes,Yes,Yes,Two year,0,Credit card (automatic),115.05,4895.1,0,3.9519847346184904,8.693971594316684,8.693971594316684,Q2
4111-BNXIF,Female,0,1,1,67,0,No phone service,DSL,No,Yes,Yes,Yes,Yes,Yes,Two year,1,Electronic check,59.55,4103.9,0,34.40396877809999,8.692590506394618,8.692590506394618,Q2
1004-NOZNR,Male,1,0,1,56,1,No,Fiber optic,Yes,No,No,No,Yes,Yes,One year,0,Credit card (automatic),94.8,5264.3,0,26.438514717788003,8.680446213383481,8.680446213383481,Q2
2522-AHJXR,Male,0,1,0,60,1,Yes,Fiber optic,Yes,No,Yes,Yes,Yes,Yes,Month-to-month,1,Bank transfer (automatic),109.45,6572.85,0,22.990781191035303,8.668475529657332,8.668475529657332,Q2
2335-GSODA,Male,0,0,1,23,0,No phone service,DSL,Yes,No,Yes,Yes,No,No,Two year,0,Mailed check,40.1,857.75,0,8.812074763424933,8.654429681491946,8.654429681491946,Q2
8241-JUIQO,Female,0,0,0,61,1,No,No,No internet service,No internet service,No internet service,No internet service,No internet service,No internet service,One year,0,Bank transfer (automatic),19.45,1336.35,0,15.480920227977862,8.647433984490297,8.647433984490297,Q2
2642-MAWLJ,Female,0,1,1,36,1,No,No,No internet service,No internet service,No internet service,No internet service,No internet service,No internet service,Two year,0,Bank transfer (automatic),20.25,717.95,0,29.79370311824091,8.643253501974158,8.643253501974158,Q2
4468-KAZHE,Female,1,1,0,20,1,No,DSL,No,Yes,No,No,No,Yes,Month-to-month,1,Electronic check,60.0,1259.35,0,38.120026053434515,8.634095391039667,8.634095391039667,Q2
8749-CLJXC,Male,0,0,0,1,1,No,No,No internet service,No internet service,No internet service,No internet service,No internet service,No internet service,Month-to-month,0,Mailed check,20.05,20.05,0,26.63658698983281,8.611963217932535,8.611963217932535,Q2
9350-VLHMB,Male,0,1,1,67,1,Yes,Fiber optic,No,Yes,No,No,No,Yes,Month-to-month,1,Bank transfer (automatic),89.55,6373.1,0,12.05258434120132,8.576156460079233,8.576156460079233,Q2
3402-XRIUO,Female,1,1,0,22,1,Yes,DSL,Yes,Yes,No,Yes,No,No,Month-to-month,1,Mailed check,63.55,1381.8,0,17.688280597269813,8.573351985499425,8.573351985499425,Q2
1945-XISKS,Female,0,1,0,67,1,No,No,No internet service,No internet service,No internet service,No internet service,No internet service,No internet service,Two year,0,Mailed check,19.65,1335.2,0,41.86419031204595,8.565892292518065,8.565892292518065,Q2
7336-RLLRH,Male,0,1,0,27,1,Yes,DSL,Yes,No,No,Yes,Yes,Yes,One year,0,Mailed check,80.85,2204.35,0,0.3473881108350987,8.538254209838842,8.538254209838842,Q2
5296-PSYVW,Female,0,1,0,72,1,Yes,No,No internet service,No internet service,No internet service,No internet service,No internet service,No internet service,Two year,0,Electronic check,24.55,1750.7,0,0.4089012403879522,8.529530168260084,8.529530168260084,Q2
6860-YRJZP,Male,1,0,0,9,1,Yes,Fiber optic,No,No,No,No,No,No,Month-to-month,1,Electronic check,74.05,678.45,0,20.031738466422077,8.527432011673469,8.527432011673469,Q2
5606-AMZBO,Female,0,1,0,10,1,Yes,Fiber optic,Yes,No,No,No,No,No,Month-to-month,1,Credit card (automatic),78.15,765.15,0,1.6730102519050192,8.519999738981284,8.519999738981284,Q2
1162-ECVII,Male,1,1,0,72,1,Yes,Fiber optic,No,Yes,Yes,Yes,Yes,Yes,Two year,1,Bank transfer (automatic),109.75,7932.5,0,8.286404885871804,8.513906497878148,8.513906497878148,Q2
4608-LCIMN,Male,0,1,1,8,1,No,DSL,No,No,No,No,No,No,Month-to-month,0,Bank transfer (automatic),44.65,369.15,0,0.6043887377042864,8.51021217156925,8.51021217156925,Q2
3472-QPRCH,Male,0,1,1,40,1,Yes,No,No internet service,No internet service,No internet service,No internet service,No internet service,No internet service,Two year,0,Credit card (automatic),25.25,1006.9,0,1.9147901777954797,8.500442196251983,8.500442196251983,Q2
5156-UMKOW,Female,0,0,1,3,0,No phone service,DSL,No,Yes,No,No,No,No,Month-to-month,0,Mailed check,29.65,90.05,0,10.987498045318562,8.498042991965299,8.498042991965299,Q2
2848-YXSMW,Male,0,1,1,72,1,No,No,No internet service,No internet service,No internet service,No internet service,No internet service,No internet service,Two year,0,Credit card (automatic),19.4,1363.25,0,36.16424060726843,8.489974341794943,8.489974341794943,Q2
6655-LHBYW,Male,0,0,0,50,1,Yes,Fiber optic,Yes,Yes,Yes,Yes,Yes,Yes,One year,0,Credit card (automatic),114.35,5791.1,0,5.464397073948785,8.489306133657815,8.489306133657815,Q2
6202-JVYEU,Male,0,0,0,9,1,No,No,No internet service,No internet service,No internet service,No internet service,No internet service,No internet service,One year,1,Electronic check,19.9,164.6,0,27.780326558732593,8.483187795077455,8.483187795077455,Q2
6968-URWQU,Male,0,1,0,43,1,No,DSL,No,No,No,No,Yes,No,One year,1,Mailed check,56.35,2391.15,0,34.228271825577814,8.481586371418146,8.481586371418146,Q2
9605-WGJVW,Female,1,0,0,1,1,No,Fiber optic,No,No,No,No,No,No,Month-to-month,1,Electronic check,70.2,70.2,0,29.10951169276228,8.472214726252282,8.472214726252282,Q2
0048-LUMLS,Male,0,1,1,37,1,No,Fiber optic,No,No,No,No,Yes,Yes,One year,0,Credit card (automatic),91.2,3247.55,0,1.7805461081655916,8.462212648906645,8.462212648906645,Q2
9036-CSKBW,Female,0,0,0,51,1,Yes,Fiber optic,Yes,Yes,Yes,No,Yes,Yes,One year,0,Bank transfer (automatic),107.45,5680.9,0,1.4822607338092413,8.458785525684405,8.458785525684405,Q2
0727-BNRLG,Male,0,0,0,69,1,Yes,Fiber optic,No,Yes,Yes,Yes,Yes,No,Two year,1,Credit card (automatic),97.65,6743.55,0,1.5304533347150493,8.458621618957638,8.458621618957638,Q2
9819-FBNSV,Male,1,1,0,37,1,No,Fiber optic,No,No,No,No,No,No,Month-to-month,1,Bank transfer (automatic),72.25,2575.45,0,31.426884205223672,8.437792935383245,8.437792935383245,Q2
1525-LNLOJ,Male,0,1,1,66,1,Yes,DSL,No,No,Yes,No,Yes,No,Two year,1,Bank transfer (automatic),63.3,4189.7,0,2.9400639313063923,8.425802703217606,8.425802703217606,Q2
7634-WSWDB,Female,0,0,1,8,0,No phone service,DSL,Yes,No,No,No,No,Yes,Month-to-month,1,Electronic check,38.5,330.8,0,1.763721215653388,8.402539155169057,8.402539155169057,Q2
6827-IEAUQ,Female,0,1,1,27,1,No,DSL,Yes,Yes,Yes,Yes,No,No,One year,0,Mailed check,66.15,1874.45,0,0.6856767039988836,8.392623408699853,8.392623408699853,Q2
5524-KHNJP,Male,0,1,1,33,1,No,DSL,Yes,No,Yes,No,Yes,Yes,One year,0,Credit card (automatic),74.75,2453.3,0,63.300008078168844,8.372785257379983,8.372785257379983,Q2
7850-THJMU,Female,0,1,1,26,1,No,No,No internet service,No internet service,No internet service,No internet service,No internet service,No internet service,Two year,0,Credit card (automatic),19.65,494.9,0,3.451371003653339,8.37052043513085,8.37052043513085,Q2
3050-GBUSH,Female,0,0,0,3,0,No phone service,DSL,No,No,No,No,Yes,No,Month-to-month,1,Credit card (automatic),34.8,113.95,0,13.770282708484288,8.361267456954147,8.361267456954147,Q2
1897-RCFUM,Female,0,1,1,39,1,Yes,No,No internet service,No internet service,No internet service,No internet service,No internet service,No internet service,One year,1,Mailed check,24.2,914.6,0,23.847427475980755,8.3591546030968,8.3591546030968,Q2
6145-NNPNO,Female,0,0,0,1,1,No,DSL,No,No,No,No,No,No,Month-to-month,0,Bank transfer (automatic),44.15,44.15,0,5.900597138850876,8.355642788415205,8.355642788415205,Q2
4660-IRIBM,Male,0,1,1,18,1,No,Fiber optic,Yes,No,Yes,No,Yes,No,Month-to-month,1,Mailed check,87.9,1500.5,0,6.068705723458797,8.35289782025901,8.35289782025901,Q2
4476-OSWTN,Male,1,1,0,69,1,Yes,Fiber optic,Yes,No,Yes,Yes,Yes,Yes,One year,1,Mailed check,110.55,7610.1,0,14.059466284221777,8.344937306196186,8.344937306196186,Q2
3771-PZOBW,Male,0,0,0,20,1,Yes,Fiber optic,No,No,Yes,No,Yes,No,Month-to-month,1,Credit card (automatic),90.7,1781.35,0,66.5870644073373,8.334800424685605,8.334800424685605,Q2
2351-BKRZW,Female,0,1,1,43,1,No,DSL,Yes,No,Yes,No,Yes,Yes,Two year,0,Bank transfer (automatic),75.2,3254.35,0,9.141511098402235,8.328801863299267,8.328801863299267,Q2
9537-VHDTA,Female,0,0,1,1,1,No,DSL,Yes,No,No,No,No,No,Month-to-month,0,Mailed check,51.2,51.2,0,59.283137378975816,8.325680711341512,8.325680711341512,Q2
3910-MRQOY,Female,0,1,0,72,1,No,No,No internet service,No internet service,No internet service,No internet service,No internet service,No internet service,Two year,0,Bank transfer (automatic),19.4,1496.45,0,2.7045932961588868,8.31640434044187,8.31640434044187,Q2
4419-UJMUS,Male,0,1,1,69,1,Yes,Fiber optic,No,No,No,Yes,Yes,Yes,Two year,1,Electronic check,99.35,6856.45,0,71.40275716825363,8.31291687148894,8.31291687148894,Q2
6377-KSLXC,Male,0,0,0,5,1,No,No,No internet service,No internet service,No internet service,No internet service,No internet service,No internet service,Month-to-month,0,Mailed check,19.95,107.05,0,46.41214301946189,8.299114353179428,8.299114353179428,Q2
6164-HAQTX,Male,0,0,0,71,0,No phone service,DSL,Yes,Yes,Yes,Yes,Yes,No,Two year,0,Bank transfer (automatic),53.95,3888.65,0,18.455323826770805,8.298287929871393,8.298287929871393,Q2
6388-TABGU,Male,0,0,1,62,1,No,DSL,Yes,Yes,No,No,No,No,One year,0,Bank transfer (automatic),56.15,3487.95,0,2.7442487136178992,8.294325141136985,8.294325141136985,Q2
3389-KTRXV,Female,0,1,1,23,1,Yes,No,No internet service,No internet service,No internet service,No internet service,No internet service,No internet service,Two year,0,Mailed check,23.85,625.65,0,46.57191492513336,8.289616209357229,8.289616209357229,Q2
0323-XWWTN,Male,0,0,1,3,1,Yes,No,No internet service,No internet service,No internet service,No internet service,No internet service,No internet service,Two year,1,Mailed check,26.4,121.25,0,1.0626513398031863,8.288656934936208,8.288656934936208,Q2
8859-AXJZP,Male,0,1,1,39,1,Yes,No,No internet service,No internet service,No internet service,No internet service,No internet service,No internet service,Two year,1,Mailed check,23.8,903.8,0,9.584285472418804,8.286404885871804,8.286404885871804,Q2
6429-SHBCB,Male,0,0,0,19,1,Yes,DSL,No,No,No,No,Yes,Yes,Month-to-month,0,Mailed check,69.6,1394.55,0,24.73041325377138,8.277990094501963,8.277990094501963,Q2
3452-ABWRL,Male,1,0,0,47,1,Yes,Fiber optic,No,No,No,No,Yes,No,Month-to-month,1,Credit card (automatic),86.05,3865.6,0,0.9487523448027496,8.275574411725298,8.275574411725298,Q2
1937-OTUKY,Female,0,1,0,72,1,Yes,Fiber optic,Yes,No,Yes,Yes,Yes,No,Two year,1,Bank transfer (automatic),98.2,7015.9,0,0.4718763093022814,8.270710113154266,8.270710113154266,Q2
9522-ZSINC,Male,0,0,0,13,1,No,No,No internet service,No internet service,No internet service,No internet service,No internet service,No internet service,One year,1,Electronic check,19.95,253.8,0,0.8594117404974051,8.267319350988164,8.267319350988164,Q2
6838-HVLXG,Female,0,0,0,12,1,No,No,No internet service,No internet service,No internet service,No internet service,No internet service,No internet service,Month-to-month,0,Mailed check,20.3,246.7,0,3.38045922784427,8.256361342592125,8.256361342592125,Q2
9086-YJYXS,Male,0,1,1,34,1,Yes,DSL,No,No,Yes,No,Yes,Yes,One year,0,Bank transfer (automatic),77.2,2753.8,0,18.156278365743475,8.250863311124943,8.250863311124943,Q2
5884-FBCTL,Female,0,1,1,72,1,Yes,No,No internet service,No internet service,No internet service,No internet service,No internet service,No internet service,Two year,0,Bank transfer (automatic),25.1,1857.85,0,1.3183470394345431,8.246012974334556,8.246012974334556,Q2
0178-CIIKR,Female,0,0,0,3,1,No,No,No internet service,No internet service,No internet service,No internet service,No internet service,No internet service,Month-to-month,0,Mailed check,19.95,58.0,0,6.592359951414696,8.244313270627156,8.244313270627156,Q2
0377-JBKKT,Male,0,1,1,22,1,No,DSL,Yes,Yes,No,Yes,No,No,Month-to-month,1,Mailed check,57.95,1271.8,0,28.965749826831967,8.229213397360793,8.229213397360793,Q2
8263-QMNTJ,Male,0,1,0,72,1,Yes,Fiber optic,Yes,Yes,Yes,Yes,Yes,Yes,Two year,1,Electronic check,115.55,8425.3,0,21.560165839117122,8.228840780805786,8.228840780805786,Q2
3404-JNXAX,Female,0,1,1,51,1,Yes,Fiber optic,No,No,No,Yes,No,No,Month-to-month,1,Electronic check,80.75,4116.9,0,19.392964792040036,8.218610015132297,8.218610015132297,Q2
0619-OLYUR,Male,0,1,0,72,1,Yes,Fiber optic,Yes,No,Yes,Yes,Yes,Yes,Two year,1,Credit card (automatic),111.9,8071.05,0,1.8721671279796022,8.212521112814139,8.212521112814139,Q2
3938-YFPXD,Male,0,0,0,72,1,Yes,DSL,Yes,No,Yes,Yes,Yes,Yes,Two year,0,Credit card (automatic),84.3,5997.1,0,2.777127416812655,8.209852721400068,8.209852721400068,Q2
7459-IMVYU,Male,0,0,0,38,1,Yes,DSL,Yes,Yes,Yes,Yes,No,No,Month-to-month,0,Electronic check,69.95,2657.55,0,3.4020836996692485,8.209365770608315,8.209365770608315,Q2
9609-BENEA,Male,0,1,0,35,1,Yes,DSL,No,Yes,No,Yes,Yes,No,One year,1,Electronic check,69.0,2441.7,0,51.292875749081915,8.208600058956586,8.208600058956586,Q2
9978-HYCIN,Male,1,1,1,47,1,No,Fiber optic,No,Yes,No,No,Yes,No,One year,1,Bank transfer (automatic),84.95,4018.05,0,27.343007031784712,8.187075076782127,8.187075076782127,Q2
7301-ABVAD,Female,0,0,0,72,1,Yes,DSL,No,Yes,Yes,Yes,Yes,Yes,Two year,0,Bank transfer (automatic),86.6,6350.5,0,61.15424270762143,8.186943652240615,8.186943652240615,Q2
3916-NRPAP,Male,0,0,0,3,1,No,Fiber optic,No,No,Yes,No,No,Yes,Month-to-month,0,Credit card (automatic),85.7,256.75,0,14.392648468358793,8.180782436980664,8.180782436980664,Q2
6061-GWWAV,Male,0,0,1,41,1,No,DSL,Yes,Yes,Yes,No,Yes,No,One year,0,Mailed check,70.2,2894.55,0,30.48872666852106,8.179644662792992,8.179644662792992,Q2
6064-ZATLR,Female,0,0,0,27,1,No,DSL,Yes,Yes,No,No,No,No,Two year,0,Bank transfer (automatic),52.85,1498.65,0,14.563161939229257,8.155514694705863,8.155514694705863,Q2
5599-HVLTW,Female,1,0,0,14,1,Yes,Fiber optic,No,No,Yes,No,No,No,Month-to-month,1,Bank transfer (automatic),80.35,1058.1,0,23.483910798579256,8.143479243945304,8.143479243945304,Q2
5339-TJFEK,Male,0,1,1,62,1,Yes,Fiber optic,Yes,Yes,No,No,Yes,Yes,Month-to-month,1,Electronic check,105.5,6487.2,0,42.266471632785425,8.143479143218354,8.143479143218354,Q2
7302-ZHMHP,Female,0,0,0,1,1,No,No,No internet service,No internet service,No internet service,No internet service,No internet service,No internet service,Month-to-month,0,Mailed check,19.15,19.15,0,1.472543676239537,8.134093004456687,8.134093004456687,Q2
2387-KDZQY,Male,0,0,0,17,1,No,No,No internet service,No internet service,No internet service,No internet service,No internet service,No internet service,One year,1,Mailed check,20.1,279.5,0,43.45629953501338,8.12726045273167,8.12726045273167,Q2
2039-JONDJ,Male,0,0,0,27,1,No,DSL,Yes,Yes,No,No,No,No,One year,0,Bank transfer (automatic),55.45,1477.65,0,3.0490544921512996,8.126592967899224,8.126592967899224,Q2
9845-PEEKO,Female,1,0,0,59,1,Yes,Fiber optic,No,Yes,No,No,No,No,Two year,1,Credit card (automatic),79.2,4590.35,0,18.63079934389712,8.12656816112148,8.12656816112148,Q2
6578-KRMAW,Male,0,0,0,32,1,No,Fiber optic,Yes,Yes,Yes,No,No,Yes,Month-to-month,1,Credit card (automatic),93.4,2979.3,0,25.14411218967248,8.125762198143589,8.125762198143589,Q2
1166-PQLGG,Female,0,1,1,72,1,No,No,No internet service,No internet service,No internet service,No internet service,No internet service,No internet service,Two year,0,Bank transfer (automatic),19.55,1463.45,0,53.06900568801775,8.124524131356905,8.124524131356905,Q2
5977-CKHON,Female,0,1,1,43,1,Yes,Fiber optic,No,No,Yes,No,No,Yes,Month-to-month,1,Bank transfer (automatic),92.55,4039.0,0,39.49200637610668,8.122931690825693,8.122931690825693,Q2
3161-ONRWK,Male,0,1,1,60,1,No,DSL,Yes,Yes,Yes,Yes,No,No,One year,1,Bank transfer (automatic),65.85,3928.3,0,20.519828471094232,8.11382436569337,8.11382436569337,Q2
6619-RPLQZ,Female,0,1,1,45,1,No,No,No internet service,No internet service,No internet service,No internet service,No internet service,No internet service,Two year,0,Mailed check,20.85,892.15,0,18.318343102367646,8.111653822539946,8.111653822539946,Q2
0701-RFGFI,Female,0,1,1,49,1,Yes,Fiber optic,No,No,No,No,Yes,Yes,Month-to-month,1,Bank transfer (automatic),95.4,4613.95,0,1.0960434463388995,8.106674921303284,8.106674921303284,Q2
3580-GICBM,Female,0,1,1,61,1,Yes,No,No internet service,No internet service,No internet service,No internet service,No internet service,No internet service,Two year,1,Mailed check,24.2,1445.2,0,2.8226497628309333,8.106254585999782,8.106254585999782,Q2
9170-ARBTB,Female,0,1,1,52,1,No,No,No internet service,No internet service,No internet service,No internet service,No internet service,No internet service,One year,0,Credit card (automatic),19.6,1012.4,0,3.255690811012775,8.10233819487509,8.10233819487509,Q2
6928-ONTRW,Female,0,1,1,72,1,No,No,No internet service,No internet service,No internet service,No internet service,No internet service,No internet service,Two year,0,Credit card (automatic),19.7,1379.8,0,5.415969725932981,8.098340564341603,8.098340564341603,Q2
1101-SSWAG,Female,0,1,0,15,1,Yes,DSL,No,No,No,No,No,No,Month-to-month,1,Electronic check,51.1,711.15,0,12.846929897147458,8.074822151844458,8.074822151844458,Q2
4565-NLZBV,Female,0,1,0,71,1,Yes,No,No internet service,No internet service,No internet service,No internet service,No internet service,No internet service,Two year,1,Bank transfer (automatic),24.65,1710.15,0,60.30693312109279,8.074704010303476,8.074704010303476,Q2
6418-HNFED,Male,0,1,0,51,1,No,DSL,Yes,Yes,Yes,Yes,Yes,Yes,Two year,1,Credit card (automatic),83.25,4089.45,0,14.891168878992437,8.073223237282082,8.073223237282082,Q2
1265-ZFOSD,Female,0,1,0,64,1,Yes,DSL,Yes,Yes,Yes,Yes,No,Yes,Two year,1,Mailed check,81.3,5129.3,0,2.1548015290445193,8.067966286997903,8.067966286997903,Q2
2692-AQCPF,Female,0,1,0,65,1,Yes,Fiber optic,No,Yes,Yes,Yes,Yes,Yes,One year,1,Credit card (automatic),108.05,7118.9,0,64.13899455601535,8.067088998355505,8.067088998355505,Q2
5760-FXFVO,Male,0,0,0,6,1,No,Fiber optic,Yes,Yes,No,No,No,No,Month-to-month,1,Electronic check,78.95,494.95,0,9.411945237359335,8.058376752959402,8.058376752959402,Q2
9150-KPBJQ,Female,0,0,0,6,1,No,No,No internet service,No internet service,No internet service,No internet service,No internet service,No internet service,Two year,0,Credit card (automatic),19.65,116.85,0,24.747269343145682,8.040362787659985,8.040362787659985,Q2
7560-QRBXH,Female,0,0,1,48,1,No,No,No internet service,No internet service,No internet service,No internet service,No internet service,No internet service,One year,0,Mailed check,19.95,936.7,0,1.1035852104969521,8.037207431120914,8.037207431120914,Q2
5046-NUHWD,Female,1,1,0,29,0,No phone service,DSL,Yes,No,Yes,No,No,Yes,Month-to-month,1,Electronic check,45.0,1228.65,0,18.87207075383664,8.034264331969903,8.034264331969903,Q2
9798-DRYDS,Female,0,1,1,17,1,Yes,DSL,No,No,Yes,Yes,No,No,One year,1,Mailed check,61.95,1070.7,0,51.65406122762185,8.02096931071608,8.02096931071608,Q2
2798-NYLMZ,Male,0,1,0,71,1,Yes,Fiber optic,Yes,No,Yes,Yes,Yes,Yes,Two year,1,Credit card (automatic),108.55,7616.0,0,6.104423401297352,8.01443354151794,8.01443354151794,Q2
4570-QHXHL,Female,0,0,0,9,1,No,DSL,No,No,No,No,No,No,Month-to-month,1,Electronic check,43.75,405.7,0,35.30403394540977,8.013399321930143,8.013399321930143,Q2
1833-TCXKK,Male,0,1,0,45,1,Yes,Fiber optic,No,Yes,Yes,No,Yes,Yes,Month-to-month,1,Bank transfer (automatic),107.75,4882.8,0,5.6514657469597145,8.010965915887398,8.010965915887398,Q2
0248-IPDFW,Female,0,0,0,1,1,Yes,DSL,No,No,No,No,No,No,Month-to-month,1,Electronic check,50.1,50.1,0,68.62947506264526,8.00424117823579,8.00424117823579,Q2
8819-WFGGJ,Male,0,1,0,68,0,No phone service,DSL,Yes,No,Yes,No,Yes,Yes,Two year,1,Bank transfer (automatic),54.1,3794.5,0,2.8209929308675585,8.00395265660158,8.00395265660158,Q2
1956-YIFGE,Male,0,1,1,22,1,No,Fiber optic,No,Yes,Yes,No,Yes,Yes,One year,1,Mailed check,100.05,2090.25,0,2.025885600288958,7.995725085092942,7.995725085092942,Q2
9661-JALZV,Female,0,0,0,58,1,Yes,No,No internet service,No internet service,No internet service,No internet service,No internet service,No internet service,Two year,1,Credit card (automatic),24.7,1519.0,0,0.42458054000188966,7.993249193827411,7.993249193827411,Q2
6701-YVNQG,Male,0,1,0,72,1,Yes,DSL,Yes,Yes,Yes,Yes,Yes,Yes,Two year,1,Credit card (automatic),88.7,6301.7,0,37.024523379198904,7.992598325093277,7.992598325093277,Q2
5214-NLTIT,Male,0,1,1,72,1,Yes,Fiber optic,No,No,Yes,No,No,Yes,Two year,1,Credit card (automatic),90.8,6511.8,0,4.005755027166981,7.9920026953165495,7.9920026953165495,Q2
2027-WKXMW,Female,0,1,0,63,1,Yes,Fiber optic,No,Yes,Yes,Yes,Yes,Yes,Month-to-month,1,Electronic check,108.75,6871.7,0,11.820517266486226,7.985982761467401,7.985982761467401,Q2
0080-OROZO,Female,0,0,0,35,1,No,Fiber optic,No,No,Yes,Yes,Yes,Yes,One year,1,Electronic check,99.25,3532.0,0,12.152605757334397,7.985662981716531,7.985662981716531,Q2
1699-TLDLZ,Female,0,1,1,16,1,No,No,No internet service,No internet service,No internet service,No internet service,No internet service,No internet service,Two year,0,Mailed check,19.7,301.55,0,28.849596773295655,7.98489804182797,7.98489804182797,Q2
2300-RQGOI,Female,0,0,0,38,1,No,No,No internet service,No internet service,No internet service,No internet service,No internet service,No internet service,Two year,0,Mailed check,20.05,741.5,0,13.711240901070465,7.984724448698528,7.984724448698528,Q2
6510-UPNKS,Female,0,0,0,23,1,Yes,No,No internet service,No internet service,No internet service,No internet service,No internet service,No internet service,One year,0,Credit card (automatic),24.8,615.35,0,6.529570765934681,7.9811955706018844,7.9811955706018844,Q2
5044-LRQAQ,Female,0,1,0,7,1,No,Fiber optic,No,No,No,No,No,No,Month-to-month,1,Bank transfer (automatic),69.2,477.55,0,7.743053523874101,7.956809893647277,7.956809893647277,Q2
7395-XWZOY,Male,0,0,0,20,0,No phone service,DSL,Yes,Yes,Yes,Yes,Yes,No,Month-to-month,1,Credit card (automatic),55.0,1165.55,0,8.11382436569337,7.942875110162419,7.942875110162419,Q2
4316-XCSLJ,Male,0,0,1,17,1,No,DSL,Yes,No,No,No,No,No,Month-to-month,1,Mailed check,50.3,846.8,0,2.5183898795011315,7.942863155461286,7.942863155461286,Q2
5446-DKWYW,Female,1,1,1,61,1,Yes,DSL,No,No,Yes,No,Yes,No,One year,1,Electronic check,65.2,3965.05,0,15.311923964534024,7.936572863697765,7.936572863697765,Q2
4079-WWQQQ,Male,0,0,0,72,0,No phone service,DSL,Yes,Yes,Yes,Yes,Yes,Yes,Two year,1,Bank transfer (automatic),65.55,4807.45,0,12.27999967220338,7.933704368167013,7.933704368167013,Q2
8571-ZCMCX,Female,0,1,1,47,0,No phone service,DSL,Yes,Yes,Yes,No,Yes,Yes,Two year,1,Credit card (automatic),60.0,2768.65,0,4.2214895799374945,7.922217053047465,7.922217053047465,Q2
7064-JHXCE,Male,0,1,1,62,1,No,No,No internet service,No internet service,No internet service,No internet service,No internet service,No internet service,Two year,0,Credit card (automatic),20.05,1263.9,0,4.100628593997902,7.918243247744802,7.918243247744802,Q2
4238-HFHSN,Male,1,1,0,61,1,Yes,Fiber optic,No,Yes,No,No,No,No,Month-to-month,1,Electronic check,82.15,4904.85,0,0.35982100052171573,7.917361193885772,7.917361193885772,Q2
3571-DPYUH,Male,0,1,1,58,1,Yes,Fiber optic,No,Yes,No,Yes,Yes,No,One year,1,Credit card (automatic),94.7,5430.35,0,1.755639578672106,7.914224088160142,7.914224088160142,Q2
3468-DRVQJ,Female,0,1,1,10,1,Yes,DSL,Yes,Yes,No,No,Yes,No,One year,0,Electronic check,70.3,676.15,0,2.003911385575953,7.911908026714238,7.911908026714238,Q2
9909-IDLEK,Male,0,1,1,20,1,Yes,Fiber optic,No,Yes,No,Yes,Yes,No,Month-to-month,0,Mailed check,96.8,1826.7,0,1.4330947437424544,7.900211169749298,7.900211169749298,Q2
7706-YLMQA,Female,0,0,0,70,1,No,No,No internet service,No internet service,No internet service,No internet service,No internet service,No internet service,One year,0,Bank transfer (automatic),19.7,1341.5,0,2.4724486581565954,7.8914983135590075,7.8914983135590075,Q2
5893-KCLGT,Female,0,0,1,72,1,No,No,No internet service,No internet service,No internet service,No internet service,No internet service,No internet service,Two year,1,Mailed check,19.75,1567.0,0,14.845476835868276,7.889647046859973,7.889647046859973,Q2
4983-CCWMC,Male,0,0,0,3,1,No,Fiber optic,No,No,No,No,No,No,Month-to-month,1,Mailed check,69.6,207.4,0,8.186943652240615,7.881814913856881,7.881814913856881,Q2
6333-YDVLT,Male,0,0,0,65,1,Yes,Fiber optic,Yes,No,Yes,Yes,Yes,Yes,One year,1,Credit card (automatic),110.0,7138.65,0,5.742644624813717,7.874814308075792,7.874814308075792,Q2
1409-PHXTF,Male,1,1,0,54,1,Yes,Fiber optic,No,Yes,Yes,Yes,Yes,Yes,Two year,1,Electronic check,110.45,6077.75,0,1.1648361630520818,7.869158640718732,7.869158640718732,Q2
0136-IFMYD,Male,1,1,0,69,1,Yes,Fiber optic,No,Yes,Yes,Yes,Yes,Yes,Two year,1,Electronic check,109.95,7634.25,0,0.7534482353194774,7.867867569217829,7.867867569217829,Q2
7439-DKZTW,Male,0,0,0,1,1,No,Fiber optic,No,No,No,No,Yes,No,Month-to-month,1,Electronic check,80.55,80.55,0,0.74280976286951,7.842078667600513,7.842078667600513,Q2
6143-JQKEA,Male,0,0,0,10,1,No,DSL,No,No,No,No,No,No,Month-to-month,1,Credit card (automatic),45.8,436.2,0,64.24832541597117,7.82067221631492,7.82067221631492,Q2
3125-RAHBV,Male,0,0,0,22,1,No,No,No internet service,No internet service,No internet service,No internet service,No internet service,No internet service,One year,0,Credit card (automatic),20.3,467.15,0,1.0470754234326762,7.818948440157729,7.818948440157729,Q2
1334-PDUKM,Female,0,1,0,68,1,Yes,Fiber optic,No,Yes,Yes,No,No,No,One year,0,Credit card (automatic),86.45,5762.95,0,3.6769068485179677,7.817091735481048,7.817091735481048,Q2
6620-HVDUJ,Male,0,0,0,24,1,No,DSL,Yes,Yes,No,Yes,No,No,Month-to-month,0,Bank transfer (automatic),60.45,1440.75,0,31.35726949602423,7.804383412472513,7.804383412472513,Q2
9046-JBFWA,Male,0,0,1,27,1,No,No,No internet service,No internet service,No internet service,No internet service,No internet service,No internet service,Month-to-month,0,Mailed check,19.15,537.35,0,3.1608943085744454,7.799824411881648,7.799824411881648,Q2
7010-BRBUU,Male,0,1,1,72,1,Yes,No,No internet service,No internet service,No internet service,No internet service,No internet service,No internet service,Two year,0,Credit card (automatic),24.1,1734.65,0,22.888740161050542,7.783037923802021,7.783037923802021,Q2
2984-RGEYA,Female,0,1,1,69,1,No,No,No internet service,No internet service,No internet service,No internet service,No internet service,No internet service,Two year,0,Bank transfer (automatic),19.75,1375.4,0,49.02386152456049,7.776756240158797,7.776756240158797,Q2
9708-HPXWZ,Male,1,0,0,5,0,No phone service,DSL,No,No,Yes,Yes,Yes,No,Month-to-month,0,Credit card (automatic),45.4,214.75,0,15.811200746155645,7.772234838067142,7.772234838067142,Q2
8735-DCXNF,Male,0,1,0,10,1,No,DSL,Yes,No,No,Yes,No,No,Month-to-month,1,Credit card (automatic),54.95,568.85,0,18.952602812687196,7.760874632787289,7.760874632787289,Q2
3173-WSSUE,Female,0,1,1,71,1,No,No,No internet service,No internet service,No internet service,No internet service,No internet service,No internet service,Two year,0,Credit card (automatic),19.7,1415.85,0,23.891105563444203,7.760302780501657,7.760302780501657,Q2
0716-BQNDX,Male,1,0,0,57,1,Yes,Fiber optic,Yes,No,No,Yes,No,Yes,Two year,0,Electronic check,93.75,5625.55,0,59.51972212741347,7.751358964934349,7.751358964934349,Q2
0902-RFHOF,Male,0,0,0,38,1,No,No,No internet service,No internet service,No internet service,No internet service,No internet service,No internet service,One year,0,Mailed check,20.1,730.1,0,56.14429099727285,7.743053523874101,7.743053523874101,Q2
3948-FVVRP,Male,0,1,1,9,1,No,DSL,No,Yes,No,Yes,No,No,Month-to-month,0,Mailed check,54.8,452.8,0,3.2879669285946975,7.740644072859252,7.740644072859252,Q2
6537-QLGEX,Female,0,0,0,16,0,No phone service,DSL,Yes,No,No,No,Yes,No,Month-to-month,1,Electronic check,38.9,664.4,0,4.431761620790901,7.732244860668472,7.732244860668472,Q2
5481-NTDOH,Female,1,1,0,67,1,Yes,Fiber optic,Yes,No,Yes,No,Yes,Yes,One year,1,Credit card (automatic),107.05,7142.5,0,0.5938769983354051,7.728765694395112,7.728765694395112,Q2
9866-OCCKE,Female,1,1,0,72,1,Yes,Fiber optic,Yes,No,Yes,Yes,Yes,Yes,Two year,1,Mailed check,109.75,8075.35,0,13.525515315427292,7.71232725501705,7.71232725501705,Q2
6821-JPCDC,Female,0,1,0,48,1,No,Fiber optic,No,Yes,Yes,No,Yes,Yes,One year,1,Electronic check,97.05,4692.95,0,43.97360826545588,7.711103944737566,7.711103944737566,Q2
4374-YMUSQ,Male,0,0,0,34,1,Yes,Fiber optic,Yes,Yes,Yes,Yes,Yes,Yes,One year,0,Credit card (automatic),116.25,3899.05,0,20.98827119181278,7.710759246614413,7.710759246614413,Q2
6729-FZWSY,Male,0,0,0,67,1,No,No,No internet service,No internet service,No internet service,No internet service,No internet service,No internet service,One year,1,Mailed check,19.45,1195.95,0,7.818948440157729,7.705468044438934,7.705468044438934,Q2
9992-UJOEL,Male,0,0,0,2,1,No,DSL,No,Yes,No,No,No,No,Month-to-month,1,Mailed check,50.3,92.75,0,2.183847185700953,7.703856454522345,7.703856454522345,Q2
9194-GFVOI,Female,0,1,0,42,1,Yes,DSL,Yes,No,Yes,Yes,Yes,Yes,Two year,0,Credit card (automatic),84.35,3571.6,0,8.256361342592125,7.685436733252832,7.685436733252832,Q2
3967-VQOGC,Female,0,1,1,67,1,Yes,No,No internet service,No internet service,No internet service,No internet service,No internet service,No internet service,Two year,1,Mailed check,24.9,1680.25,0,11.184971701529243,7.678722112403802,7.678722112403802,Q2
4609-KNNWG,Female,0,1,1,27,1,No,No,No internet service,No internet service,No internet service,No internet service,No internet service,No internet service,Two year,0,Mailed check,19.9,550.1,0,6.938735588034986,7.672736502039464,7.672736502039464,Q2
6968-MHOMU,Male,0,1,0,58,0,No phone service,DSL,No,No,No,No,Yes,Yes,One year,1,Credit card (automatic),45.0,2689.35,0,1.3842671382552332,7.671572260717769,7.671572260717769,Q2
3284-SVCRO,Female,0,1,0,45,1,Yes,No,No internet service,No internet service,No internet service,No internet service,No internet service,No internet service,Two year,0,Mailed check,25.5,1121.05,0,5.424714410898738,7.6590940153109,7.6590940153109,Q2
6380-ARCEH,Male,0,0,0,1,1,No,No,No internet service,No internet service,No internet service,No internet service,No internet service,No internet service,Month-to-month,0,Mailed check,20.2,20.2,0,4.716441761580857,7.658601080402175,7.658601080402175,Q2
0264-CNITK,Female,0,1,1,71,1,No,No,No internet service,No internet service,No internet service,No internet service,No internet service,No internet service,Two year,0,Bank transfer (automatic),20.1,1389.6,0,25.72376755651763,7.656402127647743,7.656402127647743,Q2
4508-OEBEY,Male,0,1,0,31,1,No,DSL,Yes,Yes,Yes,Yes,No,Yes,One year,1,Credit card (automatic),75.5,2424.45,0,3.234918790375961,7.653308659956531,7.653308659956531,Q2
1810-MVMAI,Male,0,1,1,30,1,Yes,DSL,Yes,Yes,Yes,Yes,No,No,Month-to-month,0,Electronic check,67.6,2000.2,0,33.860343123940225,7.642272120123872,7.642272120123872,Q2
4957-TREIR,Male,0,0,0,3,1,No,DSL,Yes,No,No,Yes,Yes,No,Month-to-month,1,Credit card (automatic),64.4,195.65,0,16.345170693929646,7.636809051331273,7.636809051331273,Q2
1492-QGCLU,Male,0,1,1,53,1,Yes,DSL,Yes,No,Yes,Yes,Yes,Yes,Month-to-month,0,Electronic check,85.7,4616.1,0,47.70782409022208,7.633298181348562,7.633298181348562,Q2
7636-XUHWW,Male,0,0,0,2,1,No,No,No internet service,No internet service,No internet service,No internet service,No internet service,No internet service,Month-to-month,1,Credit card (automatic),19.9,33.7,0,4.740794943815834,7.632180221735951,7.632180221735951,Q2
0295-QVKPB,Male,0,0,0,5,1,No,DSL,No,No,Yes,Yes,Yes,No,Month-to-month,1,Credit card (automatic),63.95,318.1,0,31.300725080026986,7.608119663792372,7.608119663792372,Q2
2661-GKBTK,Male,0,1,1,60,1,No,DSL,No,Yes,No,Yes,Yes,Yes,Two year,0,Bank transfer (automatic),76.95,4543.95,0,0.5263156238491303,7.59113506479952,7.59113506479952,Q2
6705-LNMDD,Male,0,0,0,20,1,No,DSL,No,No,No,Yes,No,No,Month-to-month,0,Mailed check,50.0,1003.05,0,2.0342007903580246,7.561527514834224,7.561527514834224,Q2
7746-AWNQW,Female,0,0,0,28,0,No phone service,DSL,No,No,Yes,Yes,No,No,Month-to-month,1,Mailed check,35.75,961.4,0,67.10529067187322,7.5456998262597414,7.5456998262597414,Q2
4203-QGNZA,Female,0,0,1,28,1,No,No,No internet service,No internet service,No internet service,No internet service,No internet service,No internet service,Month-to-month,0,Mailed check,20.25,535.35,0,16.938455123059697,7.542760045129859,7.542760045129859,Q2
2580-ASVVY,Female,0,1,0,37,0,No phone service,DSL,Yes,No,No,Yes,Yes,No,Two year,0,Electronic check,45.4,1593.1,0,2.5990533923276504,7.542583732728564,7.542583732728564,Q2
4195-NZGTA,Female,0,0,0,1,0,No phone service,DSL,No,No,No,No,No,No,Month-to-month,0,Electronic check,25.25,25.25,0,20.578987229869252,7.53046244196236,7.53046244196236,Q2
3669-WHAFY,Female,0,1,0,71,1,Yes,Fiber optic,Yes,Yes,Yes,Yes,Yes,Yes,Two year,1,Credit card (automatic),115.15,8078.1,0,50.14257120246444,7.5251766777420235,7.5251766777420235,Q2
3653-NCRDJ,Male,0,1,1,43,1,No,No,No internet service,No internet service,No internet service,No internet service,No internet service,No internet service,One year,1,Mailed check,19.2,776.25,0,8.829781936231662,7.520010825870529,7.520010825870529,Q2
9152-AMKAK,Male,0,0,0,6,1,No,DSL,Yes,No,Yes,Yes,Yes,Yes,Two year,1,Mailed check,80.25,493.4,0,6.714605142643548,7.5121071017676355,7.5121071017676355,Q2
1987-AUELQ,Female,0,1,0,71,1,Yes,No,No internet service,No internet service,No internet service,No internet service,No internet service,No internet service,Two year,0,Credit card (automatic),25.05,1873.7,0,0.6447523122645987,7.508176884753887,7.508176884753887,Q2
3551-GAEGL,Male,0,1,1,34,0,No phone service,DSL,Yes,No,No,No,No,No,One year,0,Bank transfer (automatic),30.4,938.65,0,1.9225429007780952,7.507919758291126,7.507919758291126,Q2
3977-QCRSL,Female,0,0,0,5,1,No,No,No internet service,No internet service,No internet service,No internet service,No internet service,No internet service,Month-to-month,0,Mailed check,20.15,117.95,0,41.777293088332144,7.494850339850282,7.494850339850282,Q2
0380-NEAVX,Male,1,0,0,34,1,No,Fiber optic,No,Yes,Yes,No,Yes,Yes,One year,1,Electronic check,99.85,3343.15,0,9.42015098894138,7.479056129216658,7.479056129216658,Q2
7296-PIXQY,Female,0,1,1,14,1,No,Fiber optic,No,No,No,No,No,No,Month-to-month,0,Electronic check,70.2,1046.5,0,1.2356539245405074,7.468919813192046,7.468919813192046,Q2
3315-IKYZQ,Male,0,1,1,28,0,No phone service,DSL,Yes,No,Yes,Yes,Yes,No,One year,0,Mailed check,50.8,1386.8,0,8.867197985440898,7.467381623279615,7.467381623279615,Q2
2126-GSEGL,Female,0,1,0,70,1,Yes,DSL,No,Yes,Yes,Yes,Yes,Yes,Two year,1,Bank transfer (automatic),84.8,5917.55,0,0.3595609912278609,7.466947070946454,7.466947070946454,Q2
4589-IUAJB,Male,0,1,0,70,1,Yes,No,No internet service,No internet service,No internet service,No internet service,No internet service,No internet service,Two year,0,Bank transfer (automatic),24.25,1724.15,0,3.4143298330551657,7.455090488084156,7.455090488084156,Q2
4324-AHJKS,Female,0,0,0,5,1,No,DSL,Yes,No,Yes,No,No,No,Month-to-month,0,Credit card (automatic),55.8,300.4,0,8.228840780805786,7.445393815345984,7.445393815345984,Q2
8292-ITGYJ,Female,0,1,1,45,1,Yes,No,No internet service,No internet service,No internet service,No internet service,No internet service,No internet service,Two year,1,Bank transfer (automatic),24.65,1138.8,0,33.011514436173265,7.444818875938358,7.444818875938358,Q2
5153-RTHKF,Female,0,0,0,34,1,Yes,Fiber optic,No,No,No,No,Yes,No,Month-to-month,0,Electronic check,85.35,2896.6,0,31.973613385432948,7.442463786079783,7.442463786079783,Q2
1015-OWJKI,Male,0,0,0,1,1,No,No,No internet service,No internet service,No internet service,No internet service,No internet service,No internet service,Month-to-month,0,Mailed check,19.05,19.05,0,10.379751838695853,7.436777517124941,7.436777517124941,Q2
7356-IWLFW,Male,0,1,1,46,1,Yes,Fiber optic,No,Yes,No,No,No,No,Month-to-month,1,Bank transfer (automatic),80.0,3769.7,0,18.84185478909266,7.41916963210743,7.41916963210743,Q2
6967-PEJLL,Male,0,1,1,37,0,No phone service,DSL,Yes,No,Yes,Yes,No,No,One year,1,Electronic check,40.2,1525.35,0,8.928393670985704,7.411269107784116,7.411269107784116,Q2
7795-CFOCW,Male,0,0,0,45,0,No phone service,DSL,Yes,No,Yes,Yes,No,No,One year,0,Bank transfer (automatic),42.3,1840.75,0,36.363170304552916,7.406960496218032,7.406960496218032,Q2
8909-BOLNL,Male,0,0,0,3,1,No,No,No internet service,No internet service,No internet service,No internet service,No internet service,No internet service,One year,0,Mailed check,21.2,52.05,0,25.097157771460854,7.390975571383892,7.390975571383892,Q2
5076-YVXCM,Male,0,0,0,51,1,Yes,Fiber optic,No,No,No,No,No,Yes,Month-to-month,0,Bank transfer (automatic),83.4,4149.45,0,0.5178917935875038,7.379387089239183,7.379387089239183,Q2
8325-QRPZR,Female,0,0,0,7,1,No,Fiber optic,No,No,Yes,No,No,No,Month-to-month,1,Electronic check,75.15,525.0,0,5.7349435864315526,7.3365765614115315,7.3365765614115315,Q2
2961-VNFKL,Female,0,1,0,71,1,Yes,No,No internet service,No internet service,No internet service,No internet service,No internet service,No internet service,Two year,1,Credit card (automatic),25.95,1801.9,0,37.09807711977149,7.332128953316727,7.332128953316727,Q2
7989-AWGEH,Male,0,1,1,49,0,No phone service,DSL,Yes,No,No,No,No,Yes,Month-to-month,1,Electronic check,39.2,1838.15,0,3.8702643802496937,7.3292925889830745,7.3292925889830745,Q2
7876-DNYAP,Female,0,1,1,69,1,No,No,No internet service,No internet service,No internet service,No internet service,No internet service,No internet service,Two year,0,Credit card (automatic),19.8,1436.95,0,46.00982981339931,7.328814573062556,7.328814573062556,Q2
6993-YGFJV,Male,0,1,0,69,1,Yes,Fiber optic,Yes,Yes,Yes,Yes,Yes,Yes,Two year,1,Bank transfer (automatic),112.55,7806.5,0,10.60011924161954,7.325001127358675,7.325001127358675,Q2
3878-AVSOQ,Female,1,0,0,1,1,No,Fiber optic,No,No,No,No,No,No,Month-to-month,1,Electronic check,71.25,71.25,0,47.268000563629926,7.299556163619217,7.299556163619217,Q2
3094-JOJAI,Male,0,0,0,18,1,Yes,Fiber optic,No,No,No,No,No,No,Month-to-month,0,Mailed check,74.15,1387.0,0,23.122595569860138,7.293447285104518,7.293447285104518,Q2
8071-SBTRN,Female,0,0,0,70,1,Yes,Fiber optic,Yes,Yes,Yes,No,Yes,Yes,Two year,1,Mailed check,111.15,7737.55,0,0.41312089631658727,7.291265416232097,7.291265416232097,Q2
2606-PKWJB,Male,0,0,1,40,0,No phone service,DSL,Yes,Yes,No,Yes,No,No,One year,0,Mailed check,40.25,1564.05,0,10.153087451535676,7.289650768699449,7.289650768699449,Q2
4083-BFNYK,Female,1,1,0,38,1,Yes,Fiber optic,Yes,Yes,No,No,No,Yes,One year,0,Credit card (automatic),95.0,3591.25,0,0.7830946426161473,7.283762259085296,7.283762259085296,Q2
2773-MADBQ,Female,0,0,0,36,0,No phone service,DSL,Yes,Yes,Yes,Yes,No,Yes,Two year,1,Mailed check,53.1,1901.25,0,1.9188116547447682,7.279187823237994,7.279187823237994,Q2
9912-OMZDS,Female,0,1,1,59,1,Yes,Fiber optic,No,Yes,Yes,No,Yes,Yes,One year,1,Electronic check,106.15,6256.2,0,2.3859522256114407,7.263391367144514,7.263391367144514,Q2
4611-ANLQC,Female,0,1,0,60,0,No phone service,DSL,Yes,Yes,Yes,No,No,Yes,One year,0,Electronic check,50.05,2911.5,0,40.731463157723816,7.260838420848918,7.260838420848918,Q2
4366-CTOUZ,Female,0,0,0,50,1,No,Fiber optic,No,Yes,No,Yes,Yes,Yes,Two year,1,Mailed check,100.2,5038.45,0,40.43277814539484,7.238659016497087,7.238659016497087,Q2
2347-WKKAE,Male,0,1,0,42,1,Yes,Fiber optic,Yes,No,Yes,No,No,Yes,Month-to-month,1,Electronic check,94.4,4014.6,0,72.34465006864141,7.232669755427873,7.232669755427873,Q2
7044-YAACC,Male,1,1,0,4,1,No,Fiber optic,No,No,No,No,No,No,Month-to-month,1,Electronic check,70.2,280.35,0,22.70940023078923,7.2213466023454425,7.2213466023454425,Q2
2155-AMQRX,Female,0,0,0,28,1,Yes,DSL,No,No,No,Yes,No,No,Month-to-month,1,Credit card (automatic),54.9,1505.15,0,10.685313273115572,7.212228385305375,7.212228385305375,Q2
8318-LCNBW,Male,0,1,0,35,0,No phone service,DSL,Yes,No,Yes,No,Yes,Yes,One year,0,Credit card (automatic),53.15,1930.9,0,2.893742023139395,7.210481851662159,7.210481851662159,Q2
6976-BWGLQ,Female,0,1,1,72,1,Yes,No,No internet service,No internet service,No internet service,No internet service,No internet service,No internet service,Two year,0,Bank transfer (automatic),25.2,1787.35,0,17.742479355479386,7.206932784925903,7.206932784925903,Q2
8069-RHUXK,Female,0,1,1,67,0,No phone service,DSL,Yes,No,No,Yes,No,No,Two year,0,Credit card (automatic),35.7,2545.7,0,5.9709834150994645,7.188535624607138,7.188535624607138,Q2
7753-USQYQ,Male,0,0,0,55,1,No,DSL,No,Yes,No,Yes,No,Yes,One year,1,Electronic check,64.2,3627.3,0,9.715624779788074,7.16112009150707,7.16112009150707,Q2
8398-TBIYD,Female,0,0,0,72,1,Yes,Fiber optic,Yes,No,No,Yes,No,No,Two year,1,Bank transfer (automatic),84.7,6185.15,0,18.565371550254117,7.14764641562275,7.14764641562275,Q2
4177-JPDFU,Male,0,0,0,12,0,No phone service,DSL,No,Yes,No,Yes,No,No,Month-to-month,0,Mailed check,34.0,442.45,0,11.780781823785443,7.145871705569633,7.145871705569633,Q2
3785-NRHYR,Male,0,0,0,1,1,No,No,No internet service,No internet service,No internet service,No internet service,No internet service,No internet service,Month-to-month,0,Mailed check,19.65,19.65,0,11.982571195452289,7.140178862417404,7.140178862417404,Q2
9102-OXKFY,Male,0,0,0,59,1,Yes,DSL,No,No,Yes,No,No,No,Two year,0,Credit card (automatic),54.15,3116.15,0,10.310599831962982,7.1299549619309985,7.1299549619309985,Q2
4801-JZAZL,Female,0,1,1,11,0,No phone service,DSL,Yes,No,No,No,No,No,Month-to-month,1,Electronic check,29.6,346.45,0,8.489974341794943,7.128894746191865,7.128894746191865,Q2
6050-FFXES,Female,0,1,0,69,1,Yes,Fiber optic,No,No,Yes,Yes,Yes,Yes,Two year,0,Bank transfer (automatic),105.35,7240.65,0,0.6972829322687746,7.127550664081446,7.127550664081446,Q2
4524-QCSSM,Male,0,0,0,26,0,No phone service,DSL,Yes,Yes,No,No,No,Yes,Month-to-month,1,Bank transfer (automatic),44.65,1156.55,0,70.17193255497406,7.124852702026484,7.124852702026484,Q2
2263-SFSQZ,Male,0,1,1,51,1,Yes,No,No internet service,No internet service,No internet service,No internet service,No internet service,No internet service,Two year,1,Mailed check,24.95,1222.25,0,1.0373469179677954,7.107683832692972,7.107683832692972,Q2
5084-OOVCJ,Female,0,1,1,17,1,No,DSL,Yes,No,No,Yes,No,No,Month-to-month,1,Credit card (automatic),55.35,920.5,0,51.58085186776235,7.100092451064473,7.100092451064473,Q2
8166-ORCHU,Male,1,1,0,33,1,No,Fiber optic,Yes,Yes,No,Yes,No,Yes,One year,1,Electronic check,93.55,3055.5,0,68.47409490920823,7.0871050522871055,7.0871050522871055,Q2
6614-VBEGU,Female,0,1,0,24,1,No,DSL,No,Yes,No,No,Yes,Yes,Month-to-month,1,Bank transfer (automatic),69.45,1614.05,0,69.24673485746521,7.080153953039095,7.080153953039095,Q2
9351-HXDMR,Male,0,1,0,72,1,Yes,Fiber optic,Yes,No,Yes,Yes,Yes,Yes,Two year,1,Credit card (automatic),110.9,8240.85,0,61.06555919416403,7.078842583293617,7.078842583293617,Q2
8028-PNXHQ,Male,0,1,1,62,1,Yes,No,No internet service,No internet service,No internet service,No internet service,No internet service,No internet service,Two year,1,Bank transfer (automatic),24.25,1424.6,0,9.562975433227813,7.0752329125240125,7.0752329125240125,Q2
5002-GCQFH,Male,0,1,0,49,1,Yes,Fiber optic,Yes,Yes,No,No,Yes,No,Month-to-month,1,Bank transfer (automatic),93.85,4733.1,0,1.948243766982401,7.064662533833123,7.064662533833123,Q2
2252-JHJGE,Male,0,0,0,61,1,Yes,Fiber optic,Yes,No,Yes,No,Yes,Yes,One year,0,Electronic check,104.0,6363.45,0,41.95392918791094,7.058561712013202,7.058561712013202,Q2
7268-IGMFD,Male,1,0,0,18,1,Yes,Fiber optic,No,No,Yes,Yes,Yes,No,Month-to-month,0,Bank transfer (automatic),93.9,1743.9,0,3.050341481642204,7.050831486293798,7.050831486293798,Q2
6092-QZVPP,Male,0,0,0,36,1,No,DSL,Yes,No,Yes,Yes,Yes,Yes,Month-to-month,1,Credit card (automatic),79.2,2854.95,0,18.294848902175957,7.046558165292738,7.046558165292738,Q2
0675-NCDYU,Female,0,1,1,72,1,Yes,Fiber optic,Yes,Yes,Yes,Yes,Yes,Yes,Two year,1,Credit card (automatic),116.4,8543.25,0,5.599880468576872,7.042042198083558,7.042042198083558,Q2
3694-DELSO,Male,0,1,1,4,0,No phone service,DSL,Yes,No,No,No,Yes,No,Month-to-month,0,Credit card (automatic),38.55,156.1,0,42.01582570499339,7.026075317372904,7.026075317372904,Q2
9891-NQDBD,Female,0,1,0,28,1,Yes,No,No internet service,No internet service,No internet service,No internet service,No internet service,No internet service,One year,0,Mailed check,25.55,672.2,0,4.616569760745977,7.019387612733873,7.019387612733873,Q2
6371-NZYEG,Male,0,1,1,16,1,No,DSL,Yes,No,Yes,No,Yes,No,Two year,0,Mailed check,64.25,1024.0,0,15.171198626352279,7.018515607035669,7.018515607035669,Q2
9081-WWXKP,Female,0,1,1,47,1,No,No,No internet service,No internet service,No internet service,No internet service,No internet service,No internet service,Two year,0,Credit card (automatic),20.25,873.4,0,21.245163920701156,7.004434892509639,7.004434892509639,Q2
6648-INWPS,Male,0,1,1,16,1,No,No,No internet service,No internet service,No internet service,No internet service,No internet service,No internet service,Month-to-month,0,Electronic check,20.15,341.35,0,1.5867881489218607,6.986408725272754,6.986408725272754,Q2
7921-LMDFQ,Male,1,0,0,51,1,No,Fiber optic,No,No,Yes,No,Yes,Yes,One year,1,Bank transfer (automatic),94.0,4905.75,0,0.8089847097972209,6.9850843783136565,6.9850843783136565,Q2
1768-HNVGJ,Female,1,0,0,45,1,Yes,DSL,Yes,No,No,Yes,No,Yes,Month-to-month,1,Electronic check,70.05,3062.45,0,9.336982405830499,6.965970782391808,6.965970782391808,Q2
3981-QSVQI,Male,0,0,0,8,1,No,No,No internet service,No internet service,No internet service,No internet service,No internet service,No internet service,Month-to-month,1,Bank transfer (automatic),19.7,168.9,0,0.5912897312284721,6.96549181197604,6.96549181197604,Q2
9705-IOVQQ,Male,1,1,1,61,1,Yes,Fiber optic,No,Yes,No,No,Yes,Yes,One year,0,Electronic check,99.0,5969.3,0,0.9152272001773971,6.9592954453791265,6.9592954453791265,Q2
9633-XQABV,Female,0,0,0,3,1,No,Fiber optic,No,No,No,No,No,No,Month-to-month,1,Electronic check,70.25,229.7,0,23.154745486230738,6.956626145799665,6.956626145799665,Q2
6726-WEXXK,Male,1,1,0,27,1,Yes,Fiber optic,Yes,No,Yes,No,No,No,One year,1,Electronic check,85.9,2220.1,0,0.8990803459365242,6.953616570003759,6.953616570003759,Q2
6994-FGRHH,Male,0,1,1,70,1,No,Fiber optic,No,Yes,Yes,Yes,Yes,Yes,One year,1,Electronic check,106.15,7475.1,0,56.72228735639393,6.948229512910794,6.948229512910794,Q2
7306-YDSOI,Male,0,1,1,69,1,No,DSL,Yes,Yes,Yes,No,No,No,Two year,1,Bank transfer (automatic),59.75,4069.9,0,1.5772477933324844,6.938735588034986,6.938735588034986,Q2
3170-GWYKC,Female,0,0,0,60,1,No,Fiber optic,Yes,No,Yes,Yes,Yes,Yes,Month-to-month,1,Bank transfer (automatic),104.95,6236.75,0,10.662421616225034,6.9301199751133025,6.9301199751133025,Q2
1926-QUZNN,Female,0,1,0,72,1,Yes,No,No internet service,No internet service,No internet service,No internet service,No internet service,No internet service,Two year,1,Bank transfer (automatic),25.25,1841.2,0,6.96549181197604,6.929708875418707,6.929708875418707,Q2
4001-TSBTV,Female,0,1,1,58,1,No,Fiber optic,No,Yes,Yes,No,Yes,No,Month-to-month,1,Electronic check,91.55,5511.65,0,2.509048604583841,6.927731093179392,6.927731093179392,Q2
0839-JTCUD,Female,0,1,1,66,1,Yes,DSL,Yes,Yes,Yes,Yes,Yes,Yes,Two year,0,Credit card (automatic),89.9,5958.85,0,53.086255222950896,6.927595598616663,6.927595598616663,Q2
0916-KNFAJ,Male,0,1,0,61,1,Yes,DSL,Yes,No,Yes,No,No,Yes,Two year,1,Mailed check,69.9,4226.7,0,6.649166687515484,6.92755724886608,6.92755724886608,Q2
0795-LAFGP,Male,0,1,1,71,1,Yes,DSL,Yes,Yes,Yes,Yes,Yes,Yes,Two year,0,Electronic check,90.4,6668.05,0,2.5531935693810603,6.926629405315632,6.926629405315632,Q2
4565-EVZMJ,Female,0,0,0,47,1,No,DSL,Yes,Yes,No,Yes,No,No,One year,1,Mailed check,58.9,2813.05,0,20.64772966448919,6.922964473836654,6.922964473836654,Q2
5756-OZRIO,Male,1,1,0,61,1,Yes,DSL,No,Yes,No,No,No,Yes,One year,0,Bank transfer (automatic),64.05,3902.6,0,1.551205734182124,6.918196880135627,6.918196880135627,Q2
6278-FEPBZ,Female,0,0,0,9,1,No,No,No internet service,No internet service,No internet service,No internet service,No internet service,No internet service,Month-to-month,0,Mailed check,20.25,186.15,0,1.139098666070725,6.912889960789026,6.912889960789026,Q2
4128-ETESU,Female,1,1,0,47,1,Yes,Fiber optic,No,No,Yes,No,Yes,Yes,Month-to-month,0,Electronic check,99.7,4747.2,0,25.981822542965816,6.908843344048362,6.908843344048362,Q2
5622-UEJFI,Female,0,1,1,35,1,Yes,No,No internet service,No internet service,No internet service,No internet service,No internet service,No internet service,Two year,1,Credit card (automatic),25.4,949.8,0,1.3218616110192487,6.90578083780338,6.90578083780338,Q2
9480-BQJEI,Male,0,0,0,62,1,Yes,Fiber optic,Yes,Yes,No,No,No,Yes,One year,1,Bank transfer (automatic),92.3,5731.45,0,5.360940967682271,6.904165541787501,6.904165541787501,Q2
5337-IIWKZ,Male,0,1,1,34,0,No phone service,DSL,No,No,Yes,Yes,Yes,No,Month-to-month,1,Electronic check,44.85,1442.6,0,7.293447285104518,6.893452026798526,6.893452026798526,Q2
0487-VVUVK,Male,0,1,1,25,1,No,No,No internet service,No internet service,No internet service,No internet service,No internet service,No internet service,Month-to-month,1,Mailed check,19.15,477.6,0,7.520010825870529,6.882077858087632,6.882077858087632,Q2
9027-TMATR,Female,0,1,0,43,1,No,DSL,Yes,No,Yes,Yes,Yes,Yes,Two year,1,Electronic check,78.8,3460.3,0,2.190124709914723,6.872515930459031,6.872515930459031,Q2
9620-QJREV,Male,0,0,1,47,1,No,No,No internet service,No internet service,No internet service,No internet service,No internet service,No internet service,One year,0,Credit card (automatic),20.55,1013.05,0,66.83552844502681,6.869112000777461,6.869112000777461,Q2
2832-KJCRD,Female,0,0,0,38,1,Yes,Fiber optic,No,No,Yes,Yes,Yes,Yes,Month-to-month,1,Electronic check,103.65,3988.5,0,4.931507444267011,6.865091275302085,6.865091275302085,Q2
9764-REAFF,Female,0,1,0,59,1,No,No,No internet service,No internet service,No internet service,No internet service,No internet service,No internet service,Two year,0,Bank transfer (automatic),18.4,1057.85,0,9.543273031451518,6.8533799294188205,6.8533799294188205,Q2
6968-GMKPR,Female,0,0,0,55,1,No,Fiber optic,No,Yes,Yes,No,No,No,Month-to-month,1,Electronic check,81.55,4509.5,0,40.619895745320335,6.851370700242263,6.851370700242263,Q2
4369-NYSCF,Male,0,0,0,56,1,No,DSL,No,Yes,No,Yes,Yes,Yes,One year,1,Bank transfer (automatic),75.75,4284.65,0,8.01443354151794,6.833309251772854,6.833309251772854,Q2
9800-OUIGR,Male,0,1,1,66,1,No,No,No internet service,No internet service,No internet service,No internet service,No internet service,No internet service,Two year,0,Credit card (automatic),20.0,1374.2,0,15.934821034468166,6.826206995558142,6.826206995558142,Q2
2676-SSLTO,Male,0,0,0,49,1,Yes,DSL,No,No,No,Yes,Yes,No,Two year,1,Bank transfer (automatic),66.15,3199.0,0,37.500058479231456,6.817883525371722,6.817883525371722,Q2
3638-WEABW,Female,0,1,0,58,1,Yes,DSL,No,Yes,No,Yes,No,No,Two year,1,Credit card (automatic),59.9,3505.1,0,56.36649299636367,6.814489146538477,6.814489146538477,Q2
5840-NVDCG,Female,0,1,1,16,1,No,DSL,Yes,Yes,No,Yes,No,Yes,Two year,0,Bank transfer (automatic),68.25,1114.85,0,5.554937837834174,6.813090813301119,6.813090813301119,Q2
0682-USIXD,Female,0,1,0,21,1,No,Fiber optic,No,No,No,Yes,Yes,No,Month-to-month,1,Electronic check,86.05,1818.9,0,1.7179143118330285,6.803101540724275,6.803101540724275,Q2
7205-BAIAD,Female,0,0,0,40,1,No,No,No internet service,No internet service,No internet service,No internet service,No internet service,No internet service,Two year,1,Bank transfer (automatic),20.6,827.3,0,44.688442280370566,6.800641832684858,6.800641832684858,Q2
1028-FFNJK,Male,1,1,0,30,1,Yes,Fiber optic,No,No,No,Yes,Yes,Yes,Month-to-month,1,Electronic check,101.5,2917.65,0,14.818729372306718,6.795170797586845,6.795170797586845,Q2
3807-XHCJH,Female,0,1,1,1,1,No,No,No internet service,No internet service,No internet service,No internet service,No internet service,No internet service,Month-to-month,0,Electronic check,20.0,20.0,0,72.01156010400129,6.788987560854295,6.788987560854295,Q2
5377-NDTOU,Female,0,1,1,71,1,Yes,DSL,Yes,Yes,Yes,Yes,Yes,Yes,Two year,0,Mailed check,91.05,6293.75,0,3.0259139234980075,6.7731304158384615,6.7731304158384615,Q2
1397-XKKWR,Male,0,0,0,7,0,No phone service,DSL,Yes,No,Yes,No,No,No,One year,0,Mailed check,35.3,264.8,0,0.8373417325292006,6.765991313310497,6.765991313310497,Q2
8294-UIMBA,Female,0,0,0,30,1,No,Fiber optic,No,No,No,Yes,Yes,Yes,One year,1,Bank transfer (automatic),94.4,2638.1,0,0.6763651192119462,6.765978055690133,6.765978055690133,Q2
6248-TKCQV,Female,0,1,1,70,1,Yes,DSL,Yes,No,No,Yes,Yes,Yes,Two year,1,Bank transfer (automatic),80.6,5460.2,0,2.318738060211321,6.765560865775691,6.765560865775691,Q2
8552-OBVRU,Female,1,1,1,48,1,No,Fiber optic,Yes,No,Yes,Yes,Yes,Yes,Month-to-month,1,Electronic check,104.5,5068.05,0,4.730756246973354,6.763470175624156,6.763470175624156,Q2
0201-MIBOL,Female,1,0,0,66,1,Yes,Fiber optic,Yes,No,No,No,Yes,Yes,Two year,1,Bank transfer (automatic),102.4,6471.85,0,44.552358655922454,6.763090224625379,6.763090224625379,Q2
0516-UXRMT,Female,0,0,0,62,1,Yes,Fiber optic,Yes,Yes,Yes,No,No,No,One year,1,Electronic check,92.05,5755.8,0,36.11288263734451,6.759821197086738,6.759821197086738,Q2
5312-TSZVC,Female,0,0,1,15,1,No,No,No internet service,No internet service,No internet service,No internet service,No internet service,No internet service,One year,0,Mailed check,19.65,270.6,0,6.763470175624156,6.757369288384749,6.757369288384749,Q2
6559-PDZLR,Male,0,0,0,26,1,No,Fiber optic,No,No,Yes,Yes,Yes,Yes,Month-to-month,1,Electronic check,98.65,2537.0,0,1.1548689464110915,6.75518200287657,6.75518200287657,Q2
5236-XMZJY,Female,0,0,0,42,1,No,DSL,Yes,Yes,Yes,No,No,No,Month-to-month,0,Bank transfer (automatic),59.65,2536.55,0,2.569156476493512,6.736233791150443,6.736233791150443,Q2
0980-PVMRC,Female,0,1,1,40,0,No phone service,DSL,No,Yes,No,No,Yes,Yes,Month-to-month,1,Electronic check,50.85,2036.55,0,4.589305975279267,6.725857093760681,6.725857093760681,Q2
5684-FJVYR,Female,0,1,1,72,1,Yes,Fiber optic,Yes,Yes,No,Yes,No,No,Two year,1,Bank transfer (automatic),90.35,6563.4,0,10.491491900881996,6.714605142643548,6.714605142643548,Q2
1576-PFZIW,Male,1,1,0,70,1,No,Fiber optic,Yes,Yes,Yes,No,Yes,Yes,Two year,0,Credit card (automatic),105.35,7511.9,0,0.49398230213068506,6.708309659282991,6.708309659282991,Q2
7595-EHCDL,Male,0,1,1,32,0,No phone service,DSL,No,No,Yes,No,Yes,Yes,Month-to-month,0,Credit card (automatic),50.6,1653.45,0,1.8962427064287608,6.704370397680462,6.704370397680462,Q2
1820-DJFPH,Female,0,1,1,72,1,Yes,No,No internet service,No internet service,No internet service,No internet service,No internet service,No internet service,Two year,1,Bank transfer (automatic),24.05,1709.15,0,20.340066170316735,6.7025939601566344,6.7025939601566344,Q2
2959-FENLU,Female,0,0,0,9,1,No,Fiber optic,No,No,Yes,No,No,Yes,Month-to-month,1,Credit card (automatic),85.3,781.4,0,1.3889923297426399,6.690158559635287,6.690158559635287,Q2
4581-LNWUM,Female,0,0,0,13,0,No phone service,DSL,No,No,Yes,No,Yes,Yes,Month-to-month,0,Electronic check,49.15,649.4,0,35.539108068907,6.687489596900691,6.687489596900691,Q2
9553-DLCLU,Female,0,0,1,13,1,Yes,DSL,Yes,Yes,Yes,Yes,Yes,Yes,Two year,0,Credit card (automatic),88.95,1161.75,0,50.213270417877766,6.686343151031241,6.686343151031241,Q2
9067-SQTNS,Male,0,1,1,44,1,No,No,No internet service,No internet service,No internet service,No internet service,No internet service,No internet service,One year,0,Bank transfer (automatic),20.6,926.0,0,42.52403607239177,6.682580943572993,6.682580943572993,Q2
4291-YZODP,Female,0,0,1,7,1,No,No,No internet service,No internet service,No internet service,No internet service,No internet service,No internet service,One year,0,Mailed check,20.05,96.8,0,65.92675558122065,6.681881320588966,6.681881320588966,Q2
3545-CNWRG,Female,0,1,1,49,1,Yes,Fiber optic,No,Yes,No,No,Yes,Yes,Month-to-month,1,Electronic check,98.35,4889.2,0,3.0482521870331345,6.676871427258188,6.676871427258188,Q2
4906-ZHGPK,Male,0,1,1,54,1,Yes,DSL,No,Yes,No,Yes,Yes,No,One year,1,Electronic check,70.7,3770.0,0,9.162278214055684,6.669957600378177,6.669957600378177,Q2
2065-MMKGR,Female,0,0,0,29,1,Yes,DSL,No,No,No,No,Yes,Yes,One year,1,Credit card (automatic),71.0,2080.1,0,33.39736354339931,6.664861665720431,6.664861665720431,Q2
8467-WYNSR,Male,0,0,0,22,1,No,DSL,Yes,No,No,Yes,No,No,Month-to-month,0,Mailed check,55.1,1253.15,0,18.982268331699352,6.663483891239361,6.663483891239361,Q2
5624-RYAMH,Female,0,0,0,9,1,No,No,No internet service,No internet service,No internet service,No internet service,No internet service,No internet service,Month-to-month,1,Electronic check,19.5,178.85,0,10.128231405612409,6.652529335549261,6.652529335549261,Q2
4312-GVYNH,Female,0,1,0,70,0,No phone service,DSL,Yes,No,Yes,Yes,No,Yes,Two year,1,Bank transfer (automatic),49.85,3370.2,0,3.0516397402209265,6.649166687515484,6.649166687515484,Q2
6814-ZPWFQ,Male,1,0,0,51,1,Yes,No,No internet service,No internet service,No internet service,No internet service,No internet service,No internet service,One year,0,Bank transfer (automatic),25.0,1260.7,0,17.932416002197503,6.639920450612961,6.639920450612961,Q2
8922-NPKBJ,Male,0,1,1,42,1,No,No,No internet service,No internet service,No internet service,No internet service,No internet service,No internet service,Two year,0,Mailed check,19.35,867.3,0,1.467489360358774,6.633207304063446,6.633207304063446,Q2
2535-PBCGC,Female,0,1,0,70,0,No phone service,DSL,Yes,Yes,Yes,Yes,Yes,Yes,Two year,0,Bank transfer (automatic),64.55,4504.9,0,33.11884455170283,6.625587561191229,6.625587561191229,Q2
3717-OFRTN,Male,0,0,0,1,1,No,No,No internet service,No internet service,No internet service,No internet service,No internet service,No internet service,Month-to-month,0,Bank transfer (automatic),19.75,19.75,0,0.31844012512146747,6.6200469659796575,6.6200469659796575,Q2
5288-AHOUP,Male,1,0,0,11,1,No,Fiber optic,No,No,No,No,No,Yes,Month-to-month,1,Electronic check,78.5,874.2,0,2.6983439942775513,6.604981962134544,6.604981962134544,Q2
3162-ZJZFU,Male,0,1,1,53,1,No,Fiber optic,No,Yes,No,Yes,Yes,No,Month-to-month,1,Electronic check,92.55,4779.45,0,28.01019245820286,6.603333106407969,6.603333106407969,Q2
2143-LJULT,Female,0,1,0,67,1,Yes,No,No internet service,No internet service,No internet service,No internet service,No internet service,No internet service,Two year,1,Credit card (automatic),25.25,1733.15,0,4.423554638930787,6.599973730244227,6.599973730244227,Q2
7299-GNVPL,Female,0,1,1,23,1,No,Fiber optic,Yes,Yes,No,Yes,No,No,Month-to-month,0,Mailed check,84.4,1936.85,0,5.871715650576827,6.595216906008187,6.595216906008187,Q2
8874-EJNSR,Male,0,1,1,39,1,Yes,No,No internet service,No internet service,No internet service,No internet service,No internet service,No internet service,Two year,0,Mailed check,25.2,987.95,0,17.23398514789997,6.592359951414696,6.592359951414696,Q2
4929-ROART,Male,0,0,0,18,1,Yes,DSL,Yes,No,No,No,No,No,Month-to-month,0,Mailed check,56.25,969.85,0,22.309536989668754,6.584384677348811,6.584384677348811,Q2
2673-ZALNP,Female,0,0,0,7,1,No,No,No internet service,No internet service,No internet service,No internet service,No internet service,No internet service,One year,0,Mailed check,19.9,173.15,0,22.45189318860522,6.577107048273137,6.577107048273137,Q2
0212-ISBBF,Female,0,0,0,22,0,No phone service,DSL,No,Yes,No,No,Yes,Yes,Month-to-month,1,Electronic check,50.35,1098.85,0,1.9773581031993102,6.572595767883921,6.572595767883921,Q2
0550-DCXLH,Male,0,0,0,13,1,No,DSL,No,Yes,No,Yes,Yes,Yes,Month-to-month,0,Mailed check,73.35,931.55,0,7.656402127647743,6.560473246406062,6.560473246406062,Q2
0774-RMNUW,Female,0,1,1,71,0,No phone service,DSL,Yes,Yes,No,Yes,Yes,Yes,Two year,0,Bank transfer (automatic),59.7,4122.65,0,17.519931679240415,6.558168192473883,6.558168192473883,Q2
0486-LGCCH,Male,0,1,1,11,1,No,No,No internet service,No internet service,No internet service,No internet service,No internet service,No internet service,Two year,0,Mailed check,19.65,225.75,0,0.38405761955984496,6.556162239348248,6.556162239348248,Q2
3474-BAFSJ,Male,0,1,0,57,0,No phone service,DSL,No,Yes,Yes,Yes,Yes,Yes,Two year,1,Bank transfer (automatic),57.5,3265.95,0,16.90545704327764,6.555264085464948,6.555264085464948,Q2
2274-XUATA,Male,1,1,0,72,0,No phone service,DSL,Yes,Yes,Yes,Yes,Yes,Yes,Two year,1,Bank transfer (automatic),63.1,4685.55,0,21.056186410351803,6.552591697881882,6.552591697881882,Q2
5696-EXCYS,Male,0,0,0,17,1,No,No,No internet service,No internet service,No internet service,No internet service,No internet service,No internet service,Two year,0,Credit card (automatic),19.45,369.05,0,29.87782742888474,6.547502010332164,6.547502010332164,Q2
9945-PSVIP,Female,0,1,1,25,1,No,No,No internet service,No internet service,No internet service,No internet service,No internet service,No internet service,Two year,1,Mailed check,18.7,383.65,0,25.392603614203807,6.545806944046998,6.545806944046998,Q2
8490-BXHEO,Male,1,0,0,18,1,Yes,Fiber optic,No,Yes,No,No,No,No,Month-to-month,1,Credit card (automatic),80.55,1411.65,0,6.127860535683573,6.53692136375585,6.53692136375585,Q2
5183-KLYEM,Female,0,0,0,72,1,Yes,Fiber optic,Yes,Yes,Yes,Yes,Yes,Yes,Two year,1,Credit card (automatic),112.75,8192.6,0,42.72960098940518,6.536149331437308,6.536149331437308,Q2
4480-MBMLB,Female,0,0,0,36,1,Yes,Fiber optic,No,Yes,Yes,No,Yes,Yes,One year,1,Bank transfer (automatic),104.8,3886.45,0,5.16868611501769,6.529570765934681,6.529570765934681,Q2
2972-YDYUW,Female,0,0,0,57,1,Yes,Fiber optic,No,Yes,No,Yes,No,Yes,One year,0,Electronic check,94.7,5468.95,0,2.1976469608855664,6.527991103571382,6.527991103571382,Q2
8752-GHJFU,Male,1,1,0,71,1,Yes,Fiber optic,Yes,Yes,Yes,Yes,No,No,One year,1,Electronic check,92.0,6585.2,0,30.618851279030874,6.527768388492601,6.527768388492601,Q2
5294-IMHHT,Male,0,1,0,53,1,Yes,Fiber optic,No,Yes,No,Yes,No,Yes,One year,0,Bank transfer (automatic),97.75,5043.2,0,25.01485618729641,6.526009272342422,6.526009272342422,Q2
9281-PKKZE,Female,0,1,0,46,0,No phone service,DSL,No,No,No,No,Yes,Yes,Month-to-month,1,Electronic check,43.95,2007.85,0,41.54736339444774,6.520784782556277,6.520784782556277,Q2
3530-VWVGU,Female,0,1,1,22,1,No,No,No internet service,No internet service,No internet service,No internet service,No internet service,No internet service,Month-to-month,0,Mailed check,19.9,400.3,0,0.7548362625237184,6.519110267048134,6.519110267048134,Q2
1221-GHZEP,Female,0,0,0,62,1,No,DSL,Yes,No,No,Yes,No,Yes,Two year,1,Mailed check,65.1,3846.75,0,1.4552019445962585,6.51800941003353,6.51800941003353,Q2
8731-WBBMB,Female,0,1,0,26,1,No,DSL,No,Yes,Yes,Yes,Yes,Yes,Month-to-month,0,Bank transfer (automatic),81.9,2078.55,0,19.910063078057608,6.506887147519389,6.506887147519389,Q2
5095-ETBRJ,Female,0,1,0,55,1,No,DSL,Yes,Yes,No,Yes,No,No,Two year,0,Mailed check,56.8,3112.05,0,66.11026827293654,6.505317298120647,6.505317298120647,Q2
6732-FZUGP,Female,0,0,0,47,1,Yes,Fiber optic,Yes,No,Yes,No,Yes,No,One year,0,Credit card (automatic),94.9,4615.25,0,58.68794031816525,6.502196270029026,6.502196270029026,Q2
5269-NRGDP,Male,0,1,1,42,1,No,DSL,No,No,Yes,Yes,Yes,Yes,One year,0,Electronic check,73.15,3088.25,0,2.0455573111308816,6.493261352907378,6.493261352907378,Q2
4006-HKYHO,Male,0,0,0,63,1,No,DSL,Yes,Yes,Yes,Yes,Yes,Yes,Two year,1,Bank transfer (automatic),86.7,5309.5,0,10.52633511200272,6.484335277618189,6.484335277618189,Q2
2690-DVRVK,Male,0,1,1,5,1,No,No,No internet service,No internet service,No internet service,No internet service,No internet service,No internet service,One year,0,Electronic check,20.55,99.45,0,8.328801863299267,6.479676596085071,6.479676596085071,Q2
4626-OZDTJ,Female,0,1,0,51,1,Yes,DSL,No,Yes,No,Yes,Yes,Yes,One year,1,Credit card (automatic),78.65,3950.85,0,23.95621894735572,6.46749737087123,6.46749737087123,Q2
8812-ZRHFP,Female,0,1,1,30,1,No,Fiber optic,No,No,Yes,No,No,Yes,One year,0,Electronic check,86.45,2538.05,0,29.76895942730165,6.464752630416395,6.464752630416395,Q2
0557-ASKVU,Female,0,1,1,18,1,No,DSL,No,No,Yes,Yes,No,No,One year,1,Credit card (automatic),54.4,957.1,0,56.572506572208084,6.450365535551486,6.450365535551486,Q2
8606-OEGQZ,Female,0,0,1,18,1,Yes,No,No internet service,No internet service,No internet service,No internet service,No internet service,No internet service,Two year,0,Credit card (automatic),25.3,454.65,0,26.305153210602526,6.416541944185465,6.416541944185465,Q2
1548-ARAGG,Female,0,1,1,4,1,Yes,DSL,No,Yes,No,Yes,No,No,Month-to-month,1,Mailed check,58.5,224.85,0,38.24918920959088,6.415910764653514,6.415910764653514,Q2
8573-CGOCC,Male,0,0,0,16,1,No,No,No internet service,No internet service,No internet service,No internet service,No internet service,No internet service,Month-to-month,0,Credit card (automatic),19.75,294.9,0,29.490124191335955,6.41327485185842,6.41327485185842,Q2
8710-YGLWG,Male,0,0,0,1,1,No,DSL,No,No,No,No,No,No,Month-to-month,1,Mailed check,44.9,44.9,0,6.763090224625379,6.408672548184188,6.408672548184188,Q2
9767-FFLEM,Male,0,0,0,38,1,No,Fiber optic,No,No,No,No,No,No,Month-to-month,1,Credit card (automatic),69.5,2625.25,0,21.004320130892005,6.403284372461047,6.403284372461047,Q2
7030-NJVDP,Male,0,1,0,24,1,No,Fiber optic,Yes,No,No,Yes,No,Yes,Month-to-month,1,Electronic check,89.25,2210.2,0,0.5201937541858626,6.403199220645763,6.403199220645763,Q2
0336-KXKFK,Male,0,0,0,72,0,No phone service,DSL,Yes,No,Yes,Yes,Yes,Yes,Two year,1,Credit card (automatic),61.2,4390.25,0,1.8499672540815422,6.386487408934268,6.386487408934268,Q2
0704-VCUMB,Female,0,1,0,61,1,No,No,No internet service,No internet service,No internet service,No internet service,No internet service,No internet service,Two year,0,Credit card (automatic),20.25,1278.8,0,52.967791470681945,6.385972788709745,6.385972788709745,Q2
0562-KBDVM,Female,0,0,0,70,0,No phone service,DSL,Yes,Yes,Yes,Yes,No,No,Two year,1,Bank transfer (automatic),44.6,3058.15,0,3.746362909013859,6.370577122024878,6.370577122024878,Q2
3249-VHRIP,Female,0,0,0,62,0,No phone service,DSL,No,Yes,Yes,No,No,Yes,Two year,1,Credit card (automatic),43.6,2748.7,0,8.10233819487509,6.370456148643995,6.370456148643995,Q2
1852-XEMDW,Male,0,0,0,22,1,Yes,DSL,Yes,Yes,Yes,No,No,No,Month-to-month,0,Mailed check,65.05,1427.55,0,7.018515607035669,6.355339012309239,6.355339012309239,Q2
8706-HRADD,Male,0,0,0,21,0,No phone service,DSL,Yes,No,No,Yes,Yes,No,Month-to-month,1,Mailed check,43.55,1011.5,0,44.98785686258566,6.34017810434957,6.34017810434957,Q2
9873-MNDKV,Female,0,0,0,11,1,No,DSL,No,No,No,No,No,No,Month-to-month,1,Mailed check,44.65,472.25,0,0.7299282654389572,6.339264801394857,6.339264801394857,Q2
3717-OEAUQ,Male,0,0,0,2,1,No,Fiber optic,No,No,No,No,No,No,Month-to-month,0,Mailed check,70.7,129.2,0,40.72704366733903,6.338718237103842,6.338718237103842,Q2
1471-GIQKQ,Female,0,0,0,1,1,No,DSL,No,Yes,No,No,No,No,Month-to-month,0,Electronic check,49.95,49.95,0,14.055342353979642,6.331187710721271,6.331187710721271,Q2
4537-DKTAL,Female,0,0,0,2,1,No,DSL,No,No,No,No,No,No,Month-to-month,0,Electronic check,45.55,84.4,0,31.619429147098966,6.328135836545054,6.328135836545054,Q2
7771-CFQRQ,Female,0,1,1,47,1,No,DSL,No,Yes,No,Yes,No,Yes,Two year,0,Bank transfer (automatic),63.8,3007.25,0,30.72046771363842,6.324564861842316,6.324564861842316,Q2
8008-OTEZX,Female,0,1,1,35,1,No,No,No internet service,No internet service,No internet service,No internet service,No internet service,No internet service,One year,0,Mailed check,19.65,708.8,0,23.232616543832947,6.306284389740761,6.306284389740761,Q2
2284-VFLKH,Male,0,1,0,49,1,No,Fiber optic,No,No,Yes,Yes,Yes,Yes,One year,1,Credit card (automatic),99.25,4920.8,0,3.749050358688074,6.302903405834124,6.302903405834124,Q2
3280-MRDOF,Male,1,0,0,30,1,Yes,DSL,No,No,Yes,Yes,Yes,No,Two year,1,Credit card (automatic),69.1,2093.9,0,0.6972633937530813,6.293150685860953,6.293150685860953,Q2
6867-ACCZI,Female,0,1,1,24,0,No phone service,DSL,Yes,Yes,Yes,Yes,No,Yes,Two year,1,Mailed check,52.5,1208.15,0,28.938257753520357,6.291390368475537,6.291390368475537,Q2
8847-GEOOQ,Male,0,1,0,60,0,No phone service,DSL,No,Yes,Yes,Yes,Yes,Yes,Month-to-month,1,Bank transfer (automatic),60.2,3582.4,0,42.39153417624243,6.286197787486389,6.286197787486389,Q2
8259-DZLIZ,Female,0,1,1,64,1,Yes,DSL,No,Yes,No,No,No,No,One year,1,Bank transfer (automatic),53.85,3399.85,0,0.4793944879204956,6.264167228836219,6.264167228836219,Q2
8118-TJAFG,Male,0,1,1,9,1,No,Fiber optic,No,Yes,No,Yes,Yes,Yes,Month-to-month,1,Electronic check,101.5,906.85,0,1.1680991894915373,6.259043859404652,6.259043859404652,Q2
0825-CPPQH,Female,0,1,0,71,1,No,No,No internet service,No internet service,No internet service,No internet service,No internet service,No internet service,Two year,0,Credit card (automatic),19.1,1372.45,0,48.13656606312945,6.255509777177395,6.255509777177395,Q2
6476-EPYZR,Male,0,1,1,12,1,No,No,No internet service,No internet service,No internet service,No internet service,No internet service,No internet service,Month-to-month,0,Mailed check,20.5,255.5,0,47.15751335978581,6.255173835866613,6.255173835866613,Q2
9576-SYUHJ,Male,0,0,0,37,1,Yes,Fiber optic,Yes,No,No,No,Yes,No,Month-to-month,1,Electronic check,91.15,3369.25,0,22.4488808476733,6.2444043893653784,6.2444043893653784,Q2
5995-SNNEW,Male,1,1,0,23,1,Yes,Fiber optic,No,Yes,Yes,No,Yes,Yes,Month-to-month,1,Electronic check,104.45,2184.85,0,16.59600452713812,6.241694438166536,6.241694438166536,Q2
6568-POCUI,Female,0,1,0,45,1,No,Fiber optic,No,No,No,Yes,Yes,Yes,Two year,1,Credit card (automatic),95.2,4285.8,0,3.1145545114447497,6.221631934004675,6.221631934004675,Q2
3963-RYFNS,Female,0,0,0,72,1,Yes,Fiber optic,Yes,Yes,Yes,Yes,Yes,Yes,Two year,1,Bank transfer (automatic),116.45,8013.55,0,13.49889256249405,6.220088691782858,6.220088691782858,Q2
5583-EJXRD,Male,0,1,1,44,0,No phone service,DSL,Yes,Yes,Yes,Yes,No,Yes,Two year,1,Credit card (automatic),54.05,2375.2,0,76.89526147339663,6.211857690005497,6.211857690005497,Q2
9512-PHSMG,Female,0,1,0,10,1,No,No,No internet service,No internet service,No internet service,No internet service,No internet service,No internet service,Month-to-month,1,Mailed check,20.55,252.75,0,39.46902611526376,6.20951022385687,6.20951022385687,Q2
5150-LJNSR,Male,0,1,1,31,1,Yes,Fiber optic,Yes,No,Yes,No,Yes,No,One year,0,Bank transfer (automatic),98.05,3082.1,0,1.2376604403737235,6.192314888617785,6.192314888617785,Q2
4183-MYFRB,Female,0,0,0,21,1,No,Fiber optic,No,Yes,Yes,No,No,Yes,Month-to-month,1,Electronic check,90.05,1862.9,0,1.1134446919220442,6.180495665662568,6.180495665662568,Q2
4378-BZYFP,Male,0,0,0,17,1,No,No,No internet service,No internet service,No internet service,No internet service,No internet service,No internet service,One year,1,Mailed check,20.5,365.8,0,11.350104800035483,6.177318745714429,6.177318745714429,Q2
4063-EIKNQ,Male,0,1,1,11,1,No,No,No internet service,No internet service,No internet service,No internet service,No internet service,No internet service,Month-to-month,0,Bank transfer (automatic),20.95,267.35,0,12.348531805478302,6.169568421755105,6.169568421755105,Q2
0921-OHLVP,Male,0,0,0,22,1,Yes,Fiber optic,No,No,No,No,No,Yes,Month-to-month,0,Electronic check,83.05,1799.3,0,3.376637530051392,6.166666314767825,6.166666314767825,Q2
8966-SNIZF,Female,0,1,0,70,1,No,No,No internet service,No internet service,No internet service,No internet service,No internet service,No internet service,Two year,0,Bank transfer (automatic),19.45,1303.5,0,36.785025355227944,6.155351118120903,6.155351118120903,Q2
8200-LGKSR,Male,0,1,0,71,1,Yes,DSL,Yes,No,Yes,Yes,Yes,Yes,Two year,0,Electronic check,83.2,6126.1,0,3.455324958423494,6.1338221647363245,6.1338221647363245,Q2
2302-OUZXB,Male,0,1,0,72,1,Yes,DSL,No,Yes,Yes,No,Yes,Yes,Two year,0,Bank transfer (automatic),82.15,5784.3,0,54.62668677816346,6.127860535683573,6.127860535683573,Q2
0971-QIFJK,Female,0,1,0,69,1,Yes,No,No internet service,No internet service,No internet service,No internet service,No internet service,No internet service,Two year,0,Bank transfer (automatic),24.25,1641.8,0,5.930583584058604,6.120396861081249,6.120396861081249,Q2
9782-LGXMC,Female,0,1,1,49,1,No,DSL,Yes,No,Yes,Yes,No,No,Month-to-month,0,Bank transfer (automatic),61.75,3024.15,0,8.37052043513085,6.105111085670613,6.105111085670613,Q2
7011-CVEUC,Male,0,1,0,25,1,No,Fiber optic,No,No,No,Yes,Yes,Yes,Month-to-month,1,Credit card (automatic),95.7,2338.35,0,6.255173835866613,6.104423401297352,6.104423401297352,Q2
5848-FHRFC,Female,0,0,0,68,1,No,No,No internet service,No internet service,No internet service,No internet service,No internet service,No internet service,Two year,0,Bank transfer (automatic),20.05,1386.9,0,5.88801370795487,6.092805931382049,6.092805931382049,Q2
5285-MVEHD,Female,0,1,0,56,1,No,Fiber optic,Yes,Yes,Yes,No,Yes,Yes,One year,1,Credit card (automatic),105.6,6068.65,0,22.76886160794811,6.087893546904857,6.087893546904857,Q2
3675-EQOZA,Male,0,0,0,5,1,No,No,No internet service,No internet service,No internet service,No internet service,No internet service,No internet service,Month-to-month,0,Bank transfer (automatic),20.65,93.55,0,9.63961963182198,6.077545229274939,6.077545229274939,Q2
2303-PJYHN,Female,0,1,0,2,1,No,No,No internet service,No internet service,No internet service,No internet service,No internet service,No internet service,Month-to-month,0,Bank transfer (automatic),19.85,52.0,0,6.555264085464948,6.077278734762524,6.077278734762524,Q2
6710-HSJRD,Male,0,1,0,61,1,Yes,Fiber optic,No,Yes,Yes,Yes,Yes,Yes,Month-to-month,1,Electronic check,114.1,7132.15,0,37.55849213231161,6.068705723458797,6.068705723458797,Q2
0931-MHTEM,Female,0,0,0,54,1,No,Fiber optic,Yes,Yes,No,No,Yes,Yes,One year,1,Credit card (automatic),100.05,5299.65,0,0.41943000740292735,6.064890709653821,6.064890709653821,Q2
9426-SXNHE,Female,0,0,0,2,1,No,No,No internet service,No internet service,No internet service,No internet service,No internet service,No internet service,Month-to-month,0,Bank transfer (automatic),18.75,53.15,0,9.527930111551782,6.052850865475561,6.052850865475561,Q2
4234-XTNEA,Male,0,0,0,2,1,No,Fiber optic,No,No,No,No,Yes,No,Month-to-month,1,Electronic check,79.95,174.45,0,44.507982691722944,6.044587155499668,6.044587155499668,Q2
4018-KJYUY,Male,0,0,1,22,1,No,No,No internet service,No internet service,No internet service,No internet service,No internet service,No internet service,Month-to-month,0,Credit card (automatic),20.15,432.5,0,6.757369288384749,6.031138506455851,6.031138506455851,Q2
8174-TBVCF,Female,0,1,0,70,1,Yes,DSL,Yes,Yes,Yes,Yes,Yes,Yes,Two year,1,Credit card (automatic),94.8,6859.05,0,58.19487861854293,6.018907364911084,6.018907364911084,Q2
0956-SYCWG,Female,0,0,0,13,1,No,No,No internet service,No internet service,No internet service,No internet service,No internet service,No internet service,One year,0,Electronic check,19.65,244.8,0,1.869993612350206,6.018728682674577,6.018728682674577,Q2
0526-SXDJP,Male,0,1,0,72,0,No phone service,DSL,Yes,Yes,Yes,No,No,No,Two year,0,Bank transfer (automatic),42.1,2962.0,0,7.842078667600513,6.009049954118578,6.009049954118578,Q2
6630-UJZMY,Female,1,1,0,4,1,Yes,Fiber optic,No,No,No,No,Yes,No,Month-to-month,1,Electronic check,83.25,308.05,0,20.76044072697511,6.001488880420784,6.001488880420784,Q2
8645-KOMJQ,Male,0,1,1,69,1,Yes,DSL,No,Yes,Yes,Yes,Yes,Yes,Two year,1,Bank transfer (automatic),81.95,5601.4,0,11.92690310789867,5.998158257652814,5.998158257652814,Q2
3312-ZWLGF,Male,1,1,0,29,1,Yes,Fiber optic,No,No,No,Yes,No,No,Month-to-month,1,Electronic check,79.3,2414.55,0,0.7500774225689508,5.992288056535875,5.992288056535875,Q2
7855-DIWPO,Female,0,0,0,21,1,No,Fiber optic,No,No,No,No,No,No,Month-to-month,1,Electronic check,68.65,1493.2,0,15.108395065736408,5.984729477293639,5.984729477293639,Q2
6647-ZEDXT,Female,0,0,0,30,1,Yes,Fiber optic,No,Yes,Yes,Yes,Yes,Yes,One year,0,Credit card (automatic),110.45,3327.05,0,0.5957125067024943,5.9709834150994645,5.9709834150994645,Q2
3482-ABPKK,Female,0,0,0,28,1,No,DSL,Yes,No,No,Yes,No,No,One year,0,Mailed check,54.3,1546.3,0,1.1594602880201315,5.966487938850203,5.966487938850203,Q2
8216-AZUUZ,Female,0,1,1,42,1,No,Fiber optic,No,No,Yes,Yes,Yes,Yes,Two year,1,Electronic check,100.4,4303.65,0,2.762530440276953,5.9631198146352355,5.9631198146352355,Q2
7030-FZTFM,Male,0,1,1,72,1,Yes,Fiber optic,No,Yes,Yes,Yes,Yes,Yes,Two year,0,Credit card (automatic),110.9,7922.75,0,0.4778459483159789,5.961888923057945,5.961888923057945,Q2
2587-EKXTS,Male,0,0,0,44,1,Yes,Fiber optic,Yes,Yes,Yes,No,Yes,Yes,Month-to-month,1,Electronic check,111.5,4915.15,0,0.3646455170096925,5.953992772012686,5.953992772012686,Q2
3951-NJCVI,Female,1,1,0,42,1,Yes,Fiber optic,No,No,No,No,Yes,Yes,Month-to-month,1,Electronic check,95.05,3944.5,0,14.685775235244519,5.9430189350408416,5.9430189350408416,Q2
4671-VJLCL,Female,0,0,0,63,1,Yes,DSL,Yes,Yes,Yes,Yes,Yes,No,Two year,1,Credit card (automatic),79.85,4861.45,0,10.20117040898989,5.942315567630322,5.942315567630322,Q2
3352-RICWQ,Female,0,1,1,9,1,No,No,No internet service,No internet service,No internet service,No internet service,No internet service,No internet service,Two year,0,Mailed check,19.75,210.65,0,0.6532828838578001,5.938441106351148,5.938441106351148,Q2
1728-CXQBE,Male,1,1,0,64,1,Yes,Fiber optic,No,Yes,Yes,No,No,Yes,Month-to-month,1,Electronic check,94.25,6081.4,0,0.4532200996714501,5.930583584058604,5.930583584058604,Q2
4013-GUXND,Male,0,0,0,1,1,No,No,No internet service,No internet service,No internet service,No internet service,No internet service,No internet service,Month-to-month,0,Mailed check,20.8,20.8,0,2.84837824146111,5.930535245131783,5.930535245131783,Q2
5213-TWWJU,Male,0,0,0,28,1,No,Fiber optic,No,No,Yes,Yes,No,Yes,Month-to-month,0,Electronic check,91.0,2626.15,0,43.3757079538728,5.9241098164684525,5.9241098164684525,Q2
9208-OLGAQ,Female,1,0,0,18,1,No,Fiber optic,No,No,Yes,No,No,Yes,Month-to-month,1,Electronic check,84.95,1443.65,0,8.862234522478488,5.92305550045882,5.92305550045882,Q2
1020-JPQOW,Female,0,1,0,56,1,Yes,Fiber optic,No,Yes,Yes,Yes,No,No,Month-to-month,0,Electronic check,90.55,5116.6,0,0.8815329209597258,5.922758053342272,5.922758053342272,Q2
6797-UCJHZ,Female,1,1,0,66,1,Yes,Fiber optic,No,Yes,Yes,No,Yes,Yes,One year,0,Credit card (automatic),104.6,6819.45,0,40.07220850243994,5.9219243019787555,5.9219243019787555,Q2
8042-RNLKO,Male,0,0,0,66,1,Yes,No,No internet service,No internet service,No internet service,No internet service,No internet service,No internet service,One year,0,Bank transfer (automatic),25.45,1699.15,0,45.393141350527685,5.915544862234118,5.915544862234118,Q2
1478-VPOAD,Female,0,0,0,1,1,No,DSL,No,No,No,No,No,No,Month-to-month,0,Electronic check,43.8,43.8,0,1.527516645097105,5.913253250627815,5.913253250627815,Q2
9534-NSXEM,Male,0,0,0,26,1,No,No,No internet service,No internet service,No internet service,No internet service,No internet service,No internet service,One year,1,Credit card (automatic),20.65,595.5,0,34.21990856878626,5.900597138850876,5.900597138850876,Q2
2279-AXJJK,Male,0,1,0,52,1,Yes,Fiber optic,No,Yes,No,Yes,No,Yes,Month-to-month,1,Credit card (automatic),95.65,5088.4,0,0.3716912029602322,5.88801370795487,5.88801370795487,Q2
3696-XRIEN,Female,0,0,0,50,1,Yes,DSL,Yes,No,Yes,Yes,Yes,Yes,One year,1,Credit card (automatic),82.5,4179.1,0,10.819800451337635,5.8875240124823005,5.8875240124823005,Q2
7305-ZWMAJ,Male,0,1,0,30,1,No,No,No internet service,No internet service,No internet service,No internet service,No internet service,No internet service,One year,0,Credit card (automatic),20.7,587.1,0,8.126592967899224,5.8724782965156725,5.8724782965156725,Q2
6008-NAIXK,Male,1,0,0,54,0,No phone service,DSL,No,Yes,Yes,No,Yes,Yes,One year,1,Electronic check,55.45,2966.95,0,15.065312673605952,5.871715650576827,5.871715650576827,Q2
1104-TNLZA,Male,1,1,0,28,1,Yes,Fiber optic,No,Yes,No,Yes,Yes,Yes,Month-to-month,1,Electronic check,105.8,2998.0,0,63.665766518325185,5.869785533046965,5.869785533046965,Q2
8659-HDIYE,Female,1,0,0,64,1,Yes,DSL,No,Yes,Yes,Yes,No,Yes,Month-to-month,0,Credit card (automatic),74.65,4869.35,0,4.435116240463362,5.8664551893192804,5.8664551893192804,Q2
3099-OONVS,Male,0,1,1,25,1,No,DSL,Yes,No,No,Yes,No,No,Month-to-month,0,Electronic check,54.3,1296.8,0,5.942315567630322,5.845215651444889,5.845215651444889,Q2
4176-FXYBO,Male,0,1,0,54,1,Yes,Fiber optic,Yes,Yes,Yes,No,Yes,Yes,Month-to-month,0,Electronic check,109.55,6118.95,0,0.44772682521481977,5.84243278260069,5.84243278260069,Q2
3452-FLHYD,Male,0,1,0,25,1,No,No,No internet service,No internet service,No internet service,No internet service,No internet service,No internet service,One year,1,Bank transfer (automatic),20.95,495.15,0,47.85798717983462,5.838678438636195,5.838678438636195,Q2
7009-PCARS,Male,0,0,1,55,1,No,No,No internet service,No internet service,No internet service,No internet service,No internet service,No internet service,One year,0,Bank transfer (automatic),19.1,1001.5,0,37.90301117652288,5.825326332122771,5.825326332122771,Q2
7319-ZNRTR,Male,0,1,1,25,1,No,No,No internet service,No internet service,No internet service,No internet service,No internet service,No internet service,One year,0,Electronic check,19.6,411.15,0,33.26592498011828,5.8176618934728825,5.8176618934728825,Q2
7346-MEDWM,Female,0,0,0,59,1,Yes,Fiber optic,No,Yes,Yes,No,No,No,Month-to-month,1,Electronic check,83.25,4949.1,0,4.2312525773705145,5.814972018362872,5.814972018362872,Q2
5846-NEQVZ,Male,0,1,1,71,1,No,DSL,Yes,No,Yes,Yes,No,Yes,Two year,1,Credit card (automatic),70.85,4973.4,0,5.2038766139525015,5.813020271885088,5.813020271885088,Q2
9571-EDEBV,Male,0,1,0,71,1,Yes,Fiber optic,No,No,Yes,No,Yes,Yes,One year,1,Credit card (automatic),98.65,6962.85,0,20.7691556253459,5.80601547942575,5.80601547942575,Q2
4686-UXDML,Female,0,0,0,21,1,Yes,Fiber optic,No,Yes,No,No,Yes,Yes,Month-to-month,1,Credit card (automatic),99.85,1992.55,0,10.551899025144499,5.805666689660303,5.805666689660303,Q2
1131-SUEKT,Male,0,1,1,61,1,No,Fiber optic,No,Yes,No,Yes,Yes,Yes,One year,1,Bank transfer (automatic),98.45,6145.2,0,4.762518764272141,5.797598748987374,5.797598748987374,Q2
3134-DSHVC,Female,0,0,0,63,1,Yes,Fiber optic,Yes,Yes,Yes,No,Yes,No,Two year,0,Credit card (automatic),98.0,6218.45,0,25.493304789838035,5.794101934408123,5.794101934408123,Q2
5553-AOINX,Female,1,1,1,66,1,Yes,Fiber optic,No,Yes,Yes,No,Yes,Yes,One year,1,Electronic check,104.9,6891.45,0,2.1619087691604006,5.782834180322204,5.782834180322204,Q2
4513-CXYIX,Female,1,1,0,71,1,Yes,Fiber optic,Yes,No,No,No,No,No,Two year,1,Credit card (automatic),80.7,5676.0,0,36.90206041465501,5.7815562068733355,5.7815562068733355,Q2
5574-NXZIU,Male,0,0,0,63,1,No,Fiber optic,Yes,Yes,Yes,Yes,Yes,Yes,Two year,0,Credit card (automatic),109.2,7049.75,0,18.799831130208393,5.77888602486626,5.77888602486626,Q2
6047-SUHPR,Male,0,1,1,39,1,No,DSL,Yes,Yes,Yes,No,No,No,One year,0,Electronic check,59.8,2343.85,0,29.60969903926152,5.778804790029849,5.778804790029849,Q2
7570-WELNY,Female,0,1,0,68,1,Yes,Fiber optic,Yes,Yes,No,No,No,No,Two year,1,Bank transfer (automatic),84.7,5711.05,0,9.479841021923244,5.760740615300724,5.760740615300724,Q2
7554-AKDQF,Female,0,1,0,6,1,No,DSL,No,No,No,No,No,No,Month-to-month,0,Mailed check,45.65,323.45,0,29.19820706129243,5.75379987521085,5.75379987521085,Q2
9917-KWRBE,Female,0,1,1,41,1,Yes,DSL,Yes,Yes,Yes,No,Yes,No,One year,1,Credit card (automatic),78.35,3211.2,0,13.071431669517603,5.742644624813717,5.742644624813717,Q2
1698-XFZCI,Male,0,0,0,61,1,Yes,Fiber optic,Yes,Yes,Yes,No,Yes,Yes,One year,1,Electronic check,107.75,6521.9,0,40.83487518116014,5.736325984518616,5.736325984518616,Q2
6124-ACRHJ,Female,0,0,0,1,1,No,No,No internet service,No internet service,No internet service,No internet service,No internet service,No internet service,Month-to-month,0,Mailed check,19.75,19.75,0,63.66619578651932,5.7349435864315526,5.7349435864315526,Q2
6754-WKSHP,Male,0,0,1,30,1,Yes,No,No internet service,No internet service,No internet service,No internet service,No internet service,No internet service,One year,0,Bank transfer (automatic),25.35,723.3,0,56.21546798803444,5.729429994090478,5.729429994090478,Q2
1465-WCZVT,Female,0,1,1,3,1,No,No,No internet service,No internet service,No internet service,No internet service,No internet service,No internet service,Month-to-month,0,Mailed check,19.65,60.65,0,1.6261396877716778,5.708028344391327,5.708028344391327,Q2
2475-MROZF,Male,0,0,0,30,1,Yes,Fiber optic,Yes,Yes,Yes,Yes,No,No,Month-to-month,1,Credit card (automatic),95.0,2852.4,0,4.432526139027797,5.702878514960256,5.702878514960256,Q2
2243-FNMMI,Male,0,0,0,20,1,No,No,No internet service,No internet service,No internet service,No internet service,No internet service,No internet service,Month-to-month,0,Mailed check,19.4,415.4,0,3.7948679293456786,5.696747635016989,5.696747635016989,Q2
5647-URDKA,Male,0,1,1,8,1,No,No,No internet service,No internet service,No internet service,No internet service,No internet service,No internet service,Two year,0,Mailed check,19.7,130.25,0,44.71508371611417,5.695898907357152,5.695898907357152,Q2
5716-LIBJC,Female,0,0,1,13,1,Yes,Fiber optic,No,Yes,Yes,No,Yes,Yes,One year,1,Credit card (automatic),104.15,1299.1,0,38.08016085587473,5.69217044214442,5.69217044214442,Q2
2434-EEVDB,Female,0,1,0,64,1,Yes,Fiber optic,Yes,No,Yes,No,Yes,No,Two year,1,Credit card (automatic),94.6,5948.7,0,3.578101833033994,5.680936519969861,5.680936519969861,Q2
1658-XUHBX,Female,1,1,1,59,1,Yes,Fiber optic,No,No,Yes,No,No,Yes,Month-to-month,1,Credit card (automatic),88.75,5348.65,0,6.625587561191229,5.660809207878094,5.660809207878094,Q2
0208-BPQEJ,Female,0,1,1,12,1,No,No,No internet service,No internet service,No internet service,No internet service,No internet service,No internet service,Month-to-month,0,Bank transfer (automatic),19.4,198.1,0,6.077545229274939,5.6517809611774235,5.6517809611774235,Q2
6872-HXFNF,Female,0,1,0,64,1,Yes,DSL,No,No,Yes,Yes,No,No,One year,0,Bank transfer (automatic),58.35,3756.45,0,46.20319030149663,5.6514657469597145,5.6514657469597145,Q2
5196-WPYOW,Male,0,1,1,67,1,No,DSL,Yes,Yes,No,Yes,No,No,One year,0,Mailed check,60.05,3994.05,0,22.029532480440345,5.646692704918355,5.646692704918355,Q2
6870-ZWMNX,Male,0,1,0,70,1,Yes,DSL,No,Yes,Yes,Yes,Yes,No,Two year,0,Credit card (automatic),76.1,5264.25,0,14.96664505489619,5.645912147347017,5.645912147347017,Q2
4937-QPZPO,Male,0,1,1,61,1,Yes,Fiber optic,No,No,Yes,No,Yes,Yes,One year,1,Electronic check,99.9,6241.35,0,21.23300084479938,5.644335128281021,5.644335128281021,Q2
0895-LNKRC,Male,0,1,1,6,1,No,No,No internet service,No internet service,No internet service,No internet service,No internet service,No internet service,One year,0,Mailed check,19.45,113.5,0,7.5121071017676355,5.643929581403225,5.643929581403225,Q2
9351-LZYGF,Female,0,1,0,42,1,Yes,DSL,Yes,Yes,No,Yes,No,No,Month-to-month,1,Credit card (automatic),66.4,2727.8,0,4.522887789234219,5.63253001753833,5.63253001753833,Q2
8805-JNRAZ,Female,0,0,0,2,1,No,DSL,No,Yes,No,No,No,No,Month-to-month,0,Mailed check,49.2,103.7,0,6.527768388492601,5.628808032702977,5.628808032702977,Q2
7663-YJHSN,Female,0,1,0,72,1,Yes,Fiber optic,Yes,Yes,Yes,Yes,Yes,No,Two year,1,Bank transfer (automatic),103.95,7556.9,0,28.627496992909542,5.621778319239142,5.621778319239142,Q2
6898-MDLZW,Male,0,0,0,12,1,No,DSL,No,Yes,No,Yes,No,No,Month-to-month,1,Mailed check,53.75,648.65,0,21.938744635027106,5.614292007651859,5.614292007651859,Q2
9830-ECLEN,Male,0,1,1,58,0,No phone service,DSL,Yes,Yes,Yes,No,Yes,No,One year,0,Mailed check,50.0,2919.85,0,16.62747300995187,5.61379243635034,5.61379243635034,Q2
4342-HFXWS,Female,0,1,1,48,1,No,DSL,Yes,No,Yes,Yes,Yes,No,One year,0,Bank transfer (automatic),69.7,3023.65,0,0.5511747004170747,5.61225465808445,5.61225465808445,Q2
7954-MLBUN,Male,0,0,0,31,1,No,Fiber optic,No,No,Yes,Yes,Yes,Yes,Two year,0,Bank transfer (automatic),99.45,3109.9,0,55.467887668223234,5.605423789204135,5.605423789204135,Q2
7054-DMVAS,Male,0,0,0,54,1,No,DSL,Yes,Yes,No,No,Yes,No,Two year,1,Bank transfer (automatic),65.3,3512.9,0,4.718431483557481,5.599880468576872,5.599880468576872,Q2
9746-YKGXB,Male,0,1,1,52,0,No phone service,DSL,Yes,No,Yes,No,No,Yes,One year,0,Bank transfer (automatic),44.25,2276.1,0,2.103066030073624,5.599618000430419,5.599618000430419,Q2
4749-OJKQU,Female,0,0,0,4,1,Yes,Fiber optic,No,No,No,No,No,No,Month-to-month,1,Electronic check,75.65,302.35,0,2.5435556042921617,5.595044650901186,5.595044650901186,Q2
4115-BNPJY,Male,0,1,1,29,1,No,DSL,No,No,Yes,Yes,Yes,Yes,Two year,0,Mailed check,75.55,2054.4,0,1.0446122456871372,5.589563001216904,5.589563001216904,Q2
3758-CKOQL,Female,0,1,0,59,1,Yes,Fiber optic,Yes,Yes,Yes,Yes,No,Yes,One year,1,Credit card (automatic),107.0,6152.3,0,4.7645943321098105,5.588833186878217,5.588833186878217,Q2
3736-BLEPA,Male,0,0,0,28,1,No,Fiber optic,No,Yes,No,Yes,Yes,No,One year,1,Bank transfer (automatic),91.25,2483.65,0,30.35184919699641,5.578786449787721,5.578786449787721,Q2
6253-GNHWH,Female,0,1,1,71,1,Yes,DSL,Yes,Yes,Yes,Yes,No,No,Two year,0,Mailed check,71.1,5224.95,0,10.068689940072058,5.576701938883565,5.576701938883565,Q2
8173-RXAYP,Female,0,1,1,24,1,No,No,No internet service,No internet service,No internet service,No internet service,No internet service,No internet service,Two year,0,Mailed check,19.7,452.55,0,9.666115089163531,5.5757309830006285,5.5757309830006285,Q2
8217-QYOHV,Male,0,0,0,5,1,No,DSL,Yes,No,No,Yes,No,No,Month-to-month,1,Mailed check,55.75,266.95,0,12.376589644787984,5.572488212221075,5.572488212221075,Q2
0301-KOBTQ,Male,0,0,0,32,1,No,No,No internet service,No internet service,No internet service,No internet service,No internet service,No internet service,Two year,1,Bank transfer (automatic),20.05,614.45,0,13.96172977118584,5.5717851770530755,5.5717851770530755,Q2
7649-PHJVR,Male,0,0,0,11,1,No,No,No internet service,No internet service,No internet service,No internet service,No internet service,No internet service,One year,0,Mailed check,19.5,226.8,0,9.810642330413213,5.565055028008022,5.565055028008022,Q2
5593-SUAOO,Female,0,1,1,24,1,Yes,Fiber optic,No,Yes,Yes,No,No,No,One year,0,Bank transfer (automatic),83.15,2033.05,0,0.6989149579096448,5.56410470915244,5.56410470915244,Q2
9762-YAQAA,Male,0,0,0,39,1,Yes,Fiber optic,No,Yes,No,No,No,No,One year,0,Credit card (automatic),81.4,3213.75,0,2.1745696889742794,5.561496249278118,5.561496249278118,Q2
3675-YDUPJ,Male,0,0,0,10,1,No,No,No internet service,No internet service,No internet service,No internet service,No internet service,No internet service,Month-to-month,1,Mailed check,19.85,193.05,0,1.347581239361865,5.5603350695303675,5.5603350695303675,Q2
7994-XIRTR,Male,1,0,0,54,1,No,DSL,No,No,Yes,Yes,No,Yes,One year,0,Bank transfer (automatic),65.25,3529.95,0,31.61575675061111,5.560120155388949,5.560120155388949,Q2
4452-ROHMO,Female,0,0,0,15,1,No,No,No internet service,No internet service,No internet service,No internet service,No internet service,No internet service,Two year,0,Mailed check,19.6,331.6,0,3.143305205352194,5.554937837834174,5.554937837834174,Q2
9153-BTBVV,Female,0,1,0,71,1,Yes,No,No internet service,No internet service,No internet service,No internet service,No internet service,No internet service,Two year,0,Bank transfer (automatic),25.0,1753.0,0,5.002391377628988,5.552269939091339,5.552269939091339,Q2
1307-TVUFB,Male,1,0,0,42,1,Yes,Fiber optic,No,Yes,No,No,No,No,Month-to-month,1,Bank transfer (automatic),79.35,3344.1,0,66.55975786120946,5.551030442749361,5.551030442749361,Q2
9603-OAIHC,Male,1,0,0,1,1,No,Fiber optic,No,No,No,No,No,No,Month-to-month,1,Electronic check,70.05,70.05,0,22.180859827244063,5.548563906499671,5.548563906499671,Q2
6698-OXETB,Male,0,0,0,11,1,No,No,No internet service,No internet service,No internet service,No internet service,No internet service,No internet service,Two year,0,Mailed check,20.4,231.45,0,5.696747635016989,5.545795406924534,5.545795406924534,Q2
9972-VAFJJ,Female,1,1,0,53,1,No,Fiber optic,No,Yes,Yes,Yes,Yes,No,One year,1,Electronic check,94.0,4871.45,0,7.206932784925903,5.539176283617101,5.539176283617101,Q2
9838-BFCQT,Male,0,1,1,72,1,Yes,No,No internet service,No internet service,No internet service,No internet service,No internet service,No internet service,Two year,0,Mailed check,26.1,1851.45,0,15.701288975494784,5.535641103030148,5.535641103030148,Q2
7608-RGIRO,Male,0,0,1,62,1,Yes,No,No internet service,No internet service,No internet service,No internet service,No internet service,No internet service,Two year,1,Mailed check,24.4,1413.0,0,31.245158724717463,5.5204203070247,5.5204203070247,Q2
7251-LJBQN,Female,1,0,0,40,1,Yes,Fiber optic,No,No,Yes,Yes,Yes,Yes,One year,1,Credit card (automatic),103.75,4188.4,0,3.0936325180803115,5.5138509570726235,5.5138509570726235,Q2
7103-ZGVNT,Female,0,1,1,69,1,Yes,DSL,Yes,Yes,No,Yes,Yes,No,One year,0,Credit card (automatic),73.7,4885.85,0,3.4541770185902494,5.509772116700591,5.509772116700591,Q2
7337-CINUD,Female,0,1,1,8,1,No,No,No internet service,No internet service,No internet service,No internet service,No internet service,No internet service,Two year,0,Bank transfer (automatic),19.5,159.35,0,17.00233851711267,5.506505924661669,5.506505924661669,Q2
4625-LAMOB,Male,0,0,0,44,1,No,No,No internet service,No internet service,No internet service,No internet service,No internet service,No internet service,Two year,0,Credit card (automatic),20.4,905.55,0,26.703395537016274,5.505649887616361,5.505649887616361,Q2
7432-FFVAR,Female,0,1,1,46,1,No,Fiber optic,No,No,Yes,Yes,No,Yes,One year,0,Bank transfer (automatic),90.95,4236.6,0,21.914080675183367,5.504422218496654,5.504422218496654,Q2
3948-KXDUF,Male,0,0,0,66,1,Yes,DSL,Yes,Yes,Yes,Yes,No,No,Two year,0,Bank transfer (automatic),68.75,4447.55,0,7.283762259085296,5.469171992224386,5.469171992224386,Q2
6339-YPSAH,Male,0,0,0,9,1,No,Fiber optic,No,No,Yes,No,No,No,Month-to-month,1,Electronic check,73.8,704.3,0,11.431534110619465,5.464397073948785,5.464397073948785,Q2
0655-YDGFJ,Male,0,0,0,29,1,No,DSL,No,No,Yes,No,No,No,Month-to-month,0,Bank transfer (automatic),48.95,1323.7,0,7.936572863697765,5.45096094002183,5.45096094002183,Q2
0585-EGDDA,Male,0,1,0,40,1,No,Fiber optic,No,Yes,Yes,No,No,No,Month-to-month,1,Electronic check,80.0,3168.75,0,1.0491032309223198,5.447985427268061,5.447985427268061,Q2
7621-VPNET,Female,0,1,0,42,1,Yes,Fiber optic,No,No,Yes,Yes,No,No,Month-to-month,1,Credit card (automatic),85.9,3729.75,0,48.345053209720504,5.444751463065737,5.444751463065737,Q2
6569-KTMDU,Female,0,0,0,1,1,No,No,No internet service,No internet service,No internet service,No internet service,No internet service,No internet service,Month-to-month,0,Mailed check,19.1,19.1,0,67.50997133010449,5.441565839858415,5.441565839858415,Q2
1628-BIZYP,Male,0,0,0,1,1,No,Fiber optic,No,Yes,No,No,No,Yes,Month-to-month,1,Electronic check,85.0,85.0,0,2.237484978284728,5.441289542438434,5.441289542438434,Q2
4458-KVRBJ,Male,0,0,0,59,1,Yes,No,No internet service,No internet service,No internet service,No internet service,No internet service,No internet service,Two year,0,Mailed check,25.0,1510.5,0,2.714880004247334,5.428147353892456,5.428147353892456,Q2
3726-TBHQT,Male,0,1,1,71,1,Yes,Fiber optic,Yes,Yes,Yes,Yes,Yes,Yes,Two year,1,Bank transfer (automatic),114.0,8175.9,0,10.402607570590757,5.426739382986199,5.426739382986199,Q2
8562-GHPPI,Female,0,0,0,1,1,No,No,No internet service,No internet service,No internet service,No internet service,No internet service,No internet service,Month-to-month,0,Credit card (automatic),19.8,19.8,0,8.573351985499425,5.42657324632876,5.42657324632876,Q2
9931-DCEZH,Male,0,0,1,28,1,No,DSL,No,Yes,No,Yes,No,No,One year,1,Credit card (automatic),54.4,1516.6,0,1.2139335634337538,5.424714410898738,5.424714410898738,Q2
9867-XOBQA,Female,0,0,1,21,0,No phone service,DSL,Yes,Yes,Yes,Yes,Yes,No,Two year,0,Mailed check,53.15,1183.2,0,0.24290734386483886,5.415969725932981,5.415969725932981,Q2
8623-ULFNQ,Female,1,0,0,26,1,Yes,DSL,No,No,No,Yes,No,Yes,Month-to-month,1,Electronic check,66.05,1652.4,0,37.74470581136789,5.414144466495586,5.414144466495586,Q2
0973-KYVNF,Female,0,1,1,72,1,No,DSL,Yes,Yes,Yes,No,Yes,No,Two year,1,Credit card (automatic),70.65,5011.15,0,13.993234144763283,5.401601694812206,5.401601694812206,Q2
1685-BQULA,Female,0,0,0,40,1,Yes,Fiber optic,No,Yes,Yes,No,Yes,No,Month-to-month,1,Bank transfer (automatic),93.4,3756.4,0,23.13900487585108,5.396955693262897,5.396955693262897,Q2
6425-JWTDV,Male,0,1,0,48,1,No,No,No internet service,No internet service,No internet service,No internet service,No internet service,No internet service,Two year,0,Mailed check,19.25,855.1,0,51.128753131863355,5.396565756740333,5.396565756740333,Q2
9415-TPKRV,Female,0,1,1,8,1,Yes,DSL,No,Yes,No,No,No,No,Month-to-month,0,Electronic check,55.75,446.8,0,2.2925863061657012,5.3919389031757445,5.3919389031757445,Q2
3898-GUYTS,Female,1,0,0,45,1,Yes,Fiber optic,Yes,Yes,No,Yes,Yes,No,Month-to-month,1,Electronic check,97.05,4385.05,0,12.263617300709013,5.360940967682271,5.360940967682271,Q2
7698-YFGEZ,Male,0,0,0,1,1,No,No,No internet service,No internet service,No internet service,No internet service,No internet service,No internet service,Month-to-month,0,Mailed check,20.0,20.0,0,28.993589107700206,5.353611331719198,5.353611331719198,Q2
5206-XZZQI,Male,0,0,0,53,1,No,Fiber optic,No,Yes,No,Yes,No,No,Month-to-month,1,Mailed check,80.6,4348.1,0,1.3066628376031726,5.3509092309330955,5.3509092309330955,Q2
2985-FMWYF,Female,0,0,0,23,1,Yes,Fiber optic,No,No,No,No,Yes,Yes,Month-to-month,1,Electronic check,93.5,2341.55,0,20.702543089612906,5.350191077806192,5.350191077806192,Q2
2739-CCZMB,Male,0,0,1,5,1,No,No,No internet service,No internet service,No internet service,No internet service,No internet service,No internet service,Month-to-month,0,Credit card (automatic),20.35,122.0,0,10.69559183685795,5.341785438243898,5.341785438243898,Q2
4908-XAXAY,Female,1,0,0,49,1,No,Fiber optic,No,Yes,Yes,No,No,Yes,One year,1,Bank transfer (automatic),89.85,4287.2,0,13.409524501890663,5.319583279760563,5.319583279760563,Q2
2927-QRRQV,Male,0,1,0,46,1,Yes,Fiber optic,No,Yes,Yes,No,Yes,No,One year,1,Electronic check,94.65,4312.5,0,0.7311841136109071,5.317224910607153,5.317224910607153,Q2
0567-XRHCU,Female,0,1,1,69,0,No phone service,DSL,Yes,No,Yes,No,No,Yes,Two year,1,Credit card (automatic),43.95,2960.1,0,0.672717778315923,5.314119012782313,5.314119012782313,Q2
4403-BWPAY,Male,0,0,0,14,1,Yes,No,No internet service,No internet service,No internet service,No internet service,No internet service,No internet service,One year,1,Credit card (automatic),24.8,321.7,0,13.235079782664345,5.313544583514154,5.313544583514154,Q2
0620-DLSLK,Female,0,0,0,13,1,No,Fiber optic,No,No,No,No,Yes,No,Month-to-month,1,Mailed check,81.9,1028.9,0,26.66415355006072,5.301147173807348,5.301147173807348,Q2
6656-GULJQ,Male,0,1,1,72,1,Yes,DSL,Yes,No,Yes,Yes,Yes,Yes,Two year,1,Credit card (automatic),83.55,6093.3,0,37.50881769681612,5.297306601614295,5.297306601614295,Q2
2946-KIQSP,Female,0,0,0,35,0,No phone service,DSL,No,No,Yes,Yes,No,No,Month-to-month,1,Mailed check,33.45,1175.85,0,21.531282135603362,5.2868862566205,5.2868862566205,Q2
7055-HNEOJ,Male,0,1,0,3,1,No,DSL,No,No,Yes,Yes,No,No,Month-to-month,1,Mailed check,55.8,154.55,0,1.785759367270161,5.278273328785353,5.278273328785353,Q2
4986-MXSFP,Female,0,0,0,2,1,No,No,No internet service,No internet service,No internet service,No internet service,No internet service,No internet service,Month-to-month,1,Mailed check,20.0,40.9,0,20.282070785888617,5.276543686023404,5.276543686023404,Q2
7471-WNSUF,Male,0,1,0,60,1,Yes,No,No internet service,No internet service,No internet service,No internet service,No internet service,No internet service,One year,0,Bank transfer (automatic),24.15,1505.9,0,7.468919813192046,5.272727627321704,5.272727627321704,Q2
3097-IDVPU,Male,0,1,1,19,1,Yes,DSL,No,No,No,No,No,No,Month-to-month,0,Credit card (automatic),50.1,910.45,0,3.058741865825839,5.267160671160681,5.267160671160681,Q2
3629-ZNKXA,Male,1,0,0,17,1,No,Fiber optic,No,Yes,Yes,No,Yes,Yes,Month-to-month,1,Electronic check,101.8,1752.45,0,13.429979864972374,5.262007988446943,5.262007988446943,Q2
6440-DKQGE,Male,0,0,1,30,1,No,DSL,No,Yes,Yes,No,Yes,No,One year,0,Credit card (automatic),64.5,1929.95,0,39.970856796343746,5.250672183853347,5.250672183853347,Q2
1345-GKDZZ,Male,0,0,1,6,1,No,No,No internet service,No internet service,No internet service,No internet service,No internet service,No internet service,Month-to-month,0,Mailed check,19.55,128.6,0,16.915236958374905,5.248123811259391,5.248123811259391,Q2
1545-JFUML,Male,0,1,0,71,1,Yes,Fiber optic,Yes,Yes,Yes,No,Yes,No,Two year,1,Electronic check,99.0,6994.6,0,3.8132960708794315,5.2435138901510125,5.2435138901510125,Q2
1666-JXLKU,Female,0,0,0,37,1,Yes,Fiber optic,No,No,Yes,No,Yes,Yes,Month-to-month,1,Electronic check,100.05,3810.55,0,52.6582341627545,5.242366335792235,5.242366335792235,Q2
8734-DKSTZ,Female,0,1,1,10,1,Yes,Fiber optic,No,No,No,No,No,Yes,Month-to-month,0,Electronic check,85.95,858.6,0,2.5087645010522808,5.236829478062819,5.236829478062819,Q2
6656-JWRQX,Female,0,0,0,1,0,No phone service,DSL,No,No,No,Yes,No,No,Month-to-month,0,Mailed check,30.55,30.55,0,17.331173493560925,5.236508245326723,5.236508245326723,Q2
3451-VAWLI,Female,0,1,1,35,1,No,No,No internet service,No internet service,No internet service,No internet service,No internet service,No internet service,Two year,0,Credit card (automatic),19.7,730.4,0,20.093374575739535,5.2318841062628865,5.2318841062628865,Q2
4598-ZADCK,Female,0,0,0,53,0,No phone service,DSL,Yes,Yes,Yes,Yes,Yes,No,One year,1,Electronic check,53.6,2879.2,0,1.1511313581431977,5.2270707789728625,5.2270707789728625,Q2
9799-CAYJJ,Female,1,1,0,2,1,No,Fiber optic,No,No,No,No,No,No,Month-to-month,1,Electronic check,69.3,153.8,0,2.0863034419263644,5.22161029735617,5.22161029735617,Q2
2796-NNUFI,Female,0,1,1,46,1,No,No,No internet service,No internet service,No internet service,No internet service,No internet service,No internet service,Two year,1,Mailed check,19.95,927.1,0,11.906183054558754,5.2180364274365605,5.2180364274365605,Q2
4821-WQOYN,Female,0,1,1,72,1,No,No,No internet service,No internet service,No internet service,No internet service,No internet service,No internet service,Two year,1,Credit card (automatic),20.1,1326.25,0,1.1436029146399334,5.215614188123589,5.215614188123589,Q2
6557-BZXLQ,Male,1,0,0,16,1,No,Fiber optic,No,No,No,No,No,No,Month-to-month,0,Electronic check,69.65,1043.3,0,0.9711945564443162,5.2038766139525015,5.2038766139525015,Q2
2322-VCZHZ,Male,1,1,0,23,1,No,Fiber optic,Yes,Yes,No,No,No,Yes,Month-to-month,1,Electronic check,90.0,2024.1,0,1.1426655803506098,5.1866009424835635,5.1866009424835635,Q2
1986-PHGZF,Male,1,0,0,18,1,Yes,DSL,Yes,Yes,No,No,No,No,Month-to-month,1,Credit card (automatic),58.4,964.9,0,2.3684330344754847,5.175520321079265,5.175520321079265,Q2
6134-KWTBV,Male,0,0,0,62,1,Yes,No,No internet service,No internet service,No internet service,No internet service,No internet service,No internet service,Two year,0,Bank transfer (automatic),23.4,1429.65,0,34.34997358577957,5.16868611501769,5.16868611501769,Q2
8046-DNVTL,Male,0,1,0,62,0,No phone service,DSL,Yes,Yes,No,Yes,No,No,Two year,1,Credit card (automatic),38.6,2345.55,0,19.848561535394982,5.166869707429145,5.166869707429145,Q2
3113-IWHLC,Male,0,0,0,5,1,No,DSL,Yes,No,Yes,No,No,No,Month-to-month,1,Mailed check,55.8,274.35,0,0.6983137278454595,5.163229161625561,5.163229161625561,Q2
8332-OSJDW,Male,0,1,1,12,1,Yes,No,No internet service,No internet service,No internet service,No internet service,No internet service,No internet service,One year,0,Mailed check,26.4,314.95,0,33.14603135361091,5.1522627458806705,5.1522627458806705,Q2
4114-QMKVN,Female,0,1,1,56,1,Yes,DSL,Yes,Yes,No,No,No,Yes,One year,0,Bank transfer (automatic),68.75,3815.4,0,29.41398223291529,5.149370732953015,5.149370732953015,Q2
6407-GSJNL,Female,0,0,0,51,1,Yes,No,No internet service,No internet service,No internet service,No internet service,No internet service,No internet service,Two year,0,Bank transfer (automatic),24.95,1288.0,0,2.8545206372942165,5.1458731668695314,5.1458731668695314,Q2
6234-PFPXL,Male,0,1,0,22,1,Yes,Fiber optic,Yes,No,No,Yes,Yes,No,Month-to-month,0,Credit card (automatic),95.9,2234.95,0,54.9452692390231,5.142648690707622,5.142648690707622,Q2
1173-XZPYF,Female,0,0,0,11,1,Yes,Fiber optic,No,No,Yes,No,Yes,No,Month-to-month,1,Electronic check,89.2,990.3,0,1.4619410437543727,5.133435207877005,5.133435207877005,Q2
9962-BFPDU,Female,0,1,1,1,1,No,No,No internet service,No internet service,No internet service,No internet service,No internet service,No internet service,Month-to-month,0,Mailed check,20.05,20.05,0,13.135973942521098,5.129643452387462,5.129643452387462,Q2
4940-KHCWD,Female,0,1,0,60,0,No phone service,DSL,Yes,Yes,No,Yes,No,No,Two year,0,Bank transfer (automatic),37.7,2288.7,0,4.689354550493229,5.125980460421178,5.125980460421178,Q2
0106-UGRDO,Female,0,1,0,69,1,Yes,Fiber optic,Yes,Yes,Yes,Yes,Yes,Yes,Two year,1,Electronic check,116.0,8182.85,0,25.641903174566107,5.116424861978743,5.116424861978743,Q2
2122-SZZZD,Male,0,0,0,44,1,No,No,No internet service,No internet service,No internet service,No internet service,No internet service,No internet service,One year,0,Credit card (automatic),19.5,835.5,0,2.46081727655378,5.1134739706182275,5.1134739706182275,Q2
6993-YCOBK,Male,0,1,1,60,1,Yes,Fiber optic,Yes,No,Yes,Yes,Yes,Yes,Two year,1,Electronic check,110.6,6586.85,0,2.8779342658108273,5.084176206854335,5.084176206854335,Q2
7670-ZBPOQ,Female,0,1,0,58,1,Yes,DSL,Yes,No,No,Yes,No,No,One year,1,Bank transfer (automatic),61.05,3478.75,0,3.8708807984447446,5.069694192617037,5.069694192617037,Q2
8092-NLTGF,Male,0,0,0,72,1,Yes,No,No internet service,No internet service,No internet service,No internet service,No internet service,No internet service,Two year,0,Bank transfer (automatic),24.75,1777.6,0,34.268017783262124,5.069023819219852,5.069023819219852,Q2
0365-GXEZS,Male,0,1,0,18,1,No,Fiber optic,No,No,Yes,Yes,No,No,Month-to-month,0,Electronic check,78.2,1468.75,0,15.37618433085474,5.064291399700989,5.064291399700989,Q2
6985-HAYWX,Female,0,1,0,26,1,Yes,Fiber optic,No,Yes,No,No,No,No,Month-to-month,0,Bank transfer (automatic),79.3,2015.8,0,12.624852511395645,5.061992649082171,5.061992649082171,Q2
4291-SHSBH,Male,0,0,0,7,1,No,Fiber optic,No,No,No,No,No,No,Month-to-month,1,Electronic check,69.55,521.35,0,1.0024318636072287,5.059936742428963,5.059936742428963,Q2
9928-BZVLZ,Female,0,0,0,12,0,No phone service,DSL,Yes,No,Yes,Yes,No,Yes,Two year,0,Mailed check,49.85,552.1,0,40.38413748697204,5.059849060782485,5.059849060782485,Q2
4065-JJAVA,Female,0,0,0,1,1,No,DSL,No,Yes,No,No,No,No,Month-to-month,0,Electronic check,49.5,49.5,0,8.634095391039667,5.053228607990819,5.053228607990819,Q2
2977-CEBSX,Female,0,0,0,66,1,Yes,DSL,Yes,Yes,Yes,Yes,Yes,Yes,Two year,1,Credit card (automatic),90.05,5965.95,0,40.66333384055271,5.026098493844313,5.026098493844313,Q2
0298-XACET,Male,0,1,1,52,0,No phone service,DSL,No,Yes,Yes,Yes,Yes,No,Two year,0,Mailed check,50.2,2554.0,0,37.638244046561745,5.020431945847439,5.020431945847439,Q2
7159-FVYPK,Female,0,1,1,3,1,Yes,DSL,No,Yes,Yes,No,Yes,No,Month-to-month,1,Bank transfer (automatic),69.15,235.0,0,47.019091703703886,5.017258387103216,5.017258387103216,Q2
0887-WBJVH,Female,0,1,0,53,1,No,Fiber optic,No,No,No,Yes,Yes,Yes,One year,1,Electronic check,93.45,4872.2,0,1.3742647759446125,5.017189769456724,5.017189769456724,Q2
5081-NWSUP,Female,0,0,0,10,1,No,DSL,No,Yes,No,Yes,No,Yes,One year,0,Mailed check,64.9,685.55,0,42.43932243452211,5.011549794607375,5.011549794607375,Q2
8319-QBEHW,Male,0,0,1,26,0,No phone service,DSL,No,Yes,No,No,Yes,No,One year,1,Bank transfer (automatic),39.95,1023.75,0,5.645912147347017,5.009669934460288,5.009669934460288,Q2
8671-KKKOS,Female,0,1,0,46,0,No phone service,DSL,Yes,Yes,No,No,Yes,No,Month-to-month,0,Electronic check,45.55,2062.15,0,81.28469447127195,5.0042793409331505,5.0042793409331505,Q2
7009-LGECI,Female,0,0,0,4,1,No,DSL,Yes,No,No,No,No,No,Month-to-month,1,Bank transfer (automatic),50.55,235.65,0,39.48510585942808,5.003897962752,5.003897962752,Q2
3590-TCXTB,Male,0,0,0,1,1,No,No,No internet service,No internet service,No internet service,No internet service,No internet service,No internet service,Month-to-month,0,Mailed check,20.35,20.35,0,0.42153663239678735,5.002391377628988,5.002391377628988,Q2
1488-SYSFC,Male,0,1,1,31,1,No,No,No internet service,No internet service,No internet service,No internet service,No internet service,No internet service,Month-to-month,1,Electronic check,20.65,702.05,0,10.169735339688096,5.001774433869101,5.001774433869101,Q2
2428-HYUNX,Male,1,1,0,44,1,No,No,No internet service,No internet service,No internet service,No internet service,No internet service,No internet service,Two year,1,Credit card (automatic),19.35,847.25,0,27.20153377540946,4.997072316951325,4.997072316951325,Q2
4801-KFYKL,Male,0,0,1,8,1,No,No,No internet service,No internet service,No internet service,No internet service,No internet service,No internet service,Month-to-month,0,Bank transfer (automatic),19.45,159.2,0,21.638626721689413,4.990628822962845,4.990628822962845,Q2
0868-VJRDR,Male,0,1,0,64,1,No,Fiber optic,Yes,Yes,No,Yes,Yes,Yes,Two year,1,Credit card (automatic),104.05,6605.55,0,0.7634218221395053,4.988909369561743,4.988909369561743,Q2
0422-UXFAP,Female,0,1,0,51,1,Yes,Fiber optic,No,No,Yes,No,Yes,Yes,One year,1,Electronic check,98.85,4947.55,0,1.6387135802564619,4.984642325559849,4.984642325559849,Q2
7483-IQWIB,Male,0,1,1,37,1,Yes,Fiber optic,No,Yes,Yes,No,Yes,No,Month-to-month,1,Electronic check,92.95,3415.25,0,6.34017810434957,4.971441279747349,4.971441279747349,Q2
9220-ZNKJI,Female,1,1,0,55,1,No,Fiber optic,No,No,Yes,Yes,Yes,No,Two year,0,Credit card (automatic),88.8,4805.3,0,32.67375664118832,4.970831850598299,4.970831850598299,Q2
8883-ANODQ,Female,0,1,1,68,1,Yes,Fiber optic,No,Yes,Yes,No,No,No,Two year,1,Credit card (automatic),84.4,5746.75,0,2.0055035899017564,4.962700564847038,4.962700564847038,Q2
9800-ONTFE,Female,0,1,1,22,1,Yes,Fiber optic,No,No,No,No,No,No,Month-to-month,1,Bank transfer (automatic),75.8,1615.1,0,18.59864840533741,4.9597187271496015,4.9597187271496015,Q2
5919-VCZYM,Male,0,0,0,2,1,No,No,No internet service,No internet service,No internet service,No internet service,No internet service,No internet service,Month-to-month,0,Mailed check,20.05,42.7,0,4.114164148306065,4.95900534486731,4.95900534486731,Q2
0491-KAPQG,Male,0,0,0,21,1,Yes,Fiber optic,No,No,No,No,No,No,Month-to-month,1,Electronic check,73.7,1558.7,0,0.4624170444163208,4.9573074367176435,4.9573074367176435,Q2
9643-AVVWI,Female,0,1,1,3,1,No,Fiber optic,No,Yes,No,Yes,No,No,Month-to-month,1,Electronic check,80.0,241.3,0,1.657024659072715,4.95697538307188,4.95697538307188,Q2
3224-DFQNQ,Female,0,1,0,66,1,Yes,Fiber optic,Yes,Yes,No,Yes,No,No,One year,0,Electronic check,89.0,5898.6,0,8.010965915887398,4.9498184374846055,4.9498184374846055,Q2
9495-REDIY,Male,0,0,1,25,0,No phone service,DSL,Yes,No,No,No,Yes,No,One year,1,Credit card (automatic),40.65,970.55,0,0.507263588761649,4.9478108873067965,4.9478108873067965,Q2
5825-XJOCM,Male,0,0,1,48,1,Yes,DSL,Yes,Yes,Yes,No,No,No,One year,1,Bank transfer (automatic),64.4,3035.35,0,23.549356544445438,4.941781722930556,4.941781722930556,Q2
9220-CXRSC,Female,0,1,1,69,1,Yes,DSL,Yes,No,No,Yes,No,No,Two year,0,Credit card (automatic),61.4,4059.85,0,54.397147325815034,4.931507444267011,4.931507444267011,Q2
3069-SSVSN,Female,0,0,0,1,0,No phone service,DSL,No,No,No,No,No,No,One year,0,Mailed check,25.85,25.85,0,18.439673619659725,4.923859180339543,4.923859180339543,Q2
2978-XXSOG,Female,0,0,0,22,1,Yes,DSL,Yes,No,No,Yes,No,No,Month-to-month,1,Mailed check,59.05,1253.5,0,4.764015773613066,4.914316667246787,4.914316667246787,Q2
4612-SSVHJ,Female,1,0,0,20,1,No,Fiber optic,No,No,No,No,No,Yes,Month-to-month,1,Electronic check,81.45,1671.6,0,11.376846326092242,4.910315593736951,4.910315593736951,Q2
2801-NISEI,Male,0,0,0,24,1,No,DSL,Yes,No,No,Yes,No,No,Month-to-month,0,Electronic check,54.95,1348.5,0,2.4804545037098595,4.905524868096222,4.905524868096222,Q2
1298-PHBTI,Male,0,1,1,71,1,Yes,Fiber optic,No,Yes,No,Yes,No,No,Two year,1,Electronic check,84.8,6152.4,0,6.725857093760681,4.902954031341225,4.902954031341225,Q2
8347-GDTMP,Female,0,1,0,64,1,No,No,No internet service,No internet service,No internet service,No internet service,No internet service,No internet service,Two year,0,Credit card (automatic),19.45,1225.65,0,1.7761801771447432,4.900824022341499,4.900824022341499,Q2
2405-LBMUW,Female,0,1,1,61,0,No phone service,DSL,Yes,Yes,No,Yes,No,Yes,One year,1,Bank transfer (automatic),50.7,3088.75,0,22.77928461583892,4.891068081601765,4.891068081601765,Q2
6418-PIQSP,Female,0,1,0,62,1,No,DSL,Yes,No,Yes,Yes,Yes,Yes,Two year,0,Mailed check,81.0,4985.9,0,35.085063245455444,4.885896145503263,4.885896145503263,Q2
8434-PNQZX,Female,0,0,0,42,1,Yes,DSL,No,No,Yes,Yes,Yes,Yes,Two year,1,Credit card (automatic),78.45,3373.4,0,1.3852694799924565,4.882424226836359,4.882424226836359,Q2
4690-PKDQG,Female,1,1,0,42,1,Yes,Fiber optic,No,Yes,Yes,No,Yes,No,Month-to-month,1,Electronic check,95.55,3930.6,0,56.11758070866604,4.875075489374532,4.875075489374532,Q2
9987-LUTYD,Female,0,0,0,13,1,No,DSL,Yes,No,No,Yes,No,No,One year,0,Mailed check,55.15,742.9,0,3.789153355150696,4.872262772296786,4.872262772296786,Q2
6469-QJKZW,Female,0,1,0,4,1,No,No,No internet service,No internet service,No internet service,No internet service,No internet service,No internet service,Month-to-month,0,Electronic check,20.15,91.4,0,6.552591697881882,4.857934509317849,4.857934509317849,Q2
7196-LIWRH,Female,0,0,0,6,1,No,No,No internet service,No internet service,No internet service,No internet service,No internet service,No internet service,Two year,0,Mailed check,19.55,124.45,0,28.884969529659564,4.855706058722105,4.855706058722105,Q2
0254-WWRKD,Female,0,1,1,67,1,No,DSL,No,Yes,No,No,No,No,One year,0,Credit card (automatic),50.55,3431.75,0,25.17050636140042,4.853230806873043,4.853230806873043,Q2
5549-ZGHFB,Male,0,1,1,50,1,Yes,No,No internet service,No internet service,No internet service,No internet service,No internet service,No internet service,Two year,0,Mailed check,24.95,1261.45,0,31.634868758548073,4.851210665577374,4.851210665577374,Q2
0536-BGFMZ,Female,0,1,0,28,1,No,No,No internet service,No internet service,No internet service,No internet service,No internet service,No internet service,Month-to-month,0,Mailed check,20.5,563.05,0,72.58422981378605,4.849765705218443,4.849765705218443,Q2
2266-FUBDZ,Male,0,1,1,15,1,No,No,No internet service,No internet service,No internet service,No internet service,No internet service,No internet service,Two year,0,Mailed check,19.35,278.85,0,42.21846785660417,4.8494980764162605,4.8494980764162605,Q2
4318-RAJVY,Female,0,0,0,10,1,No,No,No internet service,No internet service,No internet service,No internet service,No internet service,No internet service,One year,1,Mailed check,19.8,198.25,0,67.79614184820176,4.844303558303835,4.844303558303835,Q2
4837-QUSFT,Female,0,1,0,65,1,Yes,Fiber optic,Yes,Yes,No,Yes,Yes,No,One year,1,Bank transfer (automatic),100.15,6643.5,0,77.73062519998963,4.832812919439555,4.832812919439555,Q2
9058-HRZSV,Female,1,1,0,65,1,No,Fiber optic,Yes,Yes,Yes,No,No,Yes,Month-to-month,0,Electronic check,94.4,6126.15,0,9.415017121339396,4.830234708986698,4.830234708986698,Q2
3584-WKTTW,Male,0,1,0,51,1,Yes,Fiber optic,Yes,No,Yes,Yes,Yes,Yes,One year,1,Electronic check,111.55,5720.35,0,1.4007859433928178,4.822244099829647,4.822244099829647,Q2
4418-LZMSV,Male,0,1,1,13,1,No,DSL,No,Yes,Yes,Yes,No,No,Month-to-month,0,Bank transfer (automatic),61.8,750.1,0,2.108815686566275,4.82052031478261,4.82052031478261,Q2
4472-LVYGI,Female,0,1,1,0,0,No phone service,DSL,Yes,No,Yes,Yes,Yes,No,Two year,1,Bank transfer (automatic),52.55,,0,8.361267456954147,4.818814412248296,4.818814412248296,Q2
5924-SNGKP,Female,0,0,1,41,1,No,No,No internet service,No internet service,No internet service,No internet service,No internet service,No internet service,One year,1,Credit card (automatic),20.25,865.0,0,1.6138760998804464,4.796871962496531,4.796871962496531,Q2
5310-NOOVA,Male,0,0,0,46,1,No,No,No internet service,No internet service,No internet service,No internet service,No internet service,No internet service,Two year,0,Electronic check,19.95,907.05,0,0.7164745943793127,4.794015460446628,4.794015460446628,Q2
5150-ITWWB,Male,1,0,0,3,1,Yes,Fiber optic,No,No,No,No,Yes,Yes,Month-to-month,1,Electronic check,94.85,335.75,0,57.63425517789644,4.789510451011485,4.789510451011485,Q2
0730-KOAVE,Male,0,0,0,30,1,Yes,Fiber optic,Yes,Yes,No,No,No,Yes,Month-to-month,1,Credit card (automatic),94.3,2679.7,0,3.5326833119840333,4.786995265351732,4.786995265351732,Q2
4877-TSOFF,Female,0,1,1,55,1,Yes,DSL,Yes,Yes,No,Yes,No,Yes,One year,1,Bank transfer (automatic),75.75,4264.25,0,47.42258668625727,4.778176942236639,4.778176942236639,Q2
4931-TRZWN,Female,0,0,0,13,1,No,DSL,Yes,No,No,No,Yes,Yes,Month-to-month,1,Electronic check,71.95,923.85,0,5.011549794607375,4.76578006731102,4.76578006731102,Q2
6475-VHUIZ,Female,0,1,0,23,1,No,DSL,No,No,Yes,Yes,No,No,Month-to-month,0,Electronic check,54.25,1221.55,0,0.5477328405258001,4.765560616910338,4.765560616910338,Q2
3714-NTNFO,Female,0,0,0,49,1,Yes,Fiber optic,No,No,No,No,No,Yes,Month-to-month,1,Electronic check,84.5,3906.7,0,9.611122930459974,4.7645943321098105,4.7645943321098105,Q2
1697-LYYYX,Female,0,1,1,61,1,No,No,No internet service,No internet service,No internet service,No internet service,No internet service,No internet service,One year,0,Credit card (automatic),19.1,1143.8,0,17.84698932502581,4.764015773613066,4.764015773613066,Q2
2672-OJQZP,Female,0,0,0,1,1,No,DSL,No,No,No,No,No,No,Month-to-month,0,Mailed check,44.75,44.75,0,11.238060906818845,4.762518764272141,4.762518764272141,Q2
1088-AUUZZ,Male,0,1,1,56,1,Yes,DSL,Yes,Yes,No,Yes,No,Yes,Two year,1,Credit card (automatic),75.85,4261.2,0,8.462212648906645,4.762169637385492,4.762169637385492,Q2
9339-FIIJL,Male,0,1,0,72,1,Yes,DSL,No,Yes,Yes,Yes,Yes,Yes,Two year,0,Bank transfer (automatic),85.95,6151.9,0,15.6372349312838,4.761204630071241,4.761204630071241,Q2
0016-QLJIS,Female,0,1,1,65,1,Yes,DSL,Yes,Yes,Yes,Yes,Yes,Yes,Two year,1,Mailed check,90.45,5957.9,0,4.962700564847038,4.7567697780550215,4.7567697780550215,Q2
2465-BLLEU,Male,0,0,0,1,1,No,No,No internet service,No internet service,No internet service,No internet service,No internet service,No internet service,Month-to-month,1,Mailed check,19.75,19.75,0,4.653871569772732,4.749530213267425,4.749530213267425,Q2
7379-FNIUJ,Male,0,0,0,2,1,No,Fiber optic,Yes,Yes,No,No,Yes,Yes,Month-to-month,0,Electronic check,100.2,198.5,0,0.3321474508577299,4.74256337839521,4.74256337839521,Q2
2346-CZYIL,Male,0,0,0,27,1,No,No,No internet service,No internet service,No internet service,No internet service,No internet service,No internet service,Two year,0,Credit card (automatic),20.35,531.6,0,23.160982173247135,4.740794943815834,4.740794943815834,Q2
6465-GSRCL,Female,0,0,1,67,1,Yes,Fiber optic,No,Yes,No,Yes,Yes,Yes,One year,1,Bank transfer (automatic),106.6,7244.7,0,62.84439394387291,4.7387271423718405,4.7387271423718405,Q2
1666-JZPZT,Male,0,0,0,27,1,Yes,DSL,No,No,No,No,No,No,Month-to-month,0,Mailed check,49.0,1291.35,0,31.735939732386665,4.730756246973354,4.730756246973354,Q2
5018-HEKFO,Female,0,0,0,10,1,Yes,No,No internet service,No internet service,No internet service,No internet service,No internet service,No internet service,Month-to-month,1,Mailed check,24.5,270.15,0,14.971994665567317,4.730092566344022,4.730092566344022,Q2
0093-EXYQL,Female,1,0,0,40,1,No,Fiber optic,No,No,No,No,Yes,Yes,Month-to-month,1,Electronic check,91.55,3673.6,0,1.2723980951943856,4.727539104896803,4.727539104896803,Q2
3748-FVMZZ,Male,0,0,0,4,0,No phone service,DSL,No,No,No,Yes,No,Yes,Month-to-month,1,Electronic check,40.05,162.45,0,26.367490066262423,4.725097750969078,4.725097750969078,Q2
7025-WCBNE,Male,1,0,0,47,1,Yes,DSL,No,Yes,No,Yes,No,No,Two year,0,Bank transfer (automatic),59.6,2754.0,0,20.642860111484023,4.722173868427666,4.722173868427666,Q2
7945-PRBVF,Male,0,0,0,35,1,No,No,No internet service,No internet service,No internet service,No internet service,No internet service,No internet service,Two year,0,Bank transfer (automatic),21.45,705.45,0,9.84290508514635,4.722103863200276,4.722103863200276,Q2
9488-FVZCC,Female,0,1,1,72,1,Yes,DSL,Yes,Yes,Yes,Yes,No,Yes,Two year,1,Bank transfer (automatic),79.5,5661.7,0,2.2749674422493196,4.718431483557481,4.718431483557481,Q2
4135-FRWKJ,Female,1,1,1,55,1,Yes,DSL,Yes,No,Yes,Yes,Yes,No,One year,0,Electronic check,76.25,4154.55,0,9.394791725996857,4.717527294351793,4.717527294351793,Q2
9943-VSZUV,Male,1,0,0,67,1,Yes,Fiber optic,No,No,No,No,No,No,Month-to-month,1,Mailed check,75.7,5060.85,0,18.620311335465807,4.124439733695508,4.716441761580857,Q2
2530-FMFXO,Male,0,1,1,56,1,Yes,Fiber optic,No,No,Yes,Yes,Yes,Yes,Two year,1,Electronic check,103.2,5873.75,0,31.991190696539068,4.715201879468496,4.715201879468496,Q2
7527-QNRUS,Male,0,1,1,17,1,Yes,No,No internet service,No internet service,No internet service,No internet service,No internet service,No internet service,Two year,1,Mailed check,25.15,412.6,0,3.1826988064974486,4.713603793884986,4.713603793884986,Q2
9795-SHUHB,Female,0,1,1,66,1,No,DSL,Yes,Yes,No,Yes,No,No,Two year,1,Credit card (automatic),58.2,3810.8,0,4.139415401875077,4.713195840004931,4.713195840004931,Q2
6828-HMKWP,Male,0,1,1,12,1,No,No,No internet service,No internet service,No internet service,No internet service,No internet service,No internet service,Two year,0,Bank transfer (automatic),21.05,262.05,0,8.209852721400068,4.713013670460804,4.713013670460804,Q2
2740-JFBOK,Male,0,0,0,10,1,Yes,No,No internet service,No internet service,No internet service,No internet service,No internet service,No internet service,Month-to-month,1,Electronic check,24.0,226.55,0,46.33797756571042,4.694147035229168,4.694147035229168,Q2
6340-DACFT,Female,0,1,1,50,1,No,No,No internet service,No internet service,No internet service,No internet service,No internet service,No internet service,Two year,0,Credit card (automatic),20.55,1070.25,0,0.8269674109731808,4.689354550493229,4.689354550493229,Q2
4979-HPRFL,Male,0,1,1,56,1,Yes,No,No internet service,No internet service,No internet service,No internet service,No internet service,No internet service,Two year,0,Bank transfer (automatic),24.15,1402.25,0,0.8965217910700035,4.687693728092038,4.687693728092038,Q2
4139-JPIAM,Male,0,0,0,51,0,No phone service,DSL,Yes,No,No,Yes,No,Yes,Month-to-month,1,Credit card (automatic),44.45,2181.55,0,67.70709179544828,4.685001585678485,4.685001585678485,Q2
8896-BQTTI,Male,0,0,0,1,1,Yes,No,No internet service,No internet service,No internet service,No internet service,No internet service,No internet service,Month-to-month,1,Mailed check,25.0,25.0,0,3.618247735848433,4.681203214047051,4.681203214047051,Q2
5651-CPDND,Male,0,0,0,10,1,No,DSL,No,No,No,No,No,No,Month-to-month,0,Mailed check,46.0,492.1,0,29.094079594822308,4.678085954767948,4.678085954767948,Q2
0564-MUUQK,Female,0,1,1,20,1,Yes,Fiber optic,No,No,Yes,Yes,No,Yes,Month-to-month,1,Bank transfer (automatic),95.5,1916.2,0,2.1079332037969016,4.675458320667629,4.675458320667629,Q2
1814-WFGVS,Male,0,1,1,72,0,No phone service,DSL,Yes,No,Yes,Yes,Yes,No,Two year,0,Mailed check,48.9,3527.0,0,15.507578437995907,4.6744908875541675,4.6744908875541675,Q2
3620-EHIMZ,Female,0,1,1,52,1,No,No,No internet service,No internet service,No internet service,No internet service,No internet service,No internet service,Two year,0,Mailed check,19.35,1031.7,0,18.4715865111657,60.56652493507643,4.67427738507957,Q2
0742-LAFQK,Male,0,1,0,72,1,Yes,Fiber optic,Yes,Yes,Yes,No,No,Yes,Two year,1,Electronic check,99.15,7422.1,0,16.061104047753446,4.674044711679983,4.674044711679983,Q2
6918-UMQCG,Female,0,0,0,5,1,No,Fiber optic,No,No,No,No,Yes,No,Month-to-month,0,Electronic check,80.2,384.25,0,3.5816585640046674,4.658942146109067,4.658942146109067,Q2
1952-DVVSW,Female,0,1,0,10,1,No,No,No internet service,No internet service,No internet service,No internet service,No internet service,No internet service,One year,0,Mailed check,20.1,184.4,0,24.960663424119577,4.653871569772732,4.653871569772732,Q2
4693-VWVBO,Female,0,0,0,3,1,No,No,No internet service,No internet service,No internet service,No internet service,No internet service,No internet service,Month-to-month,0,Electronic check,19.55,61.05,0,4.198870596256712,4.6488526816857645,4.6488526816857645,Q2
1223-UNPKS,Male,0,1,1,20,1,No,No,No internet service,No internet service,No internet service,No internet service,No internet service,No internet service,Two year,0,Mailed check,20.05,400.0,0,19.25514336736454,4.647939587614795,4.647939587614795,Q2
3503-TYDAY,Female,0,1,0,43,1,Yes,Fiber optic,No,Yes,No,No,No,No,Month-to-month,0,Electronic check,80.45,3398.9,0,0.5045587248985637,4.64462614327942,4.64462614327942,Q2
0423-UDIJQ,Male,1,0,0,9,1,No,DSL,No,No,No,Yes,No,No,Month-to-month,0,Mailed check,49.2,447.9,0,2.5408931984894965,4.642203970003724,4.642203970003724,Q2
9135-MGVPY,Male,0,1,0,69,1,No,DSL,Yes,Yes,Yes,Yes,Yes,Yes,Two year,1,Mailed check,84.7,5878.9,0,46.49871255380208,4.6417540281486165,4.6417540281486165,Q2
1839-FBNFR,Female,0,1,1,39,1,No,No,No internet service,No internet service,No internet service,No internet service,No internet service,No internet service,Two year,1,Bank transfer (automatic),19.85,854.8,0,2.75710277965033,4.636529958024331,4.636529958024331,Q2
5153-LXKDT,Male,0,1,1,68,1,Yes,Fiber optic,Yes,Yes,Yes,No,Yes,Yes,Two year,1,Electronic check,110.2,7467.5,0,0.5572161298126843,4.6350717957491625,4.6350717957491625,Q2
7601-GNDYK,Male,0,1,1,35,1,No,No,No internet service,No internet service,No internet service,No internet service,No internet service,No internet service,Two year,0,Mailed check,19.6,686.95,0,6.75518200287657,4.619113405361656,4.619113405361656,Q2
4918-FYJNT,Female,1,1,0,55,1,Yes,Fiber optic,No,Yes,Yes,Yes,No,No,Month-to-month,0,Electronic check,90.45,5044.8,0,4.345025144221721,4.616569760745977,4.616569760745977,Q2
2533-TIBIX,Male,0,1,1,15,0,No phone service,DSL,Yes,No,No,No,No,No,Month-to-month,1,Bank transfer (automatic),30.2,469.65,0,60.602919064594055,4.615814227123388,4.615814227123388,Q2
7878-JGDKK,Male,0,0,0,4,1,No,DSL,No,No,No,No,No,No,Month-to-month,0,Mailed check,44.55,220.75,0,34.48263509656238,4.614938091246799,4.614938091246799,Q2
6754-LZUKA,Male,0,1,0,61,1,Yes,DSL,No,Yes,Yes,No,Yes,Yes,Two year,0,Bank transfer (automatic),80.9,4932.5,0,9.943400692817253,4.611875772839583,4.611875772839583,Q2
1474-JUWSM,Female,0,1,0,58,1,Yes,DSL,Yes,No,No,Yes,No,Yes,One year,1,Electronic check,68.4,3972.25,0,30.749541999139286,4.606183702927262,4.606183702927262,Q2
2451-YMUXS,Male,1,0,0,67,1,Yes,DSL,Yes,Yes,No,Yes,No,No,Two year,1,Bank transfer (automatic),64.55,4250.1,0,8.246012974334556,4.604950654039868,4.604950654039868,Q2
6285-FTQBF,Male,0,1,1,72,1,Yes,No,No internet service,No internet service,No internet service,No internet service,No internet service,No internet service,Two year,0,Credit card (automatic),25.55,1867.7,0,61.285185433823486,4.602112334687908,4.602112334687908,Q2
7353-YOWFP,Female,0,0,0,7,1,No,No,No internet service,No internet service,No internet service,No internet service,No internet service,No internet service,One year,0,Mailed check,20.25,129.15,0,0.8086823737674349,4.59653677962679,4.59653677962679,Q2
6199-IPCAO,Female,0,1,1,29,1,Yes,No,No internet service,No internet service,No internet service,No internet service,No internet service,No internet service,Two year,0,Mailed check,26.1,692.55,0,29.726686121808683,4.589305975279267,4.589305975279267,Q2
2746-DIJLO,Female,0,0,0,41,1,Yes,DSL,No,Yes,No,No,No,No,One year,1,Credit card (automatic),56.3,2364.0,0,3.549966150715568,4.586477904793222,4.586477904793222,Q2
0570-BFQHT,Female,0,0,0,9,1,No,Fiber optic,No,Yes,Yes,No,No,No,Month-to-month,0,Electronic check,80.55,653.9,0,54.924401188535946,4.584175413795314,4.584175413795314,Q2
3450-WXOAT,Male,0,0,0,46,1,No,DSL,No,No,No,No,No,No,Month-to-month,1,Credit card (automatic),45.2,2065.15,0,9.454006362129771,4.575602381657331,4.575602381657331,Q2
4804-NCPET,Male,0,1,1,19,1,No,No,No internet service,No internet service,No internet service,No internet service,No internet service,No internet service,Two year,0,Mailed check,20.2,387.4,0,0.892902200993674,4.574821146763667,4.574821146763667,Q2
7517-LDMPS,Female,0,0,0,12,1,No,Fiber optic,No,Yes,No,No,No,Yes,Month-to-month,1,Electronic check,84.6,1017.35,0,8.067088998355505,4.57194587757738,4.57194587757738,Q2
8570-KLJYJ,Female,0,0,0,36,1,Yes,DSL,Yes,No,No,No,No,No,One year,0,Mailed check,54.45,1893.5,0,17.3796275877839,4.561338077678075,4.561338077678075,Q2
5414-OFQCB,Male,0,0,0,57,1,Yes,Fiber optic,No,No,No,Yes,Yes,No,Two year,1,Credit card (automatic),90.45,5229.8,0,51.096963609611834,4.558266933931609,4.558266933931609,Q2
4707-MAXGU,Male,0,1,0,72,1,Yes,No,No internet service,No internet service,No internet service,No internet service,No internet service,No internet service,Two year,0,Credit card (automatic),25.85,1872.2,0,17.07190726680309,4.5472407679044835,4.5472407679044835,Q2
7036-ZZKBD,Male,0,1,0,31,1,No,DSL,No,No,Yes,Yes,No,Yes,Month-to-month,1,Credit card (automatic),66.4,2019.8,0,31.319796156662644,4.547187582838369,4.547187582838369,Q2
2828-SLQPF,Male,0,0,0,19,1,No,DSL,No,No,No,No,No,No,Month-to-month,1,Bank transfer (automatic),45.0,865.85,0,30.11573006743199,4.544329287428727,4.544329287428727,Q2
3115-CZMZD,Male,0,0,1,0,1,No,No,No internet service,No internet service,No internet service,No internet service,No internet service,No internet service,Two year,0,Mailed check,20.25,,0,9.994978697047701,4.540381356838373,4.540381356838373,Q2
2330-PQGDQ,Male,0,1,1,51,1,Yes,Fiber optic,No,Yes,No,Yes,No,No,One year,0,Bank transfer (automatic),84.2,4299.75,0,4.047232921205707,4.5250568127457464,4.5250568127457464,Q2
8809-XKHMD,Male,0,1,0,72,1,Yes,Fiber optic,Yes,Yes,No,Yes,No,Yes,Two year,1,Bank transfer (automatic),100.55,7325.1,0,55.75332454797186,4.525012755301566,4.525012755301566,Q2
4730-AWNAU,Male,0,1,1,36,0,No phone service,DSL,Yes,No,Yes,Yes,Yes,Yes,One year,0,Credit card (automatic),60.7,2234.55,0,8.35289782025901,4.522887789234219,4.522887789234219,Q2
4423-JWZJN,Male,0,1,1,64,1,Yes,Fiber optic,No,No,Yes,No,No,Yes,One year,0,Credit card (automatic),90.25,5629.15,0,59.83434300350087,4.521789612186203,4.521789612186203,Q2
6217-KDYWC,Male,0,0,1,57,1,No,No,No internet service,No internet service,No internet service,No internet service,No internet service,No internet service,Two year,1,Mailed check,19.6,1170.55,0,41.481335846875936,4.518921452715506,4.518921452715506,Q2
9638-JIQYA,Male,0,0,0,2,0,No phone service,DSL,No,No,No,No,No,No,Month-to-month,1,Credit card (automatic),24.9,49.7,0,6.927595598616663,4.513195834497901,4.513195834497901,Q2
2379-GYFLQ,Male,0,0,0,46,1,Yes,Fiber optic,No,Yes,Yes,No,Yes,No,One year,1,Credit card (automatic),94.9,4422.95,0,1.889483795742062,4.506378807562875,4.506378807562875,Q2
9294-TDIPC,Male,0,0,1,5,1,No,No,No internet service,No internet service,No internet service,No internet service,No internet service,No internet service,Month-to-month,0,Mailed check,20.2,83.75,0,40.85160770967007,4.498799495067155,4.498799495067155,Q2
9070-BCKQP,Female,0,1,0,72,1,Yes,Fiber optic,Yes,No,Yes,Yes,Yes,Yes,Two year,1,Credit card (automatic),110.15,7881.2,0,24.780555515879925,4.494564700722757,4.494564700722757,Q2
1530-ZTDOZ,Female,0,1,0,49,0,No phone service,DSL,Yes,No,No,No,Yes,No,Month-to-month,0,Bank transfer (automatic),40.65,2070.75,0,17.38806917605229,4.492956581546004,4.492956581546004,Q2
7898-PDWQE,Male,0,1,0,71,1,Yes,DSL,Yes,Yes,Yes,Yes,No,Yes,Two year,0,Credit card (automatic),80.4,5727.15,0,28.175912591575248,4.489486594481596,4.489486594481596,Q2
5569-IDSEY,Male,0,1,0,71,1,Yes,Fiber optic,No,Yes,Yes,No,Yes,Yes,One year,1,Bank transfer (automatic),105.7,7472.15,0,25.13369148858245,4.486142423353928,4.486142423353928,Q2
4012-YCFAI,Male,0,1,0,60,1,No,DSL,Yes,Yes,No,Yes,No,No,Two year,1,Mailed check,61.35,3766.2,0,13.17291973545715,4.467924794753871,4.467924794753871,Q2
5035-PGZXH,Female,0,0,0,56,1,Yes,Fiber optic,No,Yes,Yes,No,Yes,Yes,One year,1,Electronic check,106.8,5914.4,0,0.8197138420437363,4.465088891649302,4.465088891649302,Q2
6296-DDOOR,Female,0,0,0,19,1,No,DSL,No,Yes,No,No,Yes,No,One year,0,Electronic check,58.2,1045.25,0,54.60220549792222,4.462689080368035,4.462689080368035,Q2
4501-VCPFK,Male,0,0,0,26,0,No phone service,DSL,No,No,Yes,Yes,No,No,Month-to-month,0,Electronic check,35.75,1022.5,0,1.0660266613322926,4.461680644486461,4.461680644486461,Q2
6135-OZQVA,Female,0,0,0,7,1,Yes,DSL,Yes,No,No,No,No,No,Month-to-month,1,Electronic check,53.65,404.35,0,20.00494001522916,4.460585616378386,4.460585616378386,Q2
9610-WCESF,Male,0,0,0,67,0,No phone service,DSL,Yes,No,No,Yes,Yes,No,Two year,0,Electronic check,43.9,3097.2,0,6.633207304063446,4.458488501954761,4.458488501954761,Q2
6859-QNXIQ,Female,0,1,1,72,1,Yes,Fiber optic,Yes,Yes,Yes,Yes,Yes,Yes,Two year,1,Bank transfer (automatic),113.1,8248.5,0,3.7657328058699093,4.453931057239862,4.453931057239862,Q2
7633-MVPUY,Male,0,1,0,57,1,No,DSL,Yes,Yes,No,Yes,No,No,Two year,1,Electronic check,59.75,3450.15,0,0.36670817895604446,4.440546722162335,4.440546722162335,Q2
2373-NTKOD,Male,0,0,0,8,1,No,DSL,No,No,No,No,Yes,Yes,Month-to-month,1,Electronic check,66.25,546.45,0,50.26804083868195,4.435302487878986,4.435302487878986,Q2
3012-VFFMN,Female,0,1,1,7,1,No,No,No internet service,No internet service,No internet service,No internet service,No internet service,No internet service,Month-to-month,0,Mailed check,20.65,158.95,0,7.985662981716531,4.435116240463362,4.435116240463362,Q2
0224-RLWWD,Female,1,0,0,2,1,No,DSL,No,No,No,No,No,No,Month-to-month,1,Electronic check,44.3,89.3,0,24.540385823640392,4.432526139027797,4.432526139027797,Q2
4199-QHJNM,Male,1,1,0,67,1,Yes,Fiber optic,No,Yes,No,Yes,Yes,Yes,Two year,0,Bank transfer (automatic),102.9,6989.7,0,42.62036716432182,4.431761620790901,4.431761620790901,Q2
5792-JALQC,Female,1,0,0,52,1,Yes,DSL,Yes,No,Yes,No,No,No,Two year,0,Bank transfer (automatic),59.85,3103.25,0,45.666899641209014,4.427000622777492,4.427000622777492,Q2
5044-XDPYX,Female,0,1,0,51,1,Yes,No,No internet service,No internet service,No internet service,No internet service,No internet service,No internet service,Two year,0,Mailed check,25.5,1281.25,0,66.46183164660677,4.424020897041818,4.424020897041818,Q2
3407-QGWLG,Male,0,0,1,3,1,No,No,No internet service,No internet service,No internet service,No internet service,No internet service,No internet service,Month-to-month,1,Mailed check,20.05,75.45,0,0.7113034642467012,4.423554638930787,4.423554638930787,Q2
9644-KVCNC,Female,0,0,0,66,1,Yes,Fiber optic,No,No,Yes,No,Yes,No,One year,1,Bank transfer (automatic),92.15,6056.9,0,1.5166964535245322,4.416408008369042,4.416408008369042,Q2
6439-PKTRR,Female,0,1,1,70,1,Yes,DSL,Yes,Yes,Yes,Yes,Yes,No,Two year,0,Electronic check,80.7,5617.95,0,4.225589288580175,4.415086776309629,4.415086776309629,Q2
0811-GSDTP,Female,0,0,1,13,0,No phone service,DSL,No,Yes,No,No,No,No,Month-to-month,0,Electronic check,30.15,382.2,0,17.090159503203836,4.403180065333231,4.403180065333231,Q2
5176-OLSKT,Female,0,1,0,66,1,Yes,DSL,Yes,Yes,Yes,No,No,No,Two year,0,Bank transfer (automatic),66.9,4370.25,0,5.589563001216904,4.4020304931629965,4.4020304931629965,Q2
8815-LMFLX,Male,0,1,1,25,1,Yes,No,No internet service,No internet service,No internet service,No internet service,No internet service,No internet service,Month-to-month,1,Bank transfer (automatic),25.4,546.85,0,0.7075000197994318,4.395292379509382,4.395292379509382,Q2
4189-NAKJS,Male,0,0,0,26,1,Yes,DSL,No,No,No,No,No,No,One year,1,Credit card (automatic),51.55,1295.4,0,7.772234838067142,4.393534713191792,4.393534713191792,Q2
4075-WKNIU,Female,0,1,1,0,1,Yes,DSL,No,Yes,Yes,Yes,Yes,No,Two year,0,Mailed check,73.35,,0,7.678722112403802,4.383423781215741,4.383423781215741,Q2
5451-MHQOF,Male,0,1,1,56,1,Yes,No,No internet service,No internet service,No internet service,No internet service,No internet service,No internet service,One year,1,Mailed check,24.45,1431.65,0,0.3287562131539505,4.380280376147426,4.380280376147426,Q2
6542-LWGXJ,Male,0,1,0,3,0,No phone service,DSL,No,No,No,No,No,No,Month-to-month,0,Mailed check,25.0,78.25,0,27.946841959511854,4.378323461182094,4.378323461182094,Q2
6874-SGLHU,Male,0,0,0,30,1,No,Fiber optic,No,Yes,No,No,Yes,Yes,One year,1,Bank transfer (automatic),97.0,3021.3,0,4.970831850598299,4.368920651715609,4.368920651715609,Q2
7446-YPODE,Male,1,0,0,11,1,Yes,DSL,Yes,Yes,No,No,No,No,Month-to-month,0,Bank transfer (automatic),60.25,662.95,0,3.665756391428409,4.363125793862443,4.363125793862443,Q2
0956-ACVZC,Female,0,0,0,54,1,No,Fiber optic,No,No,Yes,No,Yes,Yes,One year,1,Credit card (automatic),94.1,5060.9,0,2.5615276412963297,4.361655685650728,4.361655685650728,Q2
1928-BXYIV,Male,0,0,0,1,1,Yes,DSL,Yes,Yes,No,No,No,No,Month-to-month,0,Electronic check,61.15,61.15,0,2.893354386953938,4.357624937181357,4.357624937181357,Q2
7284-ZZLOH,Male,0,1,0,45,1,No,DSL,Yes,No,Yes,No,No,No,Two year,0,Credit card (automatic),53.3,2296.25,0,73.84995658750684,4.355743869778879,4.355743869778879,Q2
7880-XSOJX,Male,0,0,0,4,0,No phone service,DSL,Yes,Yes,No,Yes,No,No,Month-to-month,0,Mailed check,42.4,146.4,0,22.036019291913604,4.354416259087081,4.354416259087081,Q2
3882-IYOIJ,Female,0,1,1,60,1,Yes,Fiber optic,Yes,Yes,Yes,Yes,Yes,Yes,Two year,0,Credit card (automatic),115.25,6758.45,0,4.032853552135605,4.354194177586472,4.354194177586472,Q2
8095-WANWK,Female,0,0,0,10,1,No,DSL,No,No,No,No,No,No,Month-to-month,0,Mailed check,45.25,428.7,0,1.6704565498757282,4.353543196998342,4.353543196998342,Q2
6693-FRIRW,Male,0,0,0,18,1,No,Fiber optic,No,Yes,Yes,No,Yes,Yes,Month-to-month,0,Credit card (automatic),101.3,1794.65,0,8.289616209357229,4.349097700368581,4.349097700368581,Q2
6891-JPYFF,Female,0,1,1,48,1,Yes,Fiber optic,Yes,Yes,No,No,Yes,Yes,Month-to-month,1,Credit card (automatic),105.25,4997.5,0,39.35019046105436,4.3468051700844565,4.3468051700844565,Q2
5133-VRSAB,Male,0,0,0,8,0,No phone service,DSL,Yes,No,No,No,No,No,Month-to-month,0,Mailed check,29.35,216.45,0,22.891071464104527,4.345025144221721,4.345025144221721,Q2
3496-LFSZU,Male,0,1,0,4,1,No,Fiber optic,No,No,No,No,No,No,Month-to-month,0,Electronic check,70.5,294.2,0,2.955545434222619,4.338513961444816,4.338513961444816,Q2
2796-UUZZO,Male,0,1,1,63,1,No,Fiber optic,No,Yes,Yes,No,No,No,Month-to-month,1,Credit card (automatic),80.3,4896.35,0,17.80333133534796,4.322636085268814,4.322636085268814,Q2
0129-KPTWJ,Male,0,1,0,72,1,No,Fiber optic,No,No,Yes,No,Yes,Yes,Month-to-month,1,Electronic check,94.65,6747.35,0,3.2875353510360057,4.31987876070437,4.31987876070437,Q2
0824-VWDPO,Female,0,0,0,45,1,Yes,Fiber optic,Yes,Yes,No,No,No,Yes,One year,0,Bank transfer (automatic),96.75,4442.75,0,4.467924794753871,4.31495451138062,4.31495451138062,Q2
1919-RTPQD,Male,0,1,1,7,1,No,DSL,No,No,No,No,No,No,Month-to-month,0,Electronic check,44.75,333.65,0,21.096796217969516,4.308664612464523,4.308664612464523,Q2
0018-NYROU,Female,0,1,0,5,1,No,Fiber optic,No,No,No,No,No,No,Month-to-month,1,Electronic check,68.95,351.5,0,0.4212971868553588,4.284988672567878,4.284988672567878,Q2
1100-DDVRV,Male,0,1,0,17,0,No phone service,DSL,No,Yes,No,No,Yes,Yes,Month-to-month,1,Mailed check,49.8,836.35,0,0.7693333719416323,4.28208573930124,4.28208573930124,Q2
0691-NIKRI,Female,0,0,0,40,1,Yes,Fiber optic,No,No,Yes,Yes,Yes,Yes,One year,1,Credit card (automatic),105.95,4335.2,0,4.489486594481596,4.281226442440364,4.281226442440364,Q2
0620-XEFWH,Male,0,1,1,4,1,No,No,No internet service,No internet service,No internet service,No internet service,No internet service,No internet service,Month-to-month,0,Mailed check,18.85,84.2,0,18.398120615064677,4.269230766136283,4.269230766136283,Q2
4807-IZYOZ,Female,0,0,0,51,1,No,No,No internet service,No internet service,No internet service,No internet service,No internet service,No internet service,Two year,0,Bank transfer (automatic),20.65,1020.75,0,62.3503053495554,4.268831880577909,4.268831880577909,Q2
0722-SVSFK,Female,0,0,0,7,1,No,Fiber optic,No,No,Yes,Yes,Yes,Yes,Month-to-month,1,Electronic check,100.4,715.0,0,21.15529764066198,4.26498086011257,4.26498086011257,Q2
2791-SFVEW,Female,0,0,0,9,1,No,No,No internet service,No internet service,No internet service,No internet service,No internet service,No internet service,Month-to-month,0,Bank transfer (automatic),20.15,238.15,0,18.33969217946031,4.2637863593862475,4.2637863593862475,Q2
9730-DRTMJ,Male,0,1,0,32,1,Yes,DSL,Yes,No,No,Yes,Yes,No,One year,1,Credit card (automatic),72.8,2333.05,0,10.046021814213834,4.242479358587821,4.242479358587821,Q2
1548-FEHVL,Male,0,1,0,61,1,Yes,Fiber optic,Yes,Yes,No,No,Yes,Yes,Month-to-month,1,Electronic check,106.2,6375.2,0,36.49768271238424,4.233110781824343,4.233110781824343,Q2
9052-DHNKM,Male,0,0,0,26,1,Yes,DSL,Yes,Yes,No,No,No,No,One year,0,Electronic check,61.55,1581.95,0,30.300881712261784,4.2312525773705145,4.2312525773705145,Q2
7684-XSZIY,Male,0,1,1,72,1,Yes,No,No internet service,No internet service,No internet service,No internet service,No internet service,No internet service,Two year,0,Bank transfer (automatic),24.3,1643.25,0,1.0826268264743266,4.225589288580175,4.225589288580175,Q2
1552-CZCLL,Female,0,1,1,55,1,No,No,No internet service,No internet service,No internet service,No internet service,No internet service,No internet service,Month-to-month,0,Credit card (automatic),20.0,1087.25,0,3.847157121421156,4.2214895799374945,4.2214895799374945,Q2
9253-VIFJQ,Male,0,1,0,65,1,Yes,DSL,Yes,Yes,Yes,No,No,No,One year,0,Credit card (automatic),67.05,4309.55,0,28.683380351222652,4.219673737068937,4.219673737068937,Q2
4227-OJHAL,Female,0,1,1,68,1,Yes,DSL,Yes,Yes,Yes,No,Yes,No,One year,1,Credit card (automatic),73.0,5163.0,0,36.134497525151204,4.211894905080703,4.211894905080703,Q2
2560-PPCHE,Female,0,0,0,65,1,Yes,Fiber optic,No,Yes,No,Yes,Yes,Yes,One year,1,Bank transfer (automatic),105.05,6744.25,0,19.901200019363316,4.21160713417016,4.21160713417016,Q2
1395-WSWXR,Male,0,0,0,24,1,No,No,No internet service,No internet service,No internet service,No internet service,No internet service,No internet service,Two year,0,Mailed check,20.75,487.05,0,3.4570474828228845,4.201713599989158,4.201713599989158,Q2
6339-RZCBJ,Male,0,0,0,48,1,No,DSL,No,Yes,Yes,Yes,Yes,Yes,Two year,0,Credit card (automatic),78.9,3771.5,0,14.382470219576145,4.201325184181881,4.201325184181881,Q2
4304-TSPVK,Female,0,1,0,68,1,Yes,Fiber optic,Yes,Yes,Yes,Yes,Yes,Yes,Two year,0,Bank transfer (automatic),114.9,7843.55,0,27.860779217252357,4.2013154761387135,4.2013154761387135,Q2
6233-HXJMX,Female,0,0,0,45,1,Yes,Fiber optic,No,No,Yes,No,No,Yes,Month-to-month,1,Credit card (automatic),89.3,4192.15,0,12.440898475504616,4.199530368987206,4.199530368987206,Q2
6211-WWLTF,Male,0,1,0,63,1,No,Fiber optic,Yes,No,Yes,No,Yes,Yes,Two year,0,Credit card (automatic),99.7,6330.4,0,22.023690377634868,4.198870596256712,4.198870596256712,Q2
9957-YODKZ,Male,1,1,0,6,1,Yes,Fiber optic,No,No,Yes,No,No,No,Month-to-month,1,Electronic check,80.8,457.1,0,14.207485485984279,4.186875316527784,4.186875316527784,Q2
5315-CKEQK,Male,1,1,1,28,1,Yes,DSL,No,No,No,No,No,No,One year,1,Electronic check,51.0,1381.8,0,19.917113088226127,4.168307505334847,4.168307505334847,Q2
5394-MEITZ,Female,0,1,1,60,1,No,DSL,No,Yes,Yes,Yes,Yes,Yes,Two year,1,Bank transfer (automatic),80.6,4946.7,0,3.382419722500022,4.167146221203282,4.167146221203282,Q2
1976-AZZPJ,Male,0,1,0,7,0,No phone service,DSL,Yes,Yes,No,No,No,No,Month-to-month,0,Mailed check,34.2,256.6,0,28.630137041006247,4.166708850826986,4.166708850826986,Q2
5989-PGKJB,Female,0,0,0,16,1,No,Fiber optic,No,Yes,No,No,No,Yes,Month-to-month,1,Electronic check,86.25,1340.1,0,42.11499807627249,4.165342469270119,4.165342469270119,Q2
6407-UTSLV,Female,1,0,0,2,1,No,Fiber optic,No,Yes,No,No,Yes,No,Month-to-month,1,Bank transfer (automatic),83.8,163.7,0,62.14639242047216,4.152621078161841,4.152621078161841,Q2
4323-OHFOW,Female,1,1,0,70,1,Yes,Fiber optic,No,Yes,No,Yes,Yes,Yes,One year,1,Bank transfer (automatic),105.55,7195.35,0,13.908258676213464,4.152481725370193,4.152481725370193,Q2
7188-CBBBA,Female,0,0,0,65,1,Yes,Fiber optic,No,Yes,Yes,No,Yes,No,One year,1,Electronic check,95.5,6153.85,0,0.42082109848643456,4.1430507607781015,4.1430507607781015,Q2
5913-INRQV,Male,1,1,0,34,1,No,Fiber optic,Yes,No,No,Yes,Yes,No,One year,0,Mailed check,90.15,3128.8,0,27.995644411702685,4.141903610200988,4.141903610200988,Q2
2903-YYTBW,Male,0,1,1,1,1,No,DSL,No,No,No,No,No,No,Month-to-month,0,Electronic check,44.55,44.55,0,0.6556753263047002,4.139415401875077,4.139415401875077,Q2
9639-BUJXT,Male,0,0,0,63,1,No,No,No internet service,No internet service,No internet service,No internet service,No internet service,No internet service,One year,0,Mailed check,20.5,1328.15,0,3.306478004452336,4.131416541835247,4.131416541835247,Q2
9578-FOMUK,Male,0,0,1,15,1,Yes,No,No internet service,No internet service,No internet service,No internet service,No internet service,No internet service,Month-to-month,1,Electronic check,24.8,324.15,0,3.080373780315914,4.130056272474109,4.130056272474109,Q2
5529-GIBVH,Female,0,0,0,47,1,No,No,No internet service,No internet service,No internet service,No internet service,No internet service,No internet service,Two year,0,Mailed check,20.15,1046.2,0,9.402620832620263,4.1299942319346,4.1299942319346,Q2
5702-KVQRD,Male,0,1,0,71,1,No,DSL,Yes,No,Yes,Yes,Yes,Yes,Two year,1,Electronic check,82.55,5832.65,0,18.620311335465807,1.795109654899295,4.124439733695508,Q2
6252-DFGTK,Female,0,1,0,37,1,Yes,DSL,Yes,No,Yes,Yes,No,No,One year,0,Credit card (automatic),68.1,2479.25,0,13.262246172211206,4.118041009310313,4.118041009310313,Q2
3441-CGZJH,Female,0,1,1,43,0,No phone service,DSL,Yes,No,Yes,Yes,Yes,Yes,One year,1,Credit card (automatic),60.4,2640.55,0,12.603416211534718,4.117647017711254,4.117647017711254,Q2
8672-OAUPW,Male,0,0,1,51,1,No,DSL,No,No,No,Yes,No,No,One year,0,Credit card (automatic),47.85,2356.75,0,18.023452015910642,4.114164148306065,4.114164148306065,Q2
0657-DOGUM,Female,0,1,0,48,1,Yes,DSL,Yes,No,No,Yes,No,No,One year,1,Bank transfer (automatic),60.6,2985.25,0,0.28473475561068107,4.1066330087120555,4.1066330087120555,Q2
9079-LWTFD,Male,0,0,0,47,1,Yes,Fiber optic,Yes,Yes,No,Yes,Yes,No,Month-to-month,0,Mailed check,100.75,4669.2,0,0.9691179981974034,4.105480015492156,4.105480015492156,Q2
3694-GLTJM,Female,0,0,0,5,1,No,No,No internet service,No internet service,No internet service,No internet service,No internet service,No internet service,Month-to-month,1,Credit card (automatic),19.65,92.05,0,0.37190548606238955,4.100628593997902,4.100628593997902,Q2
1098-KFQEC,Female,0,1,1,55,1,No,No,No internet service,No internet service,No internet service,No internet service,No internet service,No internet service,Two year,0,Credit card (automatic),19.4,1083.0,0,29.777181362939242,4.096738553013307,4.096738553013307,Q2
2188-SXWVT,Female,0,0,0,34,1,No,DSL,Yes,Yes,No,No,No,No,One year,0,Mailed check,55.0,1885.15,0,6.599973730244227,4.094993113810451,4.094993113810451,Q2
3795-CAWEX,Male,0,1,1,70,1,Yes,Fiber optic,Yes,Yes,Yes,Yes,Yes,Yes,Two year,1,Credit card (automatic),116.55,8152.3,0,45.988408319317635,4.091557997694595,4.091557997694595,Q2
1089-HDMKP,Male,1,0,1,11,1,No,DSL,No,Yes,No,Yes,No,No,Month-to-month,1,Electronic check,54.55,601.25,0,0.8647573193063035,4.091314810085421,4.091314810085421,Q2
3787-TRIAL,Male,0,1,1,21,0,No phone service,DSL,No,No,No,No,No,No,Month-to-month,1,Electronic check,26.05,565.75,0,20.760857997843367,4.083075184630611,4.083075184630611,Q2
5982-PSMKW,Female,0,1,1,23,1,Yes,DSL,Yes,Yes,Yes,Yes,Yes,Yes,Two year,1,Credit card (automatic),91.1,2198.3,0,6.813090813301119,4.078420060182155,4.078420060182155,Q2
7754-IXRMC,Female,0,0,0,1,1,No,DSL,No,No,No,No,No,No,Month-to-month,0,Mailed check,45.35,45.35,0,31.928598785261585,4.074119721506616,4.074119721506616,Q2
9451-WLYRI,Female,0,1,0,53,1,No,No,No internet service,No internet service,No internet service,No internet service,No internet service,No internet service,One year,0,Credit card (automatic),19.05,990.45,0,36.11561765432584,4.068541063463335,4.068541063463335,Q2
0674-DGMAQ,Male,1,1,0,32,1,Yes,Fiber optic,No,Yes,Yes,No,No,Yes,Month-to-month,1,Electronic check,93.5,2970.8,0,70.3572557569235,4.047327252543957,4.047327252543957,Q2
4521-WFJAI,Male,0,0,0,56,1,Yes,No,No internet service,No internet service,No internet service,No internet service,No internet service,No internet service,Two year,1,Bank transfer (automatic),25.95,1444.05,0,6.912889960789026,4.047232921205707,4.047232921205707,Q2
3810-PJUHR,Male,0,1,1,70,1,Yes,No,No internet service,No internet service,No internet service,No internet service,No internet service,No internet service,Two year,0,Mailed check,25.35,1715.15,0,46.157728917369774,4.044371480543286,4.044371480543286,Q2
5751-USDBL,Male,0,1,1,46,1,No,DSL,Yes,No,Yes,Yes,Yes,Yes,Two year,0,Mailed check,81.0,3846.35,0,1.77516080673553,4.042990016052045,4.042990016052045,Q2
6734-FQAJX,Male,1,0,0,67,1,No,Fiber optic,Yes,Yes,No,Yes,Yes,Yes,Two year,1,Electronic check,105.05,7171.7,0,3.9242534051265445,4.032853552135605,4.032853552135605,Q2
7480-SPLEF,Male,0,1,1,69,1,Yes,No,No internet service,No internet service,No internet service,No internet service,No internet service,No internet service,Two year,1,Bank transfer (automatic),26.0,1796.55,0,2.1022357497970616,4.025353038381127,4.025353038381127,Q2
1485-YDHMM,Male,0,1,1,52,1,Yes,Fiber optic,No,Yes,No,Yes,No,Yes,Month-to-month,1,Bank transfer (automatic),93.25,4631.7,0,18.862316382518642,4.021720908486238,4.021720908486238,Q2
1174-FGIFN,Female,0,1,1,28,1,Yes,Fiber optic,No,No,No,Yes,No,Yes,One year,1,Electronic check,90.45,2509.25,0,4.547187582838369,4.021148161216273,4.021148161216273,Q2
6516-NKQBO,Male,0,1,1,38,1,No,DSL,Yes,No,Yes,Yes,Yes,Yes,Two year,0,Credit card (automatic),81.0,3084.9,0,24.956791627686798,4.02041107353622,4.02041107353622,Q2
2550-AEVRU,Female,0,1,1,57,1,No,DSL,Yes,Yes,No,No,No,No,One year,0,Electronic check,53.45,3053.0,0,3.5204280547575157,4.014058954097019,4.014058954097019,Q2
6519-CFDBX,Female,0,0,0,2,1,No,DSL,No,No,No,No,No,No,Month-to-month,1,Electronic check,45.4,80.95,0,14.209980531964725,4.013158163345774,4.013158163345774,Q2
4632-XJMEX,Male,0,0,1,53,1,No,DSL,Yes,Yes,No,Yes,No,No,One year,0,Credit card (automatic),62.85,3419.5,0,4.882424226836359,4.011419128958691,4.011419128958691,Q2
1136-XGEQU,Female,0,1,1,50,1,Yes,DSL,No,Yes,Yes,Yes,Yes,Yes,One year,1,Credit card (automatic),84.15,4164.4,0,6.893452026798526,4.005755027166981,4.005755027166981,Q2
4827-USJHP,Male,0,0,0,20,1,No,DSL,No,Yes,No,No,No,No,Month-to-month,1,Mailed check,51.8,1023.85,0,0.8108391219947994,4.000149999180513,4.000149999180513,Q2
2799-ARNLO,Female,1,1,0,5,1,No,Fiber optic,No,No,No,No,No,No,Month-to-month,1,Electronic check,69.35,341.6,0,4.047327252543957,3.9917729316006887,3.9917729316006887,Q2
1016-DJTSV,Male,1,0,0,8,1,No,Fiber optic,No,No,No,No,No,No,Month-to-month,1,Electronic check,69.7,572.85,0,1.8694788694520161,3.9835741053701677,3.9835741053701677,Q2
1271-UODNO,Male,0,0,0,39,1,Yes,DSL,No,No,No,Yes,No,No,Two year,1,Credit card (automatic),53.85,2200.7,0,0.7670986871254712,3.983125547808545,3.983125547808545,Q2
5136-GFPMB,Male,0,0,0,54,1,Yes,Fiber optic,No,No,Yes,No,No,Yes,Month-to-month,0,Credit card (automatic),89.4,4869.5,0,26.444343033030744,3.9827480008435105,3.9827480008435105,Q2
4501-UYKBC,Female,1,0,0,46,1,Yes,DSL,No,No,Yes,Yes,No,Yes,One year,1,Credit card (automatic),69.1,3255.35,0,63.15174172083877,3.958817375957545,3.958817375957545,Q2
4029-HPFVY,Male,0,0,0,3,1,No,Fiber optic,No,No,No,No,No,No,Month-to-month,1,Mailed check,70.3,220.4,0,7.078842583293617,3.9519847346184904,3.9519847346184904,Q2
6586-MYGKD,Male,0,1,0,70,1,Yes,DSL,Yes,No,No,Yes,Yes,Yes,Two year,1,Credit card (automatic),76.95,5289.8,0,37.834177372648504,3.9463402864416115,3.9463402864416115,Q2
0993-OSGPT,Female,1,1,0,68,1,No,DSL,No,Yes,Yes,Yes,No,No,One year,1,Bank transfer (automatic),60.65,3975.9,0,36.0715015180984,3.9449512430701237,3.9449512430701237,Q2
1407-DIGZV,Female,0,1,1,3,1,No,No,No internet service,No internet service,No internet service,No internet service,No internet service,No internet service,Two year,0,Mailed check,19.1,52.0,0,12.435560621610769,3.9413590686064994,3.9413590686064994,Q2
2808-CHTDM,Female,0,1,1,23,1,Yes,No,No internet service,No internet service,No internet service,No internet service,No internet service,No internet service,Two year,0,Mailed check,25.1,611.45,0,3.1573569124799534,3.9310926325190834,3.9310926325190834,Q2
1596-OQSPS,Female,0,0,0,11,1,No,DSL,No,Yes,No,No,No,No,Month-to-month,0,Electronic check,51.1,531.15,0,4.096738553013307,3.9294922201347156,3.9294922201347156,Q2
6924-TDGMT,Male,0,1,0,11,1,No,No,No internet service,No internet service,No internet service,No internet service,No internet service,No internet service,One year,1,Mailed check,20.55,184.95,0,4.575602381657331,3.927861372470841,3.927861372470841,Q2
1106-HRLKZ,Male,0,1,1,40,1,No,No,No internet service,No internet service,No internet service,No internet service,No internet service,No internet service,Two year,0,Mailed check,19.6,808.95,0,8.275574411725298,3.9242534051265445,3.9242534051265445,Q2
1621-YNCJH,Female,0,1,0,36,1,Yes,Fiber optic,Yes,Yes,Yes,Yes,No,Yes,Two year,1,Credit card (automatic),106.05,3834.4,0,16.05677086183701,3.921938539506853,3.921938539506853,Q2
0357-NVCRI,Female,0,0,1,25,1,No,No,No internet service,No internet service,No internet service,No internet service,No internet service,No internet service,Month-to-month,0,Credit card (automatic),20.05,471.7,0,2.790388936753243,3.9155402753681927,3.9155402753681927,Q2
1680-VDCWW,Male,0,1,0,12,1,No,No,No internet service,No internet service,No internet service,No internet service,No internet service,No internet service,One year,0,Bank transfer (automatic),19.8,202.25,0,14.667976122394721,3.906750242428837,3.906750242428837,Q2
1730-VFMWO,Female,0,1,0,34,1,No,DSL,No,No,No,Yes,No,No,Month-to-month,0,Bank transfer (automatic),50.2,1815.3,0,28.808354357083132,3.9043571812050453,3.9043571812050453,Q2
5921-NGYRH,Male,0,1,0,64,1,No,Fiber optic,Yes,No,No,No,No,No,Month-to-month,1,Mailed check,73.55,4764.0,0,12.876419273677826,3.8913976625157805,3.8913976625157805,Q2
5014-WUQMG,Male,0,1,1,47,1,No,Fiber optic,Yes,Yes,Yes,No,No,Yes,One year,1,Electronic check,96.1,4391.45,0,1.067909659369148,3.887400822991955,3.887400822991955,Q2
6131-IUNXN,Female,0,1,1,19,1,No,No,No internet service,No internet service,No internet service,No internet service,No internet service,No internet service,Month-to-month,0,Mailed check,20.2,382.2,0,1.9521617388494987,3.881828248871213,3.881828248871213,Q2
0042-JVWOJ,Male,0,0,0,26,1,No,No,No internet service,No internet service,No internet service,No internet service,No internet service,No internet service,One year,1,Bank transfer (automatic),19.6,471.85,0,36.267002909355824,3.8808757829972547,3.8808757829972547,Q2
9822-BIIGN,Male,0,1,1,53,1,Yes,DSL,Yes,No,No,Yes,No,Yes,Month-to-month,0,Electronic check,71.85,3827.9,0,0.9238448020563816,3.877954611546721,3.877954611546721,Q2
6701-DHKWQ,Female,0,1,1,61,0,No phone service,DSL,No,Yes,Yes,Yes,Yes,No,Two year,0,Credit card (automatic),51.35,3244.4,0,11.61331577247428,3.874912338383289,3.874912338383289,Q2
8853-TZDGH,Female,0,0,0,72,1,Yes,Fiber optic,No,Yes,Yes,Yes,Yes,Yes,Two year,1,Bank transfer (automatic),111.6,8012.75,0,43.59990966616593,3.873523691153744,3.873523691153744,Q2
9919-YLNNG,Female,0,0,0,42,1,No,Fiber optic,No,Yes,Yes,Yes,Yes,Yes,Month-to-month,1,Bank transfer (automatic),103.8,4327.5,0,13.654712091822251,3.8724091863008048,3.8724091863008048,Q2
6745-JEFZB,Male,0,1,0,35,1,Yes,Fiber optic,No,No,No,Yes,Yes,No,Month-to-month,1,Credit card (automatic),91.5,3236.35,0,2.9462515865012096,3.8708807984447446,3.8708807984447446,Q2
5955-EPOAZ,Female,0,0,0,6,1,No,No,No internet service,No internet service,No internet service,No internet service,No internet service,No internet service,Month-to-month,1,Mailed check,20.95,109.5,0,15.217787761435398,3.8702643802496937,3.8702643802496937,Q2
3059-NGMXB,Male,0,1,1,14,1,Yes,DSL,Yes,Yes,No,No,No,Yes,Month-to-month,0,Mailed check,69.2,944.65,0,47.43789836781187,3.862721556295544,3.862721556295544,Q2
5753-QQWPW,Female,0,0,0,28,1,No,DSL,Yes,Yes,No,Yes,No,No,One year,1,Electronic check,59.9,1654.7,0,0.7779387692808724,3.85652538065984,3.85652538065984,Q2
9812-GHVRI,Female,0,0,0,40,1,Yes,Fiber optic,No,No,No,No,No,Yes,Month-to-month,0,Bank transfer (automatic),83.85,3532.25,0,24.891131452612626,3.8553970237428707,3.8553970237428707,Q2
0895-UADGO,Male,0,0,1,8,0,No phone service,DSL,Yes,No,No,Yes,No,Yes,Two year,1,Mailed check,44.55,343.45,0,1.806985926668582,3.847157121421156,3.847157121421156,Q2
0757-WCUUZ,Male,0,1,1,54,1,Yes,DSL,No,No,Yes,No,No,Yes,Two year,0,Credit card (automatic),63.35,3409.1,0,18.324219185704095,3.8464914823854555,3.8464914823854555,Q2
1779-PWPMG,Female,1,1,0,72,1,Yes,Fiber optic,Yes,Yes,Yes,Yes,Yes,Yes,Two year,1,Bank transfer (automatic),114.65,8333.95,0,23.302021162201747,3.8420463513273613,3.8420463513273613,Q2
5627-TVBPP,Female,0,0,1,35,1,No,No,No internet service,No internet service,No internet service,No internet service,No internet service,No internet service,One year,1,Credit card (automatic),20.1,644.5,0,17.772584474210543,3.8394986217826386,3.8394986217826386,Q2
8739-QOTTN,Female,0,1,0,2,1,No,No,No internet service,No internet service,No internet service,No internet service,No internet service,No internet service,Month-to-month,0,Mailed check,20.35,41.85,0,13.116445884220312,3.834626225593228,3.834626225593228,Q2
1217-VASWC,Male,1,1,0,43,1,No,Fiber optic,No,Yes,Yes,No,Yes,Yes,One year,1,Bank transfer (automatic),100.55,4304.0,0,4.219673737068937,3.822220800076727,3.822220800076727,Q2
2176-LVPNX,Female,1,0,0,71,1,Yes,DSL,Yes,Yes,Yes,Yes,Yes,Yes,Two year,0,Mailed check,89.85,6293.45,0,58.61898033900614,3.8199527157339714,3.8199527157339714,Q2
0002-ORFBO,Female,0,1,1,9,1,No,DSL,No,Yes,No,Yes,Yes,No,One year,1,Mailed check,65.6,593.3,0,0.938643607043584,3.819172889879155,3.819172889879155,Q2
6480-YAGIY,Male,0,0,0,45,1,No,Fiber optic,Yes,Yes,Yes,Yes,Yes,Yes,One year,0,Credit card (automatic),112.2,5031.85,0,7.16112009150707,3.8132960708794315,3.8132960708794315,Q2
7140-ADSMJ,Male,0,0,0,8,1,No,No,No internet service,No internet service,No internet service,No internet service,No internet service,No internet service,Month-to-month,1,Credit card (automatic),20.45,162.3,0,7.760874632787289,3.812415887423552,3.812415887423552,Q2
2851-MMUTZ,Female,0,0,0,27,1,No,DSL,No,Yes,No,Yes,No,No,Month-to-month,1,Mailed check,56.15,1439.35,0,25.70453494647746,3.8121496925371297,3.8121496925371297,Q2
0181-RITDD,Male,0,1,1,62,1,No,Fiber optic,Yes,Yes,Yes,Yes,Yes,Yes,Two year,0,Mailed check,108.15,6825.65,0,1.5183433501569426,3.8117653651300034,3.8117653651300034,Q2
2758-RNWXS,Male,0,0,0,35,1,No,Fiber optic,Yes,No,No,Yes,No,Yes,One year,1,Electronic check,89.2,3251.3,0,73.608091888958,3.810127861893435,3.810127861893435,Q2
9970-QBCDA,Female,0,0,0,6,1,No,No,No internet service,No internet service,No internet service,No internet service,No internet service,No internet service,Month-to-month,0,Credit card (automatic),19.7,129.55,0,8.073223237282082,3.8083971849001976,3.8083971849001976,Q2
2190-PHBHR,Female,0,1,0,72,1,Yes,Fiber optic,Yes,Yes,No,No,No,Yes,Two year,1,Credit card (automatic),94.45,6921.7,0,26.372815442225388,3.807706267722251,3.807706267722251,Q2
8946-BFWSG,Male,0,1,1,63,1,Yes,No,No internet service,No internet service,No internet service,No internet service,No internet service,No internet service,Two year,0,Mailed check,25.25,1573.05,0,2.510223717288117,3.807554126846728,3.807554126846728,Q2
1689-YQBYY,Female,0,0,1,12,1,Yes,Fiber optic,No,No,No,No,No,No,Month-to-month,1,Electronic check,76.6,893.0,0,39.59315919573474,3.8041329192179547,3.8041329192179547,Q2
9415-ZNBSX,Female,0,1,1,70,1,Yes,DSL,Yes,Yes,Yes,Yes,Yes,Yes,Two year,1,Bank transfer (automatic),89.0,6293.2,0,2.3750504335115905,3.8032297089820437,3.8032297089820437,Q2
9779-DPNEJ,Female,0,1,1,22,1,No,Fiber optic,No,No,No,No,No,Yes,Month-to-month,1,Electronic check,80.15,1790.65,0,23.75692688279503,3.80318270052649,3.80318270052649,Q2
4043-MKDTV,Male,0,1,0,71,1,No,Fiber optic,No,Yes,Yes,Yes,Yes,Yes,Two year,1,Electronic check,105.25,7291.75,0,45.73292725959027,3.7989593756096935,3.7989593756096935,Q2
8388-DMKAE,Female,0,0,0,8,1,No,No,No internet service,No internet service,No internet service,No internet service,No internet service,No internet service,Two year,0,Mailed check,20.25,174.65,0,5.814972018362872,3.798303283101116,3.798303283101116,Q2
9693-XMUOB,Male,1,1,0,59,0,No phone service,DSL,No,Yes,No,No,Yes,Yes,Month-to-month,1,Electronic check,50.25,2997.45,0,1.061542973688486,3.7960472350732735,3.7960472350732735,Q2
2436-QBZFP,Female,0,1,1,22,0,No phone service,DSL,No,Yes,No,No,Yes,No,Month-to-month,0,Electronic check,39.2,849.9,0,9.490220942613222,3.7948679293456786,3.7948679293456786,Q2
4836-WNFNO,Female,0,1,0,72,1,Yes,No,No internet service,No internet service,No internet service,No internet service,No internet service,No internet service,Two year,0,Credit card (automatic),25.0,1849.2,0,10.71555247430331,3.7938107752546752,3.7938107752546752,Q2
6082-GLJIX,Male,0,0,0,18,1,No,No,No internet service,No internet service,No internet service,No internet service,No internet service,No internet service,Month-to-month,0,Mailed check,19.25,331.35,0,7.289650768699449,3.789153355150696,3.789153355150696,Q2
0899-WZRSD,Male,0,0,0,56,1,Yes,Fiber optic,Yes,No,No,Yes,Yes,Yes,Month-to-month,1,Mailed check,105.35,5794.45,0,12.149931222803309,3.7856401514607056,3.7856401514607056,Q2
5986-WWXDV,Male,0,0,1,39,1,No,No,No internet service,No internet service,No internet service,No internet service,No internet service,No internet service,One year,0,Bank transfer (automatic),19.35,779.2,0,0.3355505361648429,3.784939995758037,3.784939995758037,Q2
9281-OFDMF,Male,1,0,0,39,1,Yes,Fiber optic,No,Yes,No,No,No,Yes,Month-to-month,0,Electronic check,90.7,3413.25,0,1.6728099772747258,3.7779612334019963,3.7779612334019963,Q2
4674-HGNUA,Male,0,1,1,71,1,Yes,DSL,Yes,Yes,Yes,Yes,Yes,Yes,Two year,0,Credit card (automatic),89.9,6457.15,0,20.98602728650471,3.777316387305703,3.777316387305703,Q2
2252-NKNSI,Male,0,0,1,52,1,Yes,DSL,Yes,Yes,No,Yes,Yes,Yes,Two year,1,Mailed check,85.15,4461.85,0,22.44965872473156,3.7771774839857843,3.7771774839857843,Q2
6176-YJWAS,Male,0,1,0,72,1,Yes,Fiber optic,Yes,Yes,Yes,No,Yes,No,Two year,1,Credit card (automatic),97.95,7114.25,0,11.555976084375477,3.77646457162291,3.77646457162291,Q2
6670-MFRPK,Male,0,1,1,69,1,Yes,Fiber optic,No,No,Yes,No,No,No,Two year,1,Credit card (automatic),79.2,5420.65,0,12.433091035016055,3.7728072329502247,3.7728072329502247,Q2
3966-HRMZA,Female,1,0,0,3,1,No,Fiber optic,No,No,Yes,No,No,No,Month-to-month,0,Mailed check,75.05,202.9,0,4.584175413795314,3.7657328058699093,3.7657328058699093,Q2
0537-QYZZN,Male,1,1,1,24,1,Yes,Fiber optic,Yes,No,No,No,No,No,Month-to-month,1,Electronic check,79.85,1857.75,0,0.8714993921522551,3.7628683056913457,3.7628683056913457,Q2
0269-XFESX,Male,0,1,1,23,1,Yes,No,No internet service,No internet service,No internet service,No internet service,No internet service,No internet service,One year,0,Mailed check,24.35,538.5,0,19.353755327938053,3.749050358688074,3.749050358688074,Q2
2067-QYTCF,Female,0,1,0,64,1,Yes,Fiber optic,No,Yes,Yes,Yes,Yes,Yes,Month-to-month,1,Electronic check,111.15,6953.4,0,0.8542777302426681,3.746362909013859,3.746362909013859,Q2
8250-ZNGGW,Female,1,0,0,5,1,No,DSL,Yes,Yes,No,Yes,No,No,Month-to-month,0,Credit card (automatic),59.9,287.85,0,0.5080350140500381,3.744192512688006,3.744192512688006,Q2
9993-LHIEB,Male,0,1,1,67,1,No,DSL,Yes,No,Yes,Yes,No,Yes,Two year,0,Mailed check,67.85,4627.65,0,4.000149999180513,3.7385704026164377,3.7385704026164377,Q2
8380-MQINP,Female,0,1,1,55,1,No,No,No internet service,No internet service,No internet service,No internet service,No internet service,No internet service,Two year,0,Mailed check,20.3,1079.05,0,4.9478108873067965,3.7371935774057787,3.7371935774057787,Q2
3855-ONCAR,Female,0,1,1,4,1,No,Fiber optic,No,No,No,No,Yes,No,Month-to-month,1,Mailed check,78.9,299.75,0,1.145396032906873,3.728161384797122,3.728161384797122,Q2
8075-GXIUB,Male,1,1,0,9,1,No,No,No internet service,No internet service,No internet service,No internet service,No internet service,No internet service,One year,0,Credit card (automatic),19.85,183.15,0,56.94052288203865,3.725009341261127,3.725009341261127,Q2
3067-SVMTC,Female,0,1,0,68,1,No,DSL,Yes,No,No,Yes,No,No,One year,0,Bank transfer (automatic),55.9,3848.8,0,3.728161384797122,3.717689915501547,3.717689915501547,Q2
5829-NVSQN,Female,0,1,0,23,1,No,DSL,Yes,No,Yes,Yes,No,Yes,One year,1,Bank transfer (automatic),68.75,1689.45,0,6.965970782391808,3.7151428493499274,3.7151428493499274,Q2
7876-AEHIG,Female,0,0,1,51,0,No phone service,DSL,Yes,No,Yes,Yes,Yes,Yes,One year,0,Bank transfer (automatic),60.15,3077.0,0,28.60610170703324,3.710943992591995,3.710943992591995,Q2
0270-THENM,Male,0,1,1,72,1,Yes,DSL,Yes,Yes,Yes,Yes,No,No,Two year,0,Bank transfer (automatic),69.85,5102.35,0,0.8663471832505735,3.7100791550656957,3.7100791550656957,Q2
4032-RMHCI,Female,0,1,1,41,0,No phone service,DSL,Yes,No,Yes,No,No,No,One year,0,Credit card (automatic),35.4,1412.4,0,41.58693171342258,3.7078471300658533,3.7078471300658533,Q2
3133-PZNSR,Male,0,1,1,72,1,Yes,Fiber optic,Yes,Yes,No,Yes,No,Yes,Two year,1,Credit card (automatic),97.75,6991.6,0,19.492864339354472,3.700619675905112,3.700619675905112,Q2
4950-BDEUX,Male,0,0,0,35,0,No phone service,DSL,No,No,Yes,No,Yes,Yes,Month-to-month,0,Electronic check,49.2,1701.65,0,19.25743419034969,3.693026716423779,3.693026716423779,Q2
1915-OAKWD,Female,0,0,1,16,1,No,No,No internet service,No internet service,No internet service,No internet service,No internet service,No internet service,One year,1,Bank transfer (automatic),19.3,360.35,0,3.4040304888825306,3.684896693955944,3.684896693955944,Q2
1907-YLNYW,Male,0,0,0,8,1,No,DSL,Yes,No,Yes,No,No,Yes,Month-to-month,1,Electronic check,66.7,579.0,0,54.243906592394545,3.6803815013355488,3.6803815013355488,Q2
0853-TWRVK,Male,0,1,0,72,1,Yes,Fiber optic,Yes,Yes,Yes,Yes,No,Yes,Two year,0,Bank transfer (automatic),105.6,7581.5,0,7.210481851662159,3.6769068485179677,3.6769068485179677,Q2
6616-AALSR,Female,0,1,1,65,1,Yes,Fiber optic,Yes,No,Yes,No,Yes,Yes,Two year,1,Credit card (automatic),104.3,6725.3,0,23.33668097300042,3.665756391428409,3.665756391428409,Q2
8590-YFFQO,Male,0,1,0,70,1,No,DSL,Yes,Yes,Yes,Yes,No,No,Two year,0,Credit card (automatic),64.95,4523.25,0,6.403199220645763,3.6633091794528374,3.6633091794528374,Q2
4439-YRNVD,Female,0,0,0,10,0,No phone service,DSL,No,Yes,No,Yes,No,No,Month-to-month,0,Electronic check,36.25,374.0,0,0.7651986437944801,3.653787359563427,3.653787359563427,Q2
4057-FKCZK,Male,0,1,1,58,1,Yes,Fiber optic,No,No,No,No,Yes,No,Two year,0,Bank transfer (automatic),82.5,4828.05,0,29.971299331355628,3.652522799048126,3.652522799048126,Q2
0508-OOLTO,Female,0,1,1,2,1,No,Fiber optic,No,No,No,No,No,No,Month-to-month,1,Electronic check,71.65,135.75,0,18.319857983194133,3.6410259443923523,3.6410259443923523,Q2
7647-GYYKX,Female,0,1,1,54,1,No,No,No internet service,No internet service,No internet service,No internet service,No internet service,No internet service,Two year,1,Bank transfer (automatic),20.35,1092.35,0,2.215427720844017,3.639927043177192,3.639927043177192,Q2
0872-JCPIB,Male,0,0,0,17,1,Yes,DSL,Yes,No,No,No,No,Yes,Month-to-month,0,Bank transfer (automatic),65.75,1111.2,0,8.277990094501963,3.6301531544077075,3.6301531544077075,Q2
0369-ZGOVK,Female,0,1,1,28,1,No,Fiber optic,No,No,No,No,No,No,One year,1,Bank transfer (automatic),70.4,1992.2,0,43.23083142257887,3.623911695424077,3.623911695424077,Q2
6035-RIIOM,Female,0,0,0,54,1,Yes,Fiber optic,No,Yes,No,No,Yes,Yes,Two year,1,Bank transfer (automatic),97.2,5129.45,0,29.278757825679147,3.618247735848433,3.618247735848433,Q2
3737-XBQDD,Male,0,0,0,24,1,Yes,Fiber optic,No,Yes,Yes,No,No,No,Month-to-month,1,Bank transfer (automatic),84.85,2048.8,0,0.4846918973733569,3.6105589339080626,3.6105589339080626,Q2
5542-TBBWB,Male,0,0,0,1,1,No,Fiber optic,No,No,No,No,No,No,Month-to-month,1,Electronic check,69.9,69.9,0,11.868455000748288,3.6075389032449294,3.6075389032449294,Q2
8132-YPVBX,Female,0,0,0,6,1,No,Fiber optic,No,Yes,No,No,No,Yes,Month-to-month,1,Mailed check,85.95,514.6,0,46.17916592476381,3.6062200478025095,3.6062200478025095,Q2
5242-UOWHD,Male,0,1,1,45,1,No,No,No internet service,No internet service,No internet service,No internet service,No internet service,No internet service,Two year,0,Mailed check,20.35,929.2,0,25.39964940328037,3.602837241799968,3.602837241799968,Q2
6211-WHMYA,Female,1,0,0,64,0,No phone service,DSL,No,Yes,No,Yes,Yes,No,Month-to-month,1,Electronic check,43.85,2751.0,0,17.94645249990228,3.5929505024791877,3.5929505024791877,Q2
8108-UXRQN,Female,0,1,1,11,0,No phone service,DSL,Yes,No,No,No,Yes,Yes,Month-to-month,0,Electronic check,50.55,565.35,0,67.55228635091257,3.5904458751044235,3.5904458751044235,Q2
3030-ZKIWL,Male,0,0,0,1,1,No,No,No internet service,No internet service,No internet service,No internet service,No internet service,No internet service,Month-to-month,0,Mailed check,20.05,20.05,0,2.3130735883371756,3.58286721089566,3.58286721089566,Q2
5859-HZYLF,Male,0,1,1,26,1,No,No,No internet service,No internet service,No internet service,No internet service,No internet service,No internet service,Two year,1,Credit card (automatic),19.15,515.75,0,61.98116704997979,3.5816585640046674,3.5816585640046674,Q2
5504-WSIUR,Female,0,0,0,70,1,Yes,Fiber optic,No,Yes,Yes,Yes,No,No,One year,1,Bank transfer (automatic),90.25,6385.95,0,6.560473246406062,3.578101833033994,3.578101833033994,Q2
7285-KLOTR,Female,0,1,0,12,1,Yes,DSL,Yes,No,Yes,No,Yes,Yes,One year,0,Electronic check,78.85,876.75,0,67.88402461929633,3.5669834931385354,3.5669834931385354,Q2
0829-DDVLK,Female,0,0,0,15,1,No,No,No internet service,No internet service,No internet service,No internet service,No internet service,No internet service,One year,0,Credit card (automatic),20.1,302.45,0,65.02783082422809,3.566800740067979,3.566800740067979,Q2
8800-ZKRFW,Female,0,1,1,30,1,Yes,Fiber optic,No,Yes,Yes,Yes,Yes,Yes,Month-to-month,1,Electronic check,107.5,3242.5,0,0.3903050016029558,3.5614759783179113,3.5614759783179113,Q2
8097-VBQTZ,Male,0,0,0,54,1,No,DSL,Yes,Yes,No,Yes,Yes,No,Month-to-month,1,Mailed check,69.9,3883.3,0,0.3765311278345065,3.5545939325452345,3.5545939325452345,Q2
8845-LWKGE,Female,0,1,1,30,1,No,DSL,No,No,Yes,Yes,Yes,No,One year,1,Electronic check,64.5,1985.15,0,8.900293803949753,3.549966150715568,3.549966150715568,Q2
4566-NECEV,Male,0,0,0,5,1,Yes,Fiber optic,No,Yes,Yes,No,No,Yes,Month-to-month,0,Electronic check,96.55,500.1,0,18.006140737868375,3.5397589444828306,3.5397589444828306,Q2
3470-OBUET,Female,0,1,1,67,1,Yes,DSL,Yes,Yes,No,Yes,Yes,No,Two year,0,Credit card (automatic),74.0,4868.4,0,1.7869518887564309,3.538030459110717,3.538030459110717,Q2
5930-GBIWP,Male,0,0,0,69,1,Yes,DSL,Yes,Yes,Yes,Yes,No,Yes,Two year,1,Credit card (automatic),81.5,5553.25,0,21.69459920057956,3.536832179470727,3.536832179470727,Q2
0430-IHCDJ,Male,0,0,0,15,1,Yes,DSL,No,No,No,No,No,No,Month-to-month,1,Electronic check,49.0,749.25,0,39.06558644743871,3.5326833119840333,3.5326833119840333,Q2
0186-CAERR,Male,0,0,0,71,1,Yes,Fiber optic,Yes,Yes,Yes,Yes,Yes,Yes,One year,1,Bank transfer (automatic),116.3,8309.55,0,2.203277724855506,3.5204280547575157,3.5204280547575157,Q2
8981-FJGLA,Male,0,0,1,11,1,Yes,Fiber optic,No,No,Yes,No,No,No,Month-to-month,1,Mailed check,78.0,851.8,0,25.146508737754196,3.5115874726402923,3.5115874726402923,Q2
1095-WGNGG,Female,0,1,0,61,1,Yes,Fiber optic,No,Yes,No,No,Yes,Yes,Two year,1,Bank transfer (automatic),101.05,5971.25,0,0.7217517235634036,3.5111212977532107,3.5111212977532107,Q2
1536-HBSWP,Female,0,0,0,1,1,No,DSL,No,No,No,Yes,No,No,Month-to-month,1,Electronic check,49.9,49.9,0,3.4188602728853548,3.50182830803779,3.50182830803779,Q2
8039-EQPIM,Male,0,1,0,69,0,No phone service,DSL,Yes,No,Yes,Yes,Yes,Yes,Two year,0,Bank transfer (automatic),60.25,4055.5,0,7.671572260717769,3.5007496286115334,3.5007496286115334,Q2
3413-BMNZE,Male,1,0,0,1,1,No,DSL,No,No,No,No,No,No,Month-to-month,0,Bank transfer (automatic),45.25,45.25,0,33.02447968005889,3.498744626156712,3.498744626156712,Q2
6923-JHPMP,Female,0,0,0,2,1,No,Fiber optic,Yes,No,Yes,No,No,No,Month-to-month,1,Electronic check,80.45,137.1,0,12.102144953002716,3.4973634700890446,3.4973634700890446,Q2
4750-UKWJK,Female,1,1,0,37,1,No,No,No internet service,No internet service,No internet service,No internet service,No internet service,No internet service,One year,0,Mailed check,19.6,727.8,0,37.42851396799553,3.48705810173204,3.48705810173204,Q2
1850-AKQEP,Male,0,0,1,8,1,No,No,No internet service,No internet service,No internet service,No internet service,No internet service,No internet service,Month-to-month,0,Mailed check,20.35,178.7,0,20.520222363564994,3.486795317823825,3.486795317823825,Q2
4137-JOPHL,Female,0,0,0,50,1,No,Fiber optic,No,No,Yes,Yes,No,Yes,Two year,1,Bank transfer (automatic),89.7,4304.5,0,39.30402865250871,3.484893132328877,3.484893132328877,Q2
5382-SOYZL,Male,0,0,0,22,1,Yes,Fiber optic,No,No,No,No,Yes,Yes,Month-to-month,1,Electronic check,95.1,2162.6,0,7.232669755427873,3.477309173032625,3.477309173032625,Q2
1936-CZAKF,Male,0,1,0,49,0,No phone service,DSL,No,Yes,No,No,Yes,Yes,Two year,0,Credit card (automatic),49.65,2409.9,0,13.657509866628798,3.476946718547136,3.476946718547136,Q2
4654-ULTTN,Male,0,1,0,70,1,Yes,DSL,Yes,No,Yes,Yes,No,Yes,Two year,1,Credit card (automatic),74.8,5315.8,0,16.975075527808066,3.468400695140813,3.468400695140813,Q2
9788-YTFGE,Male,0,0,0,7,1,No,No,No internet service,No internet service,No internet service,No internet service,No internet service,No internet service,Month-to-month,1,Mailed check,19.95,147.5,0,68.56442271091396,3.462437814127607,3.462437814127607,Q2
6603-YRDCJ,Male,0,1,0,33,1,No,DSL,Yes,Yes,No,Yes,No,No,Two year,1,Mailed check,61.05,2018.4,0,6.926629405315632,3.4571109719460797,3.4571109719460797,Q2
9861-PDSZP,Female,0,0,0,72,1,Yes,Fiber optic,No,Yes,Yes,Yes,Yes,Yes,Two year,1,Credit card (automatic),108.05,7806.6,0,2.2500516386130354,3.4570474828228845,3.4570474828228845,Q2
0795-GMVQO,Male,0,1,0,67,1,Yes,Fiber optic,Yes,Yes,Yes,No,Yes,Yes,One year,0,Credit card (automatic),109.9,7332.4,0,2.2826594842188332,3.455324958423494,3.455324958423494,Q2
2388-LAESQ,Female,1,1,0,72,1,Yes,Fiber optic,Yes,Yes,Yes,Yes,Yes,Yes,Two year,1,Bank transfer (automatic),114.85,8317.95,0,1.3908081070899756,3.4541770185902494,3.4541770185902494,Q2
1347-KTTTA,Male,0,1,0,64,1,No,Fiber optic,No,Yes,Yes,Yes,Yes,Yes,One year,1,Credit card (automatic),102.45,6654.1,0,1.553130321459871,3.451371003653339,3.451371003653339,Q2
0123-CRBRT,Female,0,1,1,61,1,Yes,DSL,Yes,Yes,Yes,Yes,Yes,Yes,Two year,0,Mailed check,88.1,5526.75,0,0.5228336409891924,3.451275039154815,3.451275039154815,Q2
9530-GRMJG,Male,0,1,1,70,1,Yes,DSL,No,Yes,Yes,Yes,Yes,Yes,Two year,1,Electronic check,84.1,5979.7,0,3.380383700109764,3.4492877210251147,3.4492877210251147,Q2
5787-KXGIY,Male,0,1,0,72,1,No,No,No internet service,No internet service,No internet service,No internet service,No internet service,No internet service,Two year,0,Credit card (automatic),19.3,1304.8,0,9.306851765854171,3.4427175189992263,3.4427175189992263,Q2
1480-BKXGA,Male,1,1,0,72,1,Yes,Fiber optic,Yes,Yes,Yes,Yes,Yes,Yes,Two year,1,Bank transfer (automatic),116.05,8404.9,0,27.502151599452695,3.4417920312205044,3.4417920312205044,Q2
2592-YKDIF,Female,0,0,0,1,1,No,No,No internet service,No internet service,No internet service,No internet service,No internet service,No internet service,Month-to-month,0,Mailed check,20.35,20.35,0,23.698569247463258,3.4417769706390504,3.4417769706390504,Q2
8782-LKFPK,Male,0,0,0,44,1,Yes,Fiber optic,No,No,Yes,No,No,Yes,Month-to-month,1,Mailed check,90.4,4063.0,0,9.470609901489208,3.435245751933146,3.435245751933146,Q2
7351-KYHQH,Female,1,0,0,7,1,No,DSL,No,Yes,Yes,No,Yes,No,Month-to-month,1,Electronic check,64.95,493.65,0,42.23780869541659,3.4188602728853548,3.4188602728853548,Q2
3460-TJBWI,Male,0,1,1,24,1,Yes,No,No internet service,No internet service,No internet service,No internet service,No internet service,No internet service,Two year,0,Mailed check,24.2,609.05,0,0.4460785851297445,3.4143298330551657,3.4143298330551657,Q2
4010-YLMVT,Female,0,0,0,56,1,Yes,Fiber optic,Yes,Yes,No,No,Yes,Yes,Month-to-month,1,Credit card (automatic),106.6,5893.95,0,13.418655670113461,3.4141956915478127,3.4141956915478127,Q2
9332-GYWLO,Female,0,1,1,6,1,No,DSL,No,No,No,No,Yes,No,Month-to-month,0,Electronic check,54.85,355.1,0,0.28431526368392596,3.4091557890663196,3.4091557890663196,Q2
3359-DSRKA,Female,0,1,1,58,1,No,No,No internet service,No internet service,No internet service,No internet service,No internet service,No internet service,Two year,1,Mailed check,19.85,1158.85,0,0.5929093763211088,3.4079629097338366,3.4079629097338366,Q2
4680-KUTAJ,Female,1,0,0,11,1,Yes,DSL,Yes,No,No,No,No,No,Month-to-month,1,Electronic check,55.6,580.8,0,6.286197787486389,3.4040304888825306,3.4040304888825306,Q2
8049-WJCLQ,Male,0,1,1,10,1,No,DSL,No,No,Yes,No,Yes,No,Month-to-month,0,Mailed check,60.2,563.5,0,9.428421659576673,3.4020836996692485,3.4020836996692485,Q2
5543-QDCRY,Male,0,0,0,4,1,No,DSL,No,No,No,No,Yes,No,Month-to-month,1,Electronic check,56.4,234.85,0,0.5655148203143852,3.4002693764932332,3.4002693764932332,Q2
2000-MPKCA,Female,0,0,0,58,1,Yes,Fiber optic,Yes,Yes,Yes,No,Yes,Yes,One year,1,Electronic check,107.75,6332.75,0,1.180858674973936,3.398147119332947,3.398147119332947,Q2
0164-XAIRP,Female,0,0,0,24,1,No,No,No internet service,No internet service,No internet service,No internet service,No internet service,No internet service,Two year,1,Bank transfer (automatic),19.55,470.2,0,78.01169535590377,3.3955367741885345,3.3955367741885345,Q2
3486-HOOGQ,Female,0,1,1,70,1,Yes,DSL,Yes,Yes,Yes,Yes,Yes,No,Two year,0,Bank transfer (automatic),79.7,5743.3,0,9.07007051121656,3.3955211968208374,3.3955211968208374,Q2
8242-SOQUO,Female,1,0,0,5,1,No,Fiber optic,No,Yes,No,No,Yes,No,Month-to-month,1,Electronic check,84.7,392.5,0,0.7133818506923117,3.3871105936629022,3.3871105936629022,Q2
0604-THJFP,Female,0,1,1,59,1,No,DSL,No,Yes,No,Yes,Yes,Yes,Two year,1,Credit card (automatic),75.95,4542.35,0,20.395599878712105,3.3842889113895143,3.3842889113895143,Q2
6652-YFFJO,Female,0,0,0,11,1,No,DSL,No,No,No,No,Yes,Yes,Month-to-month,1,Electronic check,64.9,716.1,0,2.4174138444052993,3.382419722500022,3.382419722500022,Q2
3417-TSCIC,Male,0,0,0,29,0,No phone service,DSL,No,No,No,No,No,No,One year,1,Mailed check,24.85,788.05,0,12.505950756118864,3.38045922784427,3.38045922784427,Q2
7293-LSCDV,Female,0,1,1,60,1,No,No,No internet service,No internet service,No internet service,No internet service,No internet service,No internet service,Two year,1,Credit card (automatic),19.25,1103.25,0,3.4002693764932332,3.380383700109764,3.380383700109764,Q2
4933-IKULF,Female,1,0,0,17,1,No,No,No internet service,No internet service,No internet service,No internet service,No internet service,No internet service,One year,0,Mailed check,20.65,330.6,0,17.990268214618467,3.3798032425380438,3.3798032425380438,Q2
3729-OWRVL,Male,1,0,0,65,1,Yes,Fiber optic,Yes,No,Yes,Yes,Yes,Yes,Two year,1,Electronic check,110.35,7246.15,0,22.69315005562119,3.3787168254048434,3.3787168254048434,Q2
9297-EONCV,Female,0,0,0,72,1,Yes,DSL,Yes,Yes,Yes,Yes,Yes,Yes,Two year,1,Bank transfer (automatic),91.35,6697.2,0,19.583180551642435,3.3776736943606886,3.3776736943606886,Q2
9802-CAQUT,Female,0,1,1,72,1,Yes,Fiber optic,Yes,Yes,Yes,No,Yes,Yes,Two year,0,Credit card (automatic),109.55,7887.25,0,58.79676464918001,3.376637530051392,3.376637530051392,Q2
8263-OKETD,Female,0,0,0,20,1,Yes,DSL,No,Yes,No,Yes,No,Yes,Month-to-month,1,Credit card (automatic),68.9,1370.35,0,0.7132309360277809,3.374308097383559,3.374308097383559,Q2
9003-CPATH,Male,0,0,0,42,1,Yes,Fiber optic,No,No,Yes,No,No,No,Month-to-month,0,Electronic check,79.9,3313.4,0,1.3231885816804447,3.3713018030018875,3.3713018030018875,Q2
8383-SGHJU,Female,0,0,0,33,1,Yes,DSL,Yes,No,No,Yes,No,No,One year,0,Electronic check,59.4,1952.8,0,0.5040878548866877,3.3664512706156384,3.3664512706156384,Q2
3283-WCWXT,Male,0,1,1,6,1,Yes,No,No internet service,No internet service,No internet service,No internet service,No internet service,No internet service,Two year,0,Mailed check,25.4,153.3,0,0.25430267508993265,3.3649375924268714,3.3649375924268714,Q2
1709-EJDOX,Female,0,1,1,47,1,No,No,No internet service,No internet service,No internet service,No internet service,No internet service,No internet service,Two year,0,Mailed check,19.75,948.9,0,75.46670756957579,3.3586505855330016,3.3586505855330016,Q2
5260-UMPWX,Female,0,1,1,26,1,No,No,No internet service,No internet service,No internet service,No internet service,No internet service,No internet service,Month-to-month,1,Credit card (automatic),20.25,493.95,0,5.45096094002183,3.356172418676674,3.356172418676674,Q2
1508-DFXCU,Male,0,0,0,12,1,No,Fiber optic,No,No,No,No,Yes,No,Month-to-month,1,Electronic check,81.45,912.0,0,22.041687616821875,3.3471597018118695,3.3471597018118695,Q2
3717-LNXKW,Male,0,1,0,38,1,Yes,Fiber optic,Yes,No,No,No,Yes,No,Month-to-month,0,Bank transfer (automatic),91.7,3479.05,0,4.2013154761387135,3.3468672615407162,3.3468672615407162,Q2
0673-IGUQO,Male,0,0,0,1,1,No,No,No internet service,No internet service,No internet service,No internet service,No internet service,No internet service,Month-to-month,0,Mailed check,20.45,20.45,0,12.982259503344014,3.3466751717087115,3.3466751717087115,Q2
3893-JRNFS,Male,0,0,0,68,0,No phone service,DSL,No,No,Yes,No,No,Yes,Month-to-month,1,Bank transfer (automatic),39.9,2796.35,0,7.212228385305375,3.345496209805035,3.345496209805035,Q2
6478-HRRCZ,Male,0,1,0,32,1,No,DSL,Yes,Yes,No,Yes,No,Yes,One year,0,Mailed check,70.5,2201.75,0,43.15959887725982,3.3432723214412126,3.3432723214412126,Q2
7521-AFHAB,Female,0,1,1,5,1,No,DSL,No,No,No,No,No,No,Month-to-month,0,Mailed check,44.8,220.45,0,43.326219121684744,3.3385797379679576,3.3385797379679576,Q2
1790-NESIO,Female,0,0,0,13,1,No,No,No internet service,No internet service,No internet service,No internet service,No internet service,No internet service,Two year,1,Mailed check,20.4,261.3,0,10.611391496766371,3.328388255257194,3.328388255257194,Q2
2589-AYCRP,Female,0,0,0,50,1,No,No,No internet service,No internet service,No internet service,No internet service,No internet service,No internet service,One year,0,Bank transfer (automatic),19.75,989.05,0,24.41682946666833,3.322829411757225,3.322829411757225,Q2
3266-FTKHB,Male,0,0,0,17,1,No,No,No internet service,No internet service,No internet service,No internet service,No internet service,No internet service,Two year,0,Mailed check,19.15,343.45,0,69.92886008147974,3.3215972581902524,3.3215972581902524,Q2
0794-YVSGE,Male,0,1,1,72,1,No,No,No internet service,No internet service,No internet service,No internet service,No internet service,No internet service,Two year,0,Bank transfer (automatic),20.3,1401.15,0,11.712213335910848,3.318513312175993,3.318513312175993,Q2
2709-UQGNP,Male,0,0,0,10,1,No,DSL,Yes,No,No,No,No,No,Month-to-month,1,Mailed check,51.65,524.5,0,4.997072316951325,3.3166945893075095,3.3166945893075095,Q2
2361-FJWNO,Male,0,0,0,40,0,No phone service,DSL,No,Yes,No,Yes,No,No,One year,0,Credit card (automatic),36.0,1382.9,0,8.774953708785574,3.31465662714579,3.31465662714579,Q2
9739-JLPQJ,Female,0,1,1,72,1,Yes,Fiber optic,Yes,Yes,Yes,Yes,Yes,Yes,Two year,0,Credit card (automatic),117.5,8670.1,0,19.3830730002141,3.308818455757763,3.308818455757763,Q2
2262-SLNVK,Female,0,0,0,1,1,No,Fiber optic,No,No,No,No,No,No,Month-to-month,0,Electronic check,70.1,70.1,0,0.8818690816640051,3.306478004452336,3.306478004452336,Q2
8123-QBNAZ,Female,0,1,1,36,1,Yes,Fiber optic,Yes,No,Yes,No,Yes,Yes,Month-to-month,1,Credit card (automatic),104.5,3684.95,0,47.187780908619445,3.3052470545985195,3.3052470545985195,Q2
2960-NKRSO,Male,0,0,0,24,1,No,Fiber optic,No,Yes,Yes,Yes,No,No,Month-to-month,1,Electronic check,85.95,2107.15,0,28.098273213808135,3.3048791956102663,3.3048791956102663,Q2
7105-BENQF,Male,0,0,1,15,1,No,DSL,Yes,No,Yes,No,No,Yes,One year,0,Mailed check,64.85,950.75,0,2.5616116362589936,3.302759101170095,3.302759101170095,Q2
1536-YHDOE,Male,0,1,1,17,1,Yes,DSL,Yes,No,No,Yes,No,No,One year,1,Mailed check,62.1,1096.65,0,0.6790088306253584,3.302145741431338,3.302145741431338,Q2
5982-FPVQN,Female,0,1,1,37,1,Yes,Fiber optic,No,Yes,Yes,No,No,Yes,Month-to-month,1,Electronic check,95.15,3532.85,0,18.25009837567791,3.3016120896268,3.3016120896268,Q2
4526-EXKKN,Male,0,0,0,40,1,Yes,No,No internet service,No internet service,No internet service,No internet service,No internet service,No internet service,Two year,1,Mailed check,24.6,973.95,0,17.986245596067707,3.296298141630632,3.296298141630632,Q2
4634-JLRJT,Female,0,0,0,1,1,No,No,No internet service,No internet service,No internet service,No internet service,No internet service,No internet service,Month-to-month,1,Mailed check,20.35,20.35,0,20.891476730036512,3.2891444407665387,3.2891444407665387,Q2
8414-OOEEL,Male,0,0,1,66,1,No,DSL,No,Yes,Yes,Yes,Yes,Yes,Two year,1,Credit card (automatic),79.5,5196.1,0,15.75515418184196,3.2879669285946975,3.2879669285946975,Q2
1401-FTHFQ,Male,0,1,1,23,1,No,No,No internet service,No internet service,No internet service,No internet service,No internet service,No internet service,One year,1,Credit card (automatic),20.0,445.3,0,34.56338714979501,3.2875353510360057,3.2875353510360057,Q2
5356-KZCKT,Male,0,0,0,58,1,Yes,No,No internet service,No internet service,No internet service,No internet service,No internet service,No internet service,Two year,1,Credit card (automatic),24.45,1513.6,0,13.473132529952311,3.2800645655467178,3.2800645655467178,Q2
5149-QYTTU,Female,0,1,1,71,1,Yes,Fiber optic,Yes,Yes,Yes,Yes,No,No,One year,1,Credit card (automatic),95.15,6770.85,0,3.3468672615407162,3.2766567572399716,3.2766567572399716,Q2
7722-CVFXN,Male,0,1,1,54,1,Yes,Fiber optic,No,Yes,No,Yes,Yes,Yes,One year,1,Electronic check,105.2,5637.85,0,12.629282664648672,3.271021288534154,3.271021288534154,Q2
3230-IUALN,Female,0,1,1,45,1,No,DSL,Yes,No,Yes,Yes,Yes,Yes,Two year,1,Mailed check,81.0,3533.6,0,28.902682600691698,3.26452795754967,3.26452795754967,Q2
1728-BQDMA,Female,0,0,0,2,1,No,DSL,No,No,No,No,No,No,Month-to-month,0,Electronic check,44.45,82.7,0,1.018079504678756,3.255690811012775,3.255690811012775,Q2
0962-CQPWQ,Female,0,1,1,62,1,No,No,No internet service,No internet service,No internet service,No internet service,No internet service,No internet service,Two year,0,Bank transfer (automatic),20.3,1296.15,0,14.770758832853637,3.254798285012049,3.254798285012049,Q2
8760-ZRHKE,Female,1,1,1,71,1,Yes,DSL,Yes,Yes,No,No,Yes,No,One year,0,Electronic check,69.2,4982.5,0,27.20858027134746,3.2498781532628045,3.2498781532628045,Q2
8701-DGLVH,Male,0,0,0,51,1,No,No,No internet service,No internet service,No internet service,No internet service,No internet service,No internet service,Two year,0,Mailed check,20.45,1042.65,0,1.3104524182240147,3.245062045938444,3.245062045938444,Q2
7396-VJUZB,Male,0,1,1,4,1,No,DSL,No,No,No,No,No,No,Month-to-month,0,Mailed check,45.25,155.35,0,52.156680647892294,3.2430925708191936,3.2430925708191936,Q2
9544-PYPSJ,Female,1,1,1,62,1,Yes,Fiber optic,No,Yes,Yes,No,No,Yes,Month-to-month,1,Credit card (automatic),96.1,6019.35,0,3.9043571812050453,3.24221290137393,3.24221290137393,Q2
7322-OCWHC,Male,1,1,0,72,1,Yes,Fiber optic,Yes,Yes,Yes,Yes,No,No,Two year,1,Bank transfer (automatic),93.05,6735.05,0,69.67891708655272,3.2412943664351554,3.2412943664351554,Q2
0263-FJTQO,Male,0,1,1,50,1,Yes,DSL,Yes,No,No,Yes,Yes,No,Two year,1,Credit card (automatic),70.5,3486.65,0,6.527991103571382,3.234918790375961,3.234918790375961,Q2
7399-QHBJS,Female,0,1,1,72,1,Yes,DSL,Yes,Yes,No,Yes,No,No,Two year,0,Credit card (automatic),66.75,4760.3,0,24.935098130165894,3.233424203623404,3.233424203623404,Q2
9741-YLNTD,Male,0,0,0,6,1,Yes,Fiber optic,No,No,No,Yes,No,Yes,Month-to-month,1,Bank transfer (automatic),87.95,522.35,0,2.63106897082853,3.225550177348474,3.225550177348474,Q2
2404-JIBFC,Female,0,1,1,55,1,Yes,DSL,Yes,No,Yes,Yes,Yes,Yes,Two year,1,Bank transfer (automatic),85.1,4657.95,0,0.44322387274362873,3.222337255500108,3.222337255500108,Q2
4178-EGMON,Male,0,1,0,70,1,Yes,Fiber optic,Yes,Yes,No,Yes,No,No,Two year,1,Credit card (automatic),88.0,5986.45,0,1.7683905789959022,3.219107590036769,3.219107590036769,Q2
7661-CPURM,Male,0,0,0,19,1,No,Fiber optic,No,No,No,Yes,No,Yes,One year,1,Credit card (automatic),87.7,1725.95,0,5.149370732953015,3.217289627537863,3.217289627537863,Q2
6297-NOOPG,Female,0,1,0,70,1,Yes,Fiber optic,No,Yes,Yes,Yes,Yes,Yes,Two year,1,Electronic check,110.5,7752.05,0,44.3433200979931,3.2085977023421237,3.2085977023421237,Q2
4462-CYWMH,Male,1,1,0,62,1,Yes,Fiber optic,No,Yes,No,No,No,Yes,Month-to-month,1,Bank transfer (automatic),89.8,5629.55,0,14.21138576086826,3.2081623549085414,3.2081623549085414,Q2
0187-QSXOE,Male,1,1,0,7,1,No,Fiber optic,No,No,No,No,Yes,Yes,Month-to-month,1,Electronic check,89.0,605.45,0,2.9920629186832755,3.203151620080788,3.203151620080788,Q2
2296-DKZFP,Female,0,1,0,65,1,No,DSL,Yes,Yes,Yes,No,No,Yes,Two year,0,Bank transfer (automatic),71.0,4386.2,0,1.004193085799442,3.193990064626883,3.193990064626883,Q2
2320-YKQBO,Female,0,0,0,7,1,No,No,No internet service,No internet service,No internet service,No internet service,No internet service,No internet service,Month-to-month,0,Mailed check,19.3,144.95,0,25.003315780197493,3.1939442303883556,3.1939442303883556,Q2
2212-LYASK,Male,0,1,1,27,0,No phone service,DSL,No,Yes,Yes,No,No,Yes,One year,1,Credit card (automatic),45.85,1246.4,0,1.4831371138139084,3.1923983236130207,3.1923983236130207,Q2
6421-SZVEM,Female,0,1,1,28,1,No,Fiber optic,Yes,No,No,No,No,Yes,One year,1,Bank transfer (automatic),82.85,2320.8,0,0.8371922970728911,3.1908651618772517,3.1908651618772517,Q2
8707-HOEDG,Female,0,1,1,70,1,Yes,Fiber optic,No,Yes,Yes,Yes,Yes,Yes,Two year,1,Electronic check,110.2,7689.8,0,19.328135397728634,3.1848812695439355,3.1848812695439355,Q2
1110-KYLGQ,Female,0,0,0,63,1,Yes,Fiber optic,Yes,Yes,Yes,No,Yes,Yes,Month-to-month,0,Credit card (automatic),108.25,6780.1,0,74.97439131462428,3.183183331098328,3.183183331098328,Q2
7975-JMZNT,Male,0,1,0,66,1,Yes,DSL,Yes,Yes,Yes,Yes,Yes,Yes,Two year,0,Bank transfer (automatic),91.7,6075.9,0,63.15749190955315,3.182935632068123,3.182935632068123,Q2
4922-CVPDX,Female,0,1,0,26,1,No,DSL,No,Yes,Yes,No,Yes,Yes,Two year,1,Credit card (automatic),73.5,1905.7,0,4.242479358587821,3.1826988064974486,3.1826988064974486,Q2
8205-MQUGY,Male,0,1,1,12,1,No,DSL,Yes,No,No,No,No,No,Month-to-month,1,Electronic check,49.2,571.15,0,11.791141128974562,3.177895931436335,3.177895931436335,Q2
7131-ZQZNK,Female,0,1,1,60,0,No phone service,DSL,Yes,No,Yes,Yes,Yes,Yes,Two year,0,Credit card (automatic),59.85,3590.2,0,18.897548175380475,3.175078999666515,3.175078999666515,Q2
0100-DUVFC,Male,1,1,0,70,1,Yes,Fiber optic,No,Yes,Yes,No,Yes,Yes,One year,1,Electronic check,104.8,7308.95,0,12.167072463138647,3.1653219301785787,3.1653219301785787,Q2
5135-GRQJV,Male,1,1,0,72,1,Yes,Fiber optic,Yes,Yes,Yes,Yes,Yes,Yes,Two year,1,Mailed check,114.5,8331.95,0,3.154350324037219,3.1641662525408494,3.1641662525408494,Q2
5461-QKNTN,Male,1,1,0,43,1,Yes,Fiber optic,No,Yes,No,Yes,Yes,No,Month-to-month,1,Electronic check,94.3,3953.15,0,5.9241098164684525,3.1608943085744454,3.1608943085744454,Q2
9327-QSDED,Male,0,0,0,8,1,No,DSL,No,No,No,No,No,No,Month-to-month,0,Mailed check,43.55,335.4,0,2.3521314796698496,3.1573569124799534,3.1573569124799534,Q2
5177-RVZNU,Female,0,0,1,37,1,No,No,No internet service,No internet service,No internet service,No internet service,No internet service,No internet service,One year,0,Bank transfer (automatic),20.3,755.4,0,7.279187823237994,3.154350324037219,3.154350324037219,Q2
4475-NVTLU,Male,0,1,1,45,1,No,No,No internet service,No internet service,No internet service,No internet service,No internet service,No internet service,Two year,0,Electronic check,19.2,903.7,0,0.6627392121503322,3.1493908105913064,3.1493908105913064,Q2
5140-FOMCQ,Female,0,1,0,59,1,Yes,Fiber optic,Yes,Yes,Yes,No,Yes,Yes,One year,1,Credit card (automatic),109.15,6557.75,0,22.540353212662634,3.1486730573183053,3.1486730573183053,Q2
2725-TTRIQ,Female,0,1,1,72,1,Yes,DSL,Yes,No,Yes,Yes,Yes,Yes,Two year,1,Bank transfer (automatic),84.2,5986.55,0,1.3922806576429188,3.1465397723138784,3.1465397723138784,Q2
2923-ARZLG,Male,0,1,1,0,1,No,No,No internet service,No internet service,No internet service,No internet service,No internet service,No internet service,One year,1,Mailed check,19.7,,0,66.18428975613008,3.145214521811816,3.145214521811816,Q2
2369-FEVNO,Male,0,0,0,1,1,No,No,No internet service,No internet service,No internet service,No internet service,No internet service,No internet service,Month-to-month,1,Mailed check,19.9,19.9,0,3.233424203623404,3.143305205352194,3.143305205352194,Q2
3696-DFHHB,Female,0,0,0,68,1,Yes,No,No internet service,No internet service,No internet service,No internet service,No internet service,No internet service,Two year,0,Bank transfer (automatic),25.5,1821.8,0,18.505577351134946,3.1424652297189923,3.1424652297189923,Q2
5997-OPVFA,Male,0,1,0,72,1,Yes,DSL,Yes,Yes,Yes,Yes,Yes,Yes,Two year,1,Bank transfer (automatic),89.05,6254.45,0,60.702877634522224,3.1345850487730655,3.1345850487730655,Q2
8224-IVVPA,Female,0,0,0,27,1,No,DSL,Yes,Yes,No,No,No,No,Month-to-month,1,Mailed check,56.7,1652.95,0,31.641898427423452,3.128398063883219,3.128398063883219,Q2
4632-PAOYU,Male,0,1,1,22,1,No,No,No internet service,No internet service,No internet service,No internet service,No internet service,No internet service,One year,0,Mailed check,19.95,433.5,0,60.01826236242051,3.1267484569945596,3.1267484569945596,Q2
3278-FSIXX,Female,0,0,0,2,1,No,DSL,No,No,No,No,No,No,Month-to-month,1,Mailed check,45.25,74.2,0,54.42308740199074,3.126382049130695,3.126382049130695,Q2
9207-ZPANB,Male,0,0,0,37,1,Yes,DSL,Yes,Yes,Yes,Yes,No,No,One year,0,Electronic check,67.45,2443.3,0,4.368920651715609,3.1234583409716214,3.1234583409716214,Q2
3665-JATSN,Female,0,0,0,19,0,No phone service,DSL,No,Yes,No,No,No,Yes,Month-to-month,1,Electronic check,39.7,710.05,0,11.686401724375564,3.122361193524511,3.122361193524511,Q2
7266-GSSJX,Male,0,1,1,11,1,No,No,No internet service,No internet service,No internet service,No internet service,No internet service,No internet service,Month-to-month,1,Electronic check,20.45,250.8,0,8.034264331969903,3.1172251247475535,3.1172251247475535,Q2
8100-HZZLJ,Female,0,0,1,43,1,No,DSL,Yes,Yes,No,No,No,Yes,Month-to-month,1,Electronic check,63.95,2737.05,0,12.162744632574526,3.1145545114447497,3.1145545114447497,Q2
3761-FLYZI,Female,1,1,0,65,1,Yes,Fiber optic,No,Yes,Yes,No,Yes,Yes,Month-to-month,1,Bank transfer (automatic),108.8,7082.45,0,5.003897962752,3.1112513967313555,3.1112513967313555,Q2
8681-ICONS,Male,0,1,1,29,1,No,No,No internet service,No internet service,No internet service,No internet service,No internet service,No internet service,Month-to-month,1,Mailed check,20.65,654.85,0,29.124126664769122,3.1112146984690403,3.1112146984690403,Q2
1403-LKLIK,Female,0,1,1,33,1,No,No,No internet service,No internet service,No internet service,No internet service,No internet service,No internet service,One year,0,Mailed check,20.1,579.4,0,24.280290508228862,3.098027313747433,3.098027313747433,Q2
9503-XJUME,Male,0,0,1,52,1,No,No,No internet service,No internet service,No internet service,No internet service,No internet service,No internet service,One year,0,Credit card (automatic),19.65,928.4,0,63.80518439987281,3.0979399351539842,3.0979399351539842,Q2
1776-SPBWV,Female,0,1,1,34,1,No,No,No internet service,No internet service,No internet service,No internet service,No internet service,No internet service,One year,1,Bank transfer (automatic),20.1,682.1,0,0.9187284964112771,3.0969839216147923,3.0969839216147923,Q2
1746-TGTWV,Male,0,1,0,1,1,No,Fiber optic,No,No,Yes,No,No,No,Month-to-month,0,Credit card (automatic),75.35,75.35,0,31.995494077041158,3.0936325180803115,3.0936325180803115,Q2
5199-FPUSP,Male,0,0,1,33,0,No phone service,DSL,Yes,No,No,Yes,No,No,One year,0,Credit card (automatic),34.05,1113.95,0,2.480288033315908,3.09315848814632,3.09315848814632,Q2
4293-ETKAP,Female,0,1,1,65,1,Yes,DSL,No,Yes,No,Yes,Yes,Yes,Two year,1,Bank transfer (automatic),79.4,5071.9,0,0.5433119673752348,3.09299212631972,3.09299212631972,Q2
8707-RMEZH,Female,1,1,0,69,1,No,Fiber optic,Yes,Yes,No,No,No,Yes,One year,0,Credit card (automatic),87.3,6055.55,0,0.8717765345487426,3.090917251884002,3.090917251884002,Q2
9256-JTBNZ,Female,0,0,0,11,1,No,No,No internet service,No internet service,No internet service,No internet service,No internet service,No internet service,Month-to-month,0,Bank transfer (automatic),20.3,246.3,0,3.7728072329502247,3.08503554339697,3.08503554339697,Q2
3640-JQGJG,Male,0,1,1,13,1,No,DSL,No,No,No,No,No,No,Month-to-month,0,Bank transfer (automatic),44.8,559.2,0,1.5959618798780069,3.0843566794840203,3.0843566794840203,Q2
5356-CSVSQ,Female,0,0,0,3,1,Yes,DSL,No,No,No,Yes,Yes,No,Month-to-month,0,Electronic check,64.6,174.2,0,19.99163672490887,3.080373780315914,3.080373780315914,Q2
0732-OCQOC,Female,0,1,1,52,1,Yes,No,No internet service,No internet service,No internet service,No internet service,No internet service,No internet service,Two year,1,Bank transfer (automatic),25.05,1270.25,0,59.76346945312272,3.0800386655194156,3.0800386655194156,Q2
2292-XQWSV,Male,0,1,1,40,0,No phone service,DSL,No,Yes,Yes,Yes,Yes,Yes,One year,0,Mailed check,60.3,2448.5,0,76.5539787880552,3.0799817837943806,3.0799817837943806,Q2
6168-YBYNP,Male,0,0,0,59,1,Yes,Fiber optic,No,Yes,Yes,Yes,Yes,Yes,Month-to-month,1,Electronic check,111.35,6519.75,0,32.22611431719183,3.077274121633702,3.077274121633702,Q2
6586-PSJOX,Male,0,0,1,15,1,No,DSL,No,No,Yes,Yes,No,No,One year,0,Credit card (automatic),55.2,864.55,0,79.34558632295428,3.075324389707425,3.075324389707425,Q2
3422-GALYP,Male,0,0,0,2,1,Yes,Fiber optic,No,Yes,No,No,No,No,Month-to-month,1,Electronic check,79.45,145.15,0,21.896065479271712,3.0669191927818984,3.0669191927818984,Q2
8207-VVMYB,Female,0,1,0,70,1,Yes,No,No internet service,No internet service,No internet service,No internet service,No internet service,No internet service,Two year,1,Bank transfer (automatic),26.0,2006.95,0,47.229220091155845,3.0629520572477356,3.0629520572477356,Q2
4915-BFSXL,Male,0,1,1,70,1,Yes,DSL,Yes,No,Yes,No,Yes,No,Two year,0,Credit card (automatic),68.95,4858.7,0,2.167322650504876,3.060474501445759,3.060474501445759,Q2
8313-AFGBW,Male,0,1,0,47,1,No,DSL,No,Yes,Yes,No,Yes,Yes,Two year,0,Electronic check,73.6,3522.65,0,5.545795406924534,3.059287405649368,3.059287405649368,Q2
0378-CJKPV,Female,0,1,0,72,1,Yes,Fiber optic,Yes,Yes,Yes,Yes,Yes,Yes,Two year,0,Credit card (automatic),112.1,7965.95,0,21.199739857315937,3.058741865825839,3.058741865825839,Q2
9504-YAZWB,Female,0,0,0,53,1,No,No,No internet service,No internet service,No internet service,No internet service,No internet service,No internet service,Two year,0,Mailed check,20.25,1048.45,0,31.098213200692587,3.0564753986737534,3.0564753986737534,Q2
5473-KHBPS,Female,0,1,1,52,1,Yes,Fiber optic,No,Yes,Yes,No,Yes,No,One year,1,Credit card (automatic),95.7,4976.15,0,48.94429991853918,3.056320701965869,3.056320701965869,Q2
3197-NNYNB,Male,0,0,0,65,1,Yes,Fiber optic,No,Yes,Yes,No,Yes,Yes,Two year,0,Credit card (automatic),105.1,6631.85,0,4.762169637385492,3.0548013915223935,3.0548013915223935,Q2
3251-YMVWZ,Male,0,0,0,53,1,Yes,No,No internet service,No internet service,No internet service,No internet service,No internet service,No internet service,One year,0,Bank transfer (automatic),24.05,1301.9,0,2.8026069061477967,3.052866747531271,3.052866747531271,Q2
5405-ZMYXQ,Female,0,0,0,8,1,Yes,Fiber optic,No,No,No,No,No,No,Month-to-month,1,Credit card (automatic),74.6,548.9,0,52.127339529191495,3.0518535937276483,3.0518535937276483,Q2
4869-EPIUS,Male,0,1,0,56,1,No,Fiber optic,No,No,No,No,No,Yes,One year,1,Electronic check,80.9,4557.5,0,1.3771881642052264,3.0516397402209265,3.0516397402209265,Q2
8920-NAVAY,Male,1,0,0,62,1,Yes,Fiber optic,No,Yes,Yes,Yes,Yes,Yes,One year,1,Bank transfer (automatic),110.75,7053.35,0,45.56294799322514,3.050341481642204,3.050341481642204,Q2
2320-SLKMB,Female,0,0,0,26,0,No phone service,DSL,No,No,Yes,Yes,Yes,No,Month-to-month,1,Credit card (automatic),44.45,1183.8,0,5.301147173807348,3.0490544921512996,3.0490544921512996,Q2
0780-XNZFN,Male,0,0,0,57,1,No,No,No internet service,No internet service,No internet service,No internet service,No internet service,No internet service,Two year,0,Bank transfer (automatic),20.65,1125.6,0,46.888069072120096,3.0482521870331345,3.0482521870331345,Q2
4232-JGKIY,Male,0,0,0,1,1,No,No,No internet service,No internet service,No internet service,No internet service,No internet service,No internet service,Month-to-month,0,Electronic check,19.2,19.2,0,0.5176534946545894,3.041438239475113,3.041438239475113,Q2
5948-UJZLF,Male,0,0,0,2,1,No,DSL,No,Yes,No,No,No,No,Month-to-month,0,Mailed check,49.25,97.0,0,64.22817616596768,3.0385972596365054,3.0385972596365054,Q2
7094-MSZAO,Male,0,1,1,10,1,No,No,No internet service,No internet service,No internet service,No internet service,No internet service,No internet service,Month-to-month,1,Credit card (automatic),20.05,218.5,0,56.44726564669311,3.0293597775773535,3.0293597775773535,Q2
8647-SDTWQ,Male,0,1,1,57,1,Yes,Fiber optic,No,No,No,No,No,No,Month-to-month,1,Electronic check,74.3,4018.35,0,1.1388540716724682,3.0259139234980075,3.0259139234980075,Q2
0412-UCCNP,Male,0,0,0,55,1,No,DSL,Yes,No,Yes,Yes,No,No,Two year,1,Electronic check,59.2,3175.85,0,19.189044136260428,3.020533776875181,3.020533776875181,Q2
6048-NJXHX,Male,0,1,0,41,1,No,No,No internet service,No internet service,No internet service,No internet service,No internet service,No internet service,Two year,1,Electronic check,19.75,899.45,0,0.8599233058292926,3.0158790345033335,3.0158790345033335,Q2
1399-OUPJN,Female,0,1,1,57,1,No,No,No internet service,No internet service,No internet service,No internet service,No internet service,No internet service,Two year,0,Bank transfer (automatic),19.75,1272.05,0,9.526904268786627,3.0141643873698527,3.0141643873698527,Q2
5692-ICXLW,Male,1,0,0,31,1,Yes,Fiber optic,No,Yes,No,No,Yes,No,Month-to-month,1,Electronic check,90.7,2845.15,0,4.615814227123388,3.007279666588483,3.007279666588483,Q2
2809-ILCYT,Female,0,1,0,25,1,Yes,No,No internet service,No internet service,No internet service,No internet service,No internet service,No internet service,One year,1,Mailed check,26.8,733.55,0,78.44066824080438,2.9920629186832755,2.9920629186832755,Q2
