customerID,gender,SeniorCitizen,Partner,Dependents,tenure,PhoneService,MultipleLines,InternetService,OnlineSecurity,OnlineBackup,DeviceProtection,TechSupport,StreamingTV,StreamingMovies,Contract,PaperlessBilling,PaymentMethod,MonthlyCharges,TotalCharges,Churn,risk_churn,risk_churn %,risk_churn - per cent,risk_quartile
1093-YSWCA,Male,0,0,0,11,1,No,No,No internet service,No internet service,No internet service,No internet service,No internet service,No internet service,Two year,0,Credit card (automatic),19.55,223.15,0,13.522549624016117,83.75773773736846,83.75773773736846,Q4
4717-GHADL,Female,0,0,0,50,1,Yes,DSL,No,Yes,No,Yes,Yes,Yes,Two year,1,Mailed check,79.6,4024.2,0,12.238853767955959,81.28469447127195,81.28469447127195,Q4
0455-ENTCR,Male,0,1,0,66,1,Yes,DSL,Yes,Yes,No,Yes,Yes,Yes,Two year,0,Electronic check,85.25,5538.35,0,7.703856454522345,79.34558632295428,79.34558632295428,Q4
2049-BAFNW,Female,0,0,0,1,0,No phone service,DSL,No,No,Yes,Yes,No,No,Month-to-month,0,Mailed check,35.9,35.9,0,4.885896145503263,79.19787170248212,79.19787170248212,Q4
4622-YNKIJ,Male,0,0,0,33,1,No,Fiber optic,Yes,No,No,Yes,Yes,No,Two year,1,Electronic check,88.95,3027.65,0,3.6075389032449294,79.07133208681654,79.07133208681654,Q4
8316-BBQAY,Female,0,0,0,65,0,No phone service,DSL,Yes,No,Yes,Yes,Yes,Yes,Two year,0,Credit card (automatic),59.95,3921.1,0,62.053997390527826,78.93307495245043,78.93307495245043,Q4
4198-VFOEA,Female,0,0,0,12,0,No phone service,DSL,Yes,No,No,Yes,No,No,One year,1,Mailed check,33.6,435.45,0,44.378084449357466,78.76226984708222,78.76226984708222,Q4
2108-GLPQB,Male,0,1,0,25,1,Yes,DSL,No,No,Yes,No,No,No,Month-to-month,0,Credit card (automatic),55.55,1405.3,0,7.004434892509639,78.44066824080438,78.44066824080438,Q4
8883-GRDWQ,Male,1,0,0,20,1,No,DSL,Yes,No,No,Yes,No,No,One year,0,Mailed check,54.0,1055.9,0,60.200125999980095,78.21502339637166,78.21502339637166,Q4
2308-STERM,Female,0,0,0,2,1,No,No,No internet service,No internet service,No internet service,No internet service,No internet service,No internet service,Month-to-month,0,Mailed check,19.4,61.05,0,3.296298141630632,78.06512764119306,78.06512764119306,Q4
9786-YWNHU,Female,0,1,1,63,1,No,DSL,Yes,Yes,Yes,Yes,No,No,Two year,0,Mailed check,63.55,4014.2,0,3.09299212631972,78.01169535590377,78.01169535590377,Q4
6743-HHQPF,Male,0,1,0,42,0,No phone service,DSL,No,No,No,No,No,No,Month-to-month,1,Credit card (automatic),25.1,1097.15,0,29.25911272020743,77.90006792362945,77.90006792362945,Q4
4184-VODJZ,Male,0,1,1,63,1,Yes,Fiber optic,No,Yes,No,No,No,Yes,One year,1,Electronic check,91.35,5764.7,0,8.111653822539946,77.73062519998963,77.73062519998963,Q4
8644-XYTSV,Male,0,1,0,42,0,No phone service,DSL,Yes,No,No,No,Yes,No,Month-to-month,1,Bank transfer (automatic),40.15,1626.05,0,60.49474675332862,77.60396647310557,77.60396647310557,Q4
5158-RIVOP,Female,0,1,1,11,1,No,No,No internet service,No internet service,No internet service,No internet service,No internet service,No internet service,Two year,0,Credit card (automatic),20.9,202.3,0,2.4372170616044477,76.89526147339663,76.89526147339663,Q4
9711-FJTBX,Male,0,1,1,56,1,No,Fiber optic,No,Yes,Yes,Yes,No,No,One year,1,Mailed check,85.85,4793.8,0,26.375098117642278,76.67554619041745,76.67554619041745,Q4
5286-YHCVC,Male,0,1,0,72,1,Yes,Fiber optic,No,Yes,Yes,No,Yes,Yes,Two year,1,Bank transfer (automatic),104.8,7470.1,0,7.1299549619309985,76.5539787880552,76.5539787880552,Q4
8445-DNBAE,Male,0,0,1,1,1,Yes,DSL,No,No,No,No,No,No,Month-to-month,1,Electronic check,50.05,50.05,0,9.352647463265594,76.1528186415048,76.1528186415048,Q4
4950-HKQTE,Female,0,0,0,22,1,Yes,No,No internet service,No internet service,No internet service,No internet service,No internet service,No internet service,Two year,0,Mailed check,26.25,605.9,0,19.775890551569226,75.58949295570864,75.58949295570864,Q4
2211-RMNHO,Female,0,1,1,68,1,Yes,DSL,No,Yes,Yes,Yes,Yes,Yes,Two year,0,Bank transfer (automatic),85.3,5560.0,0,0.7070215072626945,75.46670756957579,75.46670756957579,Q4
6635-CPNUN,Male,0,1,0,28,1,Yes,Fiber optic,No,Yes,Yes,No,Yes,No,Month-to-month,0,Credit card (automatic),96.6,2684.35,0,18.962179725663358,75.08198010218892,75.08198010218892,Q4
3090-QFUVD,Female,0,0,0,1,1,No,No,No internet service,No internet service,No internet service,No internet service,No internet service,No internet service,Month-to-month,0,Credit card (automatic),20.3,20.3,0,20.931227842741656,74.97439131462428,74.97439131462428,Q4
8200-KLNYW,Female,0,1,0,21,1,No,DSL,Yes,No,Yes,Yes,Yes,Yes,One year,0,Mailed check,80.9,1714.95,0,7.467381623279615,74.68045249676084,74.68045249676084,Q4
9031-ZVQPT,Male,0,1,0,72,1,Yes,Fiber optic,No,Yes,Yes,Yes,Yes,Yes,Two year,1,Electronic check,108.2,7840.6,0,11.207775135624534,74.3866263351489,74.3866263351489,Q4
4840-ORQXB,Female,1,0,0,56,1,Yes,Fiber optic,No,Yes,Yes,No,Yes,Yes,Month-to-month,0,Electronic check,104.75,5841.35,0,33.2301034389837,74.30236802049185,74.30236802049185,Q4
7244-KXYZN,Female,0,0,0,24,1,No,No,No internet service,No internet service,No internet service,No internet service,No internet service,No internet service,One year,0,Credit card (automatic),20.45,527.35,0,0.4343320256927963,74.13689013491391,74.13689013491391,Q4
2452-KDRRH,Male,1,0,0,67,1,Yes,Fiber optic,No,No,Yes,No,Yes,Yes,Month-to-month,1,Credit card (automatic),101.4,6841.05,0,7.494850339850282,74.12563599579379,74.12563599579379,Q4
8174-LNWMW,Female,0,0,0,31,1,No,No,No internet service,No internet service,No internet service,No internet service,No internet service,No internet service,Two year,0,Credit card (automatic),20.9,689.35,0,4.796871962496531,73.87543505168333,73.87543505168333,Q4
5832-TRLPB,Male,0,0,0,29,1,No,DSL,No,No,Yes,Yes,Yes,Yes,One year,1,Bank transfer (automatic),75.35,2243.9,0,1.7550758909738,73.84995658750684,73.84995658750684,Q4
1299-AURJA,Female,0,1,1,70,1,Yes,No,No internet service,No internet service,No internet service,No internet service,No internet service,No internet service,Two year,0,Bank transfer (automatic),24.7,1685.9,0,2.078410621359119,73.8008493060855,73.8008493060855,Q4
2823-LKABH,Female,0,0,0,18,1,Yes,Fiber optic,No,No,Yes,Yes,No,Yes,Month-to-month,1,Bank transfer (automatic),95.05,1679.4,0,56.873545118943646,73.79554621970514,73.79554621970514,Q4
9753-OYLBX,Female,0,0,0,1,1,No,No,No internet service,No internet service,No internet service,No internet service,No internet service,No internet service,Month-to-month,0,Mailed check,20.5,20.5,0,2.126545144196375,73.74769395946726,73.74769395946726,Q4
0343-QLUZP,Male,0,0,0,60,0,No phone service,DSL,Yes,Yes,Yes,No,No,No,Two year,0,Bank transfer (automatic),39.6,2424.5,0,29.266194414451828,73.74613855772324,73.74613855772324,Q4
3774-VBNXY,Female,0,1,1,64,1,No,No,No internet service,No internet service,No internet service,No internet service,No internet service,No internet service,Two year,0,Mailed check,20.2,1277.75,0,20.893652677514556,73.608091888958,73.608091888958,Q4
3727-OVPRY,Male,0,1,1,66,1,Yes,No,No internet service,No internet service,No internet service,No internet service,No internet service,No internet service,One year,1,Credit card (automatic),25.7,1714.55,0,2.852712062634091,73.45391436886375,73.45391436886375,Q4
4544-RXFMG,Male,0,1,1,8,1,No,DSL,No,No,No,No,No,No,One year,1,Mailed check,43.45,345.5,0,2.748579532195801,73.45112790626136,73.45112790626136,Q4
9046-DQMTP,Male,0,0,0,35,1,No,No,No internet service,No internet service,No internet service,No internet service,No internet service,No internet service,Month-to-month,0,Bank transfer (automatic),20.75,739.9,0,20.172167533305064,73.30969404896858,73.30969404896858,Q4
3170-NMYVV,Female,0,1,1,50,1,No,No,No internet service,No internet service,No internet service,No internet service,No internet service,No internet service,Two year,0,Bank transfer (automatic),20.15,930.9,0,9.445998378718482,73.18233582797703,73.18233582797703,Q4
7817-OMJNA,Male,0,0,0,14,1,No,No,No internet service,No internet service,No internet service,No internet service,No internet service,No internet service,One year,0,Bank transfer (automatic),20.4,275.7,0,32.00199832156251,73.18172694899283,73.18172694899283,Q4
6538-POCHL,Male,0,0,0,33,1,No,Fiber optic,No,Yes,Yes,No,No,No,Month-to-month,1,Credit card (automatic),79.0,2576.8,0,13.98173955698829,73.14849604657786,73.14849604657786,Q4
2696-ECXKC,Female,0,1,1,55,1,Yes,Fiber optic,Yes,No,No,No,Yes,Yes,One year,0,Mailed check,100.9,5448.6,0,24.1311790876305,73.13962159305397,73.13962159305397,Q4
0384-RVBPI,Male,0,0,0,20,1,No,DSL,Yes,No,Yes,No,No,Yes,Month-to-month,0,Credit card (automatic),64.4,1398.6,0,75.08198010218892,73.12524823068985,73.12524823068985,Q4
6174-NRBTZ,Male,0,0,0,46,0,No phone service,DSL,Yes,No,No,No,No,No,One year,1,Bank transfer (automatic),30.75,1489.3,0,0.37943381967879386,73.00278626599773,73.00278626599773,Q4
5141-ZUVBH,Female,0,0,1,9,1,No,Fiber optic,Yes,No,Yes,Yes,No,Yes,Month-to-month,0,Bank transfer (automatic),93.0,870.25,0,1.360413196572232,72.97617748076479,72.97617748076479,Q4
6345-FZOQH,Male,0,1,0,69,1,No,No,No internet service,No internet service,No internet service,No internet service,No internet service,No internet service,Two year,0,Mailed check,19.9,1363.45,0,41.513709462809054,72.91317357885104,72.91317357885104,Q4
7502-BNYGS,Female,0,1,0,46,1,No,DSL,No,Yes,No,No,Yes,Yes,Month-to-month,1,Credit card (automatic),69.1,3168.0,0,4.647939587614795,72.90062227829502,72.90062227829502,Q4
8917-SZTTJ,Male,0,1,1,60,1,No,No,No internet service,No internet service,No internet service,No internet service,No internet service,No internet service,Two year,0,Credit card (automatic),19.65,1161.75,0,10.000460546214503,72.7849973635264,72.7849973635264,Q4
9585-KKMFD,Male,0,1,1,41,1,No,No,No internet service,No internet service,No internet service,No internet service,No internet service,No internet service,Two year,1,Mailed check,20.0,879.8,0,6.90578083780338,72.69076344925945,72.69076344925945,Q4
2883-ILGWO,Male,1,0,0,57,1,Yes,Fiber optic,No,Yes,No,Yes,Yes,Yes,Month-to-month,1,Bank transfer (automatic),104.9,5913.95,0,6.759821197086738,72.58422981378605,72.58422981378605,Q4
0218-QNVAS,Male,0,1,1,71,1,Yes,Fiber optic,No,Yes,No,No,Yes,Yes,One year,0,Bank transfer (automatic),100.55,7113.75,0,69.07450763783493,72.52473040714682,72.52473040714682,Q4
9073-ZZIAY,Male,0,1,1,62,1,No,DSL,Yes,Yes,Yes,Yes,Yes,Yes,Two year,0,Electronic check,86.1,5215.25,0,55.05736345131736,72.5131658410926,72.5131658410926,Q4
1122-YJBCS,Male,0,1,0,69,1,No,DSL,Yes,Yes,No,No,No,No,One year,1,Credit card (automatic),53.65,3804.4,0,0.25654276553891225,72.50160531710935,72.50160531710935,Q4
3712-PKXZA,Male,0,1,0,61,1,No,No,No internet service,No internet service,No internet service,No internet service,No internet service,No internet service,One year,1,Credit card (automatic),20.55,1252.0,0,10.915213656936414,72.36625532774237,72.36625532774237,Q4
7872-BAAZR,Female,0,1,1,53,1,No,No,No internet service,No internet service,No internet service,No internet service,No internet service,No internet service,One year,0,Bank transfer (automatic),19.55,1007.9,0,44.093923041316536,72.34465006864141,72.34465006864141,Q4
5438-QMDDL,Female,0,1,0,19,1,No,DSL,No,Yes,No,No,No,Yes,Month-to-month,1,Mailed check,59.8,1130.85,0,45.51779781463569,72.2971346805751,72.2971346805751,Q4
9507-HSMMZ,Male,0,0,0,54,1,No,No,No internet service,No internet service,No internet service,No internet service,No internet service,No internet service,Two year,0,Mailed check,20.0,1149.65,0,8.392623408699853,72.27619641905129,72.27619641905129,Q4
5656-JAMLX,Male,0,0,0,62,1,No,No,No internet service,No internet service,No internet service,No internet service,No internet service,No internet service,Two year,0,Bank transfer (automatic),19.85,1253.65,0,1.0607419570222396,72.15873048268969,72.15873048268969,Q4
9450-TRJUU,Male,0,0,0,35,1,Yes,Fiber optic,No,No,No,No,Yes,No,Month-to-month,0,Electronic check,83.15,2848.45,0,19.331585590212974,72.01156010400129,72.01156010400129,Q4
8999-EXMNO,Female,0,1,1,19,1,No,No,No internet service,No internet service,No internet service,No internet service,No internet service,No internet service,Two year,0,Mailed check,20.15,387.7,0,3.060474501445759,71.97851445482121,71.97851445482121,Q4
5701-ZIKJE,Male,0,0,0,13,1,No,DSL,No,No,No,Yes,No,No,Month-to-month,1,Mailed check,50.55,610.75,0,11.494550783534725,71.9355339566221,71.9355339566221,Q4
5989-AXPUC,Female,0,1,0,68,1,Yes,Fiber optic,Yes,Yes,Yes,Yes,Yes,Yes,Two year,0,Mailed check,118.6,7990.05,0,5.63253001753833,71.60572569514379,71.60572569514379,Q4
2812-REYAT,Female,0,1,0,49,1,No,No,No internet service,No internet service,No internet service,No internet service,No internet service,No internet service,One year,1,Bank transfer (automatic),20.05,923.1,0,7.995725085092942,71.5373131748154,71.5373131748154,Q4
8967-SZQAS,Female,0,0,0,14,1,No,DSL,No,Yes,No,No,No,No,Month-to-month,0,Electronic check,50.45,765.45,0,3.3048791956102663,71.53490189418625,71.53490189418625,Q4
8017-UVSZU,Female,0,1,0,40,1,Yes,DSL,No,Yes,No,No,No,No,Month-to-month,0,Credit card (automatic),56.6,2379.1,0,56.357734683683155,71.50637296228484,71.50637296228484,Q4
5709-LVOEQ,Female,0,1,1,0,1,No,DSL,Yes,Yes,Yes,No,Yes,Yes,Two year,0,Mailed check,80.85,,0,10.707129560751897,71.41692805837694,71.41692805837694,Q4
0979-MOZQI,Male,0,1,0,62,0,No phone service,DSL,No,No,No,Yes,Yes,No,Two year,1,Bank transfer (automatic),39.0,2337.45,0,10.31280947185845,71.40275716825363,71.40275716825363,Q4
6284-KMNUF,Female,0,1,0,56,1,Yes,Fiber optic,Yes,No,No,No,Yes,Yes,One year,1,Electronic check,98.0,5270.6,0,1.20895262424684,71.39772791058377,71.39772791058377,Q4
5032-USPKF,Female,0,0,0,38,1,Yes,DSL,Yes,Yes,Yes,No,Yes,Yes,One year,0,Bank transfer (automatic),84.1,3187.65,0,4.713013670460804,71.372302158095,71.372302158095,Q4
3039-MJSLN,Male,0,0,1,3,1,No,No,No internet service,No internet service,No internet service,No internet service,No internet service,No internet service,Month-to-month,0,Bank transfer (automatic),20.2,50.6,0,7.984724448698528,71.23042401710762,71.23042401710762,Q4
8992-OBVDG,Male,0,0,0,21,1,No,DSL,No,No,Yes,No,No,Yes,Month-to-month,0,Mailed check,61.65,1393.6,0,6.416541944185465,71.17951406783327,71.17951406783327,Q4
2254-DLXRI,Female,0,0,0,1,1,Yes,Fiber optic,No,Yes,No,No,No,No,Month-to-month,1,Mailed check,79.15,79.15,0,3.958817375957545,71.09624232657012,71.09624232657012,Q4
7005-CYUIL,Female,1,1,0,71,1,No,Fiber optic,Yes,Yes,Yes,Yes,Yes,No,Two year,1,Electronic check,99.4,7168.25,0,1.6380205732101072,71.05947273314628,71.05947273314628,Q4
7622-FWGEW,Male,1,1,0,56,1,No,DSL,Yes,Yes,Yes,Yes,Yes,Yes,Two year,1,Bank transfer (automatic),85.65,4824.45,0,2.0732297215979503,71.00884123560579,71.00884123560579,Q4
2812-SFXMJ,Male,0,0,1,1,1,No,No,No internet service,No internet service,No internet service,No internet service,No internet service,No internet service,Month-to-month,0,Mailed check,20.05,20.05,0,1.4983757383007301,70.80580237965171,70.80580237965171,Q4
7663-ZTEGJ,Male,0,0,1,29,1,Yes,Fiber optic,No,Yes,Yes,Yes,No,Yes,One year,0,Credit card (automatic),100.55,2830.45,0,0.5681975257143028,70.72095915023571,70.72095915023571,Q4
5846-ABOBJ,Male,0,1,0,71,1,Yes,No,No internet service,No internet service,No internet service,No internet service,No internet service,No internet service,Two year,0,Bank transfer (automatic),24.45,1730.65,0,42.54288777987231,70.55399312621398,70.55399312621398,Q4
0114-IGABW,Female,0,1,0,71,0,No phone service,DSL,No,Yes,Yes,Yes,Yes,Yes,Two year,0,Bank transfer (automatic),58.25,4145.9,0,8.519999738981284,70.42871285272223,70.42871285272223,Q4
2428-ZMCTB,Male,0,0,0,10,1,No,No,No internet service,No internet service,No internet service,No internet service,No internet service,No internet service,Month-to-month,0,Credit card (automatic),19.75,208.25,0,38.22031462984246,70.427646592754,70.427646592754,Q4
9586-JGQKH,Female,0,1,0,64,1,Yes,Fiber optic,No,Yes,No,Yes,Yes,Yes,Two year,1,Bank transfer (automatic),105.4,6794.75,0,3.4427175189992263,70.35889859216941,70.35889859216941,Q4
8375-KVTHK,Male,0,1,0,68,1,No,Fiber optic,No,Yes,No,Yes,Yes,Yes,One year,1,Electronic check,100.3,6754.35,0,61.056454710522054,70.3572557569235,70.3572557569235,Q4
9626-WEQRM,Female,0,0,0,4,0,No phone service,DSL,Yes,No,No,No,No,No,Month-to-month,1,Mailed check,29.15,110.05,0,4.518921452715506,70.30228600765923,70.30228600765923,Q4
6878-GGDWG,Female,0,1,0,32,1,No,No,No internet service,No internet service,No internet service,No internet service,No internet service,No internet service,Month-to-month,0,Bank transfer (automatic),19.4,641.15,0,22.371584374726083,70.27052382186638,70.27052382186638,Q4
8597-CWYHH,Male,0,0,0,43,1,Yes,Fiber optic,No,No,No,No,Yes,Yes,One year,0,Mailed check,94.35,3921.3,0,24.872648549729607,70.17193255497406,70.17193255497406,Q4
2853-CWQFQ,Male,0,0,1,1,1,No,DSL,No,No,No,Yes,No,Yes,Month-to-month,1,Mailed check,59.55,59.55,0,55.00101568856102,70.16866706347186,70.16866706347186,Q4
8577-QSOCG,Female,0,1,1,38,1,No,No,No internet service,No internet service,No internet service,No internet service,No internet service,No internet service,Two year,1,Mailed check,20.2,746.05,0,12.327287373136334,69.97717774627169,69.97717774627169,Q4
7552-KEYGT,Male,0,1,0,27,1,No,No,No internet service,No internet service,No internet service,No internet service,No internet service,No internet service,Two year,0,Bank transfer (automatic),19.55,520.55,0,0.660582114562711,69.96367736521827,69.96367736521827,Q4
5605-IYGFG,Female,0,0,0,7,1,No,Fiber optic,No,No,No,No,No,No,Month-to-month,1,Bank transfer (automatic),69.85,515.45,0,25.26280922217562,69.94519869603148,69.94519869603148,Q4
8215-NGSPE,Female,0,1,1,42,1,No,No,No internet service,No internet service,No internet service,No internet service,No internet service,No internet service,Two year,0,Mailed check,20.0,833.55,0,3.0158790345033335,69.92886008147974,69.92886008147974,Q4
8605-ITULD,Female,0,0,0,1,1,No,No,No internet service,No internet service,No internet service,No internet service,No internet service,No internet service,Month-to-month,0,Mailed check,19.55,19.55,0,41.14418688192442,69.82979555344687,69.82979555344687,Q4
9142-KZXOP,Male,0,0,0,44,1,No,Fiber optic,No,No,No,No,No,No,Month-to-month,0,Credit card (automatic),68.85,2958.95,0,3.3471597018118695,69.67891708655272,69.67891708655272,Q4
2120-SMPEX,Male,0,0,0,25,1,No,No,No internet service,No internet service,No internet service,No internet service,No internet service,No internet service,Month-to-month,1,Mailed check,20.15,536.35,0,26.015792676314586,69.62147571331889,69.62147571331889,Q4
1215-FIGMP,Male,0,0,0,60,1,Yes,Fiber optic,No,Yes,No,No,Yes,No,Month-to-month,1,Bank transfer (automatic),89.9,5450.7,0,8.472214726252282,69.53933084205819,69.53933084205819,Q4
8033-ATFAS,Female,0,1,1,39,1,No,DSL,No,No,Yes,No,Yes,No,Month-to-month,1,Mailed check,59.85,2341.5,0,1.0572136553267586,69.49953250630149,69.49953250630149,Q4
6322-HRPFA,Male,0,1,1,49,1,No,DSL,Yes,Yes,No,Yes,No,No,Month-to-month,0,Credit card (automatic),59.6,2970.3,0,27.49966814745557,69.47378722063189,69.47378722063189,Q4
6885-PKOAM,Female,0,1,0,71,1,Yes,DSL,Yes,Yes,Yes,Yes,Yes,Yes,Two year,0,Credit card (automatic),85.75,6223.8,0,6.690158559635287,69.45889770434134,69.45889770434134,Q4
9558-IHEZX,Female,0,0,0,71,1,Yes,Fiber optic,Yes,Yes,Yes,No,Yes,Yes,Two year,1,Credit card (automatic),106.75,7283.25,0,12.808484274039431,69.39635192303952,69.39635192303952,Q4
2753-JMMCV,Male,0,0,0,65,1,Yes,DSL,No,Yes,Yes,Yes,No,Yes,Two year,1,Credit card (automatic),74.2,4805.65,0,15.464038871748887,69.35388159941154,69.35388159941154,Q4
8434-VGEQQ,Male,0,1,1,61,1,No,No,No internet service,No internet service,No internet service,No internet service,No internet service,No internet service,Two year,0,Credit card (automatic),20.55,1305.95,0,3.5614759783179113,69.2878458761081,69.2878458761081,Q4
5309-TAIKL,Female,0,0,0,7,1,No,DSL,No,No,Yes,Yes,No,Yes,Month-to-month,0,Bank transfer (automatic),62.8,418.3,0,5.505649887616361,69.26626135371988,69.26626135371988,Q4
6137-NICCO,Female,0,1,1,6,1,Yes,Fiber optic,No,Yes,Yes,No,Yes,No,Month-to-month,1,Mailed check,94.05,518.75,0,31.786864462256435,69.24673485746521,69.24673485746521,Q4
2545-LXYVJ,Male,0,1,0,72,1,No,No,No internet service,No internet service,No internet service,No internet service,No internet service,No internet service,Two year,0,Bank transfer (automatic),20.7,1492.1,0,10.807517452888456,69.07450763783493,69.07450763783493,Q4
2621-UDNLU,Female,0,1,0,3,1,No,No,No internet service,No internet service,No internet service,No internet service,No internet service,No internet service,Month-to-month,0,Mailed check,20.85,72.0,0,3.468400695140813,68.9944969339188,68.9944969339188,Q4
6896-SRVYQ,Male,1,0,0,44,1,No,Fiber optic,No,No,Yes,No,No,No,Month-to-month,0,Electronic check,73.85,3122.4,0,9.885988039525182,68.98625422141944,68.98625422141944,Q4
6048-QBXKL,Female,1,0,0,2,1,Yes,DSL,No,Yes,No,No,No,No,Month-to-month,1,Credit card (automatic),56.55,118.25,0,12.364946404728736,68.9490378517881,68.9490378517881,Q4
1035-IPQPU,Female,1,1,0,63,1,Yes,Fiber optic,No,Yes,Yes,No,Yes,Yes,Month-to-month,1,Electronic check,103.5,6479.4,0,2.330848094753912,68.84840004861708,68.84840004861708,Q4
8985-OOPOS,Female,0,0,0,1,1,No,DSL,No,No,Yes,Yes,Yes,Yes,One year,0,Credit card (automatic),74.1,74.1,0,9.394933881487862,68.74323947667597,68.74323947667597,Q4
0485-ZBSLN,Male,0,1,1,65,1,Yes,No,No internet service,No internet service,No internet service,No internet service,No internet service,No internet service,Two year,0,Credit card (automatic),24.75,1715.1,0,3.222337255500108,68.7285716418488,68.7285716418488,Q4
3027-YNWZU,Female,0,1,0,64,1,Yes,No,No internet service,No internet service,No internet service,No internet service,No internet service,No internet service,Two year,0,Credit card (automatic),25.0,1584.8,0,4.765560616910338,68.63007400264817,68.63007400264817,Q4
1335-HQMKX,Female,0,1,0,72,1,Yes,Fiber optic,No,Yes,Yes,No,Yes,Yes,One year,1,Electronic check,101.35,7323.15,0,57.13298783441905,68.62947506264526,68.62947506264526,Q4
6370-ZVHDV,Female,0,1,0,61,1,Yes,No,No internet service,No internet service,No internet service,No internet service,No internet service,No internet service,Two year,0,Bank transfer (automatic),25.3,1554.9,0,1.3991933319065342,68.61744537493857,68.61744537493857,Q4
4226-KKDON,Male,0,0,0,8,1,No,DSL,No,Yes,No,Yes,Yes,No,Month-to-month,1,Electronic check,66.65,520.95,0,20.55734884108642,68.56442271091396,68.56442271091396,Q4
5702-SKUOB,Female,0,1,0,4,1,No,No,No internet service,No internet service,No internet service,No internet service,No internet service,No internet service,Month-to-month,0,Mailed check,19.6,93.45,0,2.493250059716704,68.5616959526954,68.5616959526954,Q4
3936-QQFLL,Male,0,0,0,2,1,No,No,No internet service,No internet service,No internet service,No internet service,No internet service,No internet service,Month-to-month,0,Mailed check,19.75,39.3,0,21.807178420429047,68.47409490920823,68.47409490920823,Q4
5760-WRAHC,Female,1,0,0,22,1,No,DSL,Yes,No,Yes,Yes,No,Yes,Month-to-month,1,Mailed check,69.75,1545.4,0,67.64083519729206,68.37042237339037,68.37042237339037,Q4
6368-NWMCE,Female,0,0,0,38,1,Yes,DSL,No,Yes,No,Yes,No,Yes,Month-to-month,0,Credit card (automatic),68.15,2656.3,0,6.220088691782858,68.22543737473711,68.22543737473711,Q4
2834-JKOOW,Female,0,0,0,15,0,No phone service,DSL,Yes,Yes,Yes,Yes,No,No,One year,0,Mailed check,45.9,693.45,0,30.304503789197522,68.1626688817856,68.1626688817856,Q4
1803-BGNBD,Female,0,0,0,12,1,No,DSL,No,Yes,No,Yes,No,No,Month-to-month,1,Electronic check,54.3,654.5,0,61.95161756074863,68.07187230574345,68.07187230574345,Q4
6036-TTFYU,Female,0,1,0,16,1,No,No,No internet service,No internet service,No internet service,No internet service,No internet service,No internet service,Month-to-month,0,Mailed check,19.6,314.45,0,71.41692805837694,68.04592614430342,68.04592614430342,Q4
1971-DTCZB,Female,0,1,0,72,1,Yes,DSL,Yes,Yes,Yes,Yes,Yes,Yes,Two year,1,Bank transfer (automatic),90.95,6468.6,0,1.5473047340052957,67.91664917305744,67.91664917305744,Q4
1257-SXUXQ,Male,0,1,1,5,1,No,No,No internet service,No internet service,No internet service,No internet service,No internet service,No internet service,Month-to-month,0,Mailed check,19.45,86.05,0,31.43205884109993,67.91536472700655,67.91536472700655,Q4
9441-QHEVC,Male,0,0,0,1,1,No,No,No internet service,No internet service,No internet service,No internet service,No internet service,No internet service,Month-to-month,0,Mailed check,19.1,19.1,0,23.445892460882547,67.88402461929633,67.88402461929633,Q4
4531-AUZNK,Female,0,1,1,51,1,Yes,Fiber optic,Yes,No,No,Yes,Yes,No,One year,1,Mailed check,95.15,5000.05,0,9.92776032955859,67.79614184820176,67.79614184820176,Q4
0678-RLHVP,Female,0,0,0,53,1,Yes,Fiber optic,No,Yes,Yes,No,Yes,Yes,Two year,0,Electronic check,105.55,5682.25,0,9.728874371611454,67.70709179544828,67.70709179544828,Q4
7243-LCGGZ,Female,0,0,0,1,1,No,No,No internet service,No internet service,No internet service,No internet service,No internet service,No internet service,Month-to-month,0,Mailed check,20.9,20.9,0,1.8802748364549218,67.70023735267618,67.70023735267618,Q4
3644-QXEHN,Male,0,1,1,13,1,No,Fiber optic,No,No,Yes,No,Yes,Yes,Month-to-month,0,Electronic check,97.0,1334.45,0,21.576500485244186,67.64083519729206,67.64083519729206,Q4
1200-TUZHR,Female,1,0,0,8,1,Yes,Fiber optic,No,No,No,No,No,Yes,Month-to-month,0,Electronic check,85.2,695.75,0,38.864482268204654,67.55228635091257,67.55228635091257,Q4
5989-OMNJE,Female,0,1,1,24,0,No phone service,DSL,Yes,Yes,Yes,No,Yes,Yes,One year,0,Electronic check,57.6,1367.75,0,18.580548068495734,67.50997133010449,67.50997133010449,Q4
5144-PQCDZ,Male,0,0,0,4,1,No,No,No internet service,No internet service,No internet service,No internet service,No internet service,No internet service,Month-to-month,1,Mailed check,19.95,59.25,0,19.70156523599921,67.45568936535207,67.45568936535207,Q4
3724-BSCVH,Male,0,1,1,10,1,No,No,No internet service,No internet service,No internet service,No internet service,No internet service,No internet service,One year,0,Mailed check,20.45,242.4,0,0.7154515641440764,67.33241720471092,67.33241720471092,Q4
1173-NOEYG,Female,0,1,0,27,1,Yes,Fiber optic,No,No,Yes,No,No,Yes,Month-to-month,0,Bank transfer (automatic),90.15,2423.4,0,56.42929013337853,67.22454532002465,67.22454532002465,Q4
6072-NUQCB,Male,0,1,1,22,1,No,No,No internet service,No internet service,No internet service,No internet service,No internet service,No internet service,One year,0,Bank transfer (automatic),20.25,488.25,0,6.1338221647363245,67.18330894949848,67.18330894949848,Q4
2607-DHDAK,Male,0,1,1,72,1,No,No,No internet service,No internet service,No internet service,No internet service,No internet service,No internet service,Two year,1,Credit card (automatic),19.8,1414.65,0,21.619921345860377,67.10529067187322,67.10529067187322,Q4
4097-YODCF,Male,0,0,1,34,1,Yes,Fiber optic,Yes,Yes,No,No,Yes,Yes,One year,1,Electronic check,103.8,3470.8,0,0.3044204082808424,67.08421812716206,67.08421812716206,Q4
8620-RJPZN,Female,0,0,0,1,1,No,No,No internet service,No internet service,No internet service,No internet service,No internet service,No internet service,Month-to-month,0,Electronic check,20.7,20.7,0,3.8420463513273613,67.0771529280552,67.0771529280552,Q4
9114-VEPUF,Male,0,1,0,62,1,Yes,Fiber optic,Yes,Yes,No,No,No,Yes,One year,0,Electronic check,96.1,6001.45,0,7.933704368167013,66.99121203484145,66.99121203484145,Q4
4445-ZJNMU,Male,0,0,0,9,1,Yes,Fiber optic,No,Yes,No,No,Yes,Yes,Month-to-month,1,Credit card (automatic),99.3,918.75,0,12.636957766496032,66.84509382873406,66.84509382873406,Q4
6859-RKMZJ,Male,0,1,0,11,1,No,DSL,No,No,No,No,Yes,No,Month-to-month,1,Bank transfer (automatic),55.05,608.15,0,24.039129124174867,66.8423455695994,66.8423455695994,Q4
2507-QZPQS,Male,0,0,0,15,1,Yes,Fiber optic,No,Yes,No,Yes,No,Yes,Month-to-month,0,Electronic check,95.7,1451.1,0,1.2947807802561833,66.83552844502681,66.83552844502681,Q4
6120-RJKLU,Female,1,1,0,62,1,No,DSL,Yes,No,Yes,Yes,Yes,Yes,Two year,1,Credit card (automatic),79.95,4819.75,0,3.807554126846728,66.71276683667577,66.71276683667577,Q4
7815-PDTHL,Male,0,0,0,35,1,No,No,No internet service,No internet service,No internet service,No internet service,No internet service,No internet service,Two year,1,Mailed check,20.2,684.4,0,32.716718658318484,66.64215943120156,66.64215943120156,Q4
7175-NTIXE,Female,0,0,0,25,1,No,DSL,Yes,No,No,Yes,Yes,Yes,Month-to-month,1,Credit card (automatic),76.15,1992.95,0,56.995072531224025,66.5870644073373,66.5870644073373,Q4
7923-IYJWY,Male,1,0,0,67,1,Yes,Fiber optic,Yes,Yes,Yes,Yes,Yes,Yes,Two year,1,Credit card (automatic),116.1,7839.85,0,4.393534713191792,66.57011369042219,66.57011369042219,Q4
7442-YGZFK,Male,0,0,0,1,1,Yes,DSL,No,No,No,No,No,No,Month-to-month,1,Credit card (automatic),49.8,49.8,0,37.841534633536256,66.55975786120946,66.55975786120946,Q4
5215-LNLDJ,Female,0,1,1,7,0,No phone service,DSL,No,No,No,No,No,No,Month-to-month,1,Electronic check,24.7,149.05,0,24.84152643374,66.51441625648025,66.51441625648025,Q4
2001-EWBQU,Female,0,0,0,60,1,Yes,Fiber optic,No,Yes,Yes,No,Yes,Yes,Two year,0,Electronic check,104.7,6333.8,0,0.9608848611542058,66.46183164660677,66.46183164660677,Q4
7108-DGVUU,Female,1,1,0,21,1,Yes,DSL,No,Yes,Yes,No,No,Yes,One year,0,Bank transfer (automatic),71.7,1497.05,0,4.403180065333231,66.25391120329645,66.25391120329645,Q4
0052-DCKON,Male,0,1,0,66,1,Yes,Fiber optic,Yes,Yes,Yes,Yes,Yes,Yes,One year,0,Bank transfer (automatic),115.8,7942.15,0,9.029452342281488,66.20797213064209,66.20797213064209,Q4
8165-CBKXO,Male,0,1,1,66,0,No phone service,DSL,No,Yes,Yes,No,Yes,Yes,Two year,1,Credit card (automatic),56.75,3708.4,0,15.195557376952722,66.18428975613008,66.18428975613008,Q4
8884-MRNSU,Male,0,1,1,17,1,No,No,No internet service,No internet service,No internet service,No internet service,No internet service,No internet service,One year,0,Bank transfer (automatic),19.9,329.75,0,0.4055592042766865,66.11799463371803,66.11799463371803,Q4
9631-XEYKE,Male,0,0,0,3,1,Yes,DSL,No,No,No,No,No,No,Month-to-month,0,Bank transfer (automatic),50.4,137.25,0,0.8514354982618272,66.11026827293654,66.11026827293654,Q4
8648-PFRMP,Female,1,0,0,14,0,No phone service,DSL,No,No,No,No,Yes,Yes,Month-to-month,1,Electronic check,46.35,672.7,0,3.145214521811816,66.05844831138793,66.05844831138793,Q4
5871-DGTXZ,Male,0,0,0,32,1,No,No,No internet service,No internet service,No internet service,No internet service,No internet service,No internet service,One year,0,Mailed check,19.8,607.7,0,18.880903701284655,65.96666992539618,65.96666992539618,Q4
1561-BWHIN,Male,0,1,1,19,1,No,No,No internet service,No internet service,No internet service,No internet service,No internet service,No internet service,One year,0,Mailed check,19.8,344.5,0,1.9899687516544418,65.93521275376725,65.93521275376725,Q4
0862-PRCBS,Female,0,1,1,68,1,Yes,Fiber optic,No,Yes,No,Yes,Yes,Yes,Two year,1,Credit card (automatic),103.75,7039.45,0,6.408672548184188,65.92675558122065,65.92675558122065,Q4
2208-NKVVH,Male,0,1,1,43,1,Yes,No,No internet service,No internet service,No internet service,No internet service,No internet service,No internet service,Two year,0,Mailed check,24.25,1077.95,0,9.068393856862704,65.81596191745727,65.81596191745727,Q4
9953-ZMKSM,Male,0,0,0,63,1,Yes,No,No internet service,No internet service,No internet service,No internet service,No internet service,No internet service,Two year,0,Mailed check,25.25,1559.3,0,9.005539705105022,65.79822579338509,65.79822579338509,Q4
9154-QDGTH,Male,0,1,1,43,1,Yes,Fiber optic,No,No,Yes,Yes,Yes,Yes,One year,1,Credit card (automatic),104.3,4451.85,0,4.354416259087081,65.52975689750764,65.52975689750764,Q4
2160-GPFXD,Male,0,1,1,54,1,Yes,DSL,Yes,Yes,No,Yes,No,No,Two year,1,Credit card (automatic),65.65,3566.7,0,38.79165248265777,65.4960503213671,65.4960503213671,Q4
5176-LDKUH,Female,0,0,0,48,1,No,Fiber optic,No,Yes,No,No,No,No,One year,0,Electronic check,75.15,3772.65,0,32.48191099147715,65.45893472718083,65.45893472718083,Q4
5626-MGTUK,Female,0,0,0,20,1,Yes,Fiber optic,Yes,No,No,No,Yes,No,Month-to-month,1,Bank transfer (automatic),89.1,1879.25,0,21.198433534175845,65.28868716436125,65.28868716436125,Q4
3234-VKACU,Male,0,0,0,2,1,No,DSL,No,No,No,Yes,Yes,Yes,Month-to-month,0,Electronic check,70.3,132.4,0,1.5174531086710241,65.27771737320556,65.27771737320556,Q4
6575-SUVOI,Female,1,1,0,25,1,Yes,DSL,Yes,No,No,Yes,Yes,No,Month-to-month,1,Credit card (automatic),69.5,1752.65,0,5.548563906499671,65.02783082422809,65.02783082422809,Q4
8468-EHYJA,Female,0,1,0,57,1,Yes,Fiber optic,Yes,No,No,No,Yes,Yes,Month-to-month,1,Electronic check,99.65,5497.05,0,29.340240274234947,64.77887678994877,64.77887678994877,Q4
3902-MIVLE,Male,0,1,1,63,1,Yes,DSL,Yes,No,Yes,Yes,No,Yes,Two year,0,Mailed check,75.7,4676.7,0,1.1140768278613908,64.77440151899532,64.77440151899532,Q4
8060-HIWJJ,Male,0,0,0,64,1,Yes,DSL,No,Yes,Yes,Yes,Yes,Yes,Two year,0,Credit card (automatic),86.55,5632.55,0,14.851976912640458,64.58926584632762,64.58926584632762,Q4
0932-YIXYU,Female,0,0,0,47,1,No,No,No internet service,No internet service,No internet service,No internet service,No internet service,No internet service,Two year,0,Credit card (automatic),20.25,1029.8,0,1.2114804160550492,64.5882036084042,64.5882036084042,Q4
0668-OGMHD,Female,0,1,0,21,0,No phone service,DSL,Yes,No,No,No,No,No,Month-to-month,0,Electronic check,28.5,629.35,0,48.89786381744801,64.56408577632035,64.56408577632035,Q4
9885-AIBVB,Male,0,1,0,29,1,Yes,Fiber optic,No,Yes,Yes,No,No,No,Month-to-month,1,Electronic check,85.8,2440.25,0,0.8831196832628798,64.49505970718414,64.49505970718414,Q4
3597-YASZG,Female,1,1,0,70,1,Yes,Fiber optic,No,Yes,No,Yes,Yes,Yes,Two year,1,Bank transfer (automatic),104.45,7349.35,0,32.86657136869506,64.4895924198623,64.4895924198623,Q4
8089-UZWLX,Female,1,0,0,71,1,Yes,Fiber optic,No,No,Yes,No,Yes,Yes,Two year,0,Bank transfer (automatic),104.05,7413.55,0,59.018065171280085,64.43986789757291,64.43986789757291,Q4
5325-UWTWJ,Male,0,1,0,31,1,Yes,Fiber optic,Yes,Yes,No,Yes,No,No,Month-to-month,1,Credit card (automatic),90.55,2929.75,0,4.494564700722757,64.33964506789154,64.33964506789154,Q4
7471-MQPOS,Male,1,1,1,71,1,Yes,DSL,No,Yes,Yes,Yes,No,Yes,One year,1,Bank transfer (automatic),72.9,5139.65,0,1.743322452243124,64.26974161221601,64.26974161221601,Q4
7473-ZBDSN,Female,0,1,1,14,1,No,No,No internet service,No internet service,No internet service,No internet service,No internet service,No internet service,Two year,0,Mailed check,18.8,255.55,0,35.12777486462527,64.24832541597117,64.24832541597117,Q4
6888-SBYAI,Male,0,0,0,1,1,No,DSL,Yes,No,No,No,No,No,Month-to-month,1,Mailed check,50.7,50.7,0,13.884971999996127,64.24508368199261,64.24508368199261,Q4
7398-SKNQZ,Female,0,1,0,3,1,Yes,Fiber optic,No,No,No,No,Yes,Yes,Month-to-month,0,Electronic check,94.9,273.2,0,30.872094441438886,64.22817616596768,64.22817616596768,Q4
1550-EENBN,Female,0,0,0,31,1,Yes,Fiber optic,Yes,Yes,No,No,Yes,Yes,Month-to-month,0,Electronic check,104.35,3205.6,0,16.05894287634725,64.13899455601535,64.13899455601535,Q4
3458-IDMFK,Male,0,0,0,25,1,No,No,No internet service,No internet service,No internet service,No internet service,No internet service,No internet service,Two year,1,Mailed check,20.75,499.4,0,0.588687092345535,64.09273530424763,64.09273530424763,Q4
5656-MJEFC,Male,0,1,1,42,0,No phone service,DSL,Yes,No,Yes,Yes,Yes,No,Two year,0,Credit card (automatic),48.15,2032.3,0,0.6732881297349192,63.99549770892597,63.99549770892597,Q4
4482-EWFMI,Female,0,0,0,2,1,No,Fiber optic,No,No,No,No,No,No,Month-to-month,1,Electronic check,69.7,135.2,0,22.444055998094907,63.98904977508153,63.98904977508153,Q4
4646-QZXTF,Female,0,1,0,7,1,No,DSL,Yes,No,Yes,Yes,Yes,Yes,Month-to-month,0,Bank transfer (automatic),81.25,580.1,0,19.873364572466198,63.90386667269132,63.90386667269132,Q4
1045-LTCYT,Female,0,1,1,8,1,No,No,No internet service,No internet service,No internet service,No internet service,No internet service,No internet service,Month-to-month,0,Credit card (automatic),21.05,139.75,0,44.71690678605583,63.85519421788939,63.85519421788939,Q4
6169-PGNCD,Female,0,0,0,57,1,No,DSL,Yes,Yes,Yes,Yes,Yes,No,Two year,1,Credit card (automatic),74.3,4166.35,0,1.029816913308905,63.80518439987281,63.80518439987281,Q4
8039-ACLPL,Female,0,1,1,72,1,No,DSL,Yes,Yes,Yes,No,No,Yes,Two year,0,Credit card (automatic),68.75,4888.2,0,29.407752296942064,63.754362198893254,63.754362198893254,Q4
1930-BZLHI,Male,0,0,0,21,1,No,No,No internet service,No internet service,No internet service,No internet service,No internet service,No internet service,One year,1,Mailed check,20.35,422.7,0,18.491974511020373,63.66619578651932,63.66619578651932,Q4
0562-FGDCR,Female,0,1,1,72,1,Yes,DSL,Yes,Yes,No,Yes,Yes,No,Two year,0,Mailed check,74.55,5430.65,0,61.646715745692696,63.665766518325185,63.665766518325185,Q4
0784-GTUUK,Male,0,1,0,62,1,Yes,No,No internet service,No internet service,No internet service,No internet service,No internet service,No internet service,One year,1,Credit card (automatic),23.75,1446.8,0,23.174129696441266,63.56639230457297,63.56639230457297,Q4
6900-RBKER,Male,0,0,0,52,1,Yes,Fiber optic,No,No,Yes,No,No,Yes,Two year,1,Credit card (automatic),89.45,4577.75,0,53.42857964153036,63.55654454008381,63.55654454008381,Q4
4538-WNTMJ,Female,0,1,1,46,1,Yes,No,No internet service,No internet service,No internet service,No internet service,No internet service,No internet service,One year,0,Mailed check,24.95,1165.9,0,14.360785710470333,63.48234487434355,63.48234487434355,Q4
4359-INNWN,Female,0,0,0,17,1,No,No,No internet service,No internet service,No internet service,No internet service,No internet service,No internet service,One year,0,Credit card (automatic),20.05,337.9,0,22.61082322951903,63.42519791929322,63.42519791929322,Q4
8879-ZKJOF,Female,0,0,0,41,1,No,DSL,Yes,No,Yes,Yes,Yes,Yes,One year,1,Bank transfer (automatic),79.85,3320.75,0,31.88344991353606,63.40512846039745,63.40512846039745,Q4
3572-UOLYZ,Female,0,0,1,46,1,Yes,Fiber optic,No,No,Yes,Yes,No,No,Month-to-month,1,Bank transfer (automatic),84.8,3958.85,0,3.1486730573183053,63.31075184049949,63.31075184049949,Q4
3317-VLGQT,Female,0,1,0,14,1,No,Fiber optic,No,No,No,No,No,Yes,Month-to-month,1,Electronic check,78.1,1122.4,0,6.869112000777461,63.300008078168844,63.300008078168844,Q4
0626-QXNGV,Female,0,1,0,72,1,Yes,No,No internet service,No internet service,No internet service,No internet service,No internet service,No internet service,Two year,1,Credit card (automatic),24.15,1776.45,0,49.84699958317811,63.19882687876242,63.19882687876242,Q4
9239-GZHZE,Female,0,1,0,72,1,Yes,Fiber optic,Yes,Yes,Yes,Yes,Yes,Yes,Two year,1,Credit card (automatic),113.65,8124.2,0,1.6158971694390956,63.15749190955315,63.15749190955315,Q4
8670-ERCJH,Male,0,0,0,72,1,Yes,Fiber optic,Yes,Yes,Yes,Yes,Yes,Yes,Two year,0,Bank transfer (automatic),113.4,8164.1,0,10.679014401035403,63.15174172083877,63.15174172083877,Q4
8915-NNTRC,Male,0,1,1,72,1,Yes,Fiber optic,Yes,Yes,No,Yes,Yes,Yes,Two year,1,Credit card (automatic),107.7,7919.8,0,0.7215386870835558,63.07739083169304,63.07739083169304,Q4
7351-MHQVU,Female,0,0,0,6,0,No phone service,DSL,Yes,Yes,No,Yes,No,Yes,Month-to-month,0,Credit card (automatic),50.95,307.6,0,37.06495635092521,62.969028933773096,62.969028933773096,Q4
6806-YDEUL,Female,1,0,0,6,1,No,No,No internet service,No internet service,No internet service,No internet service,No internet service,No internet service,Month-to-month,0,Bank transfer (automatic),19.5,106.8,0,12.772352558882774,62.84607290243602,62.84607290243602,Q4
4182-BGSIQ,Female,0,1,1,10,1,No,No,No internet service,No internet service,No internet service,No internet service,No internet service,No internet service,Month-to-month,1,Bank transfer (automatic),19.8,196.75,0,12.943138252161784,62.84439394387291,62.84439394387291,Q4
4881-JVQOD,Male,1,1,1,10,0,No phone service,DSL,No,No,No,No,No,Yes,Month-to-month,1,Bank transfer (automatic),34.55,362.6,0,1.8956582465251077,62.829891529134954,62.829891529134954,Q4
5168-MSWXT,Male,0,1,1,8,1,No,Fiber optic,No,No,Yes,No,Yes,Yes,Month-to-month,1,Electronic check,94.75,759.55,0,8.00424117823579,62.795881961934896,62.795881961934896,Q4
2921-XWDJH,Female,1,1,0,38,1,No,Fiber optic,Yes,No,No,No,No,Yes,Month-to-month,1,Electronic check,83.45,3147.15,0,63.85519421788939,62.783671105043716,62.783671105043716,Q4
9473-CBZOP,Female,0,0,0,28,1,Yes,DSL,Yes,No,Yes,No,No,No,One year,0,Mailed check,59.0,1654.45,0,0.5114007598309862,62.756527974471844,62.756527974471844,Q4
4291-HYEBC,Female,1,1,1,28,0,No phone service,DSL,No,Yes,No,No,No,Yes,One year,1,Electronic check,39.1,1096.6,0,11.17723468174128,62.6910247830242,62.6910247830242,Q4
5320-BRKGK,Female,0,1,1,58,1,Yes,DSL,Yes,No,Yes,Yes,Yes,No,Two year,0,Mailed check,75.8,4415.75,0,16.966334863101753,62.64240727391223,62.64240727391223,Q4
8295-FHIVV,Male,0,0,0,7,1,No,No,No internet service,No internet service,No internet service,No internet service,No internet service,No internet service,Month-to-month,1,Mailed check,19.4,168.65,0,2.0163232451692283,62.60202273387051,62.60202273387051,Q4
8466-PZBLH,Male,0,1,1,67,1,Yes,Fiber optic,Yes,No,No,Yes,Yes,Yes,Two year,0,Bank transfer (automatic),104.6,6885.75,0,60.82839991487206,62.52681765262744,62.52681765262744,Q4
3090-LETTY,Male,0,0,1,2,1,Yes,DSL,Yes,Yes,No,No,No,No,Month-to-month,0,Bank transfer (automatic),60.95,134.6,0,41.80580445008582,62.52371646112185,62.52371646112185,Q4
4361-FEBGN,Male,0,0,0,48,1,No,No,No internet service,No internet service,No internet service,No internet service,No internet service,No internet service,Two year,0,Credit card (automatic),20.15,982.95,0,29.59925302505331,62.504379289719004,62.504379289719004,Q4
9701-CDXHR,Female,0,1,0,51,1,No,Fiber optic,No,No,No,No,No,No,Month-to-month,0,Mailed check,69.15,3649.6,0,26.58996939678115,62.429231152697525,62.429231152697525,Q4
2974-GGUXS,Female,1,1,0,36,1,Yes,Fiber optic,No,Yes,No,No,Yes,No,Month-to-month,1,Credit card (automatic),91.95,3301.05,0,11.90394154631154,62.41214822547968,62.41214822547968,Q4
0206-OYVOC,Female,0,1,1,46,1,No,No,No internet service,No internet service,No internet service,No internet service,No internet service,No internet service,Two year,1,Mailed check,19.25,864.2,0,9.332180410367615,62.38663568111926,62.38663568111926,Q4
8750-QWZAJ,Female,0,1,1,70,1,No,No,No internet service,No internet service,No internet service,No internet service,No internet service,No internet service,Two year,0,Bank transfer (automatic),19.8,1378.75,0,0.7274559429440501,62.3503053495554,62.3503053495554,Q4
5468-BPMMO,Male,0,1,0,46,1,No,No,No internet service,No internet service,No internet service,No internet service,No internet service,No internet service,Month-to-month,0,Electronic check,19.6,851.2,0,2.584359016119997,62.2868264909188,62.2868264909188,Q4
0442-TDYUO,Male,0,1,0,48,1,No,No,No internet service,No internet service,No internet service,No internet service,No internet service,No internet service,Two year,1,Mailed check,20.05,1036.0,0,30.12933787845545,62.188758519101306,62.188758519101306,Q4
0774-IFUVM,Male,0,1,1,11,1,Yes,DSL,Yes,No,No,No,Yes,No,Month-to-month,1,Bank transfer (automatic),65.15,723.35,0,64.77887678994877,62.14639242047216,62.14639242047216,Q4
7803-XOCCZ,Female,0,1,1,52,1,No,Fiber optic,Yes,No,Yes,Yes,No,No,Month-to-month,1,Bank transfer (automatic),84.05,4326.8,0,41.841822291376666,62.092531639817786,62.092531639817786,Q4
4909-JOUPP,Male,1,1,0,72,1,Yes,Fiber optic,No,Yes,Yes,Yes,Yes,Yes,Two year,0,Credit card (automatic),109.7,7898.45,0,1.612889408176452,62.053997390527826,62.053997390527826,Q4
3164-YAXFY,Male,0,0,0,57,0,No phone service,DSL,Yes,No,Yes,No,Yes,Yes,Month-to-month,1,Electronic check,53.75,3196.0,0,50.48272865710375,62.049167088380095,62.049167088380095,Q4
4879-GZLFH,Female,0,1,1,42,1,No,Fiber optic,No,No,Yes,No,Yes,Yes,Month-to-month,1,Electronic check,92.15,3875.4,0,4.778176942236639,62.016294651225124,62.016294651225124,Q4
9169-BSVIN,Male,0,0,0,12,1,Yes,DSL,No,No,Yes,No,Yes,Yes,Month-to-month,0,Bank transfer (automatic),74.75,827.05,0,2.27644871510167,61.98116704997979,61.98116704997979,Q4
2692-PFYTJ,Female,0,0,0,1,1,Yes,No,No internet service,No internet service,No internet service,No internet service,No internet service,No internet service,Month-to-month,1,Mailed check,25.75,25.75,0,29.50496460157057,61.95161756074863,61.95161756074863,Q4
2581-VKIRT,Female,0,1,1,59,1,Yes,DSL,Yes,Yes,No,Yes,No,No,One year,0,Mailed check,65.5,3801.3,0,55.7269376138417,61.741599296360086,61.741599296360086,Q4
4891-NLUBA,Female,0,1,1,61,0,No phone service,DSL,No,Yes,Yes,Yes,Yes,Yes,Two year,1,Bank transfer (automatic),61.45,3751.15,0,5.428147353892456,61.66289550005216,61.66289550005216,Q4
3717-FDJFU,Male,0,0,1,5,1,No,No,No internet service,No internet service,No internet service,No internet service,No internet service,No internet service,Two year,0,Mailed check,20.45,106.9,0,0.7492687142217439,61.646715745692696,61.646715745692696,Q4
2096-XOTMO,Female,0,1,1,16,1,No,No,No internet service,No internet service,No internet service,No internet service,No internet service,No internet service,Month-to-month,0,Mailed check,19.35,275.9,0,39.4526916632074,61.611395625595264,61.611395625595264,Q4
9974-JFBHQ,Male,0,0,1,64,1,No,Fiber optic,No,Yes,No,Yes,Yes,Yes,Month-to-month,1,Credit card (automatic),99.15,6171.2,0,39.69247818004858,61.42322954528229,61.42322954528229,Q4
1452-UZOSF,Male,0,1,1,72,1,Yes,Fiber optic,Yes,Yes,Yes,Yes,Yes,No,Two year,1,Credit card (automatic),106.1,7548.6,0,6.7731304158384615,61.357378180233255,61.357378180233255,Q4
4694-PHWFW,Female,0,0,1,8,1,No,No,No internet service,No internet service,No internet service,No internet service,No internet service,No internet service,Month-to-month,0,Mailed check,19.95,170.9,0,0.3331613041130377,61.285185433823486,61.285185433823486,Q4
2195-VVRJF,Male,1,1,0,18,1,No,DSL,Yes,No,No,No,No,Yes,Month-to-month,1,Credit card (automatic),59.1,1011.05,0,19.907150960956397,61.26807473388547,61.26807473388547,Q4
2081-VEYEH,Male,0,0,0,3,1,No,Fiber optic,No,Yes,Yes,Yes,Yes,Yes,Month-to-month,1,Electronic check,107.95,318.6,0,2.0371797417920523,61.15424270762143,61.15424270762143,Q4
7033-CLAMM,Female,0,1,1,48,1,No,No,No internet service,No internet service,No internet service,No internet service,No internet service,No internet service,Two year,0,Bank transfer (automatic),20.2,1027.25,0,3.1493908105913064,61.13798894825355,61.13798894825355,Q4
2200-DSAAL,Female,0,0,0,68,1,Yes,DSL,No,Yes,Yes,No,Yes,Yes,Two year,1,Electronic check,80.65,5330.2,0,24.99396186698215,61.096472913477406,61.096472913477406,Q4
8582-KRHPJ,Male,0,0,0,50,0,No phone service,DSL,Yes,Yes,No,No,No,No,Month-to-month,1,Mailed check,35.0,1782.4,0,6.669957600378177,61.06555919416403,61.06555919416403,Q4
5844-QVTAT,Female,0,1,1,33,1,No,DSL,Yes,Yes,Yes,No,No,No,One year,1,Mailed check,58.45,1955.4,0,15.618495340668614,61.056454710522054,61.056454710522054,Q4
2038-LLMLM,Female,0,0,0,48,1,Yes,Fiber optic,No,No,Yes,Yes,Yes,Yes,Month-to-month,1,Electronic check,103.85,4946.05,0,17.244664525232693,60.99529062748535,60.99529062748535,Q4
6723-CEGQI,Female,0,0,1,65,0,No phone service,DSL,No,Yes,No,Yes,Yes,No,Two year,0,Mailed check,45.25,2933.95,0,10.139009442731568,60.97874748689567,60.97874748689567,Q4
5149-TGWDZ,Female,0,0,0,21,1,No,Fiber optic,No,Yes,Yes,Yes,Yes,Yes,One year,1,Mailed check,104.55,2239.4,0,14.288258320833632,60.97573345770556,60.97573345770556,Q4
7841-FCRQD,Female,0,1,0,33,1,No,DSL,No,Yes,No,Yes,No,No,One year,1,Credit card (automatic),53.75,1857.3,0,6.92755724886608,60.968685420528836,60.968685420528836,Q4
1465-LNTLJ,Male,1,1,0,8,1,No,DSL,No,No,Yes,Yes,No,Yes,Month-to-month,1,Credit card (automatic),64.4,581.7,0,30.236668249640715,60.9652655152792,60.9652655152792,Q4
4530-NDRKU,Female,0,1,1,42,1,No,No,No internet service,No internet service,No internet service,No internet service,No internet service,No internet service,One year,1,Electronic check,19.05,761.85,0,59.23206624845736,60.926273068705115,60.926273068705115,Q4
9617-UDPEU,Female,0,0,0,22,1,No,No,No internet service,No internet service,No internet service,No internet service,No internet service,No internet service,One year,1,Mailed check,19.25,412.55,0,53.521056547350234,60.89728821013194,60.89728821013194,Q4
6100-FJZDG,Male,0,1,1,26,1,No,No,No internet service,No internet service,No internet service,No internet service,No internet service,No internet service,One year,1,Bank transfer (automatic),20.05,505.9,0,15.288076274267546,60.88855927442369,60.88855927442369,Q4
5311-IHLEI,Male,0,0,0,12,0,No phone service,DSL,Yes,Yes,No,Yes,Yes,No,Month-to-month,1,Bank transfer (automatic),50.95,605.75,0,3.8121496925371297,60.82839991487206,60.82839991487206,Q4
1090-PYKCI,Female,0,1,1,69,1,Yes,Fiber optic,Yes,Yes,Yes,Yes,Yes,No,One year,1,Credit card (automatic),105.1,7234.8,0,1.4247798406458374,60.7949464429658,60.7949464429658,Q4
4455-BFSPD,Female,0,1,0,61,1,Yes,Fiber optic,No,No,No,Yes,Yes,Yes,One year,0,Bank transfer (automatic),101.15,6383.9,0,20.77782357490998,60.78077121136841,60.78077121136841,Q4
1686-STUHN,Male,0,0,0,42,1,No,No,No internet service,No internet service,No internet service,No internet service,No internet service,No internet service,One year,0,Bank transfer (automatic),19.8,849.9,0,3.881828248871213,60.77627485928424,60.77627485928424,Q4
4186-ZBUEW,Female,0,0,0,36,1,Yes,DSL,No,Yes,No,Yes,No,Yes,One year,1,Mailed check,70.7,2511.95,0,18.72370011454943,60.77060714226488,60.77060714226488,Q4
4487-ZYJZK,Female,0,1,1,38,1,No,No,No internet service,No internet service,No internet service,No internet service,No internet service,No internet service,One year,0,Credit card (automatic),19.6,763.1,0,0.5697871203459127,60.726941824955816,60.726941824955816,Q4
6215-NQCPY,Male,0,0,0,15,1,Yes,Fiber optic,Yes,No,No,No,Yes,Yes,Month-to-month,1,Electronic check,99.7,1566.75,0,1.8879057678722455,60.702877634522224,60.702877634522224,Q4
2612-PHGOX,Male,0,1,0,64,1,Yes,DSL,No,Yes,Yes,Yes,Yes,No,Two year,1,Bank transfer (automatic),76.1,4818.8,0,1.7920365604437032,60.67451435830724,60.67451435830724,Q4
3714-XPXBW,Female,0,0,0,37,1,Yes,DSL,Yes,Yes,Yes,Yes,Yes,No,Month-to-month,1,Credit card (automatic),78.9,2976.95,0,8.741135741485543,60.65823449748845,60.65823449748845,Q4
3190-ITQXP,Female,0,1,1,46,1,No,No,No internet service,No internet service,No internet service,No internet service,No internet service,No internet service,Two year,0,Bank transfer (automatic),20.25,890.35,0,1.4175695432408268,60.64747226682526,60.64747226682526,Q4
2706-QZIHY,Female,0,1,0,15,1,Yes,No,No internet service,No internet service,No internet service,No internet service,No internet service,No internet service,Two year,0,Mailed check,25.2,387.9,0,25.379609365513573,60.602919064594055,60.602919064594055,Q4
6682-VCIXC,Female,0,1,1,43,0,No phone service,DSL,Yes,Yes,No,Yes,Yes,No,One year,1,Bank transfer (automatic),51.25,2151.6,0,18.4715865111657,4.67427738507957,60.56652493507643,Q4
9548-ZMVTX,Male,0,1,1,72,1,Yes,Fiber optic,No,Yes,Yes,Yes,No,No,Two year,0,Bank transfer (automatic),90.45,6565.85,0,23.55988468784401,60.55492913991433,60.55492913991433,Q4
7191-ADRGF,Male,0,1,0,44,0,No phone service,DSL,No,Yes,Yes,No,Yes,Yes,Two year,0,Bank transfer (automatic),54.3,2390.45,0,15.925861925057974,60.49474675332862,60.49474675332862,Q4
7969-FFOWG,Male,0,1,1,65,1,No,No,No internet service,No internet service,No internet service,No internet service,No internet service,No internet service,Two year,0,Mailed check,19.9,1292.6,0,15.665307225702083,60.335609019926714,60.335609019926714,Q4
7964-YESJC,Female,0,1,0,24,1,Yes,DSL,Yes,Yes,Yes,No,No,No,Month-to-month,0,Mailed check,66.3,1559.45,0,11.436920990678816,60.330131047570234,60.330131047570234,Q4
5816-QVHRX,Female,0,0,0,37,1,Yes,Fiber optic,No,No,No,Yes,Yes,Yes,Month-to-month,0,Credit card (automatic),100.3,3541.4,0,0.6051061706791572,60.30693312109279,60.30693312109279,Q4
1934-MKPXS,Male,0,1,1,33,1,No,No,No internet service,No internet service,No internet service,No internet service,No internet service,No internet service,One year,0,Credit card (automatic),20.1,620.55,0,57.83063286204416,60.25226933642068,60.25226933642068,Q4
1197-BVMVG,Female,1,0,0,4,1,Yes,Fiber optic,No,No,No,No,No,No,Month-to-month,1,Electronic check,74.45,294.45,0,1.91326323851954,60.206105673533536,60.206105673533536,Q4
4727-MCYZG,Male,0,0,0,1,1,No,DSL,No,No,No,No,No,Yes,Month-to-month,0,Mailed check,55.55,55.55,0,7.058561712013202,60.200125999980095,60.200125999980095,Q4
4023-RTIQM,Female,1,1,0,31,0,No phone service,DSL,Yes,Yes,Yes,No,No,Yes,One year,1,Credit card (automatic),50.4,1580.1,0,3.2800645655467178,60.193557670595176,60.193557670595176,Q4
7596-ZYWBB,Female,0,0,0,65,1,No,DSL,Yes,Yes,No,Yes,No,No,Two year,1,Mailed check,59.6,3739.8,0,64.49505970718414,60.19171931778271,60.19171931778271,Q4
1400-WIVLL,Male,0,1,0,57,1,Yes,Fiber optic,No,No,Yes,Yes,Yes,Yes,Two year,0,Electronic check,107.95,5969.85,0,15.142892752544522,60.173953343303666,60.173953343303666,Q4
1022-RKXDR,Female,0,0,0,41,1,Yes,No,No internet service,No internet service,No internet service,No internet service,No internet service,No internet service,One year,1,Mailed check,24.85,962.25,0,35.808980681844645,60.16940245989317,60.16940245989317,Q4
2739-CACDQ,Female,1,0,0,17,1,Yes,Fiber optic,No,No,Yes,No,No,No,Month-to-month,1,Credit card (automatic),82.65,1470.05,0,30.97392159478295,60.061795836639135,60.061795836639135,Q4
5380-XPJNZ,Female,0,0,0,38,1,No,No,No internet service,No internet service,No internet service,No internet service,No internet service,No internet service,One year,0,Mailed check,20.05,678.2,0,3.58286721089566,60.01826236242051,60.01826236242051,Q4
4283-IVYCI,Male,0,0,0,9,1,No,DSL,Yes,No,No,Yes,No,Yes,Month-to-month,0,Mailed check,64.95,547.8,0,21.903442328183438,60.01825877619886,60.01825877619886,Q4
7901-TBKJX,Male,1,0,0,56,1,Yes,Fiber optic,No,No,Yes,No,Yes,Yes,Month-to-month,1,Electronic check,101.05,5594.0,0,0.814007642894466,59.9658980643852,59.9658980643852,Q4
8871-JLMHM,Female,0,1,0,68,1,Yes,Fiber optic,No,Yes,Yes,Yes,No,No,Two year,0,Credit card (automatic),90.2,6297.65,0,6.221631934004675,59.946495220800486,59.946495220800486,Q4
2577-GVSIL,Male,0,1,1,35,1,Yes,DSL,No,No,No,Yes,Yes,Yes,One year,1,Bank transfer (automatic),73.45,2661.1,0,3.271021288534154,59.92002501724733,59.92002501724733,Q4
2167-FQSTQ,Female,0,1,0,72,1,Yes,DSL,Yes,Yes,Yes,Yes,Yes,Yes,Two year,1,Electronic check,92.4,6786.1,0,1.751452073212519,59.855281911188676,59.855281911188676,Q4
0057-QBUQH,Female,0,0,1,43,1,Yes,No,No internet service,No internet service,No internet service,No internet service,No internet service,No internet service,Two year,1,Electronic check,25.1,1070.15,0,10.38448757767505,59.83434300350087,59.83434300350087,Q4
3413-CSSTH,Male,0,0,0,41,1,Yes,DSL,No,No,Yes,No,No,No,Month-to-month,1,Bank transfer (automatic),55.7,2237.55,0,40.045716456629954,59.78977466744306,59.78977466744306,Q4
2862-PFNIK,Male,0,0,1,1,0,No phone service,DSL,No,No,No,No,No,No,Month-to-month,1,Electronic check,24.7,24.7,0,1.041001355530069,59.76346945312272,59.76346945312272,Q4
5816-JMLGY,Female,0,1,1,70,1,No,DSL,No,Yes,Yes,Yes,Yes,Yes,Two year,1,Bank transfer (automatic),80.4,5717.85,0,2.0337551186663743,59.65282395876497,59.65282395876497,Q4
2077-DDHJK,Female,0,1,0,68,1,Yes,DSL,Yes,Yes,Yes,Yes,No,No,Two year,0,Credit card (automatic),70.9,4911.35,0,5.992288056535875,59.586920890124716,59.586920890124716,Q4
3740-RLMVT,Male,1,1,0,67,1,No,DSL,Yes,Yes,No,Yes,No,No,One year,1,Bank transfer (automatic),60.95,4119.4,0,8.212521112814139,59.51972212741347,59.51972212741347,Q4
7268-WNTCP,Male,0,1,1,62,1,No,No,No internet service,No internet service,No internet service,No internet service,No internet service,No internet service,Two year,0,Bank transfer (automatic),20.45,1297.35,0,0.6519234577407568,59.48027072016917,59.48027072016917,Q4
6080-LNESI,Male,0,0,0,51,1,Yes,No,No internet service,No internet service,No internet service,No internet service,No internet service,No internet service,Two year,0,Mailed check,24.75,1234.6,0,50.87437160130192,59.47097750451419,59.47097750451419,Q4
2257-BOVXD,Male,0,1,0,14,1,Yes,DSL,No,No,No,Yes,Yes,No,Month-to-month,1,Credit card (automatic),66.6,979.5,0,21.404683182172324,59.44081792747632,59.44081792747632,Q4
7673-LPRNY,Female,0,0,0,23,1,Yes,DSL,Yes,No,Yes,No,Yes,Yes,One year,1,Electronic check,78.55,1843.05,0,6.526009272342422,59.39957357696179,59.39957357696179,Q4
5126-RCXYW,Male,0,1,1,54,0,No phone service,DSL,No,No,Yes,Yes,No,Yes,Two year,0,Credit card (automatic),46.0,2424.05,0,18.96671866335206,59.391974446159715,59.391974446159715,Q4
7083-MIOPC,Female,0,0,0,72,1,No,No,No internet service,No internet service,No internet service,No internet service,No internet service,No internet service,Two year,0,Credit card (automatic),20.25,1566.9,0,12.468933142116416,59.29115527242178,59.29115527242178,Q4
8148-BPLZQ,Male,0,0,0,34,1,No,DSL,No,Yes,No,No,No,No,Month-to-month,1,Electronic check,49.8,1734.2,0,21.699633368880892,59.283137378975816,59.283137378975816,Q4
9356-AXGMP,Male,0,1,0,38,1,Yes,Fiber optic,Yes,No,Yes,Yes,Yes,Yes,One year,1,Electronic check,110.7,4428.6,0,4.855706058722105,59.2518515046924,59.2518515046924,Q4
0083-PIVIK,Male,0,0,0,64,1,Yes,DSL,Yes,Yes,Yes,Yes,Yes,No,One year,0,Electronic check,81.25,5567.55,0,13.548973233901329,59.244977696957044,59.244977696957044,Q4
2223-GDSHL,Male,0,1,1,71,1,Yes,Fiber optic,Yes,Yes,Yes,Yes,Yes,Yes,Two year,1,Bank transfer (automatic),116.05,8297.5,0,3.0548013915223935,59.23206624845736,59.23206624845736,Q4
3454-JFUBC,Male,1,0,0,68,1,No,No,No internet service,No internet service,No internet service,No internet service,No internet service,No internet service,Two year,1,Credit card (automatic),20.0,1396.0,0,14.022532655230629,59.164865501390686,59.164865501390686,Q4
7814-LEEVE,Female,0,1,0,1,1,No,No,No internet service,No internet service,No internet service,No internet service,No internet service,No internet service,Month-to-month,1,Bank transfer (automatic),20.3,20.3,0,1.8258805764409989,59.11605892773923,59.11605892773923,Q4
1685-VAYJF,Male,0,0,0,11,1,No,DSL,No,No,No,No,No,No,Month-to-month,0,Credit card (automatic),45.2,492.0,0,12.375605798372714,59.056371446421544,59.056371446421544,Q4
5816-SCGFC,Female,1,0,0,7,1,No,DSL,No,Yes,No,No,No,No,Month-to-month,1,Mailed check,51.3,419.35,0,10.500209346493616,59.018065171280085,59.018065171280085,Q4
5049-MUBWG,Male,0,0,0,26,1,No,DSL,Yes,No,No,Yes,Yes,Yes,One year,0,Bank transfer (automatic),75.0,1908.35,0,43.646350973532826,58.96809567872933,58.96809567872933,Q4
6916-HIJSE,Female,0,0,0,65,1,No,DSL,Yes,Yes,Yes,Yes,Yes,Yes,Two year,1,Bank transfer (automatic),84.85,5459.2,0,8.402539155169057,58.86141818862739,58.86141818862739,Q4
1552-AAGRX,Female,0,0,0,30,1,Yes,Fiber optic,Yes,No,No,Yes,Yes,Yes,Month-to-month,0,Bank transfer (automatic),106.4,3211.9,0,34.008739527780065,58.801134616897876,58.801134616897876,Q4
0953-LGOVU,Male,0,1,1,12,0,No phone service,DSL,No,Yes,No,Yes,No,No,Month-to-month,0,Mailed check,35.5,432.25,0,4.21160713417016,58.79676464918001,58.79676464918001,Q4
9146-JRIOX,Female,0,1,1,14,1,Yes,No,No internet service,No internet service,No internet service,No internet service,No internet service,No internet service,Month-to-month,0,Mailed check,25.55,372.45,0,9.210549283371398,58.77044298506491,58.77044298506491,Q4
5312-UXESG,Female,0,0,0,41,1,Yes,Fiber optic,No,No,Yes,No,Yes,Yes,Month-to-month,0,Bank transfer (automatic),98.05,3990.6,0,13.224578370002025,58.68794031816525,58.68794031816525,Q4
2790-XUYMV,Male,0,0,1,71,1,Yes,Fiber optic,Yes,Yes,No,No,No,No,One year,1,Credit card (automatic),85.45,6028.95,0,0.5030488280980935,58.62237140547114,58.62237140547114,Q4
2432-TFSMK,Male,0,0,0,18,1,Yes,Fiber optic,No,No,Yes,No,Yes,No,One year,1,Credit card (automatic),89.6,1633.0,0,1.7569737422597633,58.61898033900614,58.61898033900614,Q4
1816-FLZDK,Male,0,0,0,1,0,No phone service,DSL,No,No,No,Yes,No,No,Month-to-month,0,Mailed check,29.15,29.15,0,2.5458454680162346,58.606950434985926,58.606950434985926,Q4
8606-CIQUL,Male,1,1,1,72,1,Yes,Fiber optic,Yes,Yes,Yes,Yes,Yes,Yes,Two year,1,Credit card (automatic),115.75,8399.15,0,2.0533688706445687,58.43430614357027,58.43430614357027,Q4
2676-OXPPQ,Male,0,0,0,6,1,No,DSL,Yes,Yes,No,No,No,No,Month-to-month,1,Bank transfer (automatic),55.7,335.65,0,6.545806944046998,58.398852126537705,58.398852126537705,Q4
3082-YVEKW,Female,0,1,1,23,1,Yes,DSL,Yes,No,Yes,Yes,Yes,No,Two year,1,Bank transfer (automatic),77.15,1759.4,0,22.520155893517888,58.38778262196469,58.38778262196469,Q4
6188-UXBBR,Female,0,1,0,38,1,No,No,No internet service,No internet service,No internet service,No internet service,No internet service,No internet service,One year,1,Credit card (automatic),20.25,814.75,0,25.138003311533037,58.378945370775114,58.378945370775114,Q4
4518-FZBSX,Male,0,1,1,42,1,No,No,No internet service,No internet service,No internet service,No internet service,No internet service,No internet service,One year,0,Mailed check,20.25,854.9,0,0.43872583189107717,58.33925170518256,58.33925170518256,Q4
7089-XXAYG,Male,0,1,0,25,0,No phone service,DSL,No,No,Yes,No,Yes,No,One year,1,Credit card (automatic),38.1,970.4,0,60.78077121136841,58.33222704582541,58.33222704582541,Q4
1085-LDWAM,Female,0,1,1,69,1,No,No,No internet service,No internet service,No internet service,No internet service,No internet service,No internet service,One year,1,Credit card (automatic),20.35,1442.65,0,20.55514614180856,58.26983360310531,58.26983360310531,Q4
4504-YOULA,Female,0,1,1,35,1,Yes,DSL,Yes,Yes,No,No,No,No,Month-to-month,1,Credit card (automatic),59.45,2136.9,0,2.1962128100358114,58.19487861854293,58.19487861854293,Q4
5666-CYCYZ,Female,0,0,0,24,1,Yes,Fiber optic,No,No,No,Yes,No,Yes,Month-to-month,1,Electronic check,89.55,2259.35,0,1.9336501167074132,58.15317838999623,58.15317838999623,Q4
8532-UEFWH,Male,0,1,1,52,1,Yes,No,No internet service,No internet service,No internet service,No internet service,No internet service,No internet service,Two year,0,Mailed check,25.75,1345.85,0,1.1274741896502944,58.1037465328225,58.1037465328225,Q4
5724-BIDBU,Male,0,1,0,49,1,Yes,DSL,Yes,No,No,No,No,No,One year,1,Electronic check,55.35,2633.95,0,0.8407702636424809,58.07754936319023,58.07754936319023,Q4
7921-BEPCI,Female,0,0,0,72,1,Yes,DSL,Yes,Yes,No,No,No,No,Two year,0,Bank transfer (automatic),59.75,4265.0,0,33.89962148479354,58.03437920659367,58.03437920659367,Q4
6681-ZSEXG,Male,0,1,0,56,1,Yes,DSL,No,Yes,Yes,No,No,No,Two year,0,Credit card (automatic),59.5,3389.25,0,0.5422541400983218,57.97319572983988,57.97319572983988,Q4
9129-UXERG,Female,1,0,0,18,1,Yes,Fiber optic,No,Yes,No,Yes,Yes,Yes,Month-to-month,1,Credit card (automatic),103.6,1806.35,0,28.40000710104727,57.9094183351726,57.9094183351726,Q4
1376-HHBDV,Female,0,0,0,30,1,No,DSL,Yes,No,No,No,No,No,Month-to-month,1,Mailed check,48.8,1536.75,0,18.585957602104653,57.90893676672431,57.90893676672431,Q4
8098-TDCBU,Female,0,1,0,42,1,Yes,No,No internet service,No internet service,No internet service,No internet service,No internet service,No internet service,Two year,0,Electronic check,25.25,1108.2,0,8.970755458708114,57.83321749122876,57.83321749122876,Q4
7576-JMYWV,Female,1,1,1,46,1,Yes,Fiber optic,Yes,Yes,No,Yes,Yes,Yes,Month-to-month,1,Electronic check,110.2,4972.1,0,2.18584366739728,57.83063286204416,57.83063286204416,Q4
9389-ACWBI,Female,0,1,1,5,1,No,Fiber optic,No,No,No,No,No,No,Month-to-month,0,Credit card (automatic),69.95,320.4,0,0.5568865380040692,57.79662534423966,57.79662534423966,Q4
9489-UTFKA,Male,1,1,0,8,1,No,DSL,Yes,No,No,No,Yes,No,Month-to-month,0,Bank transfer (automatic),60.9,551.95,0,4.378323461182094,57.78227398967907,57.78227398967907,Q4
7905-TVXTA,Female,0,0,0,5,1,No,DSL,Yes,No,No,Yes,Yes,No,Month-to-month,1,Electronic check,64.35,352.65,0,40.29193124336072,57.77902242392392,57.77902242392392,Q4
3769-MHZNV,Female,0,1,1,33,1,No,No,No internet service,No internet service,No internet service,No internet service,No internet service,No internet service,Two year,0,Mailed check,20.1,670.35,0,6.192314888617785,57.77571505841597,57.77571505841597,Q4
8218-FFJDS,Female,0,1,0,72,1,Yes,DSL,Yes,Yes,No,Yes,Yes,Yes,Two year,1,Bank transfer (automatic),86.4,6058.95,0,1.456798868326277,57.7314522039335,57.7314522039335,Q4
8878-RYUKI,Female,0,0,0,52,1,No,DSL,No,No,Yes,No,No,Yes,Month-to-month,1,Electronic check,59.45,3043.7,0,3.308818455757763,57.69371338494136,57.69371338494136,Q4
0603-TPMIB,Female,0,1,1,59,1,Yes,No,No internet service,No internet service,No internet service,No internet service,No internet service,No internet service,Two year,0,Mailed check,25.45,1534.05,0,23.50923383509041,57.64575728583925,57.64575728583925,Q4
3528-HFRIQ,Male,1,1,0,71,0,No phone service,DSL,No,Yes,Yes,No,Yes,Yes,Month-to-month,1,Bank transfer (automatic),52.3,3765.05,0,83.75773773736846,57.63425517789644,57.63425517789644,Q4
2890-WFBHU,Female,0,0,0,59,1,Yes,DSL,Yes,Yes,Yes,Yes,No,Yes,One year,0,Credit card (automatic),79.85,4786.1,0,51.82592327346236,57.60107213923615,57.60107213923615,Q4
0014-BMAQU,Male,0,1,0,63,1,Yes,Fiber optic,Yes,No,No,Yes,No,No,Two year,1,Credit card (automatic),84.65,5377.8,0,42.936618314625335,57.54334262942669,57.54334262942669,Q4
2176-OSJUV,Male,0,1,0,71,1,Yes,DSL,Yes,Yes,No,Yes,No,No,Two year,0,Bank transfer (automatic),65.15,4681.75,0,35.061559420469166,57.50272421720636,57.50272421720636,Q4
2724-FJDYW,Male,0,0,1,39,0,No phone service,DSL,No,No,Yes,Yes,Yes,Yes,One year,0,Bank transfer (automatic),54.85,2191.7,0,16.191887979665896,57.49962155855102,57.49962155855102,Q4
6022-KOUQO,Female,0,1,1,2,0,No phone service,DSL,No,No,No,Yes,No,No,Month-to-month,0,Bank transfer (automatic),29.05,44.75,0,5.75379987521085,57.40446980298908,57.40446980298908,Q4
9225-BZLNZ,Male,0,1,0,72,1,Yes,DSL,Yes,Yes,Yes,No,Yes,Yes,Two year,1,Electronic check,85.25,6083.1,0,42.75847162659783,57.35163980934309,57.35163980934309,Q4
9552-TGUZV,Male,0,1,0,8,1,No,Fiber optic,Yes,No,No,No,No,No,Month-to-month,1,Mailed check,75.0,658.1,0,1.174283740520827,57.22118734348264,57.22118734348264,Q4
7032-LMBHI,Female,0,0,0,37,1,Yes,DSL,Yes,No,No,No,Yes,No,One year,0,Bank transfer (automatic),64.65,2347.85,0,1.5677011104037903,57.158427758696654,57.158427758696654,Q4
1121-QSIVB,Female,0,0,1,44,1,Yes,DSL,No,Yes,No,No,Yes,Yes,One year,1,Mailed check,77.55,3471.1,0,23.407605527820223,57.13298783441905,57.13298783441905,Q4
4827-LTQRJ,Female,1,1,1,66,1,Yes,Fiber optic,Yes,Yes,No,Yes,Yes,Yes,One year,1,Credit card (automatic),110.6,7210.85,0,5.341785438243898,57.12306980999474,57.12306980999474,Q4
2187-PKZAY,Male,0,0,0,12,1,No,Fiber optic,No,No,No,No,No,Yes,Month-to-month,1,Bank transfer (automatic),79.95,1043.4,0,77.60396647310557,57.09087697057353,57.09087697057353,Q4
1428-IEDPR,Male,0,0,0,52,1,Yes,Fiber optic,Yes,No,Yes,Yes,Yes,Yes,Two year,1,Electronic check,109.3,5731.4,0,0.7909461452853407,57.0658832497478,57.0658832497478,Q4
2626-VEEWG,Male,0,1,1,67,1,No,No,No internet service,No internet service,No internet service,No internet service,No internet service,No internet service,Two year,1,Credit card (automatic),19.4,1284.2,0,13.485361687674773,57.015174184854956,57.015174184854956,Q4
5498-IBWPI,Female,0,1,1,66,1,No,DSL,No,No,No,Yes,No,No,One year,1,Credit card (automatic),49.4,3251.85,0,62.60202273387051,57.00981273443598,57.00981273443598,Q4
7919-ZODZZ,Female,0,1,1,10,1,No,DSL,No,Yes,Yes,No,No,Yes,One year,1,Mailed check,65.9,660.05,0,20.49947020744904,56.995072531224025,56.995072531224025,Q4
0384-LPITE,Male,0,0,0,40,0,No phone service,DSL,Yes,Yes,Yes,No,Yes,Yes,One year,0,Credit card (automatic),62.05,2511.55,0,66.99121203484145,56.994695480941715,56.994695480941715,Q4
6229-UOLQL,Male,0,1,1,56,0,No phone service,DSL,Yes,Yes,No,Yes,Yes,No,One year,1,Mailed check,52.0,2884.9,0,8.425802703217606,56.94052288203865,56.94052288203865,Q4
0665-XHDJU,Male,0,1,0,72,1,Yes,Fiber optic,No,Yes,No,No,Yes,Yes,Two year,1,Electronic check,99.4,7285.7,0,19.468851119027246,56.940221893771316,56.940221893771316,Q4
3642-BYHDO,Female,0,1,1,71,1,No,No,No internet service,No internet service,No internet service,No internet service,No internet service,No internet service,Two year,0,Bank transfer (automatic),19.9,1389.35,0,51.176745742348714,56.873545118943646,56.873545118943646,Q4
0112-QAWRZ,Male,0,1,1,16,1,Yes,Fiber optic,No,No,Yes,No,Yes,No,Month-to-month,1,Bank transfer (automatic),90.8,1442.2,0,1.9777549431272763,56.85874215583916,56.85874215583916,Q4
2480-JZOSN,Female,0,1,0,1,1,No,No,No internet service,No internet service,No internet service,No internet service,No internet service,No internet service,Month-to-month,1,Mailed check,20.65,20.65,0,8.854681965519832,56.76188672995923,56.76188672995923,Q4
5201-CBWYG,Male,0,1,1,62,1,Yes,No,No internet service,No internet service,No internet service,No internet service,No internet service,No internet service,One year,0,Bank transfer (automatic),24.8,1476.25,0,12.774116552971579,56.72228735639393,56.72228735639393,Q4
2718-YSKCS,Male,0,1,1,71,1,No,No,No internet service,No internet service,No internet service,No internet service,No internet service,No internet service,Two year,1,Bank transfer (automatic),19.6,1387.45,0,73.00278626599773,56.714395867084086,56.714395867084086,Q4
0244-LGNFY,Female,0,1,1,72,1,Yes,DSL,Yes,Yes,Yes,Yes,Yes,Yes,Two year,0,Bank transfer (automatic),92.65,6733.0,0,48.53087481179436,56.67007260895698,56.67007260895698,Q4
6959-GQEGV,Male,0,0,0,45,1,No,DSL,Yes,No,Yes,No,Yes,Yes,Month-to-month,1,Electronic check,75.95,3273.8,0,5.644335128281021,56.62825838007295,56.62825838007295,Q4
4090-KPJIP,Female,0,0,0,3,1,Yes,Fiber optic,No,No,No,No,No,No,Month-to-month,1,Electronic check,74.95,212.4,0,24.359332485586297,56.577777223027205,56.577777223027205,Q4
5956-YHHRX,Male,1,0,0,21,1,Yes,Fiber optic,No,Yes,Yes,No,Yes,Yes,Month-to-month,1,Electronic check,104.35,2271.85,0,9.552718543694425,56.572506572208084,56.572506572208084,Q4
7823-JSOAG,Male,0,0,0,3,1,Yes,Fiber optic,No,No,No,No,No,No,Month-to-month,0,Electronic check,74.5,217.45,0,12.538158977243436,56.525090314957595,56.525090314957595,Q4
7017-VFHAY,Female,0,1,1,61,1,Yes,Fiber optic,Yes,Yes,Yes,Yes,Yes,Yes,Two year,0,Credit card (automatic),115.1,7008.15,0,71.09624232657012,56.49618453134691,56.49618453134691,Q4
2235-EZAIK,Female,0,1,0,72,1,Yes,DSL,Yes,Yes,Yes,Yes,Yes,No,Two year,0,Credit card (automatic),79.2,5401.9,0,58.07754936319023,56.4808178659838,56.4808178659838,Q4
1760-CAZHT,Male,0,0,1,25,1,No,No,No internet service,No internet service,No internet service,No internet service,No internet service,No internet service,Month-to-month,0,Mailed check,20.8,460.2,0,32.982982048377714,56.46822188220624,56.46822188220624,Q4
4121-AGSIN,Female,0,1,1,58,1,Yes,No,No internet service,No internet service,No internet service,No internet service,No internet service,No internet service,One year,1,Credit card (automatic),24.5,1497.9,0,14.562419292362577,56.44726564669311,56.44726564669311,Q4
9904-EHEVJ,Female,1,1,1,32,1,Yes,Fiber optic,No,No,Yes,No,Yes,No,Month-to-month,1,Mailed check,91.35,2896.55,0,44.83934914082687,56.42929013337853,56.42929013337853,Q4
9089-UOWJG,Female,0,1,1,12,1,No,DSL,No,No,Yes,No,Yes,No,Month-to-month,1,Credit card (automatic),58.35,740.55,0,4.074119721506616,56.37550800956974,56.37550800956974,Q4
3318-NMQXL,Male,0,0,0,3,1,No,Fiber optic,No,No,No,No,Yes,Yes,Month-to-month,1,Electronic check,92.0,266.8,0,2.064919247740837,56.36649299636367,56.36649299636367,Q4
0480-BIXDE,Female,0,1,0,19,1,No,Fiber optic,No,No,Yes,No,Yes,Yes,Month-to-month,1,Electronic check,96.8,1743.05,0,12.54195496646977,56.357734683683155,56.357734683683155,Q4
8564-LDKFL,Male,0,1,0,40,1,Yes,Fiber optic,No,Yes,Yes,No,Yes,Yes,One year,1,Bank transfer (automatic),106.0,4178.65,0,67.91536472700655,56.32554924988676,56.32554924988676,Q4
2521-NPUZR,Male,0,1,0,70,1,No,Fiber optic,Yes,Yes,Yes,Yes,No,Yes,Two year,0,Credit card (automatic),101.0,7085.5,0,45.860584743123034,56.30720907777918,56.30720907777918,Q4
4320-QMLLA,Male,0,0,0,7,1,No,DSL,No,No,No,No,Yes,No,Month-to-month,0,Mailed check,54.85,370.4,0,0.618747526484448,56.2440928600525,56.2440928600525,Q4
0581-BXBUB,Female,1,0,0,4,1,No,Fiber optic,No,Yes,No,No,No,No,Month-to-month,0,Electronic check,72.75,317.75,0,37.41958846474675,56.21647364538297,56.21647364538297,Q4
9227-YBAXE,Female,0,1,1,65,1,Yes,DSL,Yes,Yes,No,Yes,Yes,Yes,Two year,1,Bank transfer (automatic),82.5,5215.1,0,3.219107590036769,56.21546798803444,56.21546798803444,Q4
0254-FNMCI,Female,0,0,0,72,1,No,Fiber optic,Yes,Yes,Yes,Yes,Yes,Yes,Two year,1,Electronic check,109.9,7624.2,0,20.50189451315172,56.17402037147097,56.17402037147097,Q4
1722-LDZJS,Male,0,1,1,53,1,No,No,No internet service,No internet service,No internet service,No internet service,No internet service,No internet service,One year,0,Credit card (automatic),20.2,1068.15,0,2.3632227985755936,56.14429099727285,56.14429099727285,Q4
5697-GOMBF,Female,1,1,1,28,0,No phone service,DSL,No,No,No,No,Yes,No,Month-to-month,1,Electronic check,35.9,973.65,0,3.8041329192179547,56.1384363870789,56.1384363870789,Q4
4884-ZTHVF,Female,1,0,0,8,1,No,Fiber optic,No,Yes,No,No,Yes,No,Month-to-month,1,Electronic check,87.1,713.6,0,0.5291385413497264,56.12028153556532,56.12028153556532,Q4
6181-AXXYF,Male,0,1,1,72,1,Yes,No,No internet service,No internet service,No internet service,No internet service,No internet service,No internet service,Two year,0,Credit card (automatic),24.75,1859.1,0,51.774420249148854,56.11758070866604,56.11758070866604,Q4
9796-BPKIW,Male,1,0,0,8,1,No,Fiber optic,No,No,No,No,No,No,Month-to-month,1,Credit card (automatic),69.95,562.7,0,10.752646927152936,56.08986800685574,56.08986800685574,Q4
9470-XCCEM,Male,0,1,1,35,1,Yes,Fiber optic,No,Yes,No,No,Yes,No,Month-to-month,1,Bank transfer (automatic),89.65,3161.6,0,6.415910764653514,56.04868962537034,56.04868962537034,Q4
2665-NPTGL,Female,1,1,0,26,1,Yes,Fiber optic,No,No,Yes,No,Yes,Yes,Month-to-month,1,Bank transfer (automatic),98.1,2510.7,0,3.566800740067979,55.992434765299734,55.992434765299734,Q4
0464-WJTKO,Female,0,1,1,72,1,No,No,No internet service,No internet service,No internet service,No internet service,No internet service,No internet service,Two year,0,Bank transfer (automatic),20.1,1460.85,0,0.44913433111499634,55.95684410423004,55.95684410423004,Q4
2430-RRYUW,Male,0,0,0,66,1,No,DSL,Yes,Yes,No,No,No,No,One year,1,Mailed check,54.8,3465.7,0,5.782834180322204,55.904937932160124,55.904937932160124,Q4
9494-MRNYX,Male,0,0,0,10,1,Yes,Fiber optic,No,No,No,No,No,No,Month-to-month,0,Electronic check,75.05,786.3,0,39.20092538566758,55.90483791430587,55.90483791430587,Q4
8229-MYEJZ,Female,0,0,0,10,1,No,DSL,No,Yes,No,No,No,No,Month-to-month,0,Electronic check,51.2,498.25,0,24.030109718894245,55.87511817213595,55.87511817213595,Q4
6950-TWMYB,Male,0,1,1,54,1,No,Fiber optic,No,Yes,No,Yes,No,No,Two year,1,Bank transfer (automatic),79.95,4362.05,0,3.24221290137393,55.82682130610929,55.82682130610929,Q4
4335-UPJSI,Female,0,0,1,24,1,No,No,No internet service,No internet service,No internet service,No internet service,No internet service,No internet service,Two year,0,Mailed check,19.75,498.1,0,59.11605892773923,55.800844792142534,55.800844792142534,Q4
4644-PIZRT,Male,0,1,1,17,1,Yes,DSL,Yes,No,Yes,No,Yes,No,One year,1,Bank transfer (automatic),70.35,1201.65,0,4.152481725370193,55.75332454797186,55.75332454797186,Q4
0734-OXWBT,Male,0,0,1,3,1,No,DSL,No,No,No,Yes,Yes,Yes,Month-to-month,0,Mailed check,70.7,225.65,0,1.5038694933988483,55.7269376138417,55.7269376138417,Q4
5968-HYJRZ,Male,0,1,1,47,1,Yes,No,No internet service,No internet service,No internet service,No internet service,No internet service,No internet service,Two year,0,Mailed check,24.55,1160.45,0,46.97083463503445,55.64152198208527,55.64152198208527,Q4
4698-KVLLG,Female,1,0,0,51,1,No,No,No internet service,No internet service,No internet service,No internet service,No internet service,No internet service,Two year,0,Credit card (automatic),19.6,967.9,0,27.82908530091476,55.56502934104335,55.56502934104335,Q4
4723-BEGSG,Male,0,1,0,72,1,Yes,DSL,Yes,No,Yes,Yes,Yes,Yes,Two year,0,Credit card (automatic),86.65,6094.25,0,1.3776313114747052,55.55457027631472,55.55457027631472,Q4
0330-BGYZE,Male,0,1,0,60,1,Yes,Fiber optic,No,Yes,Yes,No,Yes,Yes,One year,0,Bank transfer (automatic),102.5,6157.6,0,23.831276682516307,55.54148230756558,55.54148230756558,Q4
1837-YQUCE,Female,0,0,0,70,0,No phone service,DSL,Yes,No,Yes,Yes,Yes,Yes,Two year,1,Bank transfer (automatic),58.35,4214.25,0,8.9751025571337,55.49542541786128,55.49542541786128,Q4
5222-IMUKT,Male,0,0,0,32,1,No,Fiber optic,No,No,No,No,Yes,Yes,Month-to-month,0,Electronic check,91.05,2871.5,0,12.168370351291147,55.467887668223234,55.467887668223234,Q4
8887-IPQNC,Female,0,1,0,7,1,No,DSL,No,No,No,No,No,No,Month-to-month,1,Mailed check,44.25,313.45,0,14.708808399844758,55.430529266121084,55.430529266121084,Q4
2085-JVGAD,Male,0,1,0,37,1,No,No,No internet service,No internet service,No internet service,No internet service,No internet service,No internet service,Month-to-month,0,Bank transfer (automatic),20.35,697.65,0,2.7495833157480645,55.26769453528304,55.26769453528304,Q4
5614-DNZCE,Female,0,0,0,58,1,No,DSL,Yes,Yes,Yes,Yes,No,No,Two year,1,Credit card (automatic),64.9,3795.45,0,8.037207431120914,55.26469225202191,55.26469225202191,Q4
5129-HHMZC,Female,0,1,0,43,1,Yes,DSL,Yes,Yes,No,Yes,Yes,Yes,Two year,0,Credit card (automatic),86.45,3574.5,0,10.594463079147587,55.14303014904808,55.14303014904808,Q4
9447-YPTBX,Female,0,1,0,50,1,No,No,No internet service,No internet service,No internet service,No internet service,No internet service,No internet service,One year,1,Bank transfer (automatic),19.85,943.1,0,0.9921502118161184,55.10535746806718,55.10535746806718,Q4
6851-WEFYX,Male,1,1,0,35,1,Yes,Fiber optic,No,No,Yes,No,Yes,Yes,Month-to-month,1,Electronic check,100.8,3437.5,0,1.4909236232015886,55.05736345131736,55.05736345131736,Q4
7048-GXDAY,Male,0,0,0,39,1,Yes,Fiber optic,Yes,Yes,No,No,Yes,Yes,Month-to-month,1,Electronic check,106.4,4040.65,0,41.65041138933733,55.01344561841282,55.01344561841282,Q4
8612-GXIDD,Male,0,1,1,12,1,Yes,No,No internet service,No internet service,No internet service,No internet service,No internet service,No internet service,Two year,1,Bank transfer (automatic),25.4,313.0,0,36.30477372056206,55.00101568856102,55.00101568856102,Q4
5815-HGGHV,Male,0,1,0,20,1,No,DSL,Yes,No,No,Yes,No,Yes,One year,1,Mailed check,64.15,1274.45,0,1.8000425947510577,54.94658162282404,54.94658162282404,Q4
2474-LCNUE,Female,0,1,0,23,1,Yes,DSL,No,No,No,Yes,Yes,Yes,Month-to-month,1,Credit card (automatic),73.65,1642.75,0,29.8843024115289,54.9452692390231,54.9452692390231,Q4
3274-NSDWE,Female,0,0,0,68,1,No,No,No internet service,No internet service,No internet service,No internet service,No internet service,No internet service,Two year,0,Credit card (automatic),19.6,1441.65,0,14.360523058620611,54.931061067353056,54.931061067353056,Q4
4353-HYOJD,Female,0,1,1,27,1,No,DSL,No,Yes,No,No,No,No,Month-to-month,0,Mailed check,49.85,1336.15,0,15.917747964882617,54.92743369516321,54.92743369516321,Q4
5566-SOEZD,Male,0,1,1,27,1,No,Fiber optic,Yes,Yes,No,No,No,No,One year,1,Credit card (automatic),80.65,2209.75,0,48.341692416688815,54.924401188535946,54.924401188535946,Q4
4450-MDZFX,Male,0,1,1,60,1,Yes,Fiber optic,No,No,No,No,No,No,Month-to-month,0,Bank transfer (automatic),74.35,4453.3,0,2.4276767651698705,54.87770842348674,54.87770842348674,Q4
2088-IEBAU,Female,0,0,0,68,1,Yes,DSL,Yes,Yes,Yes,Yes,Yes,Yes,Two year,1,Electronic check,88.15,6148.45,0,0.4053426970131011,54.813982082361655,54.813982082361655,Q4
3002-WQZWT,Female,0,0,0,29,1,Yes,Fiber optic,No,No,No,No,No,No,Month-to-month,1,Electronic check,74.2,1993.25,0,17.126366321278123,54.81257011150736,54.81257011150736,Q4
5161-XEUVX,Male,0,1,0,37,1,Yes,Fiber optic,No,No,Yes,Yes,Yes,No,Two year,0,Mailed check,94.3,3460.95,0,5.576701938883565,54.721957276242236,54.721957276242236,Q4
8050-DVOJX,Male,1,0,0,49,1,Yes,DSL,Yes,Yes,Yes,Yes,No,Yes,Two year,0,Credit card (automatic),81.35,4060.9,0,15.516964519708305,54.66363869021163,54.66363869021163,Q4
1074-WVEVG,Female,0,1,0,59,1,No,No,No internet service,No internet service,No internet service,No internet service,No internet service,No internet service,One year,0,Mailed check,20.35,1267.0,0,10.849080830557542,54.65872699043952,54.65872699043952,Q4
3957-HHLMR,Female,0,1,1,70,1,Yes,DSL,Yes,No,No,No,No,Yes,One year,0,Bank transfer (automatic),65.2,4543.15,0,2.56421978536427,54.62668677816346,54.62668677816346,Q4
3007-FDPEA,Female,0,0,0,2,1,No,No,No internet service,No internet service,No internet service,No internet service,No internet service,No internet service,Month-to-month,1,Bank transfer (automatic),20.7,39.85,0,16.393440482938246,54.60220549792222,54.60220549792222,Q4
5949-HGVJL,Female,0,1,0,26,1,No,DSL,No,Yes,No,Yes,Yes,Yes,Month-to-month,1,Electronic check,73.05,1959.5,0,5.5204203070247,54.52211798986617,54.52211798986617,Q4
0621-TSSMU,Male,0,1,0,56,1,No,No,No internet service,No internet service,No internet service,No internet service,No internet service,No internet service,One year,0,Credit card (automatic),19.95,1126.75,0,43.128447757223384,54.42308740199074,54.42308740199074,Q4
9134-WYRVP,Male,0,0,0,51,1,No,Fiber optic,Yes,No,No,No,Yes,No,One year,0,Mailed check,86.35,4267.15,0,0.6067625834042544,54.397147325815034,54.397147325815034,Q4
1767-CJKBA,Male,0,0,0,66,1,Yes,No,No internet service,No internet service,No internet service,No internet service,No internet service,No internet service,Two year,0,Mailed check,25.1,1697.7,0,57.79662534423966,54.26806106784273,54.26806106784273,Q4
7975-TZMLR,Male,0,0,0,47,1,Yes,Fiber optic,No,Yes,Yes,No,Yes,Yes,One year,1,Electronic check,103.1,4889.3,0,40.8523529658188,54.243906592394545,54.243906592394545,Q4
0613-WUXUM,Female,0,1,1,70,1,No,No,No internet service,No internet service,No internet service,No internet service,No internet service,No internet service,Two year,1,Mailed check,19.2,1401.4,0,1.4037833579268382,54.210946551150116,54.210946551150116,Q4
8345-MVDYC,Female,0,0,0,45,1,No,DSL,Yes,No,Yes,Yes,Yes,Yes,Two year,0,Bank transfer (automatic),81.65,3618.7,0,16.903025934963466,54.139943950568515,54.139943950568515,Q4
1960-UOTYM,Male,0,1,1,52,1,No,DSL,Yes,Yes,Yes,No,Yes,Yes,Two year,0,Electronic check,79.2,4016.3,0,34.78077019681769,54.13905879246348,54.13905879246348,Q4
3566-VVORZ,Female,0,1,0,12,1,No,DSL,No,No,No,No,No,No,Month-to-month,0,Bank transfer (automatic),45.9,505.95,0,58.378945370775114,54.12521794376979,54.12521794376979,Q4
9618-LFJRU,Female,0,0,0,4,1,No,No,No internet service,No internet service,No internet service,No internet service,No internet service,No internet service,Month-to-month,0,Credit card (automatic),20.45,82.85,0,1.9964374731755312,54.05736043398226,54.05736043398226,Q4
9531-NSBMR,Female,0,0,0,36,1,No,No,No internet service,No internet service,No internet service,No internet service,No internet service,No internet service,One year,1,Bank transfer (automatic),19.25,679.8,0,24.0985280145604,54.05133782774216,54.05133782774216,Q4
2569-WGERO,Female,0,0,0,72,1,No,No,No internet service,No internet service,No internet service,No internet service,No internet service,No internet service,Two year,1,Bank transfer (automatic),21.15,1419.4,0,55.95684410423004,54.02826323359401,54.02826323359401,Q4
6040-CGACY,Female,0,0,0,15,1,No,No,No internet service,No internet service,No internet service,No internet service,No internet service,No internet service,Month-to-month,0,Mailed check,19.6,299.4,0,24.755701825080596,54.02775764364094,54.02775764364094,Q4
7017-VFULY,Female,0,1,0,2,1,No,No,No internet service,No internet service,No internet service,No internet service,No internet service,No internet service,Month-to-month,0,Bank transfer (automatic),20.1,43.15,0,16.98230979218606,54.01871163879576,54.01871163879576,Q4
3870-SPZSI,Female,0,1,1,70,1,Yes,Fiber optic,Yes,Yes,Yes,Yes,Yes,Yes,Two year,1,Credit card (automatic),113.05,7869.05,0,22.167001721418135,53.90919314787095,53.90919314787095,Q4
5781-BKHOP,Female,0,1,0,72,1,Yes,Fiber optic,Yes,Yes,Yes,No,Yes,No,Two year,0,Bank transfer (automatic),100.65,7334.05,0,2.455340470526967,53.7546166648075,53.7546166648075,Q4
9743-DQKQW,Male,0,0,0,3,0,No phone service,DSL,No,No,No,No,No,No,Month-to-month,0,Electronic check,25.1,79.8,0,45.17749809646864,53.751443915337546,53.751443915337546,Q4
5056-FIMPT,Female,0,0,1,43,1,No,Fiber optic,Yes,Yes,No,Yes,Yes,Yes,One year,1,Credit card (automatic),106.0,4532.3,0,60.330131047570234,53.605726840996105,53.605726840996105,Q4
6203-HBZPA,Male,0,0,0,52,0,No phone service,DSL,Yes,Yes,Yes,Yes,Yes,Yes,Two year,0,Credit card (automatic),63.9,3334.95,0,5.561496249278118,53.575948319580014,53.575948319580014,Q4
1080-BWSYE,Male,1,1,0,64,1,Yes,No,No internet service,No internet service,No internet service,No internet service,No internet service,No internet service,Two year,0,Credit card (automatic),25.65,1740.8,0,6.293150685860953,53.521056547350234,53.521056547350234,Q4
2162-FRZAA,Male,0,1,1,63,0,No phone service,DSL,No,Yes,Yes,Yes,No,No,Two year,0,Bank transfer (automatic),39.35,2395.05,0,2.713741186574474,53.50997719912559,53.50997719912559,Q4
7504-UWHNB,Male,0,0,0,25,1,No,Fiber optic,No,No,No,No,No,No,Month-to-month,0,Electronic check,69.75,1729.35,0,20.457374007577272,53.47723807963525,53.47723807963525,Q4
2519-ERQOJ,Male,1,0,0,33,0,No phone service,DSL,No,No,Yes,Yes,Yes,Yes,Month-to-month,1,Electronic check,54.6,1803.7,0,13.674625403809848,53.42857964153036,53.42857964153036,Q4
9803-FTJCG,Male,0,1,1,71,1,Yes,DSL,Yes,Yes,No,Yes,No,No,One year,1,Credit card (automatic),66.85,4748.7,0,5.133435207877005,53.40474904434579,53.40474904434579,Q4
3481-JHUZH,Male,0,1,0,41,1,Yes,Fiber optic,No,Yes,No,No,No,No,Month-to-month,1,Electronic check,80.25,3439.0,0,0.9544909054594698,53.36674173775029,53.36674173775029,Q4
1410-RSCMR,Male,0,1,1,7,1,No,DSL,Yes,No,Yes,Yes,No,Yes,Month-to-month,1,Credit card (automatic),71.35,515.75,0,65.28868716436125,53.32044357536383,53.32044357536383,Q4
2511-ALLCS,Female,0,1,1,35,1,Yes,No,No internet service,No internet service,No internet service,No internet service,No internet service,No internet service,Two year,0,Bank transfer (automatic),24.3,821.6,0,54.210946551150116,53.27689336909403,53.27689336909403,Q4
4445-KWOKW,Female,0,0,0,42,1,Yes,DSL,Yes,Yes,No,No,No,No,One year,1,Bank transfer (automatic),60.15,2421.6,0,12.575691044215132,53.194076684106875,53.194076684106875,Q4
0690-SRQID,Male,0,0,0,4,1,No,No,No internet service,No internet service,No internet service,No internet service,No internet service,No internet service,Month-to-month,1,Mailed check,19.65,67.55,0,1.2754335166790376,53.086255222950896,53.086255222950896,Q4
8029-XYPWT,Male,1,1,0,71,1,Yes,Fiber optic,Yes,Yes,Yes,Yes,Yes,Yes,Two year,1,Bank transfer (automatic),115.05,8016.6,0,0.2528187086097534,53.06900568801775,53.06900568801775,Q4
7359-WWYJV,Male,0,1,0,72,1,Yes,Fiber optic,Yes,Yes,Yes,Yes,Yes,Yes,Two year,0,Credit card (automatic),114.45,8375.05,0,3.9294922201347156,53.048545961974526,53.048545961974526,Q4
6463-HHXJR,Female,0,1,1,71,1,Yes,Fiber optic,Yes,Yes,Yes,No,Yes,No,Two year,0,Bank transfer (automatic),100.5,7030.65,0,0.4732318217646426,52.967791470681945,52.967791470681945,Q4
8421-WZOOW,Female,1,1,1,57,1,No,Fiber optic,No,Yes,Yes,Yes,Yes,No,Month-to-month,1,Credit card (automatic),95.3,5567.45,0,19.525816093142428,52.95140240348813,52.95140240348813,Q4
4422-QVIJA,Female,0,0,1,35,1,Yes,DSL,No,No,No,No,No,No,Month-to-month,0,Mailed check,50.15,1655.35,0,50.30950263953711,52.92805345120115,52.92805345120115,Q4
5537-UXXVS,Female,0,1,0,20,1,No,No,No internet service,No internet service,No internet service,No internet service,No internet service,No internet service,Month-to-month,0,Bank transfer (automatic),19.25,375.25,0,3.31465662714579,52.781698598769054,52.781698598769054,Q4
7047-YXDMZ,Male,0,0,0,21,1,No,No,No internet service,No internet service,No internet service,No internet service,No internet service,No internet service,Month-to-month,0,Mailed check,20.0,417.7,0,42.40458722030918,52.71626078876711,52.71626078876711,Q4
0787-LHDYT,Male,0,0,0,16,1,No,No,No internet service,No internet service,No internet service,No internet service,No internet service,No internet service,Month-to-month,1,Credit card (automatic),20.6,330.25,0,63.48234487434355,52.6582341627545,52.6582341627545,Q4
9499-XPZXM,Female,0,1,0,72,1,Yes,DSL,Yes,Yes,No,Yes,No,No,Two year,0,Bank transfer (automatic),64.75,4804.75,0,23.471073146099766,52.6238412002005,52.6238412002005,Q4
9309-BZGNT,Male,1,1,0,69,0,No phone service,DSL,No,No,Yes,No,No,No,One year,1,Credit card (automatic),29.8,2134.3,0,45.02135825660973,52.599958819571555,52.599958819571555,Q4
0334-ZFJSR,Female,0,1,0,55,1,Yes,DSL,Yes,Yes,No,Yes,No,No,One year,1,Credit card (automatic),66.05,3462.1,0,8.982428935058087,52.57218329640817,52.57218329640817,Q4
7435-ZNUYY,Male,0,0,0,6,1,No,No,No internet service,No internet service,No internet service,No internet service,No internet service,No internet service,One year,0,Mailed check,20.6,116.6,0,35.35643816644159,52.56459181668639,52.56459181668639,Q4
2378-HTWFW,Male,1,0,0,35,1,Yes,Fiber optic,Yes,No,No,No,No,Yes,Month-to-month,0,Credit card (automatic),91.0,3180.5,0,4.068541063463335,52.549256559278945,52.549256559278945,Q4
4360-PNRQB,Male,0,0,0,18,1,Yes,Fiber optic,No,No,No,No,No,No,Month-to-month,1,Bank transfer (automatic),75.6,1395.05,0,17.668621854294454,52.45944977224721,52.45944977224721,Q4
3316-UWXUY,Male,0,0,0,50,1,No,Fiber optic,Yes,Yes,No,Yes,No,Yes,Month-to-month,1,Credit card (automatic),93.5,4747.5,0,3.5397589444828306,52.44052992959609,52.44052992959609,Q4
7941-RCJOW,Male,0,0,0,65,1,No,No,No internet service,No internet service,No internet service,No internet service,No internet service,No internet service,Two year,1,Credit card (automatic),19.55,1218.65,0,16.054165681493224,52.36174690685269,52.36174690685269,Q4
5027-YOCXN,Male,0,1,1,51,1,Yes,Fiber optic,Yes,Yes,No,Yes,Yes,Yes,One year,0,Credit card (automatic),110.05,5686.4,0,14.113114566395343,52.3574145475613,52.3574145475613,Q4
2959-EEXWB,Female,0,1,1,45,0,No phone service,DSL,Yes,No,No,No,Yes,Yes,Month-to-month,1,Bank transfer (automatic),50.9,2333.85,0,7.636809051331273,52.339286711441645,52.339286711441645,Q4
5762-TJXGK,Female,0,0,0,52,0,No phone service,DSL,Yes,Yes,Yes,No,Yes,Yes,Two year,1,Bank transfer (automatic),58.75,3038.55,0,2.9877455894184695,52.29133084705534,52.29133084705534,Q4
7569-NMZYQ,Female,0,1,1,72,1,Yes,Fiber optic,Yes,Yes,Yes,Yes,Yes,Yes,Two year,1,Bank transfer (automatic),118.75,8672.45,0,27.806097799981544,52.156680647892294,52.156680647892294,Q4
2384-OVPSA,Female,1,0,0,38,1,No,No,No internet service,No internet service,No internet service,No internet service,No internet service,No internet service,Two year,0,Mailed check,20.2,735.9,0,67.91664917305744,52.1550924537037,52.1550924537037,Q4
8012-SOUDQ,Female,1,0,0,43,1,Yes,Fiber optic,No,Yes,No,No,Yes,No,Month-to-month,1,Electronic check,90.25,3838.75,0,20.804841972209747,52.13879345673747,52.13879345673747,Q4
0178-SZBHO,Male,0,1,1,47,1,Yes,Fiber optic,No,Yes,No,No,Yes,No,Month-to-month,0,Electronic check,87.2,4017.45,0,60.9652655152792,52.127339529191495,52.127339529191495,Q4
4547-FZJWE,Male,0,1,1,55,1,No,DSL,Yes,No,No,No,No,Yes,One year,0,Credit card (automatic),59.45,3157.0,0,44.29555558944283,52.106030002164516,52.106030002164516,Q4
2637-FKFSY,Female,0,1,0,3,1,No,DSL,No,No,No,No,No,No,Month-to-month,1,Mailed check,46.1,130.15,0,62.52371646112185,52.0832522278031,52.0832522278031,Q4
2333-KWEWW,Male,0,0,0,18,1,No,No,No internet service,No internet service,No internet service,No internet service,No internet service,No internet service,Two year,0,Credit card (automatic),20.05,388.6,0,73.45112790626136,52.00797162168944,52.00797162168944,Q4
4753-PADAS,Female,0,1,0,67,1,Yes,Fiber optic,No,Yes,Yes,No,Yes,Yes,One year,1,Bank transfer (automatic),105.7,6816.95,0,1.9647421690061964,52.00101052500956,52.00101052500956,Q4
5766-FTRTS,Male,0,1,0,72,1,No,DSL,Yes,Yes,Yes,Yes,Yes,Yes,Two year,0,Mailed check,84.45,6033.1,0,2.7067116894043073,51.82592327346236,51.82592327346236,Q4
8885-QSQBX,Female,0,0,0,1,1,No,DSL,Yes,No,No,No,No,No,Month-to-month,0,Bank transfer (automatic),49.55,49.55,0,7.390975571383892,51.81539301456791,51.81539301456791,Q4
0827-ITJPH,Male,0,0,0,36,1,No,No,No internet service,No internet service,No internet service,No internet service,No internet service,No internet service,Two year,1,Credit card (automatic),18.55,689.0,0,0.59129196007032,51.80749269149134,51.80749269149134,Q4
3282-ZISZV,Male,0,0,1,32,1,Yes,DSL,No,Yes,Yes,Yes,Yes,Yes,One year,0,Credit card (automatic),83.7,2633.3,0,15.44262494189772,51.792411033344706,51.792411033344706,Q4
2578-JQPHZ,Male,0,0,0,44,1,No,Fiber optic,No,No,Yes,Yes,Yes,Yes,Two year,0,Bank transfer (automatic),100.1,4378.35,0,65.81596191745727,51.77918543760758,51.77918543760758,Q4
5060-TQUQN,Male,0,1,1,30,1,Yes,Fiber optic,No,Yes,No,Yes,No,No,Month-to-month,1,Bank transfer (automatic),83.55,2570.2,0,0.3348575557646993,51.774420249148854,51.774420249148854,Q4
9591-YVTEB,Male,1,0,0,55,0,No phone service,DSL,Yes,Yes,No,No,Yes,No,Month-to-month,1,Electronic check,44.85,2479.05,0,16.479106594671766,51.72580396565469,51.72580396565469,Q4
3340-QBBFM,Male,1,1,0,36,1,No,DSL,No,No,Yes,Yes,No,No,One year,0,Credit card (automatic),54.1,1992.85,0,49.09596008866838,51.68332462028224,51.68332462028224,Q4
0512-FLFDW,Female,1,1,0,60,1,Yes,Fiber optic,No,No,Yes,No,Yes,Yes,One year,1,Credit card (automatic),100.5,6029.0,0,33.991832392702186,51.673860610711856,51.673860610711856,Q4
6890-PFRQX,Male,0,0,0,18,1,Yes,DSL,Yes,No,Yes,No,Yes,No,Month-to-month,0,Mailed check,69.5,1199.4,0,12.67711562521824,51.65406122762185,51.65406122762185,Q4
4676-MQUEA,Male,1,1,0,50,1,Yes,Fiber optic,Yes,Yes,Yes,No,Yes,No,One year,1,Bank transfer (automatic),101.9,5265.5,0,26.47030554181417,51.62997394794881,51.62997394794881,Q4
6283-GITPX,Male,0,0,1,71,1,No,DSL,Yes,Yes,Yes,Yes,Yes,No,Two year,1,Credit card (automatic),76.9,5522.7,0,13.064333341954418,51.58085186776235,51.58085186776235,Q4
2122-YWVYA,Female,0,0,0,18,1,No,Fiber optic,Yes,No,No,No,No,No,Month-to-month,1,Electronic check,75.4,1380.4,0,4.6417540281486165,51.57986552605187,51.57986552605187,Q4
1705-GUHPV,Female,0,0,0,63,1,Yes,No,No internet service,No internet service,No internet service,No internet service,No internet service,No internet service,Two year,0,Mailed check,24.2,1618.2,0,1.2471379543397199,51.431566976748165,51.431566976748165,Q4
5442-PPTJY,Male,0,1,1,12,1,No,No,No internet service,No internet service,No internet service,No internet service,No internet service,No internet service,Two year,0,Mailed check,19.7,258.35,0,1.9957611140876463,51.39915050261676,51.39915050261676,Q4
5039-LZRQT,Female,0,0,0,13,1,No,No,No internet service,No internet service,No internet service,No internet service,No internet service,No internet service,One year,0,Mailed check,20.2,273.25,0,27.376650950046212,51.39596095305027,51.39596095305027,Q4
0799-DDIHE,Female,0,1,1,15,1,No,DSL,No,No,No,No,No,No,Month-to-month,0,Electronic check,46.3,639.45,0,1.5905368196018004,51.352298915769644,51.352298915769644,Q4
6551-VLJMV,Male,0,1,0,34,1,No,No,No internet service,No internet service,No internet service,No internet service,No internet service,No internet service,Two year,0,Credit card (automatic),20.05,679.0,0,10.835986510390043,51.31110721564689,51.31110721564689,Q4
0847-HGRML,Male,0,0,1,62,1,No,No,No internet service,No internet service,No internet service,No internet service,No internet service,No internet service,Two year,0,Bank transfer (automatic),20.0,1250.1,0,13.591405606163196,51.292875749081915,51.292875749081915,Q4
2041-JIJCI,Female,0,0,0,5,1,Yes,DSL,No,Yes,No,No,No,Yes,Month-to-month,1,Electronic check,64.0,370.25,0,47.38306886649639,51.28891426518012,51.28891426518012,Q4
1936-UAFEH,Female,0,0,0,68,1,Yes,Fiber optic,Yes,Yes,No,Yes,Yes,Yes,Two year,0,Credit card (automatic),110.25,7279.35,0,1.2650269500965963,51.259387214818965,51.259387214818965,Q4
8591-NXRCV,Female,0,0,0,41,1,Yes,DSL,Yes,No,Yes,Yes,No,Yes,Month-to-month,1,Bank transfer (automatic),74.65,3090.65,0,0.4915889023630866,51.21287381482983,51.21287381482983,Q4
2805-EDJPQ,Female,0,1,1,56,1,Yes,Fiber optic,No,Yes,Yes,Yes,No,Yes,One year,1,Credit card (automatic),99.75,5608.4,0,0.2596215889353095,51.176745742348714,51.176745742348714,Q4
4686-GEFRM,Male,0,1,0,70,1,Yes,Fiber optic,No,Yes,Yes,Yes,No,Yes,Two year,1,Bank transfer (automatic),98.7,6858.9,0,0.7740528017521741,51.13802229892629,51.13802229892629,Q4
1818-ESQMW,Female,0,0,0,27,1,No,Fiber optic,No,No,Yes,Yes,No,Yes,Month-to-month,1,Electronic check,89.2,2383.6,0,0.8324068439866337,51.128753131863355,51.128753131863355,Q4
2233-FAGXV,Female,0,1,1,5,1,Yes,No,No internet service,No internet service,No internet service,No internet service,No internet service,No internet service,Month-to-month,1,Mailed check,24.3,132.25,0,8.717715375622829,51.096963609611834,51.096963609611834,Q4
8617-ENBDS,Male,0,0,0,3,1,No,Fiber optic,No,No,Yes,No,No,No,Month-to-month,1,Credit card (automatic),73.6,232.5,0,2.860341368300843,51.05715957499222,51.05715957499222,Q4
0442-ZXKVS,Female,1,1,0,54,1,Yes,Fiber optic,Yes,Yes,Yes,Yes,Yes,Yes,One year,1,Bank transfer (automatic),115.6,6431.05,0,25.38303424328999,50.94092359468563,50.94092359468563,Q4
0266-CLZKZ,Female,0,1,1,67,1,Yes,Fiber optic,No,No,Yes,Yes,Yes,Yes,Two year,1,Bank transfer (automatic),105.65,6717.9,0,51.81539301456791,50.90871719285649,50.90871719285649,Q4
5522-JBWMO,Male,0,0,1,1,1,No,DSL,No,No,No,No,No,No,Month-to-month,0,Electronic check,44.0,44.0,0,56.21647364538297,50.90448403081865,50.90448403081865,Q4
3219-JQRSL,Female,1,1,0,72,1,Yes,DSL,Yes,Yes,Yes,Yes,Yes,Yes,Two year,0,Credit card (automatic),89.1,6352.4,0,0.9887200070468126,50.87437160130192,50.87437160130192,Q4
3275-RHRNE,Male,0,1,1,28,0,No phone service,DSL,No,Yes,Yes,Yes,Yes,Yes,One year,1,Credit card (automatic),60.0,1682.05,0,5.319583279760563,50.7595586396667,50.7595586396667,Q4
5961-VUSRV,Female,0,0,0,12,1,No,No,No internet service,No internet service,No internet service,No internet service,No internet service,No internet service,One year,1,Bank transfer (automatic),19.35,219.35,0,0.40938489208755674,50.71814968427082,50.71814968427082,Q4
0958-YHXGP,Female,0,0,0,7,1,No,Fiber optic,No,No,No,No,No,No,Month-to-month,1,Mailed check,69.9,497.3,0,30.992899026635406,50.69171613370692,50.69171613370692,Q4
3030-YDNRM,Male,0,0,0,8,1,Yes,Fiber optic,No,No,No,No,No,No,Month-to-month,1,Electronic check,74.85,572.45,0,15.416143215261332,50.68802128996469,50.68802128996469,Q4
7340-KEFQE,Female,0,1,1,51,0,No phone service,DSL,Yes,No,No,Yes,No,No,Two year,0,Bank transfer (automatic),34.2,1782.0,0,28.653920539982096,50.64750467934653,50.64750467934653,Q4
6267-DCFFZ,Female,1,1,0,30,1,Yes,Fiber optic,No,Yes,No,No,Yes,No,Month-to-month,1,Electronic check,90.05,2627.2,0,11.763733240640457,50.551400523883586,50.551400523883586,Q4
0621-CXBKL,Female,0,0,0,53,1,No,No,No internet service,No internet service,No internet service,No internet service,No internet service,No internet service,Two year,0,Mailed check,18.7,1005.7,0,1.525917928927527,50.54994822221583,50.54994822221583,Q4
9584-EXCDZ,Female,0,0,0,17,1,No,Fiber optic,No,No,No,No,No,No,Month-to-month,0,Bank transfer (automatic),70.5,1165.6,0,19.436158653325233,50.48272865710375,50.48272865710375,Q4
9093-FPDLG,Female,0,0,0,11,1,No,Fiber optic,No,Yes,Yes,Yes,No,Yes,Month-to-month,1,Electronic check,94.2,999.9,0,4.462689080368035,50.43057695402128,50.43057695402128,Q4
3071-VBYPO,Male,0,1,1,3,1,No,Fiber optic,Yes,Yes,No,No,Yes,No,Month-to-month,0,Electronic check,89.85,248.4,0,21.275143889238464,50.363881802027166,50.363881802027166,Q4
3745-HRPHI,Male,0,1,1,66,0,No phone service,DSL,No,No,Yes,Yes,Yes,Yes,Two year,0,Bank transfer (automatic),54.65,3632.0,0,44.17286955956829,50.36370515397122,50.36370515397122,Q4
8966-OIQHG,Female,0,1,1,22,1,No,No,No internet service,No internet service,No internet service,No internet service,No internet service,No internet service,One year,0,Bank transfer (automatic),20.75,452.35,0,3.4492877210251147,50.33248872484545,50.33248872484545,Q4
9373-WSLOY,Male,1,1,0,33,0,No phone service,DSL,No,Yes,Yes,Yes,Yes,No,Month-to-month,1,Electronic check,50.0,1750.85,0,13.82205343541148,50.30950263953711,50.30950263953711,Q4
7967-HYCDE,Male,0,0,0,8,1,No,Fiber optic,No,No,No,No,No,No,Month-to-month,0,Bank transfer (automatic),70.7,553.4,0,31.57107439120243,50.30926689025461,50.30926689025461,Q4
5917-HBSDW,Female,0,1,1,37,1,No,No,No internet service,No internet service,No internet service,No internet service,No internet service,No internet service,Month-to-month,0,Electronic check,19.35,683.75,0,53.40474904434579,50.27933800556067,50.27933800556067,Q4
8344-WFMFH,Male,0,0,1,9,1,No,DSL,No,Yes,No,No,No,No,Month-to-month,1,Electronic check,50.1,484.05,0,57.50272421720636,50.26804083868195,50.26804083868195,Q4
0788-DXBFY,Male,0,1,1,58,1,No,No,No internet service,No internet service,No internet service,No internet service,No internet service,No internet service,One year,1,Electronic check,19.55,1108.8,0,0.3366237146836853,50.26625619654179,50.26625619654179,Q4
5160-UXJED,Male,0,0,1,17,1,No,DSL,No,No,No,No,No,No,One year,0,Mailed check,44.6,681.4,0,5.805666689660303,50.24478264866497,50.24478264866497,Q4
0641-EVBOJ,Male,0,0,0,3,1,No,Fiber optic,Yes,No,No,Yes,No,No,Month-to-month,1,Mailed check,82.3,214.4,0,5.059849060782485,50.213270417877766,50.213270417877766,Q4
9504-DSHWM,Male,0,0,0,20,1,Yes,DSL,Yes,No,No,Yes,No,No,Month-to-month,0,Bank transfer (automatic),59.2,1191.2,0,3.4141956915478127,50.20752182064481,50.20752182064481,Q4
6954-OOYZZ,Male,0,1,0,18,1,No,DSL,No,No,No,No,No,No,Month-to-month,1,Bank transfer (automatic),44.35,768.05,0,5.621778319239142,50.14257120246444,50.14257120246444,Q4
8197-BFWVU,Female,0,1,1,72,1,Yes,DSL,Yes,Yes,Yes,Yes,Yes,Yes,Two year,1,Bank transfer (automatic),93.25,6688.95,0,21.270716322407914,50.04767508941747,50.04767508941747,Q4
8727-XDPUD,Male,0,0,0,37,0,No phone service,DSL,No,No,No,No,Yes,No,Two year,0,Credit card (automatic),35.8,1316.9,0,2.9824530357161696,50.03094040940932,50.03094040940932,Q4
6128-AQBMT,Male,1,1,0,41,0,No phone service,DSL,No,Yes,Yes,No,Yes,Yes,Month-to-month,1,Electronic check,53.95,2215.4,0,13.624261711788394,49.947529645087776,49.947529645087776,Q4
6250-CGGUN,Male,0,0,0,54,1,No,Fiber optic,Yes,No,Yes,Yes,No,No,One year,0,Electronic check,84.4,4484.05,0,23.379274747521965,49.92868700933085,49.92868700933085,Q4
0428-AXXLJ,Male,0,0,0,25,1,No,No,No internet service,No internet service,No internet service,No internet service,No internet service,No internet service,One year,1,Bank transfer (automatic),19.5,516.3,0,8.489306133657815,49.89946459090335,49.89946459090335,Q4
2519-TWKFS,Male,0,1,1,25,1,Yes,DSL,No,No,No,Yes,No,No,One year,1,Mailed check,55.1,1466.1,0,3.328388255257194,49.88143829017357,49.88143829017357,Q4
6509-TSGWN,Female,0,1,1,37,1,Yes,No,No internet service,No internet service,No internet service,No internet service,No internet service,No internet service,Month-to-month,0,Mailed check,26.45,911.6,0,0.5805440417775529,49.84699958317811,49.84699958317811,Q4
3323-CPBWR,Male,0,0,0,23,1,Yes,Fiber optic,No,No,Yes,Yes,Yes,No,Month-to-month,1,Credit card (automatic),96.9,2085.45,0,5.915544862234118,49.843620176246304,49.843620176246304,Q4
9700-ISPUP,Female,0,1,1,10,1,No,DSL,No,Yes,No,Yes,No,Yes,Month-to-month,1,Electronic check,65.5,616.9,0,10.034842326180158,49.6983757735275,49.6983757735275,Q4
7710-JSYOA,Female,0,1,1,69,1,Yes,Fiber optic,No,Yes,No,Yes,No,Yes,Two year,1,Bank transfer (automatic),93.3,6398.05,0,35.21901353897042,49.690070459233944,49.690070459233944,Q4
1170-SASML,Female,0,1,0,69,1,Yes,Fiber optic,No,Yes,Yes,No,No,No,Month-to-month,1,Bank transfer (automatic),85.4,5869.4,0,18.451805172541842,49.65893629497645,49.65893629497645,Q4
2483-XSSMZ,Female,0,0,0,39,1,No,DSL,Yes,No,No,No,No,No,One year,1,Electronic check,47.85,1886.4,0,47.91561884178861,49.59492046830014,49.59492046830014,Q4
2277-VWCNI,Female,1,0,0,4,1,Yes,DSL,No,No,No,No,No,No,Month-to-month,0,Mailed check,48.75,179.85,0,1.5049358438097726,49.29889791559015,49.29889791559015,Q4
9853-JFZDU,Female,0,1,0,35,1,No,DSL,No,Yes,No,Yes,No,No,Month-to-month,0,Electronic check,56.85,1861.1,0,42.52582653673521,49.25900254866576,49.25900254866576,Q4
2305-MRGLV,Male,0,1,0,28,1,No,Fiber optic,No,No,No,Yes,No,No,Month-to-month,0,Bank transfer (automatic),76.55,2065.4,0,11.22499921816282,49.23693046945384,49.23693046945384,Q4
3692-JHONH,Female,1,1,0,52,1,Yes,Fiber optic,No,Yes,Yes,No,Yes,Yes,One year,1,Electronic check,106.5,5621.85,0,23.757154623374674,49.21689875465473,49.21689875465473,Q4
0859-YGKFW,Male,0,1,1,18,1,No,No,No internet service,No internet service,No internet service,No internet service,No internet service,No internet service,One year,0,Bank transfer (automatic),20.05,345.9,0,3.7385704026164377,49.20131177101646,49.20131177101646,Q4
5074-FBGHB,Male,0,0,0,64,1,Yes,Fiber optic,No,No,Yes,Yes,Yes,Yes,One year,1,Credit card (automatic),104.65,6889.8,0,0.4287996419971305,49.180215505648206,49.180215505648206,Q4
0394-YONDK,Male,0,1,1,70,1,Yes,No,No internet service,No internet service,No internet service,No internet service,No internet service,No internet service,Two year,0,Credit card (automatic),25.15,1790.15,0,7.466947070946454,49.17028525256746,49.17028525256746,Q4
7925-PNRGI,Female,0,1,1,45,1,Yes,DSL,Yes,Yes,Yes,Yes,Yes,No,Month-to-month,0,Mailed check,81.3,3541.1,0,5.845215651444889,49.09596008866838,49.09596008866838,Q4
3148-AOIQT,Female,0,1,0,69,1,Yes,No,No internet service,No internet service,No internet service,No internet service,No internet service,No internet service,Two year,1,Credit card (automatic),24.95,1718.35,0,17.823276527336084,49.04553143158033,49.04553143158033,Q4
3795-GWTRD,Female,0,1,1,63,1,No,DSL,Yes,Yes,Yes,Yes,Yes,No,Two year,0,Credit card (automatic),75.55,4707.85,0,5.163229161625561,49.03801475660628,49.03801475660628,Q4
8309-IEYJD,Female,1,0,0,1,1,No,Fiber optic,No,No,No,No,No,No,Month-to-month,1,Mailed check,70.6,70.6,0,0.28300531894061465,49.02386152456049,49.02386152456049,Q4
1452-XRSJV,Female,0,1,1,39,1,No,DSL,Yes,No,No,No,No,No,Month-to-month,0,Credit card (automatic),51.05,2066.0,0,37.30309216585443,48.97507619440322,48.97507619440322,Q4
1730-ZMAME,Female,1,0,0,32,1,No,Fiber optic,No,No,No,No,No,Yes,Month-to-month,1,Electronic check,79.5,2665.0,0,4.521789612186203,48.944318680026626,48.944318680026626,Q4
5651-CRHKQ,Female,0,1,0,41,1,No,Fiber optic,No,Yes,Yes,Yes,No,No,One year,1,Bank transfer (automatic),86.2,3339.05,0,15.926985754003553,48.94429991853918,48.94429991853918,Q4
0999-QXNSA,Male,1,0,1,7,1,No,DSL,No,No,No,No,No,No,Month-to-month,1,Mailed check,45.75,344.2,0,25.08682320451018,48.89786381744801,48.89786381744801,Q4
5562-BETPV,Male,0,1,1,1,1,No,No,No internet service,No internet service,No internet service,No internet service,No internet service,No internet service,One year,0,Mailed check,19.65,19.65,0,1.0068528610272498,48.82118569753519,48.82118569753519,Q4
4488-KQFDT,Female,0,0,0,61,1,Yes,Fiber optic,No,Yes,Yes,No,Yes,Yes,One year,1,Electronic check,103.95,6423.0,0,24.66975065491907,48.79425512549706,48.79425512549706,Q4
0856-NAOES,Male,0,0,0,6,1,No,DSL,No,No,Yes,No,Yes,No,Month-to-month,0,Mailed check,60.9,414.1,0,1.8125664753029367,48.78347349913133,48.78347349913133,Q4
3865-ZYKAD,Male,1,1,0,69,1,Yes,Fiber optic,Yes,Yes,No,No,No,No,Month-to-month,1,Credit card (automatic),84.9,5785.65,0,0.4029916863945257,48.76898075014349,48.76898075014349,Q4
1998-VHJHK,Female,0,0,0,27,1,No,No,No internet service,No internet service,No internet service,No internet service,No internet service,No internet service,One year,0,Mailed check,19.15,501.35,0,44.25706069888872,48.74655294017962,48.74655294017962,Q4
0489-WMEMG,Female,0,0,1,23,1,No,DSL,No,No,No,Yes,No,No,One year,1,Electronic check,49.45,1119.35,0,48.06805686123038,48.71916849211409,48.71916849211409,Q4
6060-QBMGV,Male,0,1,0,70,1,No,No,No internet service,No internet service,No internet service,No internet service,No internet service,No internet service,Two year,0,Credit card (automatic),19.85,1433.8,0,8.838163031115082,48.71795821735142,48.71795821735142,Q4
9396-ZSFLL,Female,0,0,0,15,1,Yes,DSL,No,No,No,No,No,No,Month-to-month,0,Mailed check,48.85,631.4,0,37.95065384058177,48.713809002606126,48.713809002606126,Q4
2030-BTZRO,Male,0,1,1,6,1,No,No,No internet service,No internet service,No internet service,No internet service,No internet service,No internet service,Two year,1,Credit card (automatic),20.4,107.6,0,25.76751057255855,48.69993771750462,48.69993771750462,Q4
8189-HBVRW,Female,0,0,0,53,1,Yes,Fiber optic,Yes,Yes,Yes,No,No,No,Month-to-month,0,Electronic check,90.8,4921.2,0,61.26807473388547,48.67429870897323,48.67429870897323,Q4
3384-CTMSF,Male,0,1,0,47,1,Yes,Fiber optic,No,Yes,Yes,No,Yes,Yes,Month-to-month,1,Electronic check,104.1,5135.15,0,0.266330271023727,48.56944670869533,48.56944670869533,Q4
2576-HXMPA,Female,0,0,0,1,1,No,No,No internet service,No internet service,No internet service,No internet service,No internet service,No internet service,Month-to-month,0,Credit card (automatic),19.55,19.55,0,1.1215102184120203,48.53087481179436,48.53087481179436,Q4
8152-VETUR,Female,0,1,0,72,1,Yes,Fiber optic,No,Yes,No,No,Yes,Yes,Two year,1,Credit card (automatic),97.7,6869.7,0,22.58043987746349,48.48879197344472,48.48879197344472,Q4
5136-RGMZO,Male,0,0,0,31,1,Yes,DSL,No,Yes,No,Yes,Yes,No,Month-to-month,1,Electronic check,71.05,2168.15,0,3.9827480008435105,48.419800972510366,48.419800972510366,Q4
1459-QNFQT,Male,0,1,1,70,0,No phone service,DSL,Yes,No,Yes,Yes,Yes,Yes,Two year,0,Bank transfer (automatic),59.5,4144.8,0,8.106674921303284,48.35195389459435,48.35195389459435,Q4
1206-EHBDD,Female,0,1,0,56,1,No,Fiber optic,Yes,No,Yes,No,No,No,Two year,0,Bank transfer (automatic),80.3,4513.65,0,28.968316699582385,48.345053209720504,48.345053209720504,Q4
3594-BDSOA,Female,0,1,0,24,1,No,No,No internet service,No internet service,No internet service,No internet service,No internet service,No internet service,One year,0,Credit card (automatic),20.4,482.8,0,13.258969966671847,48.341692416688815,48.341692416688815,Q4
6030-REHUX,Female,1,1,0,28,1,Yes,Fiber optic,No,Yes,Yes,Yes,Yes,Yes,Month-to-month,1,Electronic check,110.85,3204.4,0,1.8296524509213368,48.331849740358635,48.331849740358635,Q4
4080-IIARD,Female,0,1,0,13,1,Yes,DSL,Yes,Yes,No,Yes,Yes,No,Month-to-month,1,Electronic check,76.2,981.45,0,17.60283895853652,48.25573292244131,48.25573292244131,Q4
0308-GIQJT,Male,1,0,0,71,1,Yes,Fiber optic,No,Yes,No,Yes,Yes,Yes,One year,0,Bank transfer (automatic),105.75,7382.85,0,0.4686675592711898,48.17829931986689,48.17829931986689,Q4
9773-PEQBZ,Male,0,0,0,10,1,Yes,Fiber optic,No,Yes,No,No,No,No,Month-to-month,0,Electronic check,79.85,797.25,0,12.44266188899594,48.15890821674169,48.15890821674169,Q4
0804-XBFBV,Female,0,0,1,11,0,No phone service,DSL,No,No,No,No,No,No,Month-to-month,0,Electronic check,25.2,321.05,0,0.47120498994249144,48.141860108030656,48.141860108030656,Q4
7691-KGKGP,Male,0,1,1,53,1,No,DSL,No,Yes,No,Yes,Yes,No,Month-to-month,0,Credit card (automatic),65.0,3363.8,0,0.31252792274574703,48.13656606312945,48.13656606312945,Q4
8780-YRMTT,Female,0,0,0,66,0,No phone service,DSL,Yes,Yes,Yes,Yes,No,No,Two year,1,Mailed check,47.4,3177.25,0,11.61079242534034,48.06805686123038,48.06805686123038,Q4
7883-ROJOC,Female,0,1,0,19,1,No,DSL,No,No,No,No,No,No,Month-to-month,0,Mailed check,44.9,839.65,0,45.440304412231825,48.060200886425534,48.060200886425534,Q4
1629-DQQVB,Female,0,0,0,14,1,No,DSL,Yes,No,No,No,No,No,Month-to-month,0,Bank transfer (automatic),50.1,709.5,0,24.635314441241533,48.0305752555492,48.0305752555492,Q4
3489-VSFRD,Female,0,0,0,56,1,No,DSL,Yes,No,Yes,Yes,No,No,One year,1,Credit card (automatic),60.25,3282.75,0,54.87770842348674,48.01267768054293,48.01267768054293,Q4
0907-HQNTS,Female,1,1,0,70,1,Yes,Fiber optic,Yes,Yes,Yes,Yes,Yes,Yes,Two year,1,Credit card (automatic),113.0,7987.6,0,1.0189704982703507,47.92228687429731,47.92228687429731,Q4
9805-FILKB,Male,0,1,1,46,1,No,No,No internet service,No internet service,No internet service,No internet service,No internet service,No internet service,One year,1,Bank transfer (automatic),20.2,845.6,0,27.349408842935325,47.921516856262365,47.921516856262365,Q4
6505-OZNPG,Female,0,0,0,6,0,No phone service,DSL,Yes,Yes,Yes,Yes,Yes,Yes,Two year,1,Mailed check,63.4,348.8,0,47.90677257789685,47.91640089251545,47.91640089251545,Q4
9522-BNTHX,Female,1,0,0,34,0,No phone service,DSL,No,Yes,Yes,No,Yes,Yes,Month-to-month,1,Electronic check,56.25,1765.95,0,8.12726045273167,47.91561884178861,47.91561884178861,Q4
2896-TBNBE,Male,0,1,0,40,1,No,Fiber optic,No,Yes,Yes,No,No,No,One year,0,Electronic check,80.8,3132.75,0,12.761864066247188,47.90677257789685,47.90677257789685,Q4
5055-MGMGF,Female,0,1,0,65,1,Yes,Fiber optic,Yes,No,Yes,No,Yes,Yes,Month-to-month,1,Electronic check,105.05,6914.95,0,5.297306601614295,47.85798717983462,47.85798717983462,Q4
8963-MQVYN,Female,0,0,1,22,1,No,No,No internet service,No internet service,No internet service,No internet service,No internet service,No internet service,Month-to-month,1,Electronic check,20.55,469.85,0,24.49763476390287,47.83329873362028,47.83329873362028,Q4
9026-LHEVG,Female,0,0,0,9,0,No phone service,DSL,No,Yes,No,No,No,Yes,Month-to-month,0,Electronic check,40.75,359.4,0,10.24023452931088,47.78390191576348,47.78390191576348,Q4
6112-KTHFQ,Female,0,0,0,13,1,No,No,No internet service,No internet service,No internet service,No internet service,No internet service,No internet service,Month-to-month,1,Mailed check,19.3,279.3,0,26.303079149671486,47.781577828925634,47.781577828925634,Q4
3179-GBRWV,Male,1,1,0,21,1,No,DSL,Yes,Yes,No,No,No,Yes,Month-to-month,1,Bank transfer (automatic),64.95,1339.8,0,10.461039228392362,47.70782409022208,47.70782409022208,Q4
3370-HXOPH,Female,0,0,0,3,1,Yes,Fiber optic,No,No,No,No,No,No,Month-to-month,0,Electronic check,76.1,257.6,0,21.576992030905934,47.69302162328561,47.69302162328561,Q4
8766-PAFNE,Male,0,1,0,71,1,No,DSL,No,Yes,Yes,Yes,Yes,Yes,Two year,1,Credit card (automatic),79.1,5564.85,0,73.74769395946726,47.685921988477084,47.685921988477084,Q4
6519-ZHPXP,Female,0,1,1,72,1,No,Fiber optic,Yes,Yes,Yes,Yes,Yes,Yes,Two year,1,Bank transfer (automatic),108.3,7679.65,0,4.131416541835247,47.673929684076086,47.673929684076086,Q4
2070-XYMFH,Female,1,0,0,23,1,Yes,Fiber optic,No,No,Yes,No,No,No,Month-to-month,1,Mailed check,79.35,1835.3,0,21.664518442796695,47.6405004987558,47.6405004987558,Q4
0607-MVMGC,Male,0,1,1,45,1,Yes,DSL,No,Yes,Yes,No,Yes,Yes,One year,0,Credit card (automatic),78.75,3600.65,0,12.875493480903021,47.612247576490944,47.612247576490944,Q4
3823-KYNQY,Male,0,0,0,12,1,Yes,No,No internet service,No internet service,No internet service,No internet service,No internet service,No internet service,One year,0,Credit card (automatic),24.95,280.4,0,13.49024095260862,47.58217806629233,47.58217806629233,Q4
9938-EKRGF,Female,0,0,0,15,1,No,DSL,Yes,Yes,Yes,Yes,Yes,Yes,Month-to-month,0,Mailed check,84.45,1287.85,0,5.248123811259391,47.54884276594411,47.54884276594411,Q4
7325-ENZFI,Female,0,0,0,39,0,No phone service,DSL,Yes,Yes,No,Yes,No,No,One year,1,Bank transfer (automatic),40.3,1630.4,0,0.897218751062225,47.54373967465095,47.54373967465095,Q4
4425-OWHWB,Female,0,0,0,20,1,No,No,No internet service,No internet service,No internet service,No internet service,No internet service,No internet service,One year,1,Credit card (automatic),19.35,433.75,0,58.398852126537705,47.53402114620706,47.53402114620706,Q4
8610-ZIKJJ,Female,0,1,1,2,1,No,No,No internet service,No internet service,No internet service,No internet service,No internet service,No internet service,One year,0,Mailed check,20.3,31.9,0,4.383423781215741,47.5038610272385,47.5038610272385,Q4
2640-LYMOV,Male,0,0,0,2,1,No,No,No internet service,No internet service,No internet service,No internet service,No internet service,No internet service,Month-to-month,1,Mailed check,19.65,38.8,0,1.753169288357062,47.48541293035241,47.48541293035241,Q4
0307-BCOPK,Female,0,0,0,16,1,No,No,No internet service,No internet service,No internet service,No internet service,No internet service,No internet service,One year,0,Mailed check,19.05,326.65,0,20.251507389932016,47.43789836781187,47.43789836781187,Q4
7997-EASSD,Female,0,1,0,63,1,Yes,Fiber optic,No,No,No,Yes,No,No,One year,1,Credit card (automatic),81.2,4965.1,0,3.435245751933146,47.42258668625727,47.42258668625727,Q4
9541-ZPSEA,Male,0,1,1,68,1,No,Fiber optic,Yes,No,Yes,No,No,No,Two year,0,Credit card (automatic),80.35,5375.15,0,10.218183533144876,47.388447491803696,47.388447491803696,Q4
0699-NDKJM,Female,0,1,0,57,0,No phone service,DSL,Yes,Yes,Yes,No,Yes,Yes,Month-to-month,1,Bank transfer (automatic),58.75,3437.45,0,56.525090314957595,47.38306886649639,47.38306886649639,Q4
3115-JPJDD,Female,0,1,0,59,1,No,Fiber optic,Yes,No,Yes,No,No,No,One year,1,Credit card (automatic),81.25,4639.45,0,2.0932603523186115,47.358359028696576,47.358359028696576,Q4
2792-LSHWX,Female,0,0,0,1,1,No,Fiber optic,Yes,Yes,No,Yes,No,No,Month-to-month,1,Mailed check,83.4,83.4,0,37.07245851033453,47.34818347013875,47.34818347013875,Q4
3721-CNZHX,Male,0,0,0,15,1,No,No,No internet service,No internet service,No internet service,No internet service,No internet service,No internet service,One year,0,Mailed check,19.8,304.6,0,0.9893785003728509,47.303140018129604,47.303140018129604,Q4
1053-MXTTK,Female,0,1,1,72,1,No,Fiber optic,Yes,Yes,Yes,Yes,Yes,Yes,Two year,1,Bank transfer (automatic),108.65,7726.35,0,49.88143829017357,47.298075660199075,47.298075660199075,Q4
2363-BJLSL,Male,0,0,0,62,1,No,DSL,No,Yes,Yes,Yes,Yes,Yes,Month-to-month,1,Bank transfer (automatic),80.4,4981.15,0,72.7849973635264,47.268000563629926,47.268000563629926,Q4
3845-JHAMY,Female,0,1,1,16,0,No phone service,DSL,No,No,No,No,No,Yes,Month-to-month,1,Credit card (automatic),35.5,552.7,0,22.32483552884691,47.23565496852594,47.23565496852594,Q4
3244-CQPHU,Female,1,0,0,72,1,Yes,Fiber optic,Yes,Yes,No,Yes,Yes,Yes,Two year,1,Bank transfer (automatic),110.1,7746.7,0,0.6632083252367529,47.229220091155845,47.229220091155845,Q4
0345-XMMUG,Female,0,1,0,46,1,Yes,Fiber optic,No,Yes,Yes,Yes,Yes,Yes,Two year,1,Credit card (automatic),108.9,4854.3,0,38.67964911599994,47.187780908619445,47.187780908619445,Q4
5791-KAJFD,Female,0,1,1,56,1,Yes,DSL,Yes,No,Yes,No,No,Yes,One year,1,Bank transfer (automatic),68.75,3808.0,0,6.865091275302085,47.17031590891997,47.17031590891997,Q4
3679-XASPY,Female,0,1,1,1,1,No,No,No internet service,No internet service,No internet service,No internet service,No internet service,No internet service,Month-to-month,0,Electronic check,19.45,19.45,0,10.228078903846779,47.15751335978581,47.15751335978581,Q4
6303-KFWSL,Female,0,0,0,29,1,Yes,DSL,No,Yes,No,No,No,No,One year,1,Electronic check,55.25,1620.2,0,24.04860163747813,47.026353822996526,47.026353822996526,Q4
0356-OBMAC,Female,1,0,0,56,1,Yes,Fiber optic,No,Yes,Yes,Yes,Yes,No,Two year,1,Bank transfer (automatic),99.9,5706.3,0,39.365871541808275,47.019091703703886,47.019091703703886,Q4
8327-WKMIE,Male,0,0,0,37,1,No,No,No internet service,No internet service,No internet service,No internet service,No internet service,No internet service,One year,0,Credit card (automatic),20.15,785.75,0,2.244439956957543,46.97812826832744,46.97812826832744,Q4
0314-TKOSI,Female,0,0,0,6,1,No,DSL,Yes,Yes,No,No,No,No,Month-to-month,0,Mailed check,55.15,322.9,0,0.9266090289564197,46.97083463503445,46.97083463503445,Q4
3131-NWVFJ,Female,0,1,1,14,1,No,No,No internet service,No internet service,No internet service,No internet service,No internet service,No internet service,One year,0,Mailed check,19.55,294.5,0,79.19787170248212,46.96678574609939,46.96678574609939,Q4
5149-CUZUJ,Male,0,1,1,28,1,No,Fiber optic,No,Yes,Yes,Yes,Yes,No,One year,0,Bank transfer (automatic),92.9,2768.35,0,2.8556958258838647,46.94358010690999,46.94358010690999,Q4
4003-FUSHP,Male,0,0,0,19,1,No,DSL,No,No,No,Yes,Yes,No,Month-to-month,1,Credit card (automatic),61.55,1093.2,0,1.160047078231326,46.90275865102996,46.90275865102996,Q4
2595-KIWPV,Male,0,0,1,27,1,No,No,No internet service,No internet service,No internet service,No internet service,No internet service,No internet service,Two year,0,Credit card (automatic),19.7,509.3,0,0.5759548478304302,46.888069072120096,46.888069072120096,Q4
6374-AFWOX,Male,0,1,0,46,1,No,DSL,Yes,Yes,Yes,Yes,No,No,Two year,0,Mailed check,65.65,3047.15,0,1.5937707462590454,46.87449293295969,46.87449293295969,Q4
1751-NCDLI,Male,1,1,0,46,1,Yes,Fiber optic,No,No,Yes,No,Yes,Yes,Month-to-month,1,Electronic check,98.85,4564.9,0,52.0832522278031,46.81660989947566,46.81660989947566,Q4
6469-MRVET,Male,0,1,1,1,1,No,No,No internet service,No internet service,No internet service,No internet service,No internet service,No internet service,One year,1,Electronic check,20.2,20.2,0,5.9430189350408416,46.800111939523944,46.800111939523944,Q4
7128-GGCNO,Male,0,0,0,46,1,Yes,Fiber optic,No,No,No,No,No,No,Month-to-month,0,Bank transfer (automatic),72.8,3249.4,0,5.116424861978743,46.78728128083713,46.78728128083713,Q4
9592-ERDKV,Male,0,1,0,37,1,Yes,DSL,Yes,No,Yes,No,Yes,Yes,One year,0,Mailed check,79.25,2911.8,0,0.8140320898855894,46.7604821850366,46.7604821850366,Q4
0584-BJQGZ,Female,0,0,0,25,1,Yes,DSL,Yes,Yes,Yes,Yes,Yes,No,Month-to-month,1,Bank transfer (automatic),78.35,1837.9,0,35.749791534236124,46.75116095284654,46.75116095284654,Q4
0253-ZTEOB,Female,0,1,1,48,1,Yes,DSL,No,Yes,No,Yes,Yes,Yes,Two year,0,Electronic check,79.65,3870.3,0,10.305846387913157,46.73254984254126,46.73254984254126,Q4
3572-UUHRS,Male,0,0,0,45,1,No,No,No internet service,No internet service,No internet service,No internet service,No internet service,No internet service,One year,0,Bank transfer (automatic),18.85,867.3,0,23.19041153854072,46.62928230417068,46.62928230417068,Q4
9659-ZTWSM,Male,1,1,0,66,1,Yes,Fiber optic,No,Yes,Yes,Yes,Yes,Yes,One year,1,Bank transfer (automatic),107.35,7051.95,0,8.250863311124943,46.62647696271434,46.62647696271434,Q4
8741-LQOBK,Female,0,1,1,46,0,No phone service,DSL,Yes,Yes,No,No,No,No,Month-to-month,0,Bank transfer (automatic),35.05,1620.25,0,7.042042198083558,46.621143522533174,46.621143522533174,Q4
1448-CYWKC,Female,0,1,1,58,1,Yes,Fiber optic,No,Yes,Yes,No,Yes,Yes,One year,1,Credit card (automatic),105.2,6225.4,0,0.6027225574342606,46.62076962973865,46.62076962973865,Q4
1855-CFULU,Female,1,0,0,4,1,No,No,No internet service,No internet service,No internet service,No internet service,No internet service,No internet service,Month-to-month,0,Mailed check,20.05,91.45,0,12.635482551111075,46.613547865458365,46.613547865458365,Q4
9087-EYCPR,Female,0,0,0,60,1,Yes,No,No internet service,No internet service,No internet service,No internet service,No internet service,No internet service,Two year,0,Mailed check,25.0,1505.05,0,2.384122987080455,46.57191492513336,46.57191492513336,Q4
0942-KOWSM,Female,0,1,1,30,1,No,DSL,No,Yes,Yes,Yes,Yes,Yes,Two year,0,Bank transfer (automatic),80.8,2369.3,0,25.477083364908253,46.51033300443729,46.51033300443729,Q4
2186-QZEYA,Female,1,0,0,29,1,Yes,DSL,Yes,Yes,No,No,No,No,Month-to-month,1,Bank transfer (automatic),58.55,1718.95,0,1.6817013483145955,46.49871255380208,46.49871255380208,Q4
1208-NBVFH,Male,0,1,1,20,1,No,DSL,No,No,Yes,No,No,No,Month-to-month,1,Electronic check,49.6,939.8,0,7.98489804182797,46.4720876745603,46.4720876745603,Q4
8474-UMLNT,Female,0,0,0,13,1,No,DSL,Yes,Yes,No,Yes,No,Yes,Month-to-month,0,Bank transfer (automatic),67.8,842.25,0,16.270493752415415,46.41214301946189,46.41214301946189,Q4
9750-BOOHV,Female,0,0,0,32,0,No phone service,DSL,Yes,No,No,No,No,No,One year,0,Mailed check,30.15,927.65,0,0.9666588707359558,46.36509588589672,46.36509588589672,Q4
1456-TWCGB,Male,0,0,0,4,1,No,DSL,No,Yes,No,No,No,No,Month-to-month,0,Mailed check,49.25,208.45,0,0.7439658039986216,46.354561001168975,46.354561001168975,Q4
1460-UZPRJ,Male,0,1,0,60,1,No,No,No internet service,No internet service,No internet service,No internet service,No internet service,No internet service,Two year,0,Mailed check,19.95,1258.15,0,28.033589497127497,46.33797756571042,46.33797756571042,Q4
3373-DIUUN,Male,0,1,1,30,1,No,No,No internet service,No internet service,No internet service,No internet service,No internet service,No internet service,Two year,0,Mailed check,21.25,711.9,0,32.892669809205344,46.318224762629214,46.318224762629214,Q4
1574-DYCWE,Female,0,1,1,51,1,No,No,No internet service,No internet service,No internet service,No internet service,No internet service,No internet service,Two year,0,Mailed check,19.95,1028.75,0,26.064677657199443,46.29825413294708,46.29825413294708,Q4
1470-PSXNM,Male,0,1,1,49,1,Yes,Fiber optic,No,Yes,Yes,No,Yes,No,One year,1,Electronic check,93.65,4520.15,0,3.7771774839857843,46.25310808282844,46.25310808282844,Q4
9659-QEQSY,Female,0,0,0,45,1,Yes,Fiber optic,Yes,Yes,Yes,Yes,Yes,Yes,Month-to-month,1,Electronic check,115.65,5125.5,0,9.6721785584559,46.245007778706274,46.245007778706274,Q4
0471-ARVMX,Female,1,1,0,62,1,Yes,Fiber optic,Yes,No,Yes,No,Yes,Yes,One year,1,Electronic check,104.85,6312.9,0,2.1384428732548217,46.24235885202791,46.24235885202791,Q4
8822-KNBHV,Female,0,0,0,48,1,Yes,DSL,Yes,Yes,Yes,No,Yes,Yes,One year,1,Credit card (automatic),83.45,3887.85,0,2.520837141056124,46.20319030149663,46.20319030149663,Q4
5321-NTRKC,Male,0,1,1,66,1,Yes,DSL,No,Yes,Yes,No,Yes,Yes,Two year,0,Bank transfer (automatic),79.85,5234.95,0,5.1134739706182275,46.19901155994037,46.19901155994037,Q4
1333-PBMXB,Female,0,1,1,54,1,Yes,No,No internet service,No internet service,No internet service,No internet service,No internet service,No internet service,One year,1,Bank transfer (automatic),24.75,1342.15,0,60.67451435830724,46.17916592476381,46.17916592476381,Q4
1843-TLSGD,Female,0,1,1,13,1,No,No,No internet service,No internet service,No internet service,No internet service,No internet service,No internet service,Two year,0,Mailed check,20.85,272.35,0,0.3723600580566845,46.157728917369774,46.157728917369774,Q4
0508-SQWPL,Female,0,1,1,57,1,No,No,No internet service,No internet service,No internet service,No internet service,No internet service,No internet service,Two year,1,Bank transfer (automatic),20.1,1087.7,0,59.48027072016917,46.138454543628065,46.138454543628065,Q4
0164-APGRB,Female,0,0,0,72,1,Yes,Fiber optic,Yes,Yes,Yes,Yes,Yes,Yes,Two year,1,Electronic check,114.9,8496.7,0,35.467945331138935,46.080153180247805,46.080153180247805,Q4
4724-WXVWF,Male,0,0,0,48,1,Yes,Fiber optic,Yes,No,No,Yes,No,Yes,Month-to-month,1,Electronic check,95.4,4445.3,0,0.28015215888593403,46.00982981339931,46.00982981339931,Q4
5010-IPEAQ,Female,0,1,1,67,0,No phone service,DSL,Yes,Yes,Yes,Yes,Yes,No,Two year,0,Credit card (automatic),54.2,3623.95,0,4.794015460446628,45.988408319317635,45.988408319317635,Q4
0661-KQHNK,Female,0,1,1,6,1,No,No,No internet service,No internet service,No internet service,No internet service,No internet service,No internet service,One year,0,Credit card (automatic),19.0,105.5,0,0.482744505231569,45.9547689712237,45.9547689712237,Q4
7026-YMSBE,Male,0,0,0,30,1,No,No,No internet service,No internet service,No internet service,No internet service,No internet service,No internet service,One year,0,Mailed check,19.7,625.05,0,78.06512764119306,45.923217537419525,45.923217537419525,Q4
3096-YXENJ,Female,0,1,0,65,1,Yes,Fiber optic,No,Yes,Yes,Yes,Yes,Yes,Two year,1,Bank transfer (automatic),107.65,7082.85,0,24.971280029767264,45.922425420879044,45.922425420879044,Q4
4741-WWJQZ,Female,0,1,0,2,1,No,Fiber optic,Yes,No,No,Yes,No,No,Month-to-month,1,Electronic check,80.15,194.55,0,2.2963380518228944,45.860584743123034,45.860584743123034,Q4
0804-YGEQV,Female,0,1,1,43,1,Yes,No,No internet service,No internet service,No internet service,No internet service,No internet service,No internet service,One year,1,Bank transfer (automatic),24.45,993.15,0,8.31640434044187,45.73292725959027,45.73292725959027,Q4
1599-MMYRQ,Male,0,1,1,62,1,No,Fiber optic,Yes,Yes,No,No,No,No,One year,1,Credit card (automatic),81.45,4983.05,0,34.514258512924314,45.71291545851726,45.71291545851726,Q4
2550-QHZGP,Male,0,0,0,7,1,No,No,No internet service,No internet service,No internet service,No internet service,No internet service,No internet service,One year,0,Mailed check,19.5,128.6,0,0.30503261990958436,45.70862619412864,45.70862619412864,Q4
4815-YOSUK,Male,0,1,1,72,1,Yes,Fiber optic,Yes,Yes,Yes,Yes,No,Yes,One year,1,Credit card (automatic),104.9,7537.5,0,2.273483530411094,45.666899641209014,45.666899641209014,Q4
9233-PSYHO,Female,1,0,0,45,1,Yes,Fiber optic,No,No,Yes,No,Yes,Yes,One year,1,Bank transfer (automatic),100.15,4459.8,0,7.406960496218032,45.64535892427492,45.64535892427492,Q4
8659-IOOPU,Female,0,1,1,71,1,Yes,Fiber optic,Yes,No,Yes,Yes,No,Yes,Two year,0,Electronic check,100.45,7159.7,0,20.770002319192095,45.56294799322514,45.56294799322514,Q4
1763-KUAAW,Female,1,0,0,18,1,No,No,No internet service,No internet service,No internet service,No internet service,No internet service,No internet service,One year,0,Bank transfer (automatic),20.35,369.6,0,59.586920890124716,45.53119679899961,45.53119679899961,Q4
0301-FIDRB,Female,0,1,1,72,0,No phone service,DSL,Yes,Yes,Yes,Yes,Yes,Yes,Two year,1,Bank transfer (automatic),63.8,4684.3,0,31.84802029956201,45.51779781463569,45.51779781463569,Q4
4118-CEVPF,Female,1,0,0,35,1,Yes,Fiber optic,Yes,Yes,Yes,Yes,Yes,Yes,One year,1,Bank transfer (automatic),110.8,3836.3,0,46.62928230417068,45.516362413522515,45.516362413522515,Q4
9919-FZDED,Male,1,1,0,72,1,Yes,DSL,Yes,Yes,Yes,No,Yes,Yes,Two year,1,Credit card (automatic),84.1,5981.65,0,20.60860683160167,45.51572286080169,45.51572286080169,Q4
4945-RVMTE,Female,0,0,0,28,1,No,DSL,No,No,Yes,No,Yes,No,Month-to-month,1,Bank transfer (automatic),59.55,1646.45,0,11.234138056167273,45.49660789564012,45.49660789564012,Q4
2220-IAHLS,Female,0,0,0,1,1,No,No,No internet service,No internet service,No internet service,No internet service,No internet service,No internet service,Month-to-month,0,Credit card (automatic),19.4,19.4,0,21.848141039863773,45.440304412231825,45.440304412231825,Q4
3658-QQJYD,Male,0,0,0,62,1,No,DSL,Yes,Yes,No,No,Yes,Yes,One year,1,Credit card (automatic),74.3,4698.05,0,59.2518515046924,45.43206737567102,45.43206737567102,Q4
4929-XIHVW,Male,1,1,0,2,1,No,Fiber optic,No,No,Yes,No,Yes,Yes,Month-to-month,1,Credit card (automatic),95.5,181.65,0,9.179471197211212,45.424492104607516,45.424492104607516,Q4
8461-EFQYM,Female,0,0,0,38,1,Yes,No,No internet service,No internet service,No internet service,No internet service,No internet service,No internet service,One year,1,Electronic check,24.25,914.4,0,0.9926399125790103,45.393141350527685,45.393141350527685,Q4
7078-NVFAM,Female,0,1,1,32,0,No phone service,DSL,Yes,Yes,No,No,No,No,Month-to-month,1,Electronic check,35.15,1051.05,0,4.5472407679044835,45.33501985906316,45.33501985906316,Q4
8630-FJLIB,Female,0,0,0,18,1,No,Fiber optic,No,No,No,No,No,No,Month-to-month,1,Electronic check,69.8,1221.65,0,14.13520888370079,45.30543660354437,45.30543660354437,Q4
8944-AILEF,Male,0,1,0,15,1,No,No,No internet service,No internet service,No internet service,No internet service,No internet service,No internet service,Month-to-month,1,Credit card (automatic),19.45,340.85,0,10.404971956322813,45.251022720712,45.251022720712,Q4
1985-MBRYP,Female,0,0,0,43,1,No,No,No internet service,No internet service,No internet service,No internet service,No internet service,No internet service,Two year,1,Bank transfer (automatic),19.65,779.25,0,11.123563762242327,45.2250702090719,45.2250702090719,Q4
5808-TOTXO,Female,0,0,1,3,1,No,No,No internet service,No internet service,No internet service,No internet service,No internet service,No internet service,One year,1,Credit card (automatic),20.55,57.4,0,4.540381356838373,45.20350166406084,45.20350166406084,Q4
4402-FTBXC,Male,0,0,0,54,1,No,Fiber optic,Yes,No,Yes,No,Yes,No,Month-to-month,0,Mailed check,89.8,4667.0,0,51.72580396565469,45.17749809646864,45.17749809646864,Q4
3996-ZNWYK,Male,1,1,1,71,1,No,No,No internet service,No internet service,No internet service,No internet service,No internet service,No internet service,Two year,0,Credit card (automatic),19.8,1388.45,0,20.496955709769402,45.17187670046557,45.17187670046557,Q4
7452-FOLON,Male,0,0,1,39,1,Yes,No,No internet service,No internet service,No internet service,No internet service,No internet service,No internet service,One year,0,Bank transfer (automatic),25.45,958.45,0,0.6735535932769746,45.092853843255654,45.092853843255654,Q4
8905-IAZPF,Female,0,1,0,69,1,No,Fiber optic,No,Yes,No,No,Yes,Yes,One year,1,Credit card (automatic),95.65,6744.2,0,5.984729477293639,45.07528543056466,45.07528543056466,Q4
4163-NCJAK,Female,0,1,0,46,1,Yes,No,No internet service,No internet service,No internet service,No internet service,No internet service,No internet service,One year,1,Bank transfer (automatic),24.45,1066.15,0,4.338513961444816,45.02135825660973,45.02135825660973,Q4
3253-HKOKL,Female,0,1,1,52,1,No,Fiber optic,Yes,No,Yes,No,Yes,Yes,One year,0,Electronic check,100.3,5244.45,0,64.24508368199261,45.01420916340696,45.01420916340696,Q4
9715-SBVSU,Male,0,1,1,14,1,No,DSL,Yes,Yes,No,No,No,Yes,Two year,1,Bank transfer (automatic),61.4,815.55,0,24.602294648784117,44.98785686258566,44.98785686258566,Q4
5598-IKHQQ,Female,0,0,0,72,1,Yes,No,No internet service,No internet service,No internet service,No internet service,No internet service,No internet service,Two year,0,Credit card (automatic),25.45,1866.45,0,25.59909166655883,44.88065435611824,44.88065435611824,Q4
9629-NHXFW,Female,0,1,1,1,1,No,No,No internet service,No internet service,No internet service,No internet service,No internet service,No internet service,Month-to-month,1,Mailed check,19.4,19.4,0,3.486795317823825,44.87465711414845,44.87465711414845,Q4
8107-KNCIM,Male,1,1,0,14,1,Yes,Fiber optic,No,No,No,No,No,No,Month-to-month,1,Electronic check,75.1,1013.35,0,18.185576364841765,44.84903435164146,44.84903435164146,Q4
1261-FWTTE,Male,1,0,0,23,0,No phone service,DSL,No,No,No,No,No,Yes,Month-to-month,1,Bank transfer (automatic),34.65,768.45,0,48.74655294017962,44.83934914082687,44.83934914082687,Q4
2391-IPLOP,Male,0,1,1,50,1,Yes,DSL,No,No,Yes,Yes,Yes,No,One year,1,Electronic check,69.65,3442.15,0,15.298366850458223,44.819120855577474,44.819120855577474,Q4
9359-UGBTK,Female,0,0,0,67,1,No,DSL,Yes,No,Yes,Yes,No,Yes,One year,1,Bank transfer (automatic),72.35,4991.5,0,42.36490607800801,44.8047178402713,44.8047178402713,Q4
6506-EYCNH,Female,0,1,1,28,1,No,No,No internet service,No internet service,No internet service,No internet service,No internet service,No internet service,Month-to-month,1,Bank transfer (automatic),19.55,543.8,0,21.90069366651578,44.747656055168946,44.747656055168946,Q4
1043-UXOVO,Female,0,0,0,71,1,Yes,Fiber optic,Yes,Yes,Yes,Yes,Yes,Yes,Two year,1,Credit card (automatic),113.15,7993.3,0,11.062704401016017,44.71690678605583,44.71690678605583,Q4
3212-KXOCR,Male,0,0,0,52,1,No,No,No internet service,No internet service,No internet service,No internet service,No internet service,No internet service,Two year,0,Bank transfer (automatic),21.0,1107.2,0,3.3871105936629022,44.71508371611417,44.71508371611417,Q4
8751-EDEKA,Female,0,1,0,28,1,No,Fiber optic,No,Yes,Yes,No,No,Yes,Month-to-month,0,Credit card (automatic),89.9,2433.5,0,8.481586371418146,44.71305032845404,44.71305032845404,Q4
3307-TLCUD,Male,0,1,0,17,0,No phone service,DSL,Yes,No,Yes,No,No,No,Month-to-month,0,Mailed check,34.4,592.75,0,1.6362089634537134,44.688442280370566,44.688442280370566,Q4
1209-VFFOC,Male,0,1,1,68,0,No phone service,DSL,Yes,Yes,Yes,Yes,No,Yes,Two year,1,Mailed check,56.4,3948.45,0,10.808635681706189,44.552358655922454,44.552358655922454,Q4
3192-LNKRK,Male,0,1,1,34,1,No,Fiber optic,No,No,Yes,No,Yes,No,Month-to-month,1,Mailed check,84.05,2909.95,0,11.288675322828006,44.5410222388049,44.5410222388049,Q4
2171-UDMFD,Male,0,1,1,32,1,No,No,No internet service,No internet service,No internet service,No internet service,No internet service,No internet service,Month-to-month,1,Credit card (automatic),19.45,674.55,0,2.789659801901779,44.51375935847128,44.51375935847128,Q4
4367-NHWMM,Female,0,0,0,1,0,No phone service,DSL,No,No,No,No,No,No,Month-to-month,1,Mailed check,24.9,24.9,0,72.5131658410926,44.507982691722944,44.507982691722944,Q4
5433-KYGHE,Female,0,0,1,14,1,Yes,Fiber optic,Yes,No,No,Yes,No,No,Month-to-month,1,Mailed check,86.0,1164.05,0,26.969995430019623,44.40503278526603,44.40503278526603,Q4
0197-PNKNK,Female,0,1,1,69,1,Yes,Fiber optic,Yes,No,Yes,No,No,No,One year,0,Bank transfer (automatic),84.45,5848.6,0,1.6930529795947336,44.39412007059483,44.39412007059483,Q4
9214-EKVXR,Female,0,0,0,1,1,No,DSL,No,No,No,No,No,No,Month-to-month,1,Mailed check,44.0,44.0,0,14.871948958187414,44.378084449357466,44.378084449357466,Q4
5131-PONJI,Male,0,1,1,49,1,No,Fiber optic,No,Yes,Yes,No,Yes,No,Month-to-month,1,Credit card (automatic),90.4,4494.65,0,0.2906265366959386,44.36806098332802,44.36806098332802,Q4
8992-CEUEN,Female,0,0,0,1,1,No,No,No internet service,No internet service,No internet service,No internet service,No internet service,No internet service,Month-to-month,0,Electronic check,18.85,18.85,0,18.437649857813526,44.36670869045802,44.36670869045802,Q4
3926-YZVVX,Female,0,0,0,41,1,No,DSL,No,No,No,Yes,No,No,One year,0,Bank transfer (automatic),50.05,2029.05,0,14.325909889728738,44.34839678793563,44.34839678793563,Q4
1187-WILMM,Male,0,1,1,63,1,Yes,DSL,Yes,Yes,Yes,Yes,Yes,Yes,Two year,1,Credit card (automatic),89.4,5597.65,0,11.37418762145406,44.3433200979931,44.3433200979931,Q4
5734-EJKXG,Female,0,0,0,61,1,Yes,Fiber optic,Yes,Yes,Yes,Yes,Yes,Yes,One year,1,Electronic check,118.6,7365.7,0,16.545442265453186,44.322458605699424,44.322458605699424,Q4
2731-GJRDG,Female,0,0,0,32,1,Yes,Fiber optic,Yes,No,Yes,Yes,Yes,Yes,One year,1,Bank transfer (automatic),109.55,3608.0,0,2.69718675899125,44.29555558944283,44.29555558944283,Q4
3186-AJIEK,Male,0,0,0,66,1,No,Fiber optic,Yes,No,Yes,Yes,Yes,Yes,Two year,1,Bank transfer (automatic),105.65,6844.5,0,8.098340564341603,44.28477760307747,44.28477760307747,Q4
8455-HIRAQ,Female,0,0,0,8,1,No,DSL,No,No,No,No,No,No,Month-to-month,0,Mailed check,44.45,369.3,0,1.7704648110043606,44.25977205372589,44.25977205372589,Q4
5327-XOKKY,Male,1,1,0,72,1,Yes,DSL,No,No,Yes,No,Yes,Yes,Two year,1,Credit card (automatic),73.45,5329.0,0,4.7567697780550215,44.25964865920488,44.25964865920488,Q4
1635-HDGFT,Female,0,0,1,19,1,No,No,No internet service,No internet service,No internet service,No internet service,No internet service,No internet service,Two year,0,Mailed check,20.5,398.55,0,3.639927043177192,44.25706069888872,44.25706069888872,Q4
1320-GVNHT,Male,0,1,1,72,1,Yes,Fiber optic,Yes,Yes,Yes,No,Yes,Yes,Two year,1,Credit card (automatic),108.4,7767.25,0,1.803544364784842,44.18508519165011,44.18508519165011,Q4
7727-SHVZV,Female,0,0,0,9,1,No,No,No internet service,No internet service,No internet service,No internet service,No internet service,No internet service,Month-to-month,0,Bank transfer (automatic),19.5,150.35,0,1.8200333693883113,44.17286955956829,44.17286955956829,Q4
0815-MFZGM,Female,0,1,0,42,1,No,Fiber optic,No,No,Yes,Yes,Yes,Yes,Two year,1,Credit card (automatic),99.0,4135.0,0,62.84607290243602,44.16727852116738,44.16727852116738,Q4
0439-IFYUN,Female,1,0,0,18,1,No,Fiber optic,No,Yes,No,No,No,No,Month-to-month,1,Electronic check,74.7,1294.6,0,42.25907501597906,44.12194098772891,44.12194098772891,Q4
4683-WYDOU,Male,0,1,0,62,1,Yes,Fiber optic,No,No,Yes,Yes,Yes,Yes,Two year,1,Bank transfer (automatic),107.6,6912.7,0,0.983872849614491,44.093923041316536,44.093923041316536,Q4
0305-SQECB,Female,0,0,1,11,0,No phone service,DSL,Yes,No,No,Yes,No,No,One year,1,Mailed check,36.05,402.6,0,15.344147846214588,44.08694128961438,44.08694128961438,Q4
7586-ZATGZ,Male,0,0,0,40,1,Yes,Fiber optic,No,No,No,No,Yes,No,Month-to-month,1,Electronic check,84.9,3369.05,0,2.4252546605861878,44.078137219145816,44.078137219145816,Q4
8592-PLTMQ,Female,0,0,0,64,1,Yes,No,No internet service,No internet service,No internet service,No internet service,No internet service,No internet service,One year,0,Mailed check,24.7,1642.75,0,6.180495665662568,44.066295435866536,44.066295435866536,Q4
3038-PQIUY,Female,0,0,0,38,1,Yes,DSL,Yes,Yes,Yes,No,No,No,Month-to-month,1,Bank transfer (automatic),66.15,2522.4,0,1.328216414002106,44.044562900953785,44.044562900953785,Q4
4003-OCTMP,Female,0,1,0,31,1,No,DSL,Yes,No,No,Yes,No,Yes,One year,1,Electronic check,64.0,1910.75,0,11.194679321270126,43.97930161734787,43.97930161734787,Q4
6999-CHVCF,Male,0,0,0,68,1,Yes,Fiber optic,Yes,Yes,Yes,No,No,Yes,Two year,1,Bank transfer (automatic),102.1,7149.35,0,29.41745689696723,43.97360826545588,43.97360826545588,Q4
6650-VJONK,Male,0,0,0,1,1,No,DSL,No,No,No,No,No,No,Month-to-month,1,Bank transfer (automatic),43.85,43.85,0,2.125832260093299,43.925068205872606,43.925068205872606,Q4
0356-ERHVT,Male,0,1,0,11,1,No,DSL,No,No,No,No,No,No,Month-to-month,1,Bank transfer (automatic),45.9,521.9,0,25.687468870026247,43.911570470922086,43.911570470922086,Q4
2194-IIQOF,Female,0,1,0,71,1,Yes,DSL,Yes,Yes,Yes,Yes,Yes,Yes,Two year,0,Credit card (automatic),89.3,6388.65,0,3.1465397723138784,43.84688770615545,43.84688770615545,Q4
2056-EVGZL,Male,0,1,1,68,1,No,Fiber optic,No,Yes,Yes,Yes,Yes,Yes,One year,0,Credit card (automatic),105.75,7322.5,0,38.96570729274753,43.780407019418796,43.780407019418796,Q4
3985-HOYPM,Male,0,0,0,26,1,No,No,No internet service,No internet service,No internet service,No internet service,No internet service,No internet service,One year,0,Mailed check,19.4,525.55,0,1.4151659903453917,43.67961017593224,43.67961017593224,Q4
5628-RKIFK,Female,1,0,0,49,1,Yes,Fiber optic,Yes,No,No,No,Yes,Yes,Month-to-month,0,Credit card (automatic),101.55,5070.4,0,43.132285111722545,43.65625861633145,43.65625861633145,Q4
4983-CLMLV,Female,0,1,0,52,1,Yes,Fiber optic,No,Yes,No,Yes,Yes,Yes,Month-to-month,1,Credit card (automatic),102.7,5138.1,0,13.299522504102615,43.64811645493653,43.64811645493653,Q4
8756-RDDLT,Female,0,0,0,68,0,No phone service,DSL,No,Yes,No,Yes,No,Yes,Month-to-month,0,Electronic check,44.95,3085.35,0,7.672736502039464,43.646350973532826,43.646350973532826,Q4
4002-BQWPQ,Male,0,0,0,25,1,Yes,DSL,Yes,Yes,Yes,Yes,No,Yes,Month-to-month,0,Bank transfer (automatic),81.75,2028.8,0,8.074822151844458,43.59990966616593,43.59990966616593,Q4
2439-LYPMQ,Male,1,1,0,38,1,Yes,Fiber optic,No,Yes,Yes,No,Yes,Yes,Month-to-month,1,Electronic check,102.6,4009.2,0,3.0385972596365054,43.53817470699289,43.53817470699289,Q4
0623-EJQEG,Male,0,0,0,65,1,Yes,Fiber optic,Yes,No,No,Yes,No,Yes,One year,0,Electronic check,93.55,6069.25,0,40.62855156439987,43.511995892871994,43.511995892871994,Q4
9052-VKDUW,Female,1,1,0,65,1,Yes,Fiber optic,Yes,Yes,Yes,No,Yes,Yes,Month-to-month,1,Credit card (automatic),109.4,7227.45,0,7.608119663792372,43.45629953501338,43.45629953501338,Q4
7590-VHVEG,Female,0,1,0,1,0,No phone service,DSL,No,Yes,No,No,No,No,Month-to-month,1,Electronic check,29.85,29.85,0,4.789510451011485,43.422766567362444,43.422766567362444,Q4
7319-VENRZ,Male,0,0,0,7,1,No,DSL,No,No,Yes,Yes,Yes,No,Month-to-month,0,Bank transfer (automatic),64.3,445.95,0,3.5115874726402923,43.389880318514535,43.389880318514535,Q4
2862-JVEOY,Male,0,0,0,6,1,No,No,No internet service,No internet service,No internet service,No internet service,No internet service,No internet service,One year,0,Mailed check,19.15,124.4,0,58.86141818862739,43.37911486378779,43.37911486378779,Q4
7926-IJOOU,Male,0,0,0,1,1,No,No,No internet service,No internet service,No internet service,No internet service,No internet service,No internet service,Month-to-month,0,Credit card (automatic),19.3,19.3,0,39.345589123041414,43.3757079538728,43.3757079538728,Q4
1137-DGOWI,Female,0,1,0,30,1,No,DSL,No,Yes,Yes,Yes,No,Yes,One year,0,Bank transfer (automatic),70.25,2198.9,0,28.040995983979013,43.371220569602364,43.371220569602364,Q4
4706-DGAHW,Male,1,0,0,1,1,No,DSL,No,No,No,No,No,No,Month-to-month,0,Electronic check,45.2,45.2,0,26.98925153415192,43.326219121684744,43.326219121684744,Q4
6674-KVJHG,Female,0,0,0,11,1,Yes,No,No internet service,No internet service,No internet service,No internet service,No internet service,No internet service,One year,0,Electronic check,25.2,245.15,0,39.58525372338297,43.26900522831685,43.26900522831685,Q4
8590-OHDIW,Female,0,1,1,38,1,No,No,No internet service,No internet service,No internet service,No internet service,No internet service,No internet service,One year,0,Mailed check,20.3,749.35,0,6.018728682674577,43.26715293926988,43.26715293926988,Q4
4770-QAZXN,Female,0,0,0,13,1,No,No,No internet service,No internet service,No internet service,No internet service,No internet service,No internet service,Month-to-month,0,Credit card (automatic),19.45,232.1,0,20.462306131574486,43.23083142257887,43.23083142257887,Q4
9030-QGZNL,Female,0,0,0,8,1,No,No,No internet service,No internet service,No internet service,No internet service,No internet service,No internet service,Two year,0,Mailed check,20.85,161.65,0,4.6488526816857645,43.15959887725982,43.15959887725982,Q4
4732-RRJZC,Male,0,1,1,7,1,No,No,No internet service,No internet service,No internet service,No internet service,No internet service,No internet service,Month-to-month,0,Mailed check,20.25,144.35,0,10.291814191956979,43.15838017738287,43.15838017738287,Q4
2740-TVLFN,Male,0,0,0,1,1,Yes,DSL,No,No,No,No,No,No,Month-to-month,1,Electronic check,50.15,50.15,0,34.424339998479304,43.132285111722545,43.132285111722545,Q4
6778-EICRF,Male,0,1,1,24,1,Yes,DSL,Yes,No,No,No,Yes,Yes,One year,0,Mailed check,74.8,1821.2,0,1.0866175253695454,43.128447757223384,43.128447757223384,Q4
7785-RDVIG,Female,0,1,1,3,1,No,No,No internet service,No internet service,No internet service,No internet service,No internet service,No internet service,Month-to-month,0,Mailed check,19.3,54.7,0,0.9995153236685461,43.1191767253133,43.1191767253133,Q4
0916-QOFDP,Female,1,1,1,14,1,Yes,Fiber optic,No,No,No,No,Yes,Yes,Month-to-month,1,Electronic check,95.8,1346.3,0,17.806571127792452,43.08785591563979,43.08785591563979,Q4
2525-GVKQU,Female,0,0,0,60,1,No,No,No internet service,No internet service,No internet service,No internet service,No internet service,No internet service,Two year,0,Mailed check,20.6,1093.0,0,62.756527974471844,43.06685221627049,43.06685221627049,Q4
0820-FNRNX,Male,0,1,1,17,1,Yes,DSL,No,Yes,Yes,Yes,No,No,Month-to-month,1,Mailed check,66.7,1077.05,0,32.47042010312623,43.035578256737494,43.035578256737494,Q4
3500-NSDOA,Male,0,1,1,68,1,Yes,DSL,No,Yes,No,Yes,No,Yes,Two year,0,Credit card (automatic),70.8,4859.95,0,12.120504152471876,42.942089046146464,42.942089046146464,Q4
9732-OUYRN,Female,0,1,0,49,1,No,No,No internet service,No internet service,No internet service,No internet service,No internet service,No internet service,One year,0,Credit card (automatic),19.0,918.7,0,13.077288617117292,42.937201755576396,42.937201755576396,Q4
6723-WSNTY,Female,1,1,0,66,1,Yes,Fiber optic,No,Yes,Yes,Yes,Yes,Yes,One year,1,Credit card (automatic),108.1,7181.95,0,3.8464914823854555,42.936618314625335,42.936618314625335,Q4
7422-WNBTY,Male,0,1,0,33,1,Yes,Fiber optic,No,Yes,Yes,No,No,Yes,Month-to-month,1,Electronic check,93.35,3092.0,0,39.02226446193255,42.93547923441232,42.93547923441232,Q4
7184-LRUUR,Female,0,0,0,22,1,No,DSL,No,Yes,Yes,No,Yes,No,One year,0,Bank transfer (automatic),65.25,1441.8,0,5.8875240124823005,42.83033271062956,42.83033271062956,Q4
8405-IGQFX,Female,0,0,0,63,1,No,Fiber optic,No,No,Yes,Yes,Yes,No,One year,1,Credit card (automatic),90.05,5817.0,0,30.854288750465557,42.77171009434874,42.77171009434874,Q4
7596-LDUXP,Female,0,0,0,12,1,No,Fiber optic,Yes,No,No,No,Yes,No,One year,1,Credit card (automatic),85.15,979.05,0,3.652522799048126,42.75847162659783,42.75847162659783,Q4
3703-TTEPD,Male,0,0,0,21,1,No,DSL,Yes,No,Yes,No,Yes,No,Month-to-month,0,Bank transfer (automatic),65.35,1424.4,0,54.139943950568515,42.731695834516394,42.731695834516394,Q4
5680-LQOGP,Female,0,0,0,68,1,No,DSL,Yes,Yes,Yes,Yes,Yes,Yes,Two year,1,Credit card (automatic),82.45,5646.6,0,5.708028344391327,42.72960098940518,42.72960098940518,Q4
2400-XIWIO,Female,0,1,0,71,1,Yes,DSL,Yes,Yes,Yes,Yes,Yes,Yes,Two year,0,Electronic check,90.1,6310.9,0,7.507919758291126,42.62036716432182,42.62036716432182,Q4
1734-ZMNTZ,Female,0,1,1,11,1,Yes,No,No internet service,No internet service,No internet service,No internet service,No internet service,No internet service,Two year,0,Mailed check,25.0,300.7,0,0.42663302634609446,42.54288777987231,42.54288777987231,Q4
8807-OPMBM,Female,0,1,1,55,1,Yes,No,No internet service,No internet service,No internet service,No internet service,No internet service,No internet service,Two year,1,Credit card (automatic),25.65,1388.0,0,11.226138074086341,42.52582653673521,42.52582653673521,Q4
2523-EWWZL,Female,0,1,0,27,1,No,Fiber optic,No,Yes,No,No,No,No,Month-to-month,1,Electronic check,76.1,2093.4,0,20.280855053585984,42.524886419647,42.524886419647,Q4
5198-HQAEN,Male,0,1,1,35,1,No,Fiber optic,No,Yes,No,Yes,Yes,No,One year,1,Electronic check,89.7,3165.6,0,1.438571755609471,42.52403607239177,42.52403607239177,Q4
8513-OLYGY,Male,0,1,0,72,1,Yes,Fiber optic,Yes,Yes,Yes,Yes,Yes,Yes,Two year,0,Credit card (automatic),115.8,8332.15,0,9.604386362417381,42.521516845467566,42.521516845467566,Q4
8384-FZBJK,Female,0,1,1,57,1,Yes,Fiber optic,No,Yes,No,No,Yes,Yes,Month-to-month,1,Electronic check,100.6,5611.7,0,69.82979555344687,42.51515377495381,42.51515377495381,Q4
1552-TKMXS,Female,0,1,0,42,1,No,No,No internet service,No internet service,No internet service,No internet service,No internet service,No internet service,Month-to-month,0,Credit card (automatic),20.35,869.9,0,6.302903405834124,42.50998111572184,42.50998111572184,Q4
7153-CHRBV,Female,0,1,1,57,1,No,DSL,Yes,No,Yes,Yes,No,No,One year,1,Mailed check,59.3,3274.35,0,11.080354268602136,42.45920899601103,42.45920899601103,Q4
6893-ODYYE,Male,0,0,0,50,1,No,Fiber optic,Yes,Yes,Yes,Yes,No,No,One year,1,Credit card (automatic),90.1,4549.45,0,4.078420060182155,42.440845923678594,42.440845923678594,Q4
5204-HMGYF,Female,0,1,1,49,1,No,DSL,Yes,Yes,Yes,Yes,Yes,Yes,One year,1,Mailed check,87.2,4345.0,0,0.7916269836647694,42.439621839438075,42.439621839438075,Q4
5148-ORICT,Female,0,1,0,64,1,No,DSL,Yes,Yes,Yes,Yes,No,Yes,Two year,1,Mailed check,74.35,4759.55,0,13.028583382239061,42.43932243452211,42.43932243452211,Q4
1942-OQFRW,Male,0,0,0,1,1,No,DSL,No,No,No,No,No,No,Month-to-month,0,Electronic check,44.0,44.0,0,9.063856467764689,42.40458722030918,42.40458722030918,Q4
2294-SALNE,Male,0,1,1,23,1,No,Fiber optic,No,Yes,Yes,Yes,No,No,One year,0,Mailed check,86.8,1940.8,0,0.475627251216374,42.40253729807331,42.40253729807331,Q4
2603-HVKCG,Male,0,0,0,31,1,No,Fiber optic,No,Yes,Yes,No,Yes,Yes,Month-to-month,1,Electronic check,101.4,3143.65,0,12.06844931680148,42.39153417624243,42.39153417624243,Q4
3509-GWQGF,Male,1,0,0,24,1,No,Fiber optic,No,No,No,No,No,No,Month-to-month,0,Credit card (automatic),70.0,1732.6,0,2.6745393859902435,42.36490607800801,42.36490607800801,Q4
1133-KXCGE,Female,0,0,0,18,1,No,No,No internet service,No internet service,No internet service,No internet service,No internet service,No internet service,One year,0,Mailed check,20.1,407.05,0,30.599797775210224,42.266471632785425,42.266471632785425,Q4
3487-EARAT,Female,0,1,1,70,1,No,DSL,Yes,Yes,Yes,Yes,No,Yes,One year,0,Credit card (automatic),74.1,5222.3,0,57.22118734348264,42.25907501597906,42.25907501597906,Q4
6549-NNDYT,Female,0,0,0,13,0,No phone service,DSL,Yes,No,No,No,No,No,Month-to-month,1,Bank transfer (automatic),30.85,394.1,0,50.30926689025461,42.23780869541659,42.23780869541659,Q4
9742-XOKTS,Male,0,1,1,67,1,Yes,Fiber optic,Yes,Yes,No,Yes,No,No,One year,0,Electronic check,89.55,6038.55,0,70.30228600765923,42.21917514970981,42.21917514970981,Q4
9122-UMROB,Male,0,0,0,1,1,No,No,No internet service,No internet service,No internet service,No internet service,No internet service,No internet service,Month-to-month,0,Mailed check,20.3,20.3,0,2.5756735541894025,42.21846785660417,42.21846785660417,Q4
5568-DMXZS,Female,0,0,0,8,1,No,DSL,No,Yes,No,Yes,Yes,No,Month-to-month,1,Electronic check,65.45,554.45,0,6.155351118120903,42.212925447910116,42.212925447910116,Q4
1345-ZUKID,Male,0,0,0,14,1,No,No,No internet service,No internet service,No internet service,No internet service,No internet service,No internet service,One year,0,Mailed check,19.35,324.8,0,68.22543737473711,42.20805153342696,42.20805153342696,Q4
7312-XSBAT,Male,0,0,0,1,1,No,DSL,Yes,No,No,No,No,No,Month-to-month,0,Electronic check,49.75,49.75,0,66.64215943120156,42.15007525843137,42.15007525843137,Q4
8652-YHIYU,Female,0,0,1,16,1,Yes,Fiber optic,No,No,No,Yes,No,No,One year,1,Credit card (automatic),79.5,1264.2,0,61.096472913477406,42.11499807627249,42.11499807627249,Q4
5243-SAOTC,Male,0,0,0,54,1,Yes,Fiber optic,No,Yes,No,No,No,No,Month-to-month,1,Bank transfer (automatic),79.85,4308.25,0,27.809674062130206,42.114489891743126,42.114489891743126,Q4
7639-OPLNG,Male,0,1,1,70,1,Yes,DSL,Yes,Yes,Yes,Yes,Yes,No,Two year,1,Bank transfer (automatic),79.25,5731.85,0,46.90275865102996,42.04609606565294,42.04609606565294,Q4
0036-IHMOT,Female,0,1,1,55,1,No,Fiber optic,No,Yes,Yes,Yes,Yes,Yes,One year,1,Bank transfer (automatic),103.7,5656.75,0,1.2370827094674428,42.04091878134147,42.04091878134147,Q4
1840-BIUOG,Male,0,0,0,20,1,Yes,DSL,No,Yes,No,Yes,Yes,No,One year,1,Electronic check,68.7,1416.2,0,30.822064261240307,42.01582570499339,42.01582570499339,Q4
9903-LYSAB,Male,0,1,0,18,1,Yes,Fiber optic,No,No,No,No,No,No,Month-to-month,1,Electronic check,73.15,1305.95,0,0.988391005228362,41.972324801806906,41.972324801806906,Q4
8902-ZEOVF,Male,0,1,1,47,1,No,No,No internet service,No internet service,No internet service,No internet service,No internet service,No internet service,One year,0,Mailed check,20.05,951.55,0,44.044562900953785,41.9704698774286,41.9704698774286,Q4
1929-ZCBHE,Male,0,1,1,47,0,No phone service,DSL,Yes,No,Yes,Yes,No,No,One year,0,Electronic check,40.3,1794.8,0,18.18059037729129,41.95392918791094,41.95392918791094,Q4
7554-NEWDD,Male,0,0,0,10,1,Yes,No,No internet service,No internet service,No internet service,No internet service,No internet service,No internet service,Two year,0,Bank transfer (automatic),25.7,251.6,0,22.756132275458896,41.939081659154894,41.939081659154894,Q4
6231-WFGFH,Male,0,1,1,4,1,No,No,No internet service,No internet service,No internet service,No internet service,No internet service,No internet service,Month-to-month,1,Mailed check,20.5,77.6,0,4.9597187271496015,41.93340661738536,41.93340661738536,Q4
9798-OPFEM,Female,0,0,0,46,1,No,No,No internet service,No internet service,No internet service,No internet service,No internet service,No internet service,Two year,1,Electronic check,21.1,937.1,0,5.278273328785353,41.87235201704598,41.87235201704598,Q4
5542-DHSXL,Female,0,1,0,4,1,No,DSL,Yes,Yes,No,No,No,No,Month-to-month,0,Mailed check,54.7,235.05,0,2.9845727125765507,41.86599627114556,41.86599627114556,Q4
5887-IKKYO,Male,0,1,1,58,1,Yes,Fiber optic,No,No,Yes,Yes,No,Yes,Two year,0,Bank transfer (automatic),94.35,5563.65,0,0.3878041479723831,41.86419031204595,41.86419031204595,Q4
8189-XRIKE,Female,1,0,0,32,1,No,Fiber optic,No,No,No,No,Yes,Yes,Month-to-month,0,Electronic check,90.95,2897.95,0,10.967835183339707,41.841822291376666,41.841822291376666,Q4
6131-JLWZM,Female,0,0,0,13,1,No,No,No internet service,No internet service,No internet service,No internet service,No internet service,No internet service,Month-to-month,1,Mailed check,20.3,275.4,0,1.1586904370615594,41.826312087226185,41.826312087226185,Q4
3144-KMTWZ,Male,0,1,0,71,1,Yes,Fiber optic,No,Yes,Yes,No,No,Yes,Month-to-month,1,Bank transfer (automatic),93.25,6669.45,0,21.05797318750505,41.80580445008582,41.80580445008582,Q4
9881-VCZEP,Female,0,1,0,25,1,Yes,DSL,No,Yes,No,No,No,No,Month-to-month,0,Electronic check,54.1,1373.0,0,16.109427468709015,41.777293088332144,41.777293088332144,Q4
0848-ZGQIJ,Female,0,1,0,16,1,No,Fiber optic,No,Yes,No,No,Yes,Yes,Month-to-month,1,Bank transfer (automatic),94.65,1461.15,0,14.439780959953996,41.69860947781151,41.69860947781151,Q4
7469-LKBCI,Male,0,0,0,16,1,No,No,No internet service,No internet service,No internet service,No internet service,No internet service,No internet service,Two year,0,Credit card (automatic),18.95,326.8,0,3.203151620080788,41.68092949042335,41.68092949042335,Q4
1830-GGFNM,Male,0,1,1,65,1,Yes,Fiber optic,Yes,Yes,Yes,Yes,No,No,Two year,0,Credit card (automatic),94.55,6078.75,0,48.78347349913133,41.65041138933733,41.65041138933733,Q4
6551-GNYDG,Female,0,1,1,14,1,No,Fiber optic,No,No,No,No,No,Yes,Month-to-month,1,Bank transfer (automatic),80.9,1152.8,0,0.34168721461308005,41.629397809648204,41.629397809648204,Q4
9938-ZREHM,Female,0,1,0,37,1,Yes,DSL,No,Yes,No,Yes,No,Yes,One year,0,Mailed check,72.1,2658.4,0,14.461915672840565,41.61087395198489,41.61087395198489,Q4
1228-ZLNBX,Male,0,0,0,21,1,Yes,Fiber optic,No,No,No,No,No,No,Month-to-month,0,Mailed check,75.3,1570.7,0,41.9704698774286,41.61005040715062,41.61005040715062,Q4
9929-PLVPA,Female,0,0,1,4,1,No,No,No internet service,No internet service,No internet service,No internet service,No internet service,No internet service,Month-to-month,0,Credit card (automatic),20.4,94.5,0,3.834626225593228,41.58693171342258,41.58693171342258,Q4
4468-YDOVK,Male,0,0,1,5,1,No,DSL,No,No,No,Yes,No,No,Month-to-month,1,Bank transfer (automatic),48.65,235.2,0,33.09753115485653,41.54736339444774,41.54736339444774,Q4
7994-UYIVZ,Male,0,1,0,8,1,Yes,Fiber optic,No,No,No,No,No,Yes,Month-to-month,1,Bank transfer (automatic),85.65,659.45,0,0.3609055925606892,41.513709462809054,41.513709462809054,Q4
7526-IVLYU,Male,0,0,0,3,1,No,No,No internet service,No internet service,No internet service,No internet service,No internet service,No internet service,Month-to-month,1,Mailed check,19.65,68.35,0,33.69111103358422,41.501233780339966,41.501233780339966,Q4
2897-DOVND,Male,0,0,0,2,1,No,Fiber optic,No,No,No,No,No,No,Month-to-month,1,Electronic check,69.8,146.65,0,0.711810147047805,41.481335846875936,41.481335846875936,Q4
5590-ZSKRV,Female,0,1,1,8,1,No,DSL,Yes,Yes,No,No,No,No,Month-to-month,0,Mailed check,54.65,482.25,0,1.9804523597374348,41.45687577581918,41.45687577581918,Q4
6838-YAUVY,Female,0,0,0,54,1,Yes,Fiber optic,No,No,Yes,Yes,No,Yes,Two year,1,Bank transfer (automatic),95.1,5064.85,0,26.228345402305752,41.37248076189744,41.37248076189744,Q4
2786-GCDPI,Female,1,0,0,50,1,Yes,Fiber optic,No,No,Yes,Yes,Yes,Yes,Month-to-month,1,Electronic check,104.95,5222.35,0,57.60107213923615,41.30971837783118,41.30971837783118,Q4
8006-PYCSW,Female,0,0,0,2,1,No,No,No internet service,No internet service,No internet service,No internet service,No internet service,No internet service,Month-to-month,0,Mailed check,20.1,39.8,0,49.04553143158033,41.24748842870063,41.24748842870063,Q4
8242-PDSGJ,Male,0,1,0,70,0,No phone service,DSL,Yes,No,Yes,Yes,No,No,Two year,1,Credit card (automatic),39.15,2692.75,0,2.6574177515594606,41.19168990429111,41.19168990429111,Q4
7952-OBOYL,Male,0,0,0,3,1,No,Fiber optic,No,No,Yes,Yes,Yes,No,Month-to-month,1,Mailed check,89.85,244.45,0,18.51918886542787,41.05614912471779,41.14418688192442,Q4
6614-FHDBO,Male,0,0,0,72,1,Yes,Fiber optic,No,Yes,Yes,Yes,Yes,Yes,Two year,0,Bank transfer (automatic),109.2,7878.3,0,7.3365765614115315,41.139295348112995,41.139295348112995,Q4
6923-AQONU,Male,0,1,1,23,1,No,No,No internet service,No internet service,No internet service,No internet service,No internet service,No internet service,Two year,0,Mailed check,20.9,454.0,0,33.04307359538744,41.06950114046482,41.06950114046482,Q4
8065-BVEPF,Male,1,0,0,65,1,No,Fiber optic,No,Yes,Yes,No,Yes,Yes,Month-to-month,1,Bank transfer (automatic),99.1,6496.15,0,18.51918886542787,41.14418688192442,41.05614912471779,Q4
1982-FEBTD,Female,0,1,1,23,1,Yes,No,No internet service,No internet service,No internet service,No internet service,No internet service,No internet service,Two year,1,Credit card (automatic),25.6,514.75,0,11.022501175830165,41.01039502947386,41.01039502947386,Q4
2545-EBUPK,Female,1,0,0,2,1,Yes,Fiber optic,No,No,No,No,No,Yes,Month-to-month,1,Electronic check,84.05,186.05,0,5.0042793409331505,40.97321106795701,40.97321106795701,Q4
6265-FRMTQ,Male,0,0,0,31,1,No,No,No internet service,No internet service,No internet service,No internet service,No internet service,No internet service,Two year,0,Bank transfer (automatic),20.4,609.1,0,4.984642325559849,40.88676573999942,40.88676573999942,Q4
2931-FSOHN,Male,1,0,0,13,1,No,DSL,No,Yes,No,No,Yes,No,Month-to-month,1,Electronic check,59.9,788.35,0,36.60178744187202,40.8523529658188,40.8523529658188,Q4
0196-JTUQI,Female,0,0,0,9,1,Yes,Fiber optic,No,No,No,No,No,No,Month-to-month,1,Credit card (automatic),75.2,633.85,0,13.327075380351,40.85160770967007,40.85160770967007,Q4
9546-KDTRB,Female,0,0,0,19,1,Yes,No,No internet service,No internet service,No internet service,No internet service,No internet service,No internet service,Month-to-month,0,Bank transfer (automatic),24.7,465.85,0,21.83274870575353,40.83487518116014,40.83487518116014,Q4
5522-NYKPB,Male,0,1,1,25,1,No,Fiber optic,No,No,No,Yes,Yes,No,Month-to-month,0,Electronic check,85.9,2199.05,0,58.801134616897876,40.77226955559802,40.77226955559802,Q4
9774-NRNAU,Male,1,1,0,27,1,Yes,DSL,No,Yes,Yes,Yes,Yes,Yes,Month-to-month,1,Bank transfer (automatic),84.8,2309.55,0,1.7815799546867856,40.75235787074308,40.75235787074308,Q4
5575-TPIZQ,Male,0,0,0,46,1,Yes,Fiber optic,Yes,No,No,No,Yes,No,Month-to-month,1,Credit card (automatic),89.15,4245.55,0,25.64421150950169,40.7462796621368,40.7462796621368,Q4
9068-VPWQQ,Male,0,1,0,61,1,Yes,DSL,Yes,No,Yes,Yes,No,Yes,Two year,0,Credit card (automatic),75.35,4729.3,0,1.1725817861854706,40.733118472536994,40.733118472536994,Q4
9097-ZUBYC,Male,0,1,0,14,1,No,DSL,No,No,No,Yes,No,No,Month-to-month,0,Bank transfer (automatic),48.8,664.4,0,4.2637863593862475,40.731463157723816,40.731463157723816,Q4
2139-FQHLM,Male,0,0,0,19,1,No,Fiber optic,No,No,Yes,Yes,Yes,No,Month-to-month,0,Mailed check,89.95,1682.4,0,52.56459181668639,40.72704366733903,40.72704366733903,Q4
9488-FYQAU,Female,0,1,0,63,1,Yes,Fiber optic,No,Yes,Yes,Yes,Yes,Yes,Two year,1,Bank transfer (automatic),109.25,6841.4,0,9.487436630838305,40.705053746590565,40.705053746590565,Q4
5879-SESNB,Female,0,0,0,11,1,Yes,Fiber optic,No,No,No,No,No,No,Month-to-month,0,Electronic check,75.25,888.65,0,2.302599410440447,40.66333384055271,40.66333384055271,Q4
6481-LXPWL,Male,0,1,1,56,0,No phone service,DSL,No,Yes,Yes,No,No,No,One year,1,Credit card (automatic),36.1,1971.5,0,9.062002321046633,40.646630199837084,40.646630199837084,Q4
8234-GSZYK,Male,0,0,0,43,1,Yes,No,No internet service,No internet service,No internet service,No internet service,No internet service,No internet service,Two year,0,Bank transfer (automatic),26.45,1110.05,0,9.522786302530314,40.62855156439987,40.62855156439987,Q4
2234-EOFPT,Male,0,1,0,72,1,No,DSL,Yes,Yes,No,Yes,Yes,Yes,Two year,1,Bank transfer (automatic),79.35,5753.25,0,8.809012775361804,40.62549292455645,40.62549292455645,Q4
6986-IXNDM,Male,0,0,0,14,1,No,Fiber optic,No,No,No,No,Yes,Yes,Month-to-month,1,Electronic check,92.9,1337.45,0,25.786662795007565,40.6203248497107,40.6203248497107,Q4
9938-PRCVK,Female,0,1,1,41,1,No,No,No internet service,No internet service,No internet service,No internet service,No internet service,No internet service,Two year,0,Bank transfer (automatic),19.7,804.25,0,0.32790567875345744,40.62018448941417,40.62018448941417,Q4
3946-JEWRQ,Male,0,1,0,47,1,Yes,Fiber optic,No,No,No,No,Yes,Yes,One year,1,Credit card (automatic),95.2,4563.0,0,27.004967453476493,40.619895745320335,40.619895745320335,Q4
3780-DDGSE,Male,1,1,1,35,1,No,DSL,No,Yes,No,Yes,Yes,Yes,Month-to-month,1,Electronic check,76.05,2747.2,0,69.94519869603148,40.558051876866706,40.558051876866706,Q4
9681-KYGYB,Male,1,1,0,49,1,Yes,Fiber optic,Yes,Yes,Yes,No,No,No,Month-to-month,1,Electronic check,88.2,4159.45,0,8.437792935383245,40.55024667528021,40.55024667528021,Q4
5066-GFJMM,Female,0,1,0,3,1,No,No,No internet service,No internet service,No internet service,No internet service,No internet service,No internet service,Month-to-month,1,Mailed check,19.9,45.75,0,9.433231529490618,40.4655358942868,40.4655358942868,Q4
8792-AOROI,Female,0,1,0,8,1,No,DSL,Yes,No,No,Yes,No,Yes,Two year,0,Mailed check,65.5,564.35,0,10.334646236375598,40.43277814539484,40.43277814539484,Q4
4737-AQCPU,Male,0,1,1,72,1,Yes,DSL,Yes,Yes,Yes,Yes,No,No,Two year,0,Credit card (automatic),72.1,5016.65,0,7.379387089239183,40.38413748697204,40.38413748697204,Q4
2468-SJFLM,Male,0,0,0,1,1,No,Fiber optic,No,No,No,Yes,No,No,Month-to-month,1,Mailed check,74.3,74.3,0,63.55654454008381,40.37688223921725,40.37688223921725,Q4
7852-LECYP,Male,1,1,0,13,1,Yes,Fiber optic,Yes,Yes,No,No,No,Yes,Month-to-month,0,Credit card (automatic),93.8,1261.0,0,33.50470557752204,40.29193124336072,40.29193124336072,Q4
3162-KKZXO,Female,1,0,0,55,1,Yes,Fiber optic,No,No,Yes,No,Yes,Yes,One year,1,Electronic check,100.15,5409.75,0,0.28404864857775153,40.23887432976741,40.23887432976741,Q4
3847-BAERP,Female,0,0,0,10,1,No,No,No internet service,No internet service,No internet service,No internet service,No internet service,No internet service,Month-to-month,1,Mailed check,20.9,247.0,0,24.720121888878904,40.17680208040111,40.17680208040111,Q4
9944-AEXBM,Male,0,0,0,32,1,Yes,Fiber optic,No,No,No,No,No,Yes,Month-to-month,1,Bank transfer (automatic),85.65,2664.3,0,17.087641991638385,40.07220850243994,40.07220850243994,Q4
8336-TAVKX,Female,1,1,0,72,1,Yes,DSL,Yes,Yes,Yes,Yes,No,Yes,Two year,0,Bank transfer (automatic),78.45,5682.25,0,18.380207237092847,40.045716456629954,40.045716456629954,Q4
9173-IVZVP,Female,0,1,1,53,1,No,No,No internet service,No internet service,No internet service,No internet service,No internet service,No internet service,Two year,0,Mailed check,20.9,1146.05,0,0.8993691558738572,40.04289518038826,40.04289518038826,Q4
5249-QYHEX,Female,0,1,1,40,1,Yes,No,No internet service,No internet service,No internet service,No internet service,No internet service,No internet service,Two year,1,Mailed check,24.8,1024.7,0,23.44631007988594,40.026994733210806,40.026994733210806,Q4
0531-XBKMM,Male,0,0,1,66,1,Yes,DSL,Yes,Yes,No,Yes,No,No,Two year,0,Bank transfer (automatic),65.7,4378.9,0,7.508176884753887,39.99493036339018,39.99493036339018,Q4
2754-SDJRD,Female,1,0,0,8,1,Yes,Fiber optic,No,No,No,Yes,Yes,Yes,Month-to-month,1,Credit card (automatic),100.15,908.55,0,7.0871050522871055,39.970856796343746,39.970856796343746,Q4
5696-JVVQY,Female,0,1,1,48,1,No,DSL,Yes,Yes,Yes,No,No,Yes,Two year,1,Credit card (automatic),70.1,3238.4,0,16.64073314388732,39.938541899882885,39.938541899882885,Q4
3292-PBZEJ,Male,1,0,0,11,1,Yes,Fiber optic,No,Yes,Yes,Yes,Yes,Yes,Month-to-month,1,Electronic check,111.4,1183.05,0,7.080153953039095,39.79604432127285,39.79604432127285,Q4
0221-WMXNQ,Male,1,0,0,4,1,No,Fiber optic,Yes,No,No,No,No,No,Month-to-month,0,Electronic check,75.35,273.4,0,5.242366335792235,39.780754651956215,39.780754651956215,Q4
6778-JFCMK,Male,0,0,0,24,0,No phone service,DSL,Yes,No,No,No,Yes,Yes,One year,1,Mailed check,50.6,1288.75,0,47.69302162328561,39.77453055139792,39.77453055139792,Q4
1661-CZBAU,Male,0,0,0,48,1,Yes,DSL,Yes,No,No,Yes,No,Yes,One year,1,Bank transfer (automatic),70.95,3629.2,0,42.212925447910116,39.76389900441626,39.76389900441626,Q4
3022-BEXHZ,Male,0,1,1,67,1,Yes,Fiber optic,No,Yes,Yes,Yes,Yes,Yes,Two year,1,Bank transfer (automatic),111.2,7530.8,0,18.644156772923782,39.69247818004858,39.69247818004858,Q4
1304-BCCFO,Male,0,1,0,9,1,No,DSL,No,No,Yes,No,Yes,Yes,Month-to-month,1,Mailed check,70.05,564.4,0,51.28891426518012,39.657869442861376,39.657869442861376,Q4
7963-SHNDT,Female,0,0,0,52,0,No phone service,DSL,Yes,Yes,No,Yes,No,No,Two year,0,Mailed check,39.1,1982.1,0,7.869158640718732,39.60998545185256,39.60998545185256,Q4
8430-TWCBX,Female,0,1,0,49,1,No,No,No internet service,No internet service,No internet service,No internet service,No internet service,No internet service,One year,0,Credit card (automatic),20.7,1032.05,0,60.7949464429658,39.59315919573474,39.59315919573474,Q4
3486-KHMLI,Male,0,0,1,21,1,Yes,No,No internet service,No internet service,No internet service,No internet service,No internet service,No internet service,Month-to-month,0,Mailed check,24.7,467.15,0,10.973843272860853,39.58525372338297,39.58525372338297,Q4
5018-LXQQG,Female,0,1,1,30,1,No,DSL,Yes,No,No,Yes,No,Yes,Month-to-month,0,Bank transfer (automatic),66.3,1923.5,0,6.105111085670613,39.52278958940514,39.52278958940514,Q4
3258-SANFR,Male,1,0,0,6,1,No,DSL,No,No,No,No,No,No,Month-to-month,0,Credit card (automatic),44.7,276.5,0,38.19381158126327,39.49200637610668,39.49200637610668,Q4
2616-FLVQC,Male,0,0,0,64,1,No,No,No internet service,No internet service,No internet service,No internet service,No internet service,No internet service,Two year,0,Mailed check,19.55,1240.15,0,30.34476498105353,39.48510585942808,39.48510585942808,Q4
7382-DFJTU,Male,0,0,0,18,1,No,DSL,No,No,Yes,Yes,No,No,Month-to-month,0,Credit card (automatic),55.2,1058.1,0,18.262942858805424,39.46902611526376,39.46902611526376,Q4
8338-QIUNR,Male,0,1,1,72,1,Yes,DSL,Yes,No,Yes,Yes,No,No,Two year,1,Credit card (automatic),66.5,4811.6,0,8.699784152194207,39.4526916632074,39.4526916632074,Q4
0754-EEBDC,Male,0,1,1,4,1,No,No,No internet service,No internet service,No internet service,No internet service,No internet service,No internet service,Two year,0,Mailed check,19.9,76.65,0,48.419800972510366,39.39885085065081,39.39885085065081,Q4
2920-RNCEZ,Male,0,1,1,1,1,No,Fiber optic,No,No,No,No,No,No,Month-to-month,1,Credit card (automatic),69.95,69.95,0,9.57795899142494,39.365871541808275,39.365871541808275,Q4
0374-IOEGQ,Female,0,0,0,3,1,No,DSL,No,No,No,No,No,No,Month-to-month,0,Electronic check,44.6,122.7,0,29.67199060987876,39.35019046105436,39.35019046105436,Q4
3363-DTIVD,Male,0,1,1,71,1,Yes,Fiber optic,Yes,No,Yes,No,Yes,Yes,Two year,0,Electronic check,105.55,7405.5,0,17.938862631029135,39.345589123041414,39.345589123041414,Q4
8417-GSODA,Male,0,1,1,28,1,Yes,Fiber optic,No,No,No,No,Yes,Yes,One year,0,Bank transfer (automatic),92.2,2568.15,0,8.229213397360793,39.30402865250871,39.30402865250871,Q4
7181-OQCUT,Male,0,0,0,21,1,Yes,Fiber optic,Yes,No,Yes,No,Yes,Yes,Month-to-month,0,Mailed check,103.85,2215.0,0,1.7088738023525223,39.291091631927614,39.291091631927614,Q4
8720-RQSBJ,Male,1,0,0,1,1,No,DSL,No,No,No,No,No,No,Month-to-month,0,Electronic check,44.0,44.0,0,49.59492046830014,39.28076778310704,39.28076778310704,Q4
8868-GAGIO,Male,0,1,0,45,1,Yes,Fiber optic,Yes,No,Yes,No,No,No,Month-to-month,1,Mailed check,84.55,3713.95,0,8.611963217932535,39.26191438818455,39.26191438818455,Q4
5740-YHGTW,Male,0,1,1,70,1,Yes,Fiber optic,Yes,Yes,No,No,Yes,No,Month-to-month,1,Credit card (automatic),97.55,6669.05,0,60.97573345770556,39.26188098511648,39.26188098511648,Q4
7677-SJJJK,Male,0,1,1,8,1,No,No,No internet service,No internet service,No internet service,No internet service,No internet service,No internet service,One year,0,Credit card (automatic),19.9,153.95,0,8.355642788415205,39.258781805193564,39.258781805193564,Q4
8022-BECSI,Male,0,0,0,22,1,No,No,No internet service,No internet service,No internet service,No internet service,No internet service,No internet service,One year,0,Mailed check,19.6,422.5,0,13.578261107660467,39.201570983612136,39.201570983612136,Q4
8896-RAZCR,Female,0,0,1,44,1,No,No,No internet service,No internet service,No internet service,No internet service,No internet service,No internet service,Two year,0,Mailed check,19.9,868.1,0,59.9658980643852,39.20092538566758,39.20092538566758,Q4
6857-TKDJV,Male,0,1,1,67,1,Yes,No,No internet service,No internet service,No internet service,No internet service,No internet service,No internet service,Two year,0,Bank transfer (automatic),24.65,1620.45,0,66.11799463371803,39.16831323485826,39.16831323485826,Q4
4062-HBMOS,Male,0,0,0,52,1,Yes,Fiber optic,No,Yes,Yes,No,Yes,Yes,Month-to-month,1,Electronic check,103.05,5364.8,0,1.7727029889896189,39.12188043831299,39.12188043831299,Q4
5954-BDFSG,Female,0,0,0,72,1,Yes,Fiber optic,No,No,Yes,Yes,Yes,Yes,Two year,1,Credit card (automatic),107.5,7853.7,0,45.424492104607516,39.06558644743871,39.06558644743871,Q4
3915-ODIYG,Male,1,0,0,60,1,Yes,DSL,Yes,Yes,No,No,No,Yes,One year,1,Electronic check,71.75,4374.55,0,15.0728120233878,39.046451840420424,39.046451840420424,Q4
7426-WEIJX,Male,1,1,1,60,1,Yes,Fiber optic,Yes,No,No,No,No,No,Month-to-month,1,Electronic check,80.95,4859.1,0,55.87511817213595,39.02226446193255,39.02226446193255,Q4
4884-TVUQF,Female,1,0,0,57,1,Yes,Fiber optic,Yes,No,Yes,Yes,No,Yes,Two year,0,Credit card (automatic),101.3,5779.6,0,37.95145491369213,39.018679917936225,39.018679917936225,Q4
9092-GDZKO,Male,0,0,0,22,1,Yes,No,No internet service,No internet service,No internet service,No internet service,No internet service,No internet service,Month-to-month,1,Credit card (automatic),24.85,493.4,0,4.013158163345774,39.01055234015901,39.01055234015901,Q4
0277-BKSQP,Male,0,1,1,8,1,No,DSL,No,No,No,No,Yes,No,Month-to-month,1,Electronic check,54.4,475.1,0,5.695898907357152,39.001937236163705,39.001937236163705,Q4
5170-PTRKA,Female,0,1,1,49,0,No phone service,DSL,Yes,No,No,Yes,No,No,One year,1,Credit card (automatic),35.8,1782.0,0,7.050831486293798,38.96570729274753,38.96570729274753,Q4
1852-QSWCD,Male,0,1,1,64,1,Yes,No,No internet service,No internet service,No internet service,No internet service,No internet service,No internet service,Two year,1,Mailed check,24.8,1514.85,0,34.71158416006489,38.95769227048967,38.95769227048967,Q4
4999-IEZLT,Male,0,0,0,66,0,No phone service,DSL,No,No,No,Yes,No,No,One year,0,Credit card (automatic),29.45,1983.15,0,28.320909425221334,38.934242642993084,38.934242642993084,Q4
0793-TWELN,Female,0,0,0,4,1,Yes,Fiber optic,Yes,No,No,No,No,No,Month-to-month,1,Electronic check,80.15,319.85,0,35.11216867641416,38.91145385135143,38.91145385135143,Q4
7742-MYPGI,Female,0,1,1,6,1,No,DSL,No,No,No,Yes,No,No,Month-to-month,1,Mailed check,48.8,297.35,0,1.5566970028289102,38.87044265858126,38.87044265858126,Q4
9386-LDCZR,Male,0,0,0,43,1,No,Fiber optic,Yes,Yes,Yes,Yes,No,No,One year,1,Credit card (automatic),90.65,3882.3,0,71.5373131748154,38.864482268204654,38.864482268204654,Q4
0975-UYDTX,Female,0,1,0,26,1,Yes,DSL,Yes,Yes,Yes,Yes,Yes,Yes,One year,1,Credit card (automatic),90.1,2312.55,0,74.3866263351489,38.808624288222966,38.808624288222966,Q4
7274-CGTOD,Male,0,0,0,62,0,No phone service,DSL,Yes,Yes,Yes,Yes,No,No,Two year,1,Bank transfer (automatic),43.7,2618.3,0,0.5739315688383494,38.80221995647433,38.80221995647433,Q4
6341-AEVKX,Female,0,1,0,62,1,No,Fiber optic,Yes,No,Yes,Yes,Yes,Yes,One year,1,Electronic check,104.3,6613.65,0,1.3106212641886135,38.79165248265777,38.79165248265777,Q4
8628-MFKAX,Female,1,1,0,72,1,Yes,Fiber optic,Yes,Yes,Yes,Yes,Yes,Yes,Two year,1,Credit card (automatic),116.75,8277.05,0,1.029946583995038,38.768180654582345,38.768180654582345,Q4
1834-WULEG,Male,0,1,1,24,1,No,No,No internet service,No internet service,No internet service,No internet service,No internet service,No internet service,One year,0,Mailed check,20.25,439.75,0,60.193557670595176,38.76564218953725,38.76564218953725,Q4
2007-QVGAW,Female,0,1,1,68,1,No,No,No internet service,No internet service,No internet service,No internet service,No internet service,No internet service,Two year,1,Bank transfer (automatic),19.35,1292.65,0,0.5714953367785703,38.75314290039956,38.75314290039956,Q4
7392-YYPYJ,Male,0,0,0,22,1,Yes,Fiber optic,No,Yes,No,No,Yes,Yes,Month-to-month,1,Electronic check,100.65,2415.95,0,29.11947435610219,38.73350483985024,38.73350483985024,Q4
9350-ZXYJC,Female,0,0,0,4,1,Yes,No,No internet service,No internet service,No internet service,No internet service,No internet service,No internet service,Two year,1,Credit card (automatic),25.3,116.95,0,13.497088595666124,38.71384156767328,38.71384156767328,Q4
6007-TCTST,Female,0,1,1,72,1,Yes,Fiber optic,Yes,Yes,Yes,Yes,Yes,Yes,Two year,1,Bank transfer (automatic),115.8,8476.5,0,12.823816176271121,38.67964911599994,38.67964911599994,Q4
0191-EQUUH,Female,0,0,1,25,0,No phone service,DSL,Yes,No,No,Yes,No,No,Two year,0,Bank transfer (automatic),35.05,844.45,0,1.2163403318407129,38.6140730344677,38.6140730344677,Q4
1498-DQNRX,Female,0,1,0,29,1,No,No,No internet service,No internet service,No internet service,No internet service,No internet service,No internet service,Month-to-month,0,Mailed check,19.85,573.05,0,5.628808032702977,38.60649563708591,38.60649563708591,Q4
6258-PVZWJ,Male,0,1,0,68,1,Yes,DSL,Yes,Yes,Yes,Yes,Yes,Yes,Two year,1,Credit card (automatic),90.8,6302.85,0,17.781330142438218,38.58145274140995,38.58145274140995,Q4
9053-EJUNL,Male,0,0,0,41,1,Yes,Fiber optic,No,Yes,No,No,Yes,No,Month-to-month,1,Electronic check,89.2,3645.75,0,7.776756240158797,38.56214437304973,38.56214437304973,Q4
1335-MXCSE,Male,0,1,1,55,1,No,DSL,No,No,Yes,Yes,No,No,Two year,1,Credit card (automatic),55.25,3119.9,0,16.360129937348717,38.560244266438595,38.560244266438595,Q4
7208-PSIHR,Female,0,1,0,70,1,Yes,Fiber optic,No,No,Yes,Yes,Yes,Yes,Two year,1,Bank transfer (automatic),104.3,7188.5,0,21.729236171670898,38.52638208193899,38.52638208193899,Q4
3569-VLDHH,Male,0,1,1,66,1,No,DSL,Yes,Yes,Yes,Yes,Yes,No,One year,1,Electronic check,75.1,5013.0,0,23.292415902470147,38.471442243101286,38.471442243101286,Q4
4697-LUPSU,Male,0,1,1,2,1,No,No,No internet service,No internet service,No internet service,No internet service,No internet service,No internet service,One year,0,Mailed check,20.2,34.75,0,38.56214437304973,38.46915795890572,38.46915795890572,Q4
2277-BKJKN,Female,1,1,0,71,1,No,Fiber optic,No,Yes,Yes,No,Yes,Yes,Two year,1,Electronic check,99.2,7213.75,0,3.8724091863008048,38.41662437732546,38.41662437732546,Q4
4636-TVXVG,Male,0,1,1,62,1,No,No,No internet service,No internet service,No internet service,No internet service,No internet service,No internet service,One year,0,Bank transfer (automatic),19.95,1244.8,0,5.56410470915244,38.32401540833158,38.32401540833158,Q4
2499-AJYUA,Female,1,1,0,72,1,Yes,Fiber optic,No,Yes,Yes,Yes,Yes,Yes,Two year,1,Credit card (automatic),110.8,7882.25,0,28.6676169722395,38.24918920959088,38.24918920959088,Q4
6161-ERDGD,Male,0,1,1,71,1,Yes,DSL,Yes,No,Yes,Yes,Yes,Yes,One year,0,Electronic check,85.45,6300.85,0,44.87465711414845,38.2441996231215,38.2441996231215,Q4
0082-OQIQY,Male,0,0,0,29,1,No,Fiber optic,No,No,No,Yes,Yes,Yes,Month-to-month,1,Electronic check,94.2,2607.6,0,13.422362665153976,38.243070517402266,38.243070517402266,Q4
9481-WHGWY,Female,0,1,1,70,1,No,DSL,Yes,No,No,Yes,Yes,Yes,Two year,0,Credit card (automatic),75.35,5437.75,0,1.3359917545337632,38.23736854259218,38.23736854259218,Q4
5600-KTXFM,Male,0,1,1,2,1,No,Fiber optic,No,No,No,No,No,No,Month-to-month,0,Mailed check,69.95,143.9,0,30.02883698333051,38.22418870112207,38.22418870112207,Q4
2338-BQEZT,Female,0,0,0,55,1,No,DSL,Yes,No,No,No,No,No,Month-to-month,1,Credit card (automatic),50.55,2832.75,0,13.03161209863098,38.22031462984246,38.22031462984246,Q4
9443-JUBUO,Male,0,1,1,72,0,No phone service,DSL,Yes,Yes,Yes,Yes,Yes,Yes,Two year,1,Credit card (automatic),65.25,4478.85,0,34.780860621119615,38.19381158126327,38.19381158126327,Q4
9691-HKOVS,Female,0,1,0,55,1,Yes,DSL,Yes,Yes,Yes,Yes,Yes,Yes,One year,1,Electronic check,90.15,4916.95,0,3.5007496286115334,38.12590450908056,38.12590450908056,Q4
8535-SFUTN,Male,0,0,0,61,1,Yes,Fiber optic,Yes,No,Yes,No,Yes,Yes,Month-to-month,1,Electronic check,106.45,6300.15,0,42.93547923441232,38.120026053434515,38.120026053434515,Q4
8661-BOYNW,Female,0,1,0,72,1,Yes,DSL,Yes,No,Yes,Yes,Yes,Yes,Two year,1,Credit card (automatic),84.4,6096.45,0,8.067966286997903,38.113048612697895,38.113048612697895,Q4
2729-VNVAP,Female,0,1,1,33,1,No,No,No internet service,No internet service,No internet service,No internet service,No internet service,No internet service,Two year,0,Credit card (automatic),19.8,641.35,0,40.733118472536994,38.08016085587473,38.08016085587473,Q4
8237-ULIXL,Female,0,1,0,72,1,Yes,No,No internet service,No internet service,No internet service,No internet service,No internet service,No internet service,Two year,0,Credit card (automatic),24.85,1871.85,0,31.635666889817504,38.03484567251997,38.03484567251997,Q4
8717-VCTXJ,Male,0,0,0,42,1,No,No,No internet service,No internet service,No internet service,No internet service,No internet service,No internet service,One year,1,Mailed check,19.55,839.4,0,0.28000773479130636,38.02273533224366,38.02273533224366,Q4
2450-ZKEED,Female,0,0,0,11,1,No,DSL,No,No,Yes,Yes,No,No,One year,0,Bank transfer (automatic),53.8,651.55,0,6.9301199751133025,38.02212724402948,38.02212724402948,Q4
8738-JOKAR,Female,0,0,0,42,1,No,DSL,Yes,Yes,No,Yes,No,Yes,One year,1,Mailed check,67.7,2882.25,0,5.552269939091339,37.95145491369213,37.95145491369213,Q4
7567-ECMCM,Male,0,0,0,24,1,No,Fiber optic,No,No,No,No,No,Yes,Month-to-month,1,Credit card (automatic),79.85,2001.0,0,29.045267285179797,37.95065384058177,37.95065384058177,Q4
5730-RIITO,Female,1,0,0,43,0,No phone service,DSL,Yes,Yes,No,No,No,No,Month-to-month,1,Credit card (automatic),33.45,1500.25,0,18.327402068083337,37.94849731014994,37.94849731014994,Q4
5222-JCXZT,Male,0,0,0,4,1,No,No,No internet service,No internet service,No internet service,No internet service,No internet service,No internet service,Month-to-month,0,Mailed check,19.0,78.9,0,0.9338956749910816,37.90301117652288,37.90301117652288,Q4
0410-IPFTY,Female,0,1,0,31,1,No,Fiber optic,No,Yes,No,No,No,Yes,Month-to-month,1,Bank transfer (automatic),83.85,2674.15,0,49.25900254866576,37.88169000612773,37.88169000612773,Q4
3594-KADLU,Male,0,1,0,3,0,No phone service,DSL,Yes,No,No,Yes,No,No,Month-to-month,0,Mailed check,35.1,101.1,0,48.69993771750462,37.841534633536256,37.841534633536256,Q4
8777-PVYGU,Female,0,1,0,52,1,No,DSL,Yes,No,Yes,No,Yes,No,One year,1,Mailed check,64.3,3410.6,0,26.600126825199588,37.835423989806536,37.835423989806536,Q4
5453-YBTWV,Male,0,1,1,70,1,No,Fiber optic,Yes,Yes,Yes,Yes,Yes,No,Two year,1,Credit card (automatic),101.1,6994.8,0,2.167474631704264,37.834177372648504,37.834177372648504,Q4
0013-SMEOE,Female,1,1,0,71,1,No,Fiber optic,Yes,Yes,Yes,Yes,Yes,Yes,Two year,1,Bank transfer (automatic),109.7,7904.25,0,2.4159496513522947,37.74531279196346,37.74531279196346,Q4
4396-KLSEH,Male,0,0,0,4,1,No,No,No internet service,No internet service,No internet service,No internet service,No internet service,No internet service,Month-to-month,1,Electronic check,19.85,63.0,0,38.934242642993084,37.74470581136789,37.74470581136789,Q4
8404-VIOMB,Female,0,0,0,66,0,No phone service,DSL,Yes,Yes,Yes,Yes,Yes,Yes,Two year,1,Bank transfer (automatic),62.5,4136.4,0,65.93521275376725,37.7026595158246,37.7026595158246,Q4
8003-EWNDZ,Female,0,0,0,10,1,No,No,No internet service,No internet service,No internet service,No internet service,No internet service,No internet service,Month-to-month,1,Electronic check,21.2,222.65,0,10.124936105482021,37.65378661151652,37.65378661151652,Q4
2720-FVBQP,Female,0,1,1,6,1,Yes,DSL,No,No,No,No,No,No,Month-to-month,1,Credit card (automatic),48.95,273.25,0,1.721182090820763,37.650103087674594,37.650103087674594,Q4
0129-QMPDR,Male,0,1,1,44,1,No,No,No internet service,No internet service,No internet service,No internet service,No internet service,No internet service,One year,1,Bank transfer (automatic),20.5,865.05,0,9.080923928623355,37.645660289005235,37.645660289005235,Q4
5939-SXWHM,Male,0,1,1,48,1,Yes,No,No internet service,No internet service,No internet service,No internet service,No internet service,No internet service,Two year,0,Bank transfer (automatic),26.3,1245.05,0,1.8293918847969195,37.638244046561745,37.638244046561745,Q4
9688-YGXVR,Female,0,0,0,44,1,No,Fiber optic,No,Yes,Yes,No,Yes,No,Month-to-month,1,Credit card (automatic),88.15,3973.2,0,0.31822694948921565,37.60262436724094,37.60262436724094,Q4
9894-QMIMJ,Female,0,0,0,23,1,No,DSL,No,Yes,Yes,No,No,No,One year,0,Bank transfer (automatic),55.8,1327.85,0,39.26191438818455,37.55849213231161,37.55849213231161,Q4
3785-KTYSH,Male,0,0,0,53,1,Yes,No,No internet service,No internet service,No internet service,No internet service,No internet service,No internet service,Two year,0,Mailed check,24.6,1279.0,0,1.7679655839206894,37.50881769681612,37.50881769681612,Q4
5519-TEEUH,Male,0,0,1,33,1,No,No,No internet service,No internet service,No internet service,No internet service,No internet service,No internet service,One year,1,Mailed check,20.15,682.15,0,4.167146221203282,37.500058479231456,37.500058479231456,Q4
1414-YADCW,Male,0,1,0,70,1,No,Fiber optic,Yes,Yes,No,Yes,No,No,Two year,0,Bank transfer (automatic),84.6,5706.2,0,2.930303604870035,37.42851396799553,37.42851396799553,Q4
4119-ZYPZY,Male,1,0,0,71,1,Yes,Fiber optic,No,Yes,No,Yes,Yes,Yes,Two year,1,Electronic check,106.8,7623.2,0,59.244977696957044,37.41958846474675,37.41958846474675,Q4
5995-LFTLE,Male,0,0,0,58,1,Yes,No,No internet service,No internet service,No internet service,No internet service,No internet service,No internet service,Two year,1,Credit card (automatic),25.3,1474.35,0,7.107683832692972,37.3755987724601,37.3755987724601,Q4
0670-KDOMA,Female,0,0,0,1,1,No,No,No internet service,No internet service,No internet service,No internet service,No internet service,No internet service,Month-to-month,1,Mailed check,20.25,20.25,0,33.0050129078745,37.33189722021635,37.33189722021635,Q4
1544-JJMYL,Male,0,0,0,27,1,No,DSL,Yes,No,Yes,Yes,Yes,No,One year,0,Credit card (automatic),69.35,1927.3,0,3.059287405649368,37.310455864348455,37.310455864348455,Q4
6217-TOWGS,Female,0,1,0,17,1,Yes,DSL,No,Yes,No,No,Yes,Yes,Month-to-month,1,Bank transfer (automatic),75.4,1322.55,0,6.536149331437308,37.30309216585443,37.30309216585443,Q4
9084-OAYKL,Male,0,0,0,58,1,No,No,No internet service,No internet service,No internet service,No internet service,No internet service,No internet service,Two year,0,Mailed check,20.8,1212.25,0,0.7245924649109531,37.264077081895564,37.264077081895564,Q4
1895-QTKDO,Female,0,0,0,1,1,No,DSL,No,No,No,No,No,No,Month-to-month,0,Credit card (automatic),43.95,43.95,0,9.06138975749962,37.24775844724238,37.24775844724238,Q4
3779-OSWCF,Female,0,1,0,71,1,Yes,DSL,Yes,Yes,Yes,Yes,Yes,Yes,Two year,0,Credit card (automatic),93.2,6506.15,0,55.55457027631472,37.22941920807846,37.22941920807846,Q4
1241-FPMOF,Male,0,0,0,52,1,No,No,No internet service,No internet service,No internet service,No internet service,No internet service,No internet service,Two year,0,Mailed check,19.65,1025.05,0,9.251368604887036,37.15295138143517,37.15295138143517,Q4
5393-HJZSM,Female,0,1,1,32,1,No,DSL,Yes,Yes,Yes,Yes,No,Yes,Month-to-month,0,Bank transfer (automatic),76.3,2404.15,0,0.6005472618535,37.09807711977149,37.09807711977149,Q4
4039-PIMHX,Male,1,1,0,49,1,No,DSL,No,Yes,No,No,No,No,Two year,0,Mailed check,49.8,2398.4,0,3.302759101170095,37.088278640564795,37.088278640564795,Q4
0549-CYCQN,Male,1,0,0,51,1,Yes,Fiber optic,No,Yes,No,No,No,No,One year,1,Bank transfer (automatic),79.6,3974.7,0,37.94849731014994,37.07245851033453,37.07245851033453,Q4
7356-AYNJP,Female,0,0,0,4,1,Yes,No,No internet service,No internet service,No internet service,No internet service,No internet service,No internet service,One year,0,Electronic check,23.9,97.5,0,24.261086422358936,37.06495635092521,37.06495635092521,Q4
9277-JOOMO,Female,0,0,0,3,1,Yes,No,No internet service,No internet service,No internet service,No internet service,No internet service,No internet service,Month-to-month,0,Mailed check,24.6,86.35,0,4.083075184630611,37.04195578000379,37.04195578000379,Q4
7182-OVLBJ,Female,0,1,1,62,1,Yes,Fiber optic,Yes,No,No,No,Yes,Yes,Two year,1,Bank transfer (automatic),101.15,6638.35,0,1.9132223576826508,37.024523379198904,37.024523379198904,Q4
4443-EMBNA,Female,0,1,0,71,1,Yes,No,No internet service,No internet service,No internet service,No internet service,No internet service,No internet service,Two year,0,Bank transfer (automatic),24.75,1836.9,0,8.962715699519704,37.02058326768779,37.02058326768779,Q4
8402-EIVQS,Male,0,1,0,67,1,No,Fiber optic,Yes,Yes,No,No,Yes,Yes,One year,1,Credit card (automatic),100.9,6733.15,0,2.6334521371972,36.96473937731385,36.96473937731385,Q4
3639-XJHKQ,Female,0,0,1,19,1,No,DSL,Yes,Yes,Yes,No,No,No,Month-to-month,1,Electronic check,60.6,1297.8,0,0.757677785601317,36.94808872290648,36.94808872290648,Q4
8387-UGUSU,Female,0,1,1,15,1,No,No,No internet service,No internet service,No internet service,No internet service,No internet service,No internet service,Month-to-month,0,Mailed check,20.05,284.3,0,66.20797213064209,36.90852225511125,36.90852225511125,Q4
3003-CMDUU,Female,0,1,0,25,1,No,Fiber optic,No,No,No,Yes,Yes,Yes,Month-to-month,1,Electronic check,95.15,2395.7,0,4.875075489374532,36.90206041465501,36.90206041465501,Q4
4430-YHXGG,Female,0,0,1,4,1,Yes,No,No internet service,No internet service,No internet service,No internet service,No internet service,No internet service,Month-to-month,1,Mailed check,25.45,84.2,0,30.24976631148652,36.80040333046818,36.80040333046818,Q4
1658-TJVOA,Female,1,0,0,6,1,No,Fiber optic,Yes,No,No,No,No,No,Month-to-month,1,Electronic check,74.1,450.9,0,0.3269565420758104,36.785025355227944,36.785025355227944,Q4
1135-HIORI,Female,0,1,1,64,1,Yes,Fiber optic,No,Yes,Yes,Yes,Yes,Yes,One year,1,Electronic check,111.45,7266.95,0,49.65893629497645,36.71288564707987,36.71288564707987,Q4
3055-VTCGS,Female,0,0,0,63,1,No,DSL,No,No,Yes,No,No,Yes,One year,0,Credit card (automatic),58.55,3503.5,0,1.3262708994443249,36.688238390558865,36.688238390558865,Q4
8705-DWKTI,Male,0,0,0,52,1,No,Fiber optic,No,No,Yes,No,No,Yes,Month-to-month,1,Credit card (automatic),83.8,4331.4,0,20.61420075181144,36.66339188215907,36.66339188215907,Q4
4718-WXBGI,Male,0,1,1,72,1,Yes,DSL,Yes,Yes,Yes,Yes,Yes,Yes,Two year,1,Credit card (automatic),91.95,6614.9,0,46.87449293295969,36.60178744187202,36.60178744187202,Q4
2824-MYYBN,Female,0,1,1,37,1,Yes,Fiber optic,No,No,No,No,Yes,Yes,Month-to-month,1,Electronic check,95.25,3314.15,0,6.814489146538477,36.58085896248333,36.58085896248333,Q4
9581-GVBXT,Male,0,1,1,59,0,No phone service,DSL,Yes,No,Yes,No,No,No,One year,0,Mailed check,34.8,1980.3,0,47.358359028696576,36.56956278629499,36.56956278629499,Q4
7216-KAOID,Male,0,1,1,41,1,No,No,No internet service,No internet service,No internet service,No internet service,No internet service,No internet service,One year,0,Bank transfer (automatic),19.5,798.2,0,9.638900628635023,36.53222688606244,36.53222688606244,Q4
5445-GLVOT,Female,0,0,0,22,1,No,DSL,Yes,No,No,No,No,No,Month-to-month,1,Electronic check,49.8,1049.05,0,1.5660796377418393,36.50484956251215,36.50484956251215,Q4
3429-IFLEM,Female,0,0,0,71,1,No,DSL,Yes,Yes,Yes,Yes,Yes,No,Two year,0,Credit card (automatic),77.35,5550.1,0,36.20951514923939,36.49768271238424,36.49768271238424,Q4
5397-TUPSH,Male,1,1,0,65,1,No,Fiber optic,No,No,No,No,No,No,One year,1,Bank transfer (automatic),70.95,4555.2,0,2.6480553271352716,36.49033364077185,36.49033364077185,Q4
0274-JKUJR,Male,0,1,1,7,0,No phone service,DSL,Yes,Yes,Yes,No,Yes,Yes,Month-to-month,0,Mailed check,58.85,465.7,0,1.9531532732738717,36.442932341932355,36.442932341932355,Q4
8161-QYMTT,Male,0,0,0,7,1,Yes,Fiber optic,No,No,No,No,Yes,Yes,Month-to-month,1,Electronic check,94.1,701.3,0,3.075324389707425,36.363170304552916,36.363170304552916,Q4
4393-RYCRE,Male,0,0,0,44,1,No,Fiber optic,Yes,Yes,Yes,No,Yes,Yes,One year,1,Electronic check,106.05,4510.8,0,4.941781722930556,36.30477372056206,36.30477372056206,Q4
2819-GWENI,Female,0,1,1,28,1,No,No,No internet service,No internet service,No internet service,No internet service,No internet service,No internet service,One year,0,Mailed check,19.9,543.0,0,44.51375935847128,36.28992604527678,36.28992604527678,Q4
5845-BZZIB,Male,0,1,1,35,1,No,No,No internet service,No internet service,No internet service,No internet service,No internet service,No internet service,Two year,0,Mailed check,20.1,655.3,0,5.1866009424835635,36.267002909355824,36.267002909355824,Q4
7126-RBHSD,Female,0,1,0,17,1,Yes,Fiber optic,Yes,No,No,No,No,No,Month-to-month,0,Electronic check,78.9,1348.95,0,0.7176964312556229,36.20951514923939,36.20951514923939,Q4
6048-UWKAL,Female,1,1,0,69,1,Yes,Fiber optic,No,Yes,No,Yes,Yes,Yes,Two year,0,Credit card (automatic),105.4,6998.95,0,0.33028289047945814,36.16529064486972,36.16529064486972,Q4
0840-DFEZH,Female,0,0,0,7,1,Yes,Fiber optic,No,No,No,No,No,No,Month-to-month,1,Electronic check,75.35,564.65,0,0.24533588606763615,36.16424060726843,36.16424060726843,Q4
5681-LLOEI,Male,0,1,1,43,1,Yes,Fiber optic,Yes,No,Yes,Yes,No,No,One year,1,Credit card (automatic),91.25,4013.8,0,3.0141643873698527,36.134497525151204,36.134497525151204,Q4
3096-WPXBT,Female,0,1,1,61,1,Yes,Fiber optic,Yes,Yes,Yes,No,No,Yes,One year,1,Credit card (automatic),100.7,6018.65,0,1.2009764238895808,36.11561765432584,36.11561765432584,Q4
7895-VONWT,Female,0,0,0,25,0,No phone service,DSL,No,No,Yes,No,Yes,Yes,Month-to-month,1,Electronic check,48.25,1293.8,0,12.034499984305954,36.11288263734451,36.11288263734451,Q4
4282-ACRXS,Male,1,1,0,38,0,No phone service,DSL,No,No,No,No,No,No,Month-to-month,1,Electronic check,24.85,955.75,0,2.323122358075917,36.110979401509944,36.110979401509944,Q4
1024-KPRBB,Female,0,0,0,38,1,No,Fiber optic,No,No,No,No,Yes,Yes,One year,1,Mailed check,89.1,3342.0,0,2.5374648654618097,36.0715015180984,36.0715015180984,Q4
3594-IVHJZ,Female,0,0,0,2,1,No,No,No internet service,No internet service,No internet service,No internet service,No internet service,No internet service,Month-to-month,1,Mailed check,20.45,42.45,0,0.8950630051119238,36.041159125572385,36.041159125572385,Q4
3955-JBZZM,Male,0,0,0,20,1,No,Fiber optic,No,No,No,No,Yes,No,Month-to-month,0,Electronic check,78.8,1641.3,0,13.124104297273712,36.00239683232312,36.00239683232312,Q4
5934-TSSAU,Female,0,1,1,23,1,No,Fiber optic,No,No,Yes,No,No,No,Month-to-month,1,Credit card (automatic),75.3,1702.9,0,62.969028933773096,35.98456868896294,35.98456868896294,Q4
6862-CQUMB,Male,0,0,0,37,1,No,Fiber optic,No,Yes,No,No,Yes,Yes,Month-to-month,1,Credit card (automatic),96.1,3646.8,0,24.90955243370209,35.94976558251838,35.94976558251838,Q4
9469-WEJBT,Male,0,1,0,37,1,No,Fiber optic,No,No,Yes,Yes,No,Yes,Month-to-month,1,Electronic check,90.35,3419.3,0,8.143479143218354,35.92344453140844,35.92344453140844,Q4
1042-HFUCW,Female,0,0,1,25,1,No,DSL,No,Yes,No,Yes,No,No,One year,1,Credit card (automatic),54.75,1266.35,0,4.619113405361656,35.8661089764212,35.8661089764212,Q4
7251-XFOIL,Female,0,0,0,61,1,Yes,Fiber optic,No,No,Yes,No,No,Yes,Month-to-month,0,Mailed check,89.2,5500.6,0,3.807706267722251,35.808980681844645,35.808980681844645,Q4
1839-UMACK,Male,0,0,0,42,1,Yes,No,No internet service,No internet service,No internet service,No internet service,No internet service,No internet service,One year,0,Electronic check,25.05,949.85,0,23.74986788055661,35.78144590136084,35.78144590136084,Q4
8763-KIAFH,Female,0,1,1,27,1,No,No,No internet service,No internet service,No internet service,No internet service,No internet service,No internet service,One year,1,Mailed check,20.55,583.3,0,16.09912241008126,35.749791534236124,35.749791534236124,Q4
0603-OLQDC,Male,0,0,1,12,1,No,DSL,Yes,No,No,No,Yes,Yes,Month-to-month,1,Mailed check,69.85,837.5,0,0.5124418666624634,35.74324608115056,35.74324608115056,Q4
7928-VJYAB,Male,0,1,1,11,1,No,Fiber optic,No,No,No,No,Yes,Yes,Month-to-month,0,Electronic check,90.6,1020.2,0,27.62269578506384,35.73595653322566,35.73595653322566,Q4
0898-XCGTF,Male,0,1,0,61,1,Yes,Fiber optic,No,No,No,No,Yes,Yes,One year,1,Bank transfer (automatic),96.5,5673.7,0,52.6238412002005,35.728059191660506,35.728059191660506,Q4
1469-LBJQJ,Female,0,1,0,66,1,Yes,Fiber optic,No,Yes,Yes,No,Yes,Yes,Month-to-month,1,Electronic check,105.2,6936.85,0,52.71626078876711,35.539108068907,35.539108068907,Q4
8096-LOIST,Female,0,0,0,19,1,No,DSL,No,No,No,No,No,Yes,Month-to-month,1,Electronic check,56.2,1093.4,0,9.615814748243865,35.52730108517478,35.52730108517478,Q4
7798-JVXYM,Female,0,0,0,14,1,No,DSL,No,No,No,Yes,Yes,Yes,Month-to-month,1,Electronic check,69.65,921.4,0,1.339117607782201,35.47087082611104,35.47087082611104,Q4
2599-CZABP,Male,0,1,0,14,1,No,DSL,No,No,No,No,No,No,One year,0,Electronic check,44.6,641.25,0,8.298287929871393,35.467945331138935,35.467945331138935,Q4
4828-FAZPK,Female,0,1,1,16,1,Yes,Fiber optic,No,Yes,No,No,No,No,Month-to-month,1,Credit card (automatic),79.95,1267.95,0,38.2441996231215,35.465090310266426,35.465090310266426,Q4
1679-JRFBR,Female,0,1,1,70,1,Yes,Fiber optic,Yes,Yes,Yes,No,Yes,Yes,One year,1,Credit card (automatic),108.15,7930.55,0,14.94997124962412,35.45583708283701,35.45583708283701,Q4
6435-VWCCY,Male,1,1,0,65,1,Yes,Fiber optic,Yes,Yes,No,No,Yes,No,Two year,1,Credit card (automatic),92.7,5968.4,0,3.4571109719460797,35.432302950454556,35.432302950454556,Q4
4774-HHGGS,Male,0,1,0,30,1,No,No,No internet service,No internet service,No internet service,No internet service,No internet service,No internet service,Two year,0,Mailed check,19.05,637.55,0,1.7173418411581285,35.41486581900407,35.41486581900407,Q4
9372-TXXPS,Female,0,1,0,60,1,No,DSL,Yes,Yes,No,Yes,No,No,Two year,0,Bank transfer (automatic),59.85,3483.45,0,20.746294677378717,35.41299565159353,35.41299565159353,Q4
3312-UUMZW,Male,0,1,0,32,1,Yes,Fiber optic,No,Yes,No,No,Yes,Yes,Month-to-month,1,Credit card (automatic),98.85,3145.9,0,3.6803815013355488,35.40867987750497,35.40867987750497,Q4
3887-PBQAO,Female,0,1,1,45,1,Yes,No,No internet service,No internet service,No internet service,No internet service,No internet service,No internet service,One year,1,Credit card (automatic),25.9,1216.6,0,5.595044650901186,35.40007506553855,35.40007506553855,Q4
0608-JDVEC,Male,0,1,0,50,1,No,No,No internet service,No internet service,No internet service,No internet service,No internet service,No internet service,Two year,0,Electronic check,19.8,1013.2,0,8.288656934936208,35.35643816644159,35.35643816644159,Q4
0810-DHDBD,Female,0,0,0,52,1,Yes,DSL,Yes,No,Yes,Yes,Yes,No,One year,0,Credit card (automatic),74.0,3877.65,0,3.50182830803779,35.316473380774795,35.316473380774795,Q4
5777-KJIRB,Female,0,0,0,40,1,No,DSL,No,No,Yes,No,No,No,One year,1,Mailed check,50.25,2023.55,0,44.71305032845404,35.30403394540977,35.30403394540977,Q4
7998-ZLXWN,Female,0,1,0,15,1,No,No,No internet service,No internet service,No internet service,No internet service,No internet service,No internet service,Month-to-month,0,Credit card (automatic),20.45,330.8,0,7.325001127358675,35.29150628284591,35.29150628284591,Q4
6791-YBNAK,Male,0,1,1,18,0,No phone service,DSL,No,No,No,No,No,No,Month-to-month,0,Credit card (automatic),25.55,467.85,0,66.8423455695994,35.285148263313225,35.285148263313225,Q4
8714-CTZJW,Female,0,0,0,4,1,No,Fiber optic,No,No,Yes,No,No,Yes,Month-to-month,1,Credit card (automatic),82.85,319.6,0,7.82067221631492,35.274709658057404,35.274709658057404,Q4
9667-TKTVZ,Female,0,0,0,2,1,Yes,DSL,No,No,No,Yes,No,No,Month-to-month,1,Mailed check,54.35,117.05,0,1.7682790048790333,35.232941389273165,35.232941389273165,Q4
7054-ENNGU,Female,0,1,0,9,1,No,DSL,No,Yes,No,No,No,No,Month-to-month,0,Mailed check,50.85,466.6,0,4.853230806873043,35.21901353897042,35.21901353897042,Q4
8400-WZICQ,Female,0,1,1,55,1,No,DSL,Yes,Yes,No,No,No,No,Month-to-month,0,Electronic check,55.7,3131.8,0,5.797598748987374,35.212767834398704,35.212767834398704,Q4
5207-PLSTK,Male,0,1,1,1,1,No,DSL,Yes,No,No,No,No,No,Month-to-month,1,Mailed check,48.75,48.75,0,4.678085954767948,35.17429069880665,35.17429069880665,Q4
2662-NNTDK,Male,0,0,0,65,1,Yes,No,No internet service,No internet service,No internet service,No internet service,No internet service,No internet service,One year,0,Credit card (automatic),24.8,1600.95,0,1.4615144944577185,35.140165529520765,35.140165529520765,Q4
9101-NTIXF,Male,0,0,0,2,1,No,No,No internet service,No internet service,No internet service,No internet service,No internet service,No internet service,Month-to-month,0,Mailed check,19.4,50.6,0,2.659410316074761,35.12777486462527,35.12777486462527,Q4
3845-FXCYS,Male,0,0,0,2,1,No,No,No internet service,No internet service,No internet service,No internet service,No internet service,No internet service,Month-to-month,1,Electronic check,19.65,31.2,0,62.188758519101306,35.11216867641416,35.11216867641416,Q4
8547-NSBBO,Male,0,0,0,35,1,Yes,Fiber optic,Yes,Yes,Yes,Yes,No,No,Month-to-month,1,Mailed check,96.75,3403.4,0,1.5541142395112812,35.085063245455444,35.085063245455444,Q4
9342-VNIMQ,Male,0,0,0,33,1,Yes,DSL,No,Yes,No,No,No,No,Month-to-month,1,Bank transfer (automatic),54.65,1665.2,0,42.524886419647,35.0696372112019,35.0696372112019,Q4
7049-GKVZY,Female,0,0,0,17,1,No,DSL,Yes,Yes,No,Yes,Yes,Yes,One year,0,Credit card (automatic),79.85,1387.35,0,0.6698868393326485,35.061559420469166,35.061559420469166,Q4
2710-WYVXG,Female,0,0,0,3,1,No,DSL,Yes,Yes,No,Yes,No,Yes,Two year,0,Mailed check,71.1,213.35,0,6.120396861081249,35.04681689749034,35.04681689749034,Q4
2164-SOQXL,Female,0,1,1,20,1,No,No,No internet service,No internet service,No internet service,No internet service,No internet service,No internet service,Month-to-month,0,Mailed check,20.05,406.05,0,39.99493036339018,35.03824522771522,35.03824522771522,Q4
9103-CXVOK,Male,0,1,1,1,1,No,No,No internet service,No internet service,No internet service,No internet service,No internet service,No internet service,Month-to-month,0,Electronic check,19.75,19.75,0,3.3776736943606886,34.969491535394205,34.969491535394205,Q4
8050-WYBND,Female,0,0,1,22,0,No phone service,DSL,No,No,Yes,No,Yes,Yes,One year,1,Credit card (automatic),49.45,1031.4,0,35.78144590136084,34.96186354945866,34.96186354945866,Q4
4079-VTGLK,Male,1,1,0,30,1,Yes,DSL,No,No,Yes,No,Yes,Yes,Two year,0,Electronic check,74.85,2181.75,0,1.2725607911649464,34.780860621119615,34.780860621119615,Q4
3308-DGHKL,Male,0,0,0,69,1,No,No,No internet service,No internet service,No internet service,No internet service,No internet service,No internet service,Two year,1,Bank transfer (automatic),19.3,1447.9,0,2.65146739244496,34.78077019681769,34.78077019681769,Q4
9888-ZCUMM,Male,0,1,1,64,0,No phone service,DSL,Yes,No,Yes,Yes,Yes,Yes,Two year,1,Bank transfer (automatic),60.05,3845.45,0,1.6332941382990969,34.71448321290832,34.71448321290832,Q4
0701-TJSEF,Male,0,0,0,9,1,No,DSL,Yes,No,Yes,Yes,No,Yes,Month-to-month,1,Bank transfer (automatic),68.25,576.95,0,0.6761296921118448,34.71158416006489,34.71158416006489,Q4
4061-UKJWL,Male,0,0,0,3,1,No,DSL,No,No,No,No,No,No,Month-to-month,0,Mailed check,45.45,141.7,0,16.347904209557147,34.58168388766708,34.58168388766708,Q4
6556-DBKZF,Female,0,1,1,71,1,No,Fiber optic,No,No,Yes,No,No,No,Two year,0,Electronic check,76.05,5436.45,0,4.658942146109067,34.56338714979501,34.56338714979501,Q4
4811-JBUVU,Male,0,0,0,30,1,Yes,Fiber optic,No,No,No,Yes,No,Yes,Month-to-month,1,Credit card (automatic),89.9,2723.15,0,12.54474504494471,34.561492691769544,34.561492691769544,Q4
9824-QCJPK,Male,0,1,0,36,1,No,No,No internet service,No internet service,No internet service,No internet service,No internet service,No internet service,One year,0,Mailed check,20.0,666.75,0,33.81520154857655,34.53421170132518,34.53421170132518,Q4
6286-ZHAOK,Female,0,1,1,20,1,Yes,No,No internet service,No internet service,No internet service,No internet service,No internet service,No internet service,Month-to-month,1,Bank transfer (automatic),25.55,507.4,0,68.9490378517881,34.516775682771325,34.516775682771325,Q4
5006-MXVRN,Female,0,0,0,39,1,No,No,No internet service,No internet service,No internet service,No internet service,No internet service,No internet service,Two year,0,Credit card (automatic),20.7,762.45,0,5.2270707789728625,34.514258512924314,34.514258512924314,Q4
1614-JBEBI,Female,0,0,0,8,1,No,No,No internet service,No internet service,No internet service,No internet service,No internet service,No internet service,Month-to-month,1,Mailed check,20.7,137.6,0,33.4842950517357,34.48263509656238,34.48263509656238,Q4
7426-RHZGU,Male,0,0,0,9,1,No,Fiber optic,No,No,No,Yes,Yes,Yes,Month-to-month,1,Bank transfer (automatic),95.9,827.45,0,26.34759260154941,34.46036311724338,34.46036311724338,Q4
4797-MIWUM,Male,0,1,1,7,1,No,No,No internet service,No internet service,No internet service,No internet service,No internet service,No internet service,Month-to-month,1,Bank transfer (automatic),20.25,174.7,0,57.49962155855102,34.424339998479304,34.424339998479304,Q4
9355-NPPFS,Female,1,0,0,26,1,No,Fiber optic,No,No,No,No,No,Yes,Month-to-month,1,Electronic check,78.8,2006.1,0,3.182935632068123,34.40396877809999,34.40396877809999,Q4
6348-SNFUS,Male,0,1,1,72,0,No phone service,DSL,Yes,Yes,Yes,Yes,No,Yes,Two year,1,Credit card (automatic),55.45,4179.2,0,5.059936742428963,34.3740885012887,34.3740885012887,Q4
2958-NHPPS,Male,0,0,0,23,1,No,No,No internet service,No internet service,No internet service,No internet service,No internet service,No internet service,Month-to-month,0,Electronic check,20.85,473.9,0,8.498042991965299,34.358098307907255,34.358098307907255,Q4
0743-HRVFF,Female,0,1,1,51,0,No phone service,DSL,No,No,Yes,Yes,Yes,Yes,One year,1,Electronic check,56.15,2898.95,0,0.6178306173123551,34.34997358577957,34.34997358577957,Q4
5472-CVMDX,Female,0,0,0,68,0,No phone service,DSL,Yes,No,Yes,Yes,No,No,Two year,0,Mailed check,38.9,2719.2,0,23.1896777186043,34.33654283619884,34.33654283619884,Q4
5057-RKGLH,Female,0,1,1,9,1,No,No,No internet service,No internet service,No internet service,No internet service,No internet service,No internet service,Two year,0,Mailed check,20.35,191.1,0,0.42133447014841174,34.268017783262124,34.268017783262124,Q4
6427-FEFIG,Female,0,1,1,24,1,Yes,DSL,Yes,No,Yes,No,Yes,Yes,Two year,0,Credit card (automatic),78.6,1846.65,0,17.59003363199822,34.25222999801602,34.25222999801602,Q4
8645-KWHJO,Male,0,0,0,14,0,No phone service,DSL,No,No,Yes,Yes,Yes,Yes,Month-to-month,1,Electronic check,55.0,771.95,0,46.81660989947566,34.233900997882984,34.233900997882984,Q4
0020-INWCK,Female,0,1,1,71,1,Yes,Fiber optic,No,Yes,Yes,No,No,Yes,Two year,1,Credit card (automatic),95.75,6849.4,0,0.6678755680989118,34.23160575339812,34.23160575339812,Q4
4795-WRNVT,Female,0,0,0,40,1,No,DSL,Yes,Yes,No,No,Yes,No,Month-to-month,0,Mailed check,65.1,2586.0,0,9.83783451495676,34.228271825577814,34.228271825577814,Q4
0114-RSRRW,Female,0,1,0,10,1,No,No,No internet service,No internet service,No internet service,No internet service,No internet service,No internet service,Month-to-month,1,Bank transfer (automatic),19.95,187.75,0,5.236508245326723,34.21990856878626,34.21990856878626,Q4
7524-VRLPL,Male,1,0,0,69,1,Yes,DSL,Yes,No,Yes,Yes,No,Yes,Two year,0,Credit card (automatic),74.1,5031.0,0,1.401425536321713,34.129957518527135,34.129957518527135,Q4
3623-FQBOX,Male,0,0,0,21,1,No,No,No internet service,No internet service,No internet service,No internet service,No internet service,No internet service,Month-to-month,1,Mailed check,19.95,416.4,0,1.5635958478604817,34.042510054113386,34.042510054113386,Q4
5630-IXDXV,Female,0,0,0,47,1,Yes,Fiber optic,No,Yes,Yes,No,Yes,Yes,Month-to-month,1,Electronic check,106.35,4849.1,0,2.422855747329683,34.0321628582097,34.0321628582097,Q4
7402-EYFXX,Male,1,0,0,26,1,Yes,Fiber optic,No,No,No,No,Yes,Yes,Month-to-month,1,Electronic check,93.6,2404.1,0,1.4345396840185654,34.01471035572967,34.01471035572967,Q4
8999-XXGNS,Female,1,1,0,72,1,Yes,Fiber optic,No,Yes,Yes,No,Yes,Yes,One year,1,Credit card (automatic),105.75,7629.85,0,32.0764151748749,34.008739527780065,34.008739527780065,Q4
0689-DSXGL,Female,0,1,1,52,1,No,Fiber optic,No,Yes,Yes,Yes,No,No,Month-to-month,0,Bank transfer (automatic),85.8,4433.3,0,28.38070146773945,33.991832392702186,33.991832392702186,Q4
8498-XXGWA,Female,0,1,0,65,1,No,DSL,Yes,No,Yes,No,No,No,Month-to-month,1,Mailed check,55.15,3673.15,0,20.586007566405375,33.98123612436327,33.98123612436327,Q4
9419-IPPBE,Female,0,1,1,51,1,Yes,Fiber optic,No,No,Yes,No,No,Yes,One year,1,Electronic check,90.15,4554.85,0,2.5433936429329056,33.97467267994293,33.97467267994293,Q4
7892-QVYKW,Female,0,1,1,23,1,Yes,Fiber optic,No,No,No,No,No,Yes,Month-to-month,0,Electronic check,85.6,1868.4,0,18.640949772392652,2.3130735883371756,33.94436704314546,Q4
8884-FEEWR,Male,0,0,0,35,1,No,No,No internet service,No internet service,No internet service,No internet service,No internet service,No internet service,One year,0,Bank transfer (automatic),20.6,754.0,0,62.2868264909188,33.94196097627591,33.94196097627591,Q4
2478-EEWWM,Male,0,1,0,59,0,No phone service,DSL,No,No,No,No,Yes,Yes,Month-to-month,1,Electronic check,44.3,2666.75,0,9.337592697734367,33.91087277426196,33.91087277426196,Q4
2908-WGAXL,Female,0,1,1,56,1,Yes,No,No internet service,No internet service,No internet service,No internet service,No internet service,No internet service,Two year,1,Credit card (automatic),24.95,1468.9,0,0.8517354711819023,33.89962148479354,33.89962148479354,Q4
6734-CKRSM,Female,0,0,0,3,1,No,No,No internet service,No internet service,No internet service,No internet service,No internet service,No internet service,Month-to-month,0,Mailed check,20.0,63.6,0,9.552469111920487,33.860343123940225,33.860343123940225,Q4
4702-HDRKD,Male,0,0,0,67,0,No phone service,DSL,Yes,No,Yes,Yes,Yes,No,One year,1,Bank transfer (automatic),49.35,3321.35,0,5.9631198146352355,33.84401703647335,33.84401703647335,Q4
4026-SKKHW,Male,0,0,0,3,1,No,DSL,No,No,No,Yes,No,No,Month-to-month,1,Mailed check,50.25,152.3,0,2.5172014437285117,33.81520154857655,33.81520154857655,Q4
0434-CSFON,Female,0,1,0,47,1,Yes,Fiber optic,No,No,Yes,No,Yes,Yes,Month-to-month,1,Electronic check,100.5,4707.1,0,2.132623905139769,33.79531220726802,33.79531220726802,Q4
6229-LSCKB,Male,1,0,0,6,1,No,Fiber optic,No,No,No,No,Yes,No,Month-to-month,1,Electronic check,79.7,497.6,0,28.116260382150955,33.790497025888314,33.790497025888314,Q4
6583-KQJLK,Female,1,1,0,15,1,No,Fiber optic,No,Yes,No,No,Yes,Yes,Month-to-month,1,Electronic check,94.65,1285.05,0,42.21917514970981,33.76569260674687,33.76569260674687,Q4
0980-FEXWF,Male,0,1,1,26,1,No,DSL,No,No,Yes,No,No,No,One year,0,Mailed check,50.35,1285.8,0,17.576062944931152,33.746942295568154,33.746942295568154,Q4
7267-FRMJW,Female,0,1,1,25,1,No,No,No internet service,No internet service,No internet service,No internet service,No internet service,No internet service,Two year,0,Mailed check,20.1,486.05,0,23.4758183717286,33.69111103358422,33.69111103358422,Q4
0523-VNGTF,Female,1,0,0,52,0,No phone service,DSL,No,Yes,Yes,Yes,Yes,No,Month-to-month,1,Electronic check,50.5,2566.3,0,13.04948689018881,33.65589943759709,33.65589943759709,Q4
6668-CNMFP,Female,0,1,1,19,1,Yes,Fiber optic,No,No,No,Yes,No,Yes,One year,1,Bank transfer (automatic),89.35,1686.85,0,0.6736488952475352,33.59367092195004,33.59367092195004,Q4
3889-VWBID,Male,0,1,1,68,1,No,DSL,Yes,Yes,No,Yes,Yes,Yes,Two year,0,Bank transfer (automatic),82.85,5776.45,0,3.819172889879155,33.56811441366453,33.56811441366453,Q4
4832-VRBMR,Male,1,1,0,65,1,Yes,Fiber optic,No,Yes,Yes,No,Yes,Yes,One year,1,Bank transfer (automatic),103.15,6792.45,0,13.010852633308625,33.557409967750516,33.557409967750516,Q4
4500-HKANN,Male,0,1,1,23,1,Yes,DSL,No,Yes,No,Yes,No,No,Two year,0,Mailed check,59.7,1414.2,0,46.25310808282844,33.50470557752204,33.50470557752204,Q4
6617-WLBQC,Female,0,1,1,23,1,Yes,Fiber optic,Yes,No,No,No,No,No,One year,0,Credit card (automatic),81.85,1810.85,0,19.468671168844008,33.4842950517357,33.4842950517357,Q4
7105-MXJLL,Female,1,1,0,26,1,No,DSL,No,No,Yes,No,No,Yes,One year,0,Mailed check,60.7,1597.4,0,23.076316136624758,33.39736354339931,33.39736354339931,Q4
2172-EJXVF,Female,1,0,0,71,1,Yes,Fiber optic,No,Yes,Yes,No,Yes,Yes,One year,1,Electronic check,105.9,7521.95,0,1.8150943142307148,33.37064919499748,33.37064919499748,Q4
1791-PQHBB,Female,0,0,1,2,1,No,DSL,Yes,No,No,No,No,Yes,Month-to-month,1,Credit card (automatic),61.2,125.95,0,0.25373132071599924,33.32974124662942,33.32974124662942,Q4
2242-MFOTG,Male,0,0,0,33,1,Yes,Fiber optic,Yes,No,No,No,No,No,One year,0,Bank transfer (automatic),80.1,2603.3,0,4.201325184181881,33.26592498011828,33.26592498011828,Q4
8146-QQKZH,Female,0,1,0,71,1,No,DSL,Yes,No,Yes,Yes,Yes,Yes,Two year,0,Bank transfer (automatic),81.85,5924.4,0,1.1538061186203326,33.230706556100955,33.230706556100955,Q4
3209-ZPKFI,Male,0,1,1,47,1,Yes,DSL,No,Yes,No,No,No,No,Month-to-month,0,Electronic check,54.25,2538.2,0,43.97930161734787,33.2301034389837,33.2301034389837,Q4
2239-CGBUZ,Female,0,1,0,51,1,No,DSL,Yes,Yes,No,Yes,No,No,One year,1,Bank transfer (automatic),60.5,3145.15,0,4.642203970003724,33.18254511618112,33.18254511618112,Q4
3506-OVLKD,Male,0,0,0,35,1,Yes,No,No internet service,No internet service,No internet service,No internet service,No internet service,No internet service,One year,0,Bank transfer (automatic),26.2,954.9,0,71.53490189418625,33.179679815788035,33.179679815788035,Q4
3606-SBKRY,Male,0,0,0,31,0,No phone service,DSL,No,No,Yes,No,Yes,Yes,One year,1,Electronic check,50.05,1523.4,0,11.243683314704363,33.16082666015528,33.16082666015528,Q4
4778-IZARL,Male,0,1,0,63,1,No,Fiber optic,Yes,Yes,Yes,Yes,Yes,Yes,Two year,1,Credit card (automatic),110.1,6705.7,0,1.8807608520782098,33.14741228095014,33.14741228095014,Q4
2144-BFDSO,Female,1,1,0,50,1,Yes,Fiber optic,Yes,Yes,Yes,No,Yes,Yes,Month-to-month,0,Bank transfer (automatic),108.75,5431.9,0,6.547502010332164,33.14603135361091,33.14603135361091,Q4
6719-FGEDO,Female,0,1,0,72,1,Yes,Fiber optic,Yes,Yes,Yes,Yes,No,No,Two year,1,Bank transfer (automatic),97.0,7104.2,0,1.2039974857118725,33.11884455170283,33.11884455170283,Q4
9477-LGWQI,Male,0,1,1,70,1,No,DSL,Yes,Yes,Yes,No,Yes,Yes,Two year,1,Credit card (automatic),80.15,5600.15,0,4.95697538307188,33.11091938621163,33.11091938621163,Q4
2520-SGTTA,Female,0,1,1,0,1,No,No,No internet service,No internet service,No internet service,No internet service,No internet service,No internet service,Two year,0,Mailed check,20.0,,0,26.49632154997162,33.09753115485653,33.09753115485653,Q4
0621-HJWXJ,Female,0,1,0,63,1,Yes,Fiber optic,No,Yes,No,No,No,No,Month-to-month,1,Bank transfer (automatic),81.55,5029.05,0,27.42860576418234,33.08367479301055,33.08367479301055,Q4
3995-WFCSM,Female,0,0,0,2,1,No,DSL,No,No,Yes,No,No,Yes,Month-to-month,0,Electronic check,60.85,111.4,0,45.516362413522515,33.08044243359853,33.08044243359853,Q4
1360-XFJMR,Female,0,1,0,67,1,Yes,Fiber optic,No,Yes,Yes,Yes,Yes,Yes,One year,1,Credit card (automatic),109.7,7344.45,0,60.88855927442369,33.074545295652904,33.074545295652904,Q4
4020-KIUDI,Male,0,1,1,6,1,No,No,No internet service,No internet service,No internet service,No internet service,No internet service,No internet service,Month-to-month,0,Credit card (automatic),19.85,138.85,0,1.8514158692304956,33.04307359538744,33.04307359538744,Q4
7617-EYGLW,Male,0,0,0,1,1,No,No,No internet service,No internet service,No internet service,No internet service,No internet service,No internet service,Month-to-month,0,Electronic check,19.45,19.45,0,49.21689875465473,33.042558311705584,33.042558311705584,Q4
9402-ORRAH,Female,1,0,0,15,1,No,Fiber optic,No,No,No,No,Yes,Yes,Month-to-month,1,Electronic check,91.5,1400.3,0,38.808624288222966,33.02447968005889,33.02447968005889,Q4
1845-ZLLIG,Male,0,0,0,1,1,No,DSL,No,Yes,No,No,No,No,Month-to-month,1,Mailed check,50.15,50.15,0,1.3827919686143613,33.011514436173265,33.011514436173265,Q4
8573-JGCZW,Male,0,0,0,17,1,No,No,No internet service,No internet service,No internet service,No internet service,No internet service,No internet service,One year,1,Bank transfer (automatic),19.65,351.55,0,24.629443499411526,33.0050129078745,33.0050129078745,Q4
7113-HIPFI,Male,0,1,1,66,1,No,DSL,Yes,Yes,Yes,Yes,No,No,Two year,0,Mailed check,65.85,4097.05,0,6.264167228836219,32.982982048377714,32.982982048377714,Q4
2080-GKCWQ,Male,0,0,0,2,1,No,Fiber optic,No,Yes,No,No,No,No,Month-to-month,0,Electronic check,74.95,151.75,0,61.741599296360086,32.92710488574238,32.92710488574238,Q4
6383-ZTSIW,Female,1,1,0,39,1,No,Fiber optic,Yes,Yes,No,No,Yes,Yes,One year,0,Mailed check,99.1,3877.95,0,9.022788058752859,32.89485674681608,32.89485674681608,Q4
7853-WNZSY,Male,0,0,0,1,1,No,No,No internet service,No internet service,No internet service,No internet service,No internet service,No internet service,Month-to-month,1,Credit card (automatic),19.75,19.75,0,1.4274369577492623,32.892669809205344,32.892669809205344,Q4
9489-JMTTN,Female,0,1,1,72,1,Yes,DSL,Yes,Yes,Yes,Yes,Yes,Yes,Two year,0,Credit card (automatic),89.75,6595.9,0,2.374656328854486,32.889776348387834,32.889776348387834,Q4
2908-ZTPNF,Female,0,0,0,36,0,No phone service,DSL,No,Yes,No,Yes,No,No,Month-to-month,1,Bank transfer (automatic),34.85,1267.2,0,11.556365892419421,32.87927101443488,32.87927101443488,Q4
6728-VOIFY,Female,0,1,0,63,1,No,Fiber optic,No,Yes,No,No,Yes,Yes,One year,1,Electronic check,96.0,6109.75,0,9.728569927535336,32.86657136869506,32.86657136869506,Q4
1391-UBDAR,Male,0,0,0,11,1,No,Fiber optic,No,No,Yes,No,No,No,Month-to-month,0,Electronic check,72.9,818.45,0,35.728059191660506,32.851052520496424,32.851052520496424,Q4
3167-SNQPL,Male,1,1,1,38,1,Yes,Fiber optic,No,Yes,No,No,Yes,Yes,Month-to-month,0,Electronic check,101.15,3741.85,0,2.462473740935784,32.823174469467695,32.823174469467695,Q4
8164-OCKUJ,Female,0,1,1,59,1,No,No,No internet service,No internet service,No internet service,No internet service,No internet service,No internet service,Two year,0,Mailed check,20.6,1286.0,0,2.0796390071053485,32.716718658318484,32.716718658318484,Q4
8749-TZYEC,Male,0,1,0,72,1,Yes,No,No internet service,No internet service,No internet service,No internet service,No internet service,No internet service,Two year,0,Credit card (automatic),24.8,1874.3,0,7.291265416232097,32.71227923181399,32.71227923181399,Q4
3956-MGXOG,Female,0,0,0,28,1,No,Fiber optic,No,No,No,No,No,Yes,Month-to-month,1,Electronic check,80.6,2244.95,0,2.38384462703631,32.690001687130874,32.690001687130874,Q4
0366-NQSHS,Male,0,0,0,2,1,No,No,No internet service,No internet service,No internet service,No internet service,No internet service,No internet service,Month-to-month,0,Mailed check,19.35,46.35,0,20.042518582256204,32.67816687284548,32.67816687284548,Q4
1047-NNCBF,Male,0,0,0,20,1,No,Fiber optic,No,No,No,No,No,No,Month-to-month,0,Credit card (automatic),70.55,1493.55,0,5.69217044214442,32.67375664118832,32.67375664118832,Q4
4829-ZLJTK,Female,1,1,0,72,1,Yes,Fiber optic,Yes,Yes,Yes,No,Yes,Yes,Two year,1,Electronic check,112.4,8046.85,0,19.86738488944198,32.631183492967445,32.631183492967445,Q4
4833-QTJNO,Male,1,1,0,67,1,Yes,Fiber optic,Yes,Yes,No,No,No,No,Month-to-month,0,Bank transfer (automatic),83.85,5588.8,0,42.942089046146464,32.63081670909177,32.63081670909177,Q4
0373-AIVNJ,Male,0,0,0,9,0,No phone service,DSL,Yes,Yes,Yes,No,No,No,One year,0,Mailed check,39.55,373.0,0,39.201570983612136,32.53693019522498,32.53693019522498,Q4
6663-JOCQO,Male,0,1,1,31,1,Yes,DSL,Yes,Yes,No,Yes,No,Yes,One year,1,Bank transfer (automatic),75.25,2344.5,0,13.620384681578207,32.48191099147715,32.48191099147715,Q4
7246-ZGQDF,Female,0,0,1,1,1,No,DSL,Yes,No,No,Yes,No,No,Month-to-month,0,Electronic check,54.5,54.5,0,4.722173868427666,32.477903150249354,32.477903150249354,Q4
4936-YPJNK,Female,0,0,0,10,1,No,No,No internet service,No internet service,No internet service,No internet service,No internet service,No internet service,Month-to-month,1,Mailed check,19.9,199.45,0,19.948254458743886,32.47042010312623,32.47042010312623,Q4
4994-OBRSZ,Male,0,0,1,14,1,No,DSL,Yes,Yes,Yes,Yes,No,Yes,Two year,0,Bank transfer (automatic),76.1,1054.8,0,55.82682130610929,32.417823724907066,32.417823724907066,Q4
4378-MYPGO,Male,0,1,1,68,1,No,Fiber optic,Yes,Yes,Yes,No,Yes,Yes,Two year,1,Bank transfer (automatic),105.25,7173.15,0,34.3740885012887,32.39640890403598,32.39640890403598,Q4
3720-DBRWL,Male,0,1,0,51,1,No,DSL,Yes,Yes,Yes,Yes,Yes,Yes,Two year,1,Credit card (automatic),83.85,4307.1,0,7.542583732728564,32.31319966465996,32.31319966465996,Q4
6870-ECSHE,Female,0,0,0,2,1,No,No,No internet service,No internet service,No internet service,No internet service,No internet service,No internet service,One year,0,Mailed check,20.45,34.8,0,2.7474123241754644,32.25466985649948,32.25466985649948,Q4
2050-ONYDQ,Female,0,1,1,65,1,Yes,No,No internet service,No internet service,No internet service,No internet service,No internet service,No internet service,Two year,0,Credit card (automatic),26.0,1654.85,0,49.180215505648206,32.240299099631606,32.240299099631606,Q4
3689-MOZGR,Female,0,0,0,29,0,No phone service,DSL,No,No,No,Yes,No,No,Month-to-month,1,Electronic check,31.2,926.2,0,1.0717440742221664,32.2310045963189,32.2310045963189,Q4
3191-CSNMG,Female,0,1,1,3,1,No,Fiber optic,No,No,No,No,Yes,No,Month-to-month,1,Electronic check,80.7,239.45,0,39.16831323485826,32.22611431719183,32.22611431719183,Q4
1169-SAOCL,Male,0,0,0,49,1,Yes,Fiber optic,No,Yes,No,Yes,Yes,Yes,One year,1,Bank transfer (automatic),106.65,5168.1,0,5.2868862566205,32.20499917233989,32.20499917233989,Q4
8468-FZTOE,Female,0,1,1,72,1,No,DSL,Yes,Yes,Yes,Yes,No,Yes,Two year,1,Electronic check,74.35,5237.4,0,0.41843816637893505,32.144831669504654,32.144831669504654,Q4
7607-QKKTJ,Male,0,1,1,45,1,Yes,Fiber optic,No,Yes,Yes,No,No,Yes,One year,1,Credit card (automatic),95.0,4368.85,0,5.276543686023404,32.13743525290913,32.13743525290913,Q4
5512-IDZEI,Male,0,1,1,46,1,Yes,No,No internet service,No internet service,No internet service,No internet service,No internet service,No internet service,One year,0,Electronic check,24.9,1174.8,0,34.0321628582097,32.13180135416812,32.13180135416812,Q4
5122-CYFXA,Female,0,0,0,3,1,No,DSL,No,Yes,No,Yes,Yes,Yes,Month-to-month,1,Electronic check,75.3,244.1,0,7.299556163619217,32.126643066641485,32.126643066641485,Q4
6122-EFVKN,Male,0,0,1,24,0,No phone service,DSL,Yes,No,No,Yes,No,No,Two year,0,Mailed check,35.75,830.8,0,26.54068984302123,32.08076264576894,32.08076264576894,Q4
1849-RJYIG,Female,0,0,0,8,1,No,DSL,Yes,No,No,No,Yes,No,Month-to-month,1,Electronic check,60.0,487.75,0,61.42322954528229,32.07852836419617,32.07852836419617,Q4
7839-NUIAA,Female,0,1,1,61,1,Yes,DSL,Yes,Yes,No,No,No,No,Month-to-month,0,Electronic check,59.8,3641.5,0,21.07079474439268,32.0764151748749,32.0764151748749,Q4
9518-XXBXE,Male,1,1,0,10,1,No,Fiber optic,Yes,No,No,No,No,No,Month-to-month,0,Electronic check,75.3,720.45,0,5.838678438636195,32.00199832156251,32.00199832156251,Q4
7269-JISCY,Female,0,0,0,55,1,No,DSL,No,No,No,No,No,No,One year,0,Bank transfer (automatic),45.05,2462.6,0,50.33248872484545,31.995494077041158,31.995494077041158,Q4
5802-ADBRC,Female,0,1,0,50,1,Yes,Fiber optic,Yes,No,Yes,No,Yes,Yes,One year,1,Mailed check,104.4,5232.9,0,13.88357088105617,31.991190696539068,31.991190696539068,Q4
5055-BRMNE,Female,0,1,1,67,1,Yes,Fiber optic,Yes,No,No,Yes,Yes,Yes,Two year,0,Credit card (automatic),106.7,7009.5,0,4.872262772296786,31.97691436059499,31.97691436059499,Q4
3890-RTCMS,Male,0,0,0,16,1,No,DSL,No,No,No,Yes,No,No,Month-to-month,1,Mailed check,49.45,799.0,0,47.83329873362028,31.973613385432948,31.973613385432948,Q4
1303-SRDOK,Female,0,1,1,55,1,No,Fiber optic,No,No,No,No,No,No,Two year,1,Credit card (automatic),69.05,3842.6,0,5.009669934460288,31.969734425917217,31.969734425917217,Q4
2486-WYVVE,Male,0,1,0,31,1,Yes,DSL,No,No,Yes,Yes,Yes,Yes,One year,1,Mailed check,79.3,2484.0,0,16.09679134725834,31.946390962635775,31.946390962635775,Q4
6341-JVQGF,Female,0,1,1,31,1,No,DSL,Yes,No,Yes,Yes,Yes,Yes,One year,1,Mailed check,81.15,2545.75,0,35.274709658057404,31.928598785261585,31.928598785261585,Q4
2236-HILPA,Male,0,1,1,62,1,No,No,No internet service,No internet service,No internet service,No internet service,No internet service,No internet service,Two year,0,Credit card (automatic),20.65,1218.45,0,4.440546722162335,31.92515761387623,31.92515761387623,Q4
2882-DDZPG,Female,0,0,0,12,1,No,No,No internet service,No internet service,No internet service,No internet service,No internet service,No internet service,Month-to-month,0,Bank transfer (automatic),19.45,227.45,0,7.140178862417404,31.88344991353606,31.88344991353606,Q4
6942-LBFDP,Female,0,0,0,2,1,No,No,No internet service,No internet service,No internet service,No internet service,No internet service,No internet service,Month-to-month,1,Mailed check,20.55,33.6,0,26.693312437070944,31.860269434204646,31.860269434204646,Q4
5939-XAIXZ,Female,0,0,0,19,1,Yes,DSL,No,No,Yes,No,No,No,Month-to-month,1,Mailed check,56.1,1033.9,0,5.1522627458806705,31.85007521200034,31.85007521200034,Q4
5732-IKGQH,Male,1,1,0,52,1,No,Fiber optic,Yes,No,Yes,Yes,Yes,Yes,One year,1,Bank transfer (automatic),104.45,5481.25,0,1.338167775539267,31.84802029956201,31.84802029956201,Q4
7746-QYVCO,Male,0,1,1,16,1,No,DSL,Yes,Yes,No,No,No,No,One year,1,Mailed check,55.85,857.8,0,56.76188672995923,31.786864462256435,31.786864462256435,Q4
8133-ANHHJ,Female,1,0,0,49,1,Yes,Fiber optic,Yes,Yes,Yes,Yes,No,Yes,One year,0,Bank transfer (automatic),103.0,5166.2,0,31.575701268096847,31.78619279459219,31.78619279459219,Q4
4816-OKWNX,Male,0,1,1,50,1,No,Fiber optic,No,Yes,Yes,Yes,Yes,Yes,One year,1,Bank transfer (automatic),103.4,5236.4,0,59.164865501390686,31.775361960877945,31.775361960877945,Q4
0142-GVYSN,Male,0,0,0,26,1,No,No,No internet service,No internet service,No internet service,No internet service,No internet service,No internet service,Month-to-month,1,Electronic check,20.3,511.25,0,20.274883010301277,31.747709018951582,31.747709018951582,Q4
1754-GKYPY,Male,1,1,0,22,1,No,Fiber optic,No,No,No,No,Yes,Yes,Month-to-month,1,Bank transfer (automatic),89.75,1938.9,0,43.06685221627049,31.74481408501472,31.74481408501472,Q4
8404-FYDIB,Male,0,0,0,26,1,Yes,Fiber optic,Yes,Yes,No,No,No,No,Month-to-month,1,Credit card (automatic),86.65,2208.75,0,21.549698655221512,31.735939732386665,31.735939732386665,Q4
8799-OXZMD,Female,0,0,0,28,0,No phone service,DSL,No,No,Yes,No,No,No,Month-to-month,1,Mailed check,29.75,790.7,0,0.33497235285674654,31.73401745877872,31.73401745877872,Q4
6402-SSEJG,Female,0,0,0,25,0,No phone service,DSL,Yes,Yes,Yes,No,Yes,Yes,One year,0,Electronic check,61.05,1540.2,0,44.322458605699424,31.699740863654064,31.699740863654064,Q4
6637-KYRCV,Female,0,1,1,5,0,No phone service,DSL,No,Yes,No,No,No,No,Month-to-month,1,Electronic check,30.5,167.2,0,17.152446735951848,31.6887615026622,31.6887615026622,Q4
8212-DJRCH,Male,0,1,1,5,1,No,Fiber optic,Yes,No,Yes,No,No,Yes,Month-to-month,1,Mailed check,90.35,434.5,0,15.085263588765546,31.641898427423452,31.641898427423452,Q4
2676-ISHSF,Male,0,0,0,1,1,No,No,No internet service,No internet service,No internet service,No internet service,No internet service,No internet service,Month-to-month,0,Mailed check,20.3,20.3,0,0.4074542390143643,31.635666889817504,31.635666889817504,Q4
5893-PYOLZ,Male,0,0,0,56,1,No,DSL,No,Yes,Yes,Yes,Yes,Yes,Two year,1,Credit card (automatic),81.8,4534.45,0,0.8253405777936201,31.634868758548073,31.634868758548073,Q4
1930-QPBVZ,Male,0,1,1,68,1,No,Fiber optic,Yes,Yes,No,Yes,No,Yes,Two year,0,Bank transfer (automatic),95.1,6683.4,0,41.45687577581918,31.619429147098966,31.619429147098966,Q4
4779-ZGICK,Male,0,1,1,48,1,Yes,No,No internet service,No internet service,No internet service,No internet service,No internet service,No internet service,Two year,0,Mailed check,23.55,1173.35,0,4.687693728092038,31.61575675061111,31.61575675061111,Q4
6625-IUTTT,Male,0,0,0,67,1,No,DSL,Yes,No,Yes,No,No,Yes,Two year,0,Bank transfer (automatic),65.55,4361.55,0,12.905921127485708,31.58653842862532,31.58653842862532,Q4
2192-CKRLV,Female,0,1,0,72,0,No phone service,DSL,Yes,Yes,Yes,No,No,Yes,Two year,1,Electronic check,49.2,3580.95,0,10.70105766344072,31.575701268096847,31.575701268096847,Q4
0909-SDHNU,Female,0,0,1,7,0,No phone service,DSL,Yes,No,No,No,No,No,Month-to-month,0,Mailed check,29.8,201.95,0,46.51033300443729,31.57107439120243,31.57107439120243,Q4
5130-YPIRV,Female,0,1,0,62,1,No,DSL,Yes,Yes,Yes,No,Yes,No,Two year,1,Credit card (automatic),72.0,4284.2,0,20.398794699534196,31.567341598514837,31.567341598514837,Q4
0928-XUTSN,Female,0,0,0,13,1,No,Fiber optic,No,No,No,No,No,Yes,Month-to-month,1,Electronic check,80.5,1011.8,0,2.8585264256148037,31.503405177851185,31.503405177851185,Q4
8450-LUGUK,Female,0,1,1,37,1,Yes,No,No internet service,No internet service,No internet service,No internet service,No internet service,No internet service,Two year,1,Bank transfer (automatic),24.1,861.85,0,12.54284346545175,31.493890204607883,31.493890204607883,Q4
2863-IMQDR,Female,0,0,0,61,1,Yes,DSL,Yes,Yes,Yes,Yes,Yes,Yes,Two year,0,Electronic check,89.65,5308.7,0,11.57733346362884,31.436805244987344,31.436805244987344,Q4
8544-GOQSH,Female,0,0,0,14,1,No,Fiber optic,No,Yes,No,Yes,No,No,Month-to-month,1,Credit card (automatic),80.05,1112.3,0,13.247497135904213,31.43205884109993,31.43205884109993,Q4
8220-OCUFY,Female,0,0,0,21,1,No,DSL,Yes,No,Yes,Yes,No,No,One year,1,Electronic check,60.25,1258.35,0,37.65378661151652,31.426884205223672,31.426884205223672,Q4
1755-RMCXH,Male,0,1,1,2,1,No,No,No internet service,No internet service,No internet service,No internet service,No internet service,No internet service,Month-to-month,0,Mailed check,20.3,40.25,0,0.6176893926999929,31.424723368804365,31.424723368804365,Q4
0104-PPXDV,Male,0,1,0,58,1,No,DSL,No,No,Yes,No,No,No,One year,0,Credit card (automatic),50.3,2878.55,0,18.154559791112195,31.40536180817509,31.40536180817509,Q4
0380-ZCSBI,Male,0,0,0,10,1,No,No,No internet service,No internet service,No internet service,No internet service,No internet service,No internet service,Month-to-month,0,Credit card (automatic),20.0,198.7,0,3.3466751717087115,31.390598222763472,31.390598222763472,Q4
7409-JURKQ,Female,0,1,0,53,1,Yes,Fiber optic,No,Yes,Yes,Yes,Yes,Yes,One year,1,Bank transfer (automatic),111.8,5809.75,0,8.218610015132297,31.35726949602423,31.35726949602423,Q4
5216-WASFJ,Female,1,1,0,31,1,Yes,Fiber optic,No,No,No,No,No,Yes,Month-to-month,1,Electronic check,84.85,2633.4,0,14.77433359939822,31.320089754164055,31.320089754164055,Q4
2073-QBVBI,Female,0,1,0,41,0,No phone service,DSL,No,Yes,No,Yes,No,No,One year,0,Mailed check,35.45,1391.65,0,19.40465913090951,31.319796156662644,31.319796156662644,Q4
6464-KEXXH,Male,0,0,0,8,0,No phone service,DSL,No,No,No,No,No,No,Month-to-month,1,Credit card (automatic),25.25,186.3,0,34.233900997882984,31.300725080026986,31.300725080026986,Q4
6490-FGZAT,Male,0,0,0,6,1,No,No,No internet service,No internet service,No internet service,No internet service,No internet service,No internet service,Month-to-month,0,Mailed check,20.65,109.3,0,17.43140383286522,31.27719833163195,31.27719833163195,Q4
5960-MVTUK,Male,0,0,0,3,0,No phone service,DSL,No,No,No,Yes,No,No,Month-to-month,1,Electronic check,29.75,96.85,0,7.100092451064473,31.262252151021546,31.262252151021546,Q4
6685-XSHHU,Male,0,1,1,60,1,No,No,No internet service,No internet service,No internet service,No internet service,No internet service,No internet service,Two year,1,Bank transfer (automatic),20.95,1270.55,0,12.847099359585105,31.246842560937644,31.246842560937644,Q4
1094-BKOSX,Female,0,1,1,45,0,No phone service,DSL,No,Yes,Yes,Yes,No,Yes,One year,0,Bank transfer (automatic),51.0,2264.5,0,0.7436833537173229,31.245158724717463,31.245158724717463,Q4
4673-KKSLS,Female,0,0,0,31,1,No,Fiber optic,Yes,No,Yes,Yes,No,No,Month-to-month,0,Electronic check,87.6,2724.25,0,3.536832179470727,31.222891177549982,31.222891177549982,Q4
1394-SUIUH,Female,1,1,0,44,1,No,Fiber optic,Yes,Yes,No,Yes,No,No,Month-to-month,1,Electronic check,85.15,3670.5,0,0.3969284928392867,31.20071413687454,31.20071413687454,Q4
9060-HJJRW,Female,0,0,0,51,0,No phone service,DSL,No,Yes,Yes,No,Yes,Yes,One year,1,Credit card (automatic),56.4,2928.5,0,33.16082666015528,31.20058849746782,31.20058849746782,Q4
0174-QRVVY,Male,0,1,1,71,1,Yes,No,No internet service,No internet service,No internet service,No internet service,No internet service,No internet service,Two year,0,Credit card (automatic),25.35,1847.55,0,8.538254209838842,31.19585010793412,31.19585010793412,Q4
4623-ZKHLY,Male,0,1,0,22,1,No,No,No internet service,No internet service,No internet service,No internet service,No internet service,No internet service,Month-to-month,1,Bank transfer (automatic),20.45,471.55,0,71.9355339566221,31.170847981692063,31.170847981692063,Q4
5233-AOZUF,Female,0,1,0,29,1,Yes,Fiber optic,No,No,No,No,No,No,Month-to-month,1,Electronic check,74.95,2149.05,0,27.71245835513475,31.16475851662,31.16475851662,Q4
6661-EIPZC,Female,0,1,1,48,0,No phone service,DSL,No,No,No,Yes,No,No,Month-to-month,1,Credit card (automatic),29.5,1423.05,0,0.6929135914729099,31.098213200692587,31.098213200692587,Q4
4923-ADWXJ,Female,0,0,0,25,1,No,DSL,No,Yes,No,Yes,No,Yes,Month-to-month,1,Bank transfer (automatic),65.8,1679.65,0,58.26983360310531,31.060409586340914,31.060409586340914,Q4
1430-SFQSA,Male,0,0,0,29,0,No phone service,DSL,Yes,No,No,Yes,No,No,One year,0,Mailed check,35.6,1072.6,0,23.59708761311988,30.99717440961459,30.99717440961459,Q4
8901-UPRHR,Female,0,1,1,72,1,Yes,Fiber optic,No,Yes,Yes,Yes,Yes,Yes,Two year,1,Bank transfer (automatic),109.2,7711.45,0,57.77571505841597,30.992899026635406,30.992899026635406,Q4
4559-UWIHT,Male,0,1,0,14,1,Yes,Fiber optic,No,Yes,Yes,No,No,No,Month-to-month,1,Electronic check,82.65,1185.0,0,58.33222704582541,30.97392159478295,30.97392159478295,Q4
1555-HAPSU,Female,0,1,1,71,1,Yes,No,No internet service,No internet service,No internet service,No internet service,No internet service,No internet service,Two year,0,Credit card (automatic),23.9,1663.5,0,3.784939995758037,30.954098503244442,30.954098503244442,Q4
8033-VCZGH,Male,0,1,0,50,1,Yes,Fiber optic,Yes,No,Yes,No,Yes,Yes,One year,1,Electronic check,103.95,5231.3,0,73.74613855772324,30.872094441438886,30.872094441438886,Q4
3518-PZXZQ,Female,0,1,0,1,1,No,DSL,No,No,No,No,Yes,No,Month-to-month,1,Mailed check,55.3,55.3,0,10.465763681384457,30.854288750465557,30.854288750465557,Q4
6199-IWKGC,Female,1,1,0,46,1,Yes,Fiber optic,No,No,No,Yes,Yes,Yes,One year,0,Electronic check,100.25,4753.85,0,3.1112146984690403,30.838834924197805,30.838834924197805,Q4
4077-HWUYD,Male,0,1,1,72,1,Yes,DSL,Yes,Yes,Yes,Yes,Yes,Yes,Two year,1,Bank transfer (automatic),87.55,6463.15,0,20.213164031832754,30.822064261240307,30.822064261240307,Q4
6620-JDYNW,Female,0,0,0,18,1,Yes,DSL,Yes,No,Yes,No,No,No,Month-to-month,1,Mailed check,60.6,1156.35,0,29.82918093245262,30.810272660073906,30.810272660073906,Q4
1970-KKFWL,Female,0,0,0,35,1,Yes,No,No internet service,No internet service,No internet service,No internet service,No internet service,No internet service,Two year,0,Bank transfer (automatic),23.3,797.1,0,12.08955610089409,30.77080654253228,30.77080654253228,Q4
4776-XSKYQ,Female,0,1,1,12,0,No phone service,DSL,No,No,No,Yes,No,No,One year,0,Credit card (automatic),30.25,368.85,0,5.998158257652814,30.749541999139286,30.749541999139286,Q4
6621-YOBKI,Male,0,0,0,5,1,No,No,No internet service,No internet service,No internet service,No internet service,No internet service,No internet service,Month-to-month,0,Mailed check,20.35,92.75,0,1.8058401722064874,30.72046771363842,30.72046771363842,Q4
1635-NZATJ,Male,1,1,0,71,1,Yes,No,No internet service,No internet service,No internet service,No internet service,No internet service,No internet service,Two year,0,Credit card (automatic),25.45,1789.65,0,9.301235462670151,30.679730938051065,30.679730938051065,Q4
2480-SQIOB,Male,0,1,1,4,1,No,DSL,No,No,No,No,No,No,Month-to-month,0,Electronic check,44.8,169.65,0,8.692590506394618,30.618851279030874,30.618851279030874,Q4
8409-WQJUX,Female,0,0,0,25,0,No phone service,DSL,No,No,Yes,Yes,Yes,Yes,One year,0,Electronic check,54.2,1423.15,0,5.2318841062628865,30.599797775210224,30.599797775210224,Q4
1282-IHQAC,Male,1,0,0,70,0,No phone service,DSL,No,Yes,Yes,No,Yes,No,One year,1,Credit card (automatic),44.05,3011.65,0,3.1112513967313555,30.59035321920629,30.59035321920629,Q4
2202-OUTMO,Female,0,1,0,34,1,Yes,DSL,Yes,No,No,Yes,No,No,Month-to-month,1,Bank transfer (automatic),60.85,2003.6,0,62.41214822547968,30.583072798361332,30.583072798361332,Q4
1384-RCUXW,Male,0,0,0,16,1,Yes,Fiber optic,No,Yes,No,No,No,No,Month-to-month,1,Mailed check,80.55,1248.9,0,9.713478730089879,30.578448502935174,30.578448502935174,Q4
4685-ERGHK,Male,0,0,0,57,1,Yes,Fiber optic,No,No,No,No,Yes,No,One year,1,Electronic check,86.9,4939.25,0,0.8907222569788464,30.559133050309363,30.559133050309363,Q4
4104-PVRPS,Male,0,1,0,24,1,No,DSL,Yes,No,No,Yes,No,No,Month-to-month,0,Mailed check,53.6,1315.35,0,13.987434119011072,30.558708197261037,30.558708197261037,Q4
0222-CNVPT,Male,1,0,0,52,0,No phone service,DSL,Yes,No,No,No,Yes,Yes,Month-to-month,1,Credit card (automatic),48.8,2555.05,0,3.693026716423779,30.48872666852106,30.48872666852106,Q4
4137-BTIKL,Male,0,0,0,2,1,Yes,Fiber optic,Yes,No,No,No,No,Yes,Month-to-month,0,Mailed check,90.75,174.75,0,12.397263849858172,30.396267018459017,30.396267018459017,Q4
1215-VFYVK,Female,0,0,0,4,0,No phone service,DSL,Yes,No,Yes,Yes,No,Yes,Month-to-month,0,Mailed check,48.25,202.25,0,2.9253968227815057,30.369729165855862,30.369729165855862,Q4
7872-RDDLZ,Female,1,0,0,67,1,Yes,DSL,No,Yes,No,No,No,No,Month-to-month,0,Electronic check,54.9,3725.5,0,25.533060629442346,30.366511967139747,30.366511967139747,Q4
0848-SOMKO,Male,0,0,0,70,0,No phone service,DSL,Yes,No,Yes,Yes,No,Yes,Two year,0,Bank transfer (automatic),48.4,3442.8,0,19.966269845152954,30.35184919699641,30.35184919699641,Q4
1427-VERSM,Female,0,1,0,56,1,No,Fiber optic,No,No,Yes,Yes,Yes,Yes,Month-to-month,1,Electronic check,98.7,5669.5,0,0.4501604090742346,30.34476498105353,30.34476498105353,Q4
2817-LVCPP,Female,0,0,0,50,1,No,No,No internet service,No internet service,No internet service,No internet service,No internet service,No internet service,Two year,0,Credit card (automatic),19.4,1023.95,0,7.867867569217829,30.304503789197522,30.304503789197522,Q4
6794-HKIAJ,Male,0,0,0,62,1,Yes,Fiber optic,Yes,Yes,Yes,No,No,No,Month-to-month,0,Bank transfer (automatic),90.7,5586.45,0,9.54766714793371,30.300881712261784,30.300881712261784,Q4
6087-YPWHO,Male,0,1,0,72,1,Yes,DSL,Yes,Yes,Yes,Yes,No,No,Two year,0,Mailed check,68.15,4808.7,0,17.19079742104035,30.258504808396992,30.258504808396992,Q4
9968-FFVVH,Male,0,0,0,63,1,Yes,DSL,Yes,Yes,Yes,Yes,No,No,One year,0,Bank transfer (automatic),68.8,4111.35,0,22.22565543729172,30.24976631148652,30.24976631148652,Q4
9481-IEBZY,Male,1,1,0,72,1,Yes,Fiber optic,Yes,Yes,Yes,Yes,Yes,Yes,Month-to-month,1,Credit card (automatic),112.9,8061.5,0,38.52638208193899,30.236668249640715,30.236668249640715,Q4
9758-MFWGD,Female,1,1,1,48,0,No phone service,DSL,No,Yes,No,No,No,No,One year,0,Bank transfer (automatic),29.9,1388.75,0,21.351007823585203,30.23318853086131,30.23318853086131,Q4
0562-HKHML,Male,0,1,1,71,1,Yes,No,No internet service,No internet service,No internet service,No internet service,No internet service,No internet service,Two year,0,Credit card (automatic),23.9,1626.4,0,50.26625619654179,30.22762940832789,30.22762940832789,Q4
9817-APLHW,Male,0,0,0,12,1,Yes,No,No internet service,No internet service,No internet service,No internet service,No internet service,No internet service,Month-to-month,0,Electronic check,25.0,316.2,0,32.631183492967445,30.205015913652066,30.205015913652066,Q4
8181-YHCMF,Female,0,1,1,68,0,No phone service,DSL,No,Yes,Yes,Yes,Yes,Yes,Two year,0,Credit card (automatic),60.3,4109.0,0,1.2360054982193522,30.12933787845545,30.12933787845545,Q4
7446-KQISO,Male,0,1,1,45,1,Yes,Fiber optic,No,Yes,Yes,Yes,Yes,Yes,Two year,1,Bank transfer (automatic),109.75,4900.65,0,28.248747448505718,30.11573006743199,30.11573006743199,Q4
2460-NGXBJ,Male,1,1,1,11,1,Yes,Fiber optic,No,No,No,No,No,No,Month-to-month,1,Credit card (automatic),75.2,775.3,0,1.3393071840342903,30.092315242694113,30.092315242694113,Q4
4328-VUFWD,Female,0,0,0,39,1,No,DSL,No,No,No,Yes,No,Yes,One year,0,Electronic check,59.3,2209.15,0,46.62647696271434,30.02883698333051,30.02883698333051,Q4
7134-HBPBS,Female,1,0,0,72,1,Yes,Fiber optic,No,Yes,Yes,Yes,Yes,Yes,Two year,1,Bank transfer (automatic),108.1,7774.05,0,40.705053746590565,30.017911638258273,30.017911638258273,Q4
8413-YNHNV,Male,0,0,0,69,1,Yes,DSL,Yes,Yes,Yes,Yes,Yes,Yes,Two year,0,Mailed check,90.65,6322.1,0,25.49228196376692,29.98663429273839,29.98663429273839,Q4
1972-XMUWV,Female,0,1,0,65,1,No,DSL,No,No,No,Yes,Yes,No,Two year,1,Credit card (automatic),59.8,3808.2,0,6.386487408934268,29.971299331355628,29.971299331355628,Q4
0505-SPOOW,Female,0,1,0,70,1,No,No,No internet service,No internet service,No internet service,No internet service,No internet service,No internet service,Two year,0,Bank transfer (automatic),19.8,1397.65,0,4.74256337839521,29.901608476389402,29.901608476389402,Q4
4962-CHQPW,Male,0,0,1,29,1,No,No,No internet service,No internet service,No internet service,No internet service,No internet service,No internet service,One year,0,Mailed check,19.85,535.05,0,10.125595839292131,29.89434427411058,29.89434427411058,Q4
6572-ADKRS,Female,0,0,0,46,1,No,Fiber optic,No,No,Yes,No,No,No,Month-to-month,1,Credit card (automatic),74.8,3548.3,0,33.790497025888314,29.8843024115289,29.8843024115289,Q4
8314-DPQHL,Male,0,0,0,9,0,No phone service,DSL,Yes,No,Yes,Yes,No,Yes,One year,0,Mailed check,50.8,463.6,0,2.875623101877227,29.87782742888474,29.87782742888474,Q4
8356-WUAOJ,Female,0,1,0,1,1,No,DSL,No,No,No,No,No,No,Month-to-month,1,Electronic check,45.0,45.0,0,0.38571215119646224,29.853642879365065,29.853642879365065,Q4
2410-CIYFZ,Male,0,0,1,2,1,No,No,No internet service,No internet service,No internet service,No internet service,No internet service,No internet service,Month-to-month,0,Mailed check,20.4,42.9,0,25.76052160243562,29.82918093245262,29.82918093245262,Q4
8851-RAGOV,Female,0,1,0,25,1,No,DSL,Yes,Yes,No,Yes,No,Yes,Month-to-month,1,Mailed check,71.05,1837.7,0,44.819120855577474,29.822281481452055,29.822281481452055,Q4
4707-YNOQA,Female,0,1,1,34,1,Yes,No,No internet service,No internet service,No internet service,No internet service,No internet service,No internet service,One year,1,Credit card (automatic),25.6,917.15,0,7.3292925889830745,29.809667692776827,29.809667692776827,Q4
6746-WAUWT,Male,0,0,0,19,1,No,No,No internet service,No internet service,No internet service,No internet service,No internet service,No internet service,One year,1,Credit card (automatic),19.7,386.5,0,1.0564804604725895,29.79370311824091,29.79370311824091,Q4
6897-UUBNU,Male,0,0,0,29,1,No,Fiber optic,No,Yes,No,Yes,Yes,No,Month-to-month,0,Mailed check,89.65,2623.65,0,0.48600757033341074,29.777181362939242,29.777181362939242,Q4
8950-MTZNV,Male,0,0,0,1,1,No,DSL,No,No,No,No,No,No,Month-to-month,1,Mailed check,44.95,44.95,0,24.0742745884822,29.76895942730165,29.76895942730165,Q4
9825-YCXWZ,Female,1,0,0,41,1,No,Fiber optic,No,No,Yes,Yes,Yes,Yes,One year,1,Bank transfer (automatic),101.1,4016.2,0,21.169526575454398,29.754188155716744,29.754188155716744,Q4
9402-ROUMJ,Female,0,1,1,67,1,Yes,Fiber optic,Yes,No,Yes,Yes,No,Yes,One year,1,Bank transfer (automatic),100.25,6689.0,0,1.820996955629043,29.726686121808683,29.726686121808683,Q4
0487-CRLZF,Female,0,0,0,49,1,No,DSL,No,No,Yes,Yes,Yes,Yes,Two year,1,Bank transfer (automatic),74.45,3721.9,0,16.456469164580152,29.70748086431311,29.70748086431311,Q4
1635-FJFCC,Female,0,0,0,5,1,No,DSL,No,No,No,No,No,No,Month-to-month,1,Credit card (automatic),44.05,202.15,0,20.453761712927,29.70486771251976,29.70486771251976,Q4
3070-FNFZQ,Female,0,1,1,23,1,No,No,No internet service,No internet service,No internet service,No internet service,No internet service,No internet service,Two year,0,Bank transfer (automatic),20.4,478.75,0,40.75235787074308,29.67199060987876,29.67199060987876,Q4
0533-UCAAU,Male,1,1,0,57,1,Yes,DSL,No,Yes,Yes,No,Yes,No,One year,1,Credit card (automatic),71.1,4140.1,0,17.754247271607156,29.662016816047803,29.662016816047803,Q4
2256-YLYLP,Male,0,1,1,68,1,No,DSL,No,No,Yes,Yes,Yes,Yes,Two year,1,Bank transfer (automatic),72.95,4953.25,0,4.025353038381127,29.60969903926152,29.60969903926152,Q4
6579-JPICP,Male,0,0,0,1,1,No,No,No internet service,No internet service,No internet service,No internet service,No internet service,No internet service,Month-to-month,0,Mailed check,20.4,20.4,0,0.8208512646812587,29.59925302505331,29.59925302505331,Q4
1183-CANVH,Female,0,1,0,23,1,No,DSL,No,No,No,Yes,Yes,No,One year,0,Bank transfer (automatic),60.0,1347.15,0,57.83321749122876,29.51373085970464,29.51373085970464,Q4
9442-JTWDL,Female,0,0,0,11,1,No,No,No internet service,No internet service,No internet service,No internet service,No internet service,No internet service,One year,0,Credit card (automatic),20.05,237.7,0,28.86108227589872,29.50496460157057,29.50496460157057,Q4
3642-GKTCT,Female,0,0,0,61,1,Yes,Fiber optic,Yes,Yes,Yes,Yes,Yes,Yes,One year,1,Mailed check,115.1,6993.65,0,1.456399907212928,29.504299164711146,29.504299164711146,Q4
4537-CIBHB,Female,0,1,1,9,1,No,No,No internet service,No internet service,No internet service,No internet service,No internet service,No internet service,One year,0,Mailed check,20.25,172.35,0,2.399963612880769,29.50037503059022,29.50037503059022,Q4
0361-HJRDX,Female,0,0,0,68,0,No phone service,DSL,Yes,Yes,Yes,Yes,Yes,Yes,Two year,0,Credit card (automatic),64.35,4539.6,0,10.390212153667171,29.490124191335955,29.490124191335955,Q4
1855-AGAWH,Male,0,1,0,31,1,No,Fiber optic,No,No,Yes,No,Yes,Yes,One year,1,Electronic check,93.8,2939.8,0,32.63081670909177,29.479032504932256,29.479032504932256,Q4
8246-SHFGA,Male,0,0,0,17,1,No,No,No internet service,No internet service,No internet service,No internet service,No internet service,No internet service,Month-to-month,0,Credit card (automatic),21.1,385.55,0,49.6983757735275,29.431982781055265,29.431982781055265,Q4
0289-IVARM,Female,0,0,0,35,1,No,DSL,Yes,Yes,Yes,No,No,No,Month-to-month,0,Electronic check,60.55,1982.6,0,6.484335277618189,29.41745689696723,29.41745689696723,Q4
3967-KXAPS,Male,0,1,0,72,1,Yes,DSL,Yes,Yes,Yes,Yes,Yes,Yes,Two year,0,Credit card (automatic),92.3,6719.9,0,2.621078353531134,29.4159491803948,29.4159491803948,Q4
5793-YOLJN,Female,0,1,1,55,1,No,No,No internet service,No internet service,No internet service,No internet service,No internet service,No internet service,Two year,0,Mailed check,21.0,1210.3,0,3.041438239475113,29.41398223291529,29.41398223291529,Q4
4976-LNFVV,Male,1,1,0,19,0,No phone service,DSL,No,Yes,Yes,No,No,No,Month-to-month,1,Credit card (automatic),34.3,577.15,0,0.7619104408028712,29.407752296942064,29.407752296942064,Q4
8548-AWOFC,Male,0,1,0,66,1,Yes,DSL,No,No,No,Yes,No,Yes,Month-to-month,0,Electronic check,63.85,4264.6,0,40.4655358942868,29.340240274234947,29.340240274234947,Q4
9624-EGDEQ,Female,0,0,0,37,1,No,No,No internet service,No internet service,No internet service,No internet service,No internet service,No internet service,Two year,0,Mailed check,19.8,813.3,0,5.5603350695303675,29.31839744310466,29.31839744310466,Q4
7916-VCCPB,Female,0,1,1,16,1,No,Fiber optic,No,Yes,No,No,No,No,Month-to-month,0,Bank transfer (automatic),73.25,1195.75,0,14.810889852216741,29.278757825679147,29.278757825679147,Q4
2105-PHWON,Female,0,1,0,33,1,Yes,Fiber optic,No,No,Yes,Yes,No,Yes,Month-to-month,1,Credit card (automatic),95.0,3008.15,0,1.1828456798015186,29.266194414451828,29.266194414451828,Q4
5855-EIBDE,Female,0,1,0,49,1,Yes,Fiber optic,Yes,Yes,Yes,Yes,No,Yes,Two year,0,Credit card (automatic),106.65,5174.35,0,18.01472171155974,29.25911272020743,29.25911272020743,Q4
1063-DHQJF,Male,0,1,1,69,1,No,Fiber optic,No,Yes,No,Yes,Yes,No,Two year,1,Mailed check,92.15,6480.9,0,10.150399467263286,29.226034678699175,29.226034678699175,Q4
6416-JNVRK,Female,0,0,0,46,1,No,DSL,No,No,No,No,No,Yes,One year,0,Credit card (automatic),55.65,2688.85,0,0.37623293421267556,29.211758954886218,29.211758954886218,Q4
4373-VVHQL,Male,0,0,0,1,1,No,DSL,No,No,No,No,No,No,Month-to-month,1,Electronic check,44.75,44.75,0,25.999994457683563,29.206393306738864,29.206393306738864,Q4
7343-EOBEU,Male,0,1,0,3,1,Yes,No,No internet service,No internet service,No internet service,No internet service,No internet service,No internet service,Month-to-month,1,Mailed check,23.6,89.05,0,31.16475851662,29.19820706129243,29.19820706129243,Q4
2672-TGEFF,Female,0,1,1,37,1,Yes,Fiber optic,No,Yes,No,No,Yes,No,Month-to-month,1,Electronic check,88.8,3340.55,0,33.08044243359853,29.18481599929072,29.18481599929072,Q4
3865-YIOTT,Male,0,1,1,72,1,Yes,Fiber optic,Yes,No,Yes,No,Yes,Yes,One year,1,Bank transfer (automatic),106.1,7848.5,0,34.561492691769544,29.13603758623755,29.13603758623755,Q4
4821-SJHJV,Female,0,1,1,32,1,Yes,Fiber optic,Yes,No,No,No,Yes,No,Month-to-month,0,Electronic check,89.6,2901.8,0,7.642272120123872,29.124126664769122,29.124126664769122,Q4
8646-JCOMS,Female,0,1,0,66,1,Yes,Fiber optic,No,Yes,Yes,Yes,No,No,One year,1,Bank transfer (automatic),90.55,6130.95,0,69.53933084205819,29.11947435610219,29.11947435610219,Q4
8966-KZXXA,Male,0,1,1,36,1,Yes,No,No internet service,No internet service,No internet service,No internet service,No internet service,No internet service,Two year,0,Credit card (automatic),25.1,930.95,0,72.97617748076479,29.10951169276228,29.10951169276228,Q4
8788-DOXSU,Male,0,0,0,59,1,No,DSL,No,No,Yes,No,No,Yes,One year,1,Bank transfer (automatic),61.35,3645.5,0,28.516458332673217,29.094079594822308,29.094079594822308,Q4
8313-KTIHG,Male,0,0,0,4,1,No,DSL,No,No,No,Yes,Yes,No,Month-to-month,1,Electronic check,61.3,249.4,0,52.106030002164516,29.045267285179797,29.045267285179797,Q4
5968-XQIVE,Male,0,1,1,72,1,Yes,Fiber optic,No,Yes,No,No,Yes,No,One year,1,Electronic check,89.7,6588.95,0,45.30543660354437,29.032033990014693,29.032033990014693,Q4
1319-YLZJG,Male,0,1,0,12,1,No,Fiber optic,Yes,Yes,Yes,No,No,No,Month-to-month,1,Electronic check,84.6,959.9,0,1.2495433615635103,29.012645898829405,29.012645898829405,Q4
4719-UMSIY,Male,0,0,1,6,1,No,No,No internet service,No internet service,No internet service,No internet service,No internet service,No internet service,Month-to-month,0,Mailed check,19.65,100.9,0,0.47160517465113083,29.006438003092132,29.006438003092132,Q4
2038-YSEZE,Female,0,0,0,29,1,Yes,DSL,Yes,Yes,No,Yes,No,No,Month-to-month,0,Mailed check,67.45,1801.1,0,18.647833618703917,28.993589107700206,28.993589107700206,Q4
4568-KNYWR,Male,0,0,0,52,1,No,DSL,Yes,Yes,No,No,Yes,No,Two year,1,Credit card (automatic),63.25,3342.45,0,44.078137219145816,28.969921480803723,28.969921480803723,Q4
3961-SXAXY,Male,0,0,0,1,1,No,DSL,No,No,No,No,No,No,Month-to-month,1,Bank transfer (automatic),44.05,44.05,0,3.3385797379679576,28.968316699582385,28.968316699582385,Q4
1036-GUDCL,Male,0,1,1,60,1,No,DSL,Yes,Yes,No,Yes,Yes,Yes,Month-to-month,1,Credit card (automatic),79.05,4663.4,0,10.472385541853837,28.965749826831967,28.965749826831967,Q4
9796-MVYXX,Female,1,0,0,14,0,No phone service,DSL,Yes,No,Yes,Yes,No,No,Two year,0,Mailed check,39.7,692.35,0,4.857934509317849,28.938257753520357,28.938257753520357,Q4
4067-HLYQI,Female,0,0,0,33,1,No,Fiber optic,No,No,No,No,No,No,Month-to-month,1,Bank transfer (automatic),70.4,2406.1,0,2.8391223708321514,28.902682600691698,28.902682600691698,Q4
