customerID,gender,SeniorCitizen,Partner,Dependents,tenure,PhoneService,MultipleLines,InternetService,OnlineSecurity,OnlineBackup,DeviceProtection,TechSupport,StreamingTV,StreamingMovies,Contract,PaperlessBilling,PaymentMethod,MonthlyCharges,TotalCharges,Churn,risk_churn - per cent,risk_quartile
8510-BBWMU,Female,0,0,0,41,1,No,No,No internet service,No internet service,No internet service,No internet service,No internet service,No internet service,One year,1,Mailed check,19.75,806.95,0,2.9877455894184695,Q1
9251-WNSOD,Female,0,1,0,67,1,Yes,DSL,Yes,Yes,Yes,No,No,Yes,One year,0,Mailed check,75.1,5064.45,0,2.9845727125765507,Q1
3525-DVKFN,Female,0,0,0,17,1,No,No,No internet service,No internet service,No internet service,No internet service,No internet service,No internet service,Two year,0,Mailed check,19.4,358.05,0,2.9824530357161696,Q1
7779-ORAEL,Male,1,1,0,45,1,Yes,DSL,Yes,No,Yes,Yes,No,Yes,Two year,0,Credit card (automatic),75.15,3480.35,0,2.9783936390561356,Q1
4615-PIVVU,Female,0,0,0,42,1,No,DSL,No,No,Yes,Yes,No,Yes,Two year,0,Credit card (automatic),66.5,2762.75,0,2.970038862470205,Q1
4560-WQAQW,Female,0,0,0,59,1,Yes,DSL,Yes,No,No,Yes,No,Yes,One year,0,Bank transfer (automatic),68.7,4070.95,0,2.95768718408418,Q1
4163-NCJAK,Female,0,1,0,46,1,Yes,No,No internet service,No internet service,No internet service,No internet service,No internet service,No internet service,One year,1,Bank transfer (automatic),24.45,1066.15,0,2.955545434222619,Q1
6064-ZATLR,Female,0,0,0,27,1,No,DSL,Yes,Yes,No,No,No,No,Two year,0,Bank transfer (automatic),52.85,1498.65,0,2.9467323827657634,Q1
7670-ZBPOQ,Female,0,1,0,58,1,Yes,DSL,Yes,No,No,Yes,No,No,One year,1,Bank transfer (automatic),61.05,3478.75,0,2.9462515865012096,Q1
6229-UOLQL,Male,0,1,1,56,0,No phone service,DSL,Yes,Yes,No,Yes,Yes,No,One year,1,Mailed check,52.0,2884.9,0,2.9400639313063923,Q1
5914-GXMDA,Female,0,1,0,32,1,No,No,No internet service,No internet service,No internet service,No internet service,No internet service,No internet service,One year,0,Mailed check,19.3,593.2,0,2.9352092217505747,Q1
4750-UKWJK,Female,1,1,0,37,1,No,No,No internet service,No internet service,No internet service,No internet service,No internet service,No internet service,One year,0,Mailed check,19.6,727.8,0,2.930303604870035,Q1
6223-DHJGV,Female,0,0,0,42,1,No,No,No internet service,No internet service,No internet service,No internet service,No internet service,No internet service,One year,1,Mailed check,20.65,958.1,0,2.9253968227815057,Q1
8717-VCTXJ,Male,0,0,0,42,1,No,No,No internet service,No internet service,No internet service,No internet service,No internet service,No internet service,One year,1,Mailed check,19.55,839.4,0,2.917756221019522,Q1
0757-WCUUZ,Male,0,1,1,54,1,Yes,DSL,No,No,Yes,No,No,Yes,Two year,0,Credit card (automatic),63.35,3409.1,0,2.9176478862230093,Q1
5442-PPTJY,Male,0,1,1,12,1,No,No,No internet service,No internet service,No internet service,No internet service,No internet service,No internet service,Two year,0,Mailed check,19.7,258.35,0,2.91730837942586,Q1
0078-XZMHT,Male,0,1,0,72,1,Yes,DSL,No,Yes,Yes,Yes,Yes,Yes,Two year,1,Bank transfer (automatic),85.15,6316.2,0,2.914139490852144,Q1
2126-GSEGL,Female,0,1,0,70,1,Yes,DSL,No,Yes,Yes,Yes,Yes,Yes,Two year,1,Bank transfer (automatic),84.8,5917.55,0,2.911127198228915,Q1
7945-HLKEA,Female,0,0,0,60,1,Yes,DSL,Yes,No,Yes,Yes,No,No,One year,0,Electronic check,64.75,4039.5,0,2.9060622653127957,Q1
6898-RBTLU,Female,0,1,1,49,1,Yes,DSL,No,Yes,No,Yes,Yes,Yes,Two year,0,Bank transfer (automatic),79.3,3902.45,0,2.904907709318839,Q1
8512-WIWYV,Male,0,0,0,32,1,No,No,No internet service,No internet service,No internet service,No internet service,No internet service,No internet service,One year,0,Credit card (automatic),20.35,707.5,0,2.9038344865173116,Q1
1051-EQPZR,Female,0,1,1,44,1,No,No,No internet service,No internet service,No internet service,No internet service,No internet service,No internet service,Month-to-month,0,Mailed check,19.6,780.25,0,2.902588007291073,Q1
5627-TVBPP,Female,0,0,1,35,1,No,No,No internet service,No internet service,No internet service,No internet service,No internet service,No internet service,One year,1,Credit card (automatic),20.1,644.5,0,2.8996058750689566,Q1
4872-VXRIL,Male,0,0,0,56,1,Yes,DSL,Yes,Yes,No,Yes,No,No,One year,1,Bank transfer (automatic),64.65,3665.55,0,2.895786258588014,Q1
3891-NLXJB,Male,0,0,0,37,0,No phone service,DSL,Yes,Yes,No,Yes,No,No,Two year,1,Mailed check,40.55,1390.85,0,2.895608775051497,Q1
0853-TWRVK,Male,0,1,0,72,1,Yes,Fiber optic,Yes,Yes,Yes,Yes,No,Yes,Two year,0,Bank transfer (automatic),105.6,7581.5,0,2.893742023139395,Q1
0743-HNPFG,Female,0,1,1,51,1,No,DSL,Yes,Yes,No,Yes,No,Yes,One year,1,Credit card (automatic),69.75,3562.5,0,2.893354386953938,Q1
6339-RZCBJ,Male,0,0,0,48,1,No,DSL,No,Yes,Yes,Yes,Yes,Yes,Two year,0,Credit card (automatic),78.9,3771.5,0,2.8817835835105563,Q1
7973-DZRKH,Female,0,0,1,66,1,Yes,Fiber optic,Yes,No,Yes,Yes,No,No,Two year,1,Credit card (automatic),90.95,5930.05,0,2.8779342658108273,Q1
5696-EXCYS,Male,0,0,0,17,1,No,No,No internet service,No internet service,No internet service,No internet service,No internet service,No internet service,Two year,0,Credit card (automatic),19.45,369.05,0,2.875623101877227,Q1
8819-WFGGJ,Male,0,1,0,68,0,No phone service,DSL,Yes,No,Yes,No,Yes,Yes,Two year,1,Bank transfer (automatic),54.1,3794.5,0,2.864664310543987,Q1
3721-WKIIL,Female,0,0,0,27,1,No,No,No internet service,No internet service,No internet service,No internet service,No internet service,No internet service,Two year,1,Mailed check,19.6,561.15,0,2.8624404806262236,Q1
2277-AXSDC,Female,0,0,0,32,1,No,No,No internet service,No internet service,No internet service,No internet service,No internet service,No internet service,One year,0,Bank transfer (automatic),19.75,624.15,0,2.860341368300843,Q1
5918-VUKWP,Female,0,0,0,32,1,No,No,No internet service,No internet service,No internet service,No internet service,No internet service,No internet service,One year,0,Bank transfer (automatic),20.55,654.55,0,2.8585264256148037,Q1
2878-DHMIN,Male,0,1,1,35,1,No,No,No internet service,No internet service,No internet service,No internet service,No internet service,No internet service,One year,0,Electronic check,19.9,666.0,0,2.8574630133509733,Q1
4573-JKNAE,Male,0,0,1,12,1,No,No,No internet service,No internet service,No internet service,No internet service,No internet service,No internet service,Two year,0,Bank transfer (automatic),19.35,212.3,0,2.8556958258838647,Q1
9717-IOAAF,Male,0,0,1,27,1,Yes,No,No internet service,No internet service,No internet service,No internet service,No internet service,No internet service,Two year,1,Credit card (automatic),25.85,788.55,0,2.8545206372942165,Q1
6631-HMANX,Male,0,1,0,72,1,Yes,DSL,No,Yes,Yes,Yes,Yes,Yes,Two year,1,Credit card (automatic),85.45,6227.5,0,2.852712062634091,Q1
2167-FQSTQ,Female,0,1,0,72,1,Yes,DSL,Yes,Yes,Yes,Yes,Yes,Yes,Two year,1,Electronic check,92.4,6786.1,0,2.8502729009994074,Q1
6463-HHXJR,Female,0,1,1,71,1,Yes,Fiber optic,Yes,Yes,Yes,No,Yes,No,Two year,0,Bank transfer (automatic),100.5,7030.65,0,2.849305952207521,Q1
5849-ASHZJ,Male,0,0,1,27,1,No,No,No internet service,No internet service,No internet service,No internet service,No internet service,No internet service,One year,0,Credit card (automatic),20.05,552.9,0,2.84837824146111,Q1
3230-IUALN,Female,0,1,1,45,1,No,DSL,Yes,No,Yes,Yes,Yes,Yes,Two year,1,Mailed check,81.0,3533.6,0,2.8391223708321514,Q1
6719-FGEDO,Female,0,1,0,72,1,Yes,Fiber optic,Yes,Yes,Yes,Yes,No,No,Two year,1,Bank transfer (automatic),97.0,7104.2,0,2.836501354210096,Q1
2252-NKNSI,Male,0,0,1,52,1,Yes,DSL,Yes,Yes,No,Yes,Yes,Yes,Two year,1,Mailed check,85.15,4461.85,0,2.83203205025797,Q1
8932-CZHRQ,Male,0,0,0,68,1,Yes,DSL,Yes,Yes,Yes,No,No,Yes,One year,0,Credit card (automatic),76.75,5233.25,0,2.8261174077622937,Q1
1092-WPIVQ,Female,0,1,1,18,1,Yes,No,No internet service,No internet service,No internet service,No internet service,No internet service,No internet service,Two year,0,Mailed check,25.1,428.45,0,2.8226497628309333,Q1
0191-EQUUH,Female,0,0,1,25,0,No phone service,DSL,Yes,No,No,Yes,No,No,Two year,0,Bank transfer (automatic),35.05,844.45,0,2.821458617716771,Q1
8745-PVESG,Female,0,0,0,57,0,No phone service,DSL,Yes,No,Yes,Yes,No,No,One year,1,Credit card (automatic),41.1,2258.25,0,2.8209929308675585,Q1
8331-ZXFOE,Female,0,0,0,58,1,Yes,DSL,Yes,Yes,Yes,Yes,No,No,One year,1,Credit card (automatic),71.1,4299.2,0,2.818884293367511,Q1
3547-LQRIK,Female,0,1,0,47,1,Yes,No,No internet service,No internet service,No internet service,No internet service,No internet service,No internet service,One year,0,Electronic check,26.9,1250.85,0,2.81874887685007,Q1
0334-ZFJSR,Female,0,1,0,55,1,Yes,DSL,Yes,Yes,No,Yes,No,No,One year,1,Credit card (automatic),66.05,3462.1,0,2.816649546729947,Q1
2351-BKRZW,Female,0,1,1,43,1,No,DSL,Yes,No,Yes,No,Yes,Yes,Two year,0,Bank transfer (automatic),75.2,3254.35,0,2.8146561093420295,Q1
3649-JPUGY,Male,0,0,0,72,1,Yes,DSL,No,Yes,Yes,Yes,Yes,Yes,Two year,1,Bank transfer (automatic),88.6,6201.95,0,2.8078501808292096,Q1
5197-LQXXH,Female,0,1,0,71,1,Yes,DSL,No,Yes,Yes,Yes,Yes,Yes,Two year,1,Credit card (automatic),83.3,5894.5,0,2.8053619010774278,Q1
5158-RIVOP,Female,0,1,1,11,1,No,No,No internet service,No internet service,No internet service,No internet service,No internet service,No internet service,Two year,0,Credit card (automatic),20.9,202.3,0,2.8043438678827406,Q1
8277-RVRSV,Female,0,1,1,33,1,Yes,No,No internet service,No internet service,No internet service,No internet service,No internet service,No internet service,One year,0,Credit card (automatic),24.15,800.3,0,2.8026069061477967,Q1
5129-HHMZC,Female,0,1,0,43,1,Yes,DSL,Yes,Yes,No,Yes,Yes,Yes,Two year,0,Credit card (automatic),86.45,3574.5,0,2.7960836640402293,Q1
1328-EUZHC,Female,0,1,0,18,1,No,No,No internet service,No internet service,No internet service,No internet service,No internet service,No internet service,Two year,0,Mailed check,20.1,370.5,0,2.793712590401382,Q1
0310-SUCIN,Female,0,1,0,71,1,No,DSL,Yes,Yes,Yes,Yes,Yes,Yes,One year,1,Bank transfer (automatic),84.8,6046.1,0,2.7931428292483287,Q1
4737-HOBAX,Male,0,1,0,63,1,Yes,DSL,No,No,Yes,Yes,Yes,Yes,Two year,0,Credit card (automatic),79.8,5034.05,0,2.790388936753243,Q1
2819-GWENI,Female,0,1,1,28,1,No,No,No internet service,No internet service,No internet service,No internet service,No internet service,No internet service,One year,0,Mailed check,19.9,543.0,0,2.789659801901779,Q1
6828-HMKWP,Male,0,1,1,12,1,No,No,No internet service,No internet service,No internet service,No internet service,No internet service,No internet service,Two year,0,Bank transfer (automatic),21.05,262.05,0,2.777127416812655,Q1
7622-FWGEW,Male,1,1,0,56,1,No,DSL,Yes,Yes,Yes,Yes,Yes,Yes,Two year,1,Bank transfer (automatic),85.65,4824.45,0,2.7728975611572735,Q1
1194-BHJYC,Male,0,1,0,61,0,No phone service,DSL,Yes,No,Yes,Yes,Yes,Yes,Two year,1,Mailed check,62.15,3778.85,0,2.7680307364302106,Q1
0854-UYHZD,Female,0,1,1,13,1,No,No,No internet service,No internet service,No internet service,No internet service,No internet service,No internet service,Two year,0,Mailed check,19.55,265.3,0,2.766546007192248,Q1
4702-HDRKD,Male,0,0,0,67,0,No phone service,DSL,Yes,No,Yes,Yes,Yes,No,One year,1,Bank transfer (automatic),49.35,3321.35,0,2.762530440276953,Q1
3865-ZFZIB,Male,0,0,0,19,1,No,No,No internet service,No internet service,No internet service,No internet service,No internet service,No internet service,Two year,0,Mailed check,19.65,358.15,0,2.758331330083503,Q1
4024-CSNBY,Female,0,1,0,72,1,Yes,Fiber optic,Yes,Yes,Yes,Yes,No,No,Two year,1,Bank transfer (automatic),94.25,6849.75,0,2.75710277965033,Q1
1813-JYWTO,Female,0,1,0,72,1,Yes,Fiber optic,Yes,No,No,No,No,No,Two year,0,Bank transfer (automatic),80.45,5737.6,0,2.7516818025651646,Q1
6522-OIQSX,Female,0,1,1,69,0,No phone service,DSL,No,Yes,Yes,No,Yes,Yes,Two year,1,Credit card (automatic),54.95,3772.5,0,2.7495833157480645,Q1
8606-OEGQZ,Female,0,0,1,18,1,Yes,No,No internet service,No internet service,No internet service,No internet service,No internet service,No internet service,Two year,0,Credit card (automatic),25.3,454.65,0,2.749296608509626,Q1
2333-KWEWW,Male,0,0,0,18,1,No,No,No internet service,No internet service,No internet service,No internet service,No internet service,No internet service,Two year,0,Credit card (automatic),20.05,388.6,0,2.748579532195801,Q1
3812-LRZIR,Female,0,1,1,27,1,Yes,No,No internet service,No internet service,No internet service,No internet service,No internet service,No internet service,Two year,0,Electronic check,24.5,761.95,0,2.7474123241754644,Q1
7110-BDTWG,Female,0,1,0,71,0,No phone service,DSL,No,No,Yes,Yes,No,Yes,Two year,1,Electronic check,47.05,3263.6,0,2.7442487136178992,Q1
0064-SUDOG,Female,0,1,1,12,1,No,No,No internet service,No internet service,No internet service,No internet service,No internet service,No internet service,Two year,0,Bank transfer (automatic),20.3,224.5,0,2.743357868807487,Q1
2606-PKWJB,Male,0,0,1,40,0,No phone service,DSL,Yes,Yes,No,Yes,No,No,One year,0,Mailed check,40.25,1564.05,0,2.742929054793147,Q1
4962-CHQPW,Male,0,0,1,29,1,No,No,No internet service,No internet service,No internet service,No internet service,No internet service,No internet service,One year,0,Mailed check,19.85,535.05,0,2.7416262587750895,Q1
2404-JIBFC,Female,0,1,1,55,1,Yes,DSL,Yes,No,Yes,Yes,Yes,Yes,Two year,1,Bank transfer (automatic),85.1,4657.95,0,2.740417827319226,Q1
1843-TLSGD,Female,0,1,1,13,1,No,No,No internet service,No internet service,No internet service,No internet service,No internet service,No internet service,Two year,0,Mailed check,20.85,272.35,0,2.740118189702332,Q1
7596-IIWYC,Female,0,0,0,27,1,No,No,No internet service,No internet service,No internet service,No internet service,No internet service,No internet service,Two year,1,Bank transfer (automatic),20.25,538.2,0,2.735531926046623,Q1
3129-AAQOU,Female,0,1,1,19,1,Yes,No,No internet service,No internet service,No internet service,No internet service,No internet service,No internet service,Two year,0,Mailed check,25.6,485.9,0,2.721537726642346,Q1
4178-EGMON,Male,0,1,0,70,1,Yes,Fiber optic,Yes,Yes,No,Yes,No,No,Two year,1,Credit card (automatic),88.0,5986.45,0,2.7153127568508593,Q1
4891-NLUBA,Female,0,1,1,61,0,No phone service,DSL,No,Yes,Yes,Yes,Yes,Yes,Two year,1,Bank transfer (automatic),61.45,3751.15,0,2.714880004247334,Q1
6121-TNHBO,Female,1,0,0,63,1,Yes,DSL,Yes,Yes,Yes,Yes,Yes,No,One year,0,Bank transfer (automatic),83.0,5243.05,0,2.713741186574474,Q1
2890-WFBHU,Female,0,0,0,59,1,Yes,DSL,Yes,Yes,Yes,Yes,No,Yes,One year,0,Credit card (automatic),79.85,4786.1,0,2.7067116894043073,Q1
0804-YGEQV,Female,0,1,1,43,1,Yes,No,No internet service,No internet service,No internet service,No internet service,No internet service,No internet service,One year,1,Bank transfer (automatic),24.45,993.15,0,2.7045932961588868,Q1
4667-QONEA,Female,1,1,1,60,1,No,DSL,Yes,Yes,Yes,Yes,No,Yes,One year,1,Credit card (automatic),74.85,4456.35,0,2.6983439942775513,Q1
4547-FZJWE,Male,0,1,1,55,1,No,DSL,Yes,No,No,No,No,Yes,One year,0,Credit card (automatic),59.45,3157.0,0,2.69718675899125,Q1
4584-LBNMK,Male,1,1,0,45,1,Yes,No,No internet service,No internet service,No internet service,No internet service,No internet service,No internet service,One year,0,Credit card (automatic),24.7,1174.35,0,2.6951131939862405,Q1
9795-NREXC,Female,0,1,0,64,1,Yes,DSL,Yes,No,Yes,Yes,Yes,Yes,Two year,1,Credit card (automatic),85.0,5484.4,0,2.6945995077892313,Q1
1525-LNLOJ,Male,0,1,1,66,1,Yes,DSL,No,No,Yes,No,Yes,No,Two year,1,Bank transfer (automatic),63.3,4189.7,0,2.689714002672941,Q1
9359-UGBTK,Female,0,0,0,67,1,No,DSL,Yes,No,Yes,Yes,No,Yes,One year,1,Bank transfer (automatic),72.35,4991.5,0,2.6745393859902435,Q1
7473-ZBDSN,Female,0,1,1,14,1,No,No,No internet service,No internet service,No internet service,No internet service,No internet service,No internet service,Two year,0,Mailed check,18.8,255.55,0,2.659410316074761,Q1
1535-VTJOQ,Female,0,0,0,24,1,Yes,No,No internet service,No internet service,No internet service,No internet service,No internet service,No internet service,Two year,0,Credit card (automatic),25.15,553.0,0,2.6574177515594606,Q1
3401-URHDA,Male,0,0,0,51,1,Yes,DSL,Yes,No,No,Yes,No,No,One year,0,Credit card (automatic),59.9,3043.6,0,2.6540431036568064,Q1
1960-UOTYM,Male,0,1,1,52,1,No,DSL,Yes,Yes,Yes,No,Yes,Yes,Two year,0,Electronic check,79.2,4016.3,0,2.65146739244496,Q1
8143-ETQTI,Female,0,1,1,23,1,No,No,No internet service,No internet service,No internet service,No internet service,No internet service,No internet service,Two year,1,Mailed check,19.65,451.55,0,2.651118509958824,Q1
1293-HHSHJ,Female,0,0,0,35,1,No,No,No internet service,No internet service,No internet service,No internet service,No internet service,No internet service,One year,0,Mailed check,21.1,741.0,0,2.6480553271352716,Q1
2040-LDIWQ,Male,0,1,1,65,1,Yes,DSL,No,Yes,Yes,Yes,Yes,Yes,Two year,1,Bank transfer (automatic),84.2,5324.5,0,2.6460468950584204,Q1
8144-DGHXP,Female,0,0,0,54,1,No,DSL,Yes,No,Yes,Yes,Yes,Yes,Two year,0,Electronic check,80.6,4299.95,0,2.6352256246696992,Q1
9509-MPYOD,Female,0,0,0,35,1,No,No,No internet service,No internet service,No internet service,No internet service,No internet service,No internet service,One year,0,Mailed check,20.75,700.45,0,2.634424151605061,Q1
0436-TWFFZ,Female,0,0,0,67,1,Yes,DSL,Yes,No,Yes,Yes,Yes,Yes,Two year,1,Mailed check,85.25,5714.2,0,2.6334521371972,Q1
5148-HKFIR,Female,0,0,0,20,1,No,No,No internet service,No internet service,No internet service,No internet service,No internet service,No internet service,Two year,0,Mailed check,19.7,406.95,0,2.6329917059394683,Q1
9880-TDQAC,Female,0,1,1,72,0,No phone service,DSL,No,Yes,Yes,Yes,Yes,Yes,Two year,1,Electronic check,60.0,4264.0,0,2.63106897082853,Q1
9830-ECLEN,Male,0,1,1,58,0,No phone service,DSL,Yes,Yes,Yes,No,Yes,No,One year,0,Mailed check,50.0,2919.85,0,2.627732468339928,Q1
7501-IWUNG,Female,0,1,1,61,1,No,DSL,No,No,Yes,Yes,Yes,Yes,Two year,1,Bank transfer (automatic),73.8,4616.05,0,2.6269775887894276,Q1
2516-XSJKX,Female,0,1,1,41,1,No,DSL,Yes,Yes,No,Yes,Yes,Yes,Two year,0,Electronic check,78.45,3126.45,0,2.621078353531134,Q1
3654-ARMGP,Female,0,0,0,61,1,Yes,DSL,No,Yes,Yes,Yes,Yes,Yes,Two year,0,Credit card (automatic),88.65,5321.25,0,2.620761261574332,Q1
4293-ETKAP,Female,0,1,1,65,1,Yes,DSL,No,Yes,No,Yes,Yes,Yes,Two year,1,Bank transfer (automatic),79.4,5071.9,0,2.607735290485507,Q1
8999-YPYBV,Male,0,1,1,45,1,No,DSL,Yes,Yes,Yes,Yes,Yes,Yes,Two year,1,Mailed check,84.35,3858.05,0,2.601690862296999,Q1
3720-DBRWL,Male,0,1,0,51,1,No,DSL,Yes,Yes,Yes,Yes,Yes,Yes,Two year,1,Credit card (automatic),83.85,4307.1,0,2.5990533923276504,Q1
8510-TMWYB,Female,0,1,1,54,1,Yes,DSL,No,Yes,Yes,No,No,No,Two year,1,Bank transfer (automatic),59.8,3246.45,0,2.585771206279881,Q1
8884-FEEWR,Male,0,0,0,35,1,No,No,No internet service,No internet service,No internet service,No internet service,No internet service,No internet service,One year,0,Bank transfer (automatic),20.6,754.0,0,2.584359016119997,Q1
2266-FUBDZ,Male,0,1,1,15,1,No,No,No internet service,No internet service,No internet service,No internet service,No internet service,No internet service,Two year,0,Mailed check,19.35,278.85,0,2.5756735541894025,Q1
6609-MXJHJ,Female,0,1,1,30,1,Yes,No,No internet service,No internet service,No internet service,No internet service,No internet service,No internet service,Two year,1,Mailed check,25.1,789.55,0,2.570308795204306,Q1
2192-OZITF,Female,0,0,0,45,1,Yes,DSL,Yes,No,No,Yes,No,Yes,Two year,0,Mailed check,73.55,3349.1,0,2.569156476493512,Q1
2302-OUZXB,Male,0,1,0,72,1,Yes,DSL,No,Yes,Yes,No,Yes,Yes,Two year,0,Bank transfer (automatic),82.15,5784.3,0,2.56421978536427,Q1
4039-PIMHX,Male,1,1,0,49,1,No,DSL,No,Yes,No,No,No,No,Two year,0,Mailed check,49.8,2398.4,0,2.5616116362589936,Q1
3378-AJRAO,Male,0,1,1,44,1,Yes,No,No internet service,No internet service,No internet service,No internet service,No internet service,No internet service,One year,0,Electronic check,24.85,1013.6,0,2.5615276412963297,Q1
1089-XZWHH,Female,0,1,1,24,1,No,No,No internet service,No internet service,No internet service,No internet service,No internet service,No internet service,Two year,1,Mailed check,19.7,494.05,0,2.5582533541546724,Q1
0559-CKHUS,Female,0,1,0,29,1,No,No,No internet service,No internet service,No internet service,No internet service,No internet service,No internet service,Two year,1,Mailed check,19.55,521.8,0,2.5539966852783325,Q1
6603-YRDCJ,Male,0,1,0,33,1,No,DSL,Yes,Yes,No,Yes,No,No,Two year,1,Mailed check,61.05,2018.4,0,2.5531935693810603,Q1
8390-FESFV,Female,0,0,0,62,1,Yes,DSL,No,Yes,Yes,Yes,Yes,Yes,Two year,0,Bank transfer (automatic),84.5,5193.2,0,2.5458454680162346,Q1
3887-PBQAO,Female,0,1,1,45,1,Yes,No,No internet service,No internet service,No internet service,No internet service,No internet service,No internet service,One year,1,Credit card (automatic),25.9,1216.6,0,2.5435556042921617,Q1
4703-MQYKT,Male,0,0,0,21,1,No,No,No internet service,No internet service,No internet service,No internet service,No internet service,No internet service,Two year,0,Mailed check,19.6,390.4,0,2.5433936429329056,Q1
5313-FPXWG,Male,0,0,0,51,1,Yes,No,No internet service,No internet service,No internet service,No internet service,No internet service,No internet service,One year,1,Bank transfer (automatic),24.6,1266.4,0,2.5425200477229506,Q1
2239-CGBUZ,Female,0,1,0,51,1,No,DSL,Yes,Yes,No,Yes,No,No,One year,1,Bank transfer (automatic),60.5,3145.15,0,2.5408931984894965,Q1
6963-EZQEE,Male,1,1,0,70,1,Yes,DSL,Yes,Yes,Yes,Yes,Yes,Yes,Two year,1,Credit card (automatic),88.55,6306.5,0,2.539927390538175,Q1
0993-OSGPT,Female,1,1,0,68,1,No,DSL,No,Yes,Yes,Yes,No,No,One year,1,Bank transfer (automatic),60.65,3975.9,0,2.5374648654618097,Q1
7609-YBPXG,Male,0,0,0,54,1,Yes,DSL,Yes,No,Yes,Yes,Yes,Yes,Two year,0,Bank transfer (automatic),87.1,4735.2,0,2.5336011872700164,Q1
7025-WCBNE,Male,1,0,0,47,1,Yes,DSL,No,Yes,No,Yes,No,No,Two year,0,Bank transfer (automatic),59.6,2754.0,0,2.5288624797437054,Q1
2405-LBMUW,Female,0,1,1,61,0,No phone service,DSL,Yes,Yes,No,Yes,No,Yes,One year,1,Bank transfer (automatic),50.7,3088.75,0,2.5280183649071484,Q1
9385-NXKDA,Female,0,1,0,72,1,Yes,DSL,Yes,Yes,Yes,No,Yes,Yes,Two year,1,Credit card (automatic),82.65,5919.35,0,2.5240088701097667,Q1
3569-VLDHH,Male,0,1,1,66,1,No,DSL,Yes,Yes,Yes,Yes,Yes,No,One year,1,Electronic check,75.1,5013.0,0,2.5209583850137802,Q1
6872-HXFNF,Female,0,1,0,64,1,Yes,DSL,No,No,Yes,Yes,No,No,One year,0,Bank transfer (automatic),58.35,3756.45,0,2.520837141056124,Q1
2000-DHJUY,Female,1,1,0,70,1,Yes,DSL,Yes,Yes,Yes,Yes,Yes,Yes,Two year,1,Bank transfer (automatic),92.2,6474.45,0,2.5183898795011315,Q1
9824-QCJPK,Male,0,1,0,36,1,No,No,No internet service,No internet service,No internet service,No internet service,No internet service,No internet service,One year,0,Mailed check,20.0,666.75,0,2.5172014437285117,Q1
8060-HIWJJ,Male,0,0,0,64,1,Yes,DSL,No,Yes,Yes,Yes,Yes,Yes,Two year,0,Credit card (automatic),86.55,5632.55,0,2.515653384471638,Q1
6120-RJKLU,Female,1,1,0,62,1,No,DSL,Yes,No,Yes,Yes,Yes,Yes,Two year,1,Credit card (automatic),79.95,4819.75,0,2.510223717288117,Q1
1265-HVPZB,Male,0,1,0,59,1,No,DSL,Yes,Yes,Yes,No,Yes,No,One year,0,Credit card (automatic),66.4,3958.2,0,2.509048604583841,Q1
0513-RBGPE,Male,0,1,1,37,1,Yes,DSL,Yes,No,Yes,Yes,No,No,Two year,1,Credit card (automatic),62.8,2278.75,0,2.5087645010522808,Q1
3486-NPGST,Female,0,0,0,36,1,No,No,No internet service,No internet service,No internet service,No internet service,No internet service,No internet service,One year,0,Mailed check,19.55,620.75,0,2.506990410588176,Q1
6418-HNFED,Male,0,1,0,51,1,No,DSL,Yes,Yes,Yes,Yes,Yes,Yes,Two year,1,Credit card (automatic),83.25,4089.45,0,2.49873417298096,Q1
2753-JMMCV,Male,0,0,0,65,1,Yes,DSL,No,Yes,Yes,Yes,No,Yes,Two year,1,Credit card (automatic),74.2,4805.65,0,2.4984905441595586,Q1
5387-ASZNZ,Female,1,0,0,66,1,Yes,DSL,Yes,Yes,No,Yes,No,No,One year,1,Credit card (automatic),63.85,4174.35,0,2.493250059716704,Q1
9150-HEPMB,Male,0,0,0,56,1,No,DSL,Yes,No,Yes,No,No,No,One year,0,Mailed check,52.7,3019.7,0,2.493188156922714,Q1
7061-OVMIM,Female,0,1,1,30,1,No,No,No internet service,No internet service,No internet service,No internet service,No internet service,No internet service,One year,0,Bank transfer (automatic),19.55,608.5,0,2.487958208349814,Q1
6772-WFQRD,Male,0,0,1,40,1,No,No,No internet service,No internet service,No internet service,No internet service,No internet service,No internet service,One year,1,Bank transfer (automatic),20.4,854.9,0,2.4804545037098595,Q1
8565-WUXZU,Male,1,1,0,72,1,No,Fiber optic,Yes,Yes,No,Yes,No,No,Two year,1,Credit card (automatic),84.8,6141.65,0,2.480288033315908,Q1
2863-IMQDR,Female,0,0,0,61,1,Yes,DSL,Yes,Yes,Yes,Yes,Yes,Yes,Two year,0,Electronic check,89.65,5308.7,0,2.478524130911504,Q1
6810-VCAEX,Female,0,0,0,47,0,No phone service,DSL,Yes,Yes,No,Yes,No,No,One year,0,Credit card (automatic),39.65,1798.65,0,2.4724486581565954,Q1
2123-VSCOT,Female,0,1,1,59,1,Yes,DSL,No,No,Yes,Yes,Yes,No,Two year,1,Bank transfer (automatic),72.1,4194.85,0,2.470215177277519,Q1
7503-MIOGA,Female,1,1,0,72,1,Yes,DSL,Yes,Yes,Yes,Yes,Yes,Yes,Two year,1,Bank transfer (automatic),89.85,6697.35,0,2.462473740935784,Q1
5321-NTRKC,Male,0,1,1,66,1,Yes,DSL,No,Yes,Yes,No,Yes,Yes,Two year,0,Bank transfer (automatic),79.85,5234.95,0,2.46081727655378,Q1
2599-CIPQE,Male,0,1,1,71,1,No,Fiber optic,Yes,Yes,Yes,Yes,Yes,Yes,Two year,0,Credit card (automatic),109.3,7782.85,0,2.455340470526967,Q1
6696-YDAYZ,Male,0,1,1,16,1,No,No,No internet service,No internet service,No internet service,No internet service,No internet service,No internet service,Two year,0,Mailed check,20.5,290.55,0,2.446545669387142,Q1
1699-TLDLZ,Female,0,1,1,16,1,No,No,No internet service,No internet service,No internet service,No internet service,No internet service,No internet service,Two year,0,Mailed check,19.7,301.55,0,2.439735674602449,Q1
5583-EJXRD,Male,0,1,1,44,0,No phone service,DSL,Yes,Yes,Yes,Yes,No,Yes,Two year,1,Credit card (automatic),54.05,2375.2,0,2.4372170616044477,Q1
4295-YURET,Female,1,1,1,56,1,No,DSL,Yes,No,No,Yes,Yes,Yes,Two year,1,Credit card (automatic),72.6,4084.35,0,2.4368576183771298,Q1
2193-SFWQW,Male,0,1,1,72,1,No,Fiber optic,Yes,Yes,Yes,Yes,Yes,Yes,Two year,0,Bank transfer (automatic),111.95,8033.1,0,2.431447469213024,Q1
3489-VSFRD,Female,0,0,0,56,1,No,DSL,Yes,No,Yes,Yes,No,No,One year,1,Credit card (automatic),60.25,3282.75,0,2.4276767651698705,Q1
4568-KNYWR,Male,0,0,0,52,1,No,DSL,Yes,Yes,No,No,Yes,No,Two year,1,Credit card (automatic),63.25,3342.45,0,2.4252546605861878,Q1
0979-MOZQI,Male,0,1,0,62,0,No phone service,DSL,No,No,No,Yes,Yes,No,Two year,1,Bank transfer (automatic),39.0,2337.45,0,2.4237336415171016,Q1
5512-IDZEI,Male,0,1,1,46,1,Yes,No,No internet service,No internet service,No internet service,No internet service,No internet service,No internet service,One year,0,Electronic check,24.9,1174.8,0,2.422855747329683,Q1
1498-NHTLT,Male,0,1,1,59,1,No,DSL,Yes,Yes,Yes,Yes,Yes,Yes,Two year,1,Electronic check,86.75,5186.0,0,2.4177524348916717,Q1
5394-MEITZ,Female,0,1,1,60,1,No,DSL,No,Yes,Yes,Yes,Yes,Yes,Two year,1,Bank transfer (automatic),80.6,4946.7,0,2.4174138444052993,Q1
0604-THJFP,Female,0,1,1,59,1,No,DSL,No,Yes,No,Yes,Yes,Yes,Two year,1,Credit card (automatic),75.95,4542.35,0,2.4172401729645654,Q1
0707-HOVVN,Female,1,0,0,70,1,Yes,DSL,No,Yes,Yes,Yes,Yes,No,Two year,1,Bank transfer (automatic),75.5,5212.65,0,2.4159496513522947,Q1
9945-PSVIP,Female,0,1,1,25,1,No,No,No internet service,No internet service,No internet service,No internet service,No internet service,No internet service,Two year,1,Mailed check,18.7,383.65,0,2.415468776435379,Q1
8345-MVDYC,Female,0,0,0,45,1,No,DSL,Yes,No,Yes,Yes,Yes,Yes,Two year,0,Bank transfer (automatic),81.65,3618.7,0,2.4128141854830822,Q1
4980-URKXC,Male,0,1,0,36,1,No,No,No internet service,No internet service,No internet service,No internet service,No internet service,No internet service,One year,0,Bank transfer (automatic),20.85,720.05,0,2.4116732810495316,Q1
3911-RSNHI,Female,0,1,0,71,0,No phone service,DSL,No,Yes,Yes,Yes,Yes,Yes,Two year,1,Credit card (automatic),61.4,4310.35,0,2.4043926106203264,Q1
8067-NIOYM,Female,0,1,1,24,1,No,No,No internet service,No internet service,No internet service,No internet service,No internet service,No internet service,Two year,1,Credit card (automatic),21.1,490.65,0,2.4028570770621553,Q1
1088-CNNKB,Male,0,1,0,63,1,Yes,DSL,Yes,Yes,Yes,Yes,No,Yes,One year,0,Credit card (automatic),80.0,5040.2,0,2.399963612880769,Q1
6242-FEGFD,Male,0,1,0,66,1,Yes,Fiber optic,Yes,Yes,Yes,Yes,No,No,Two year,0,Mailed check,96.6,6424.25,0,2.3944798514962455,Q1
8645-KOMJQ,Male,0,1,1,69,1,Yes,DSL,No,Yes,Yes,Yes,Yes,Yes,Two year,1,Bank transfer (automatic),81.95,5601.4,0,2.393561835161247,Q1
5702-KVQRD,Male,0,1,0,71,1,No,DSL,Yes,No,Yes,Yes,Yes,Yes,Two year,1,Electronic check,82.55,5832.65,0,2.3934376025227313,Q1
7328-OWMOM,Female,0,0,1,31,1,No,No,No internet service,No internet service,No internet service,No internet service,No internet service,No internet service,One year,0,Credit card (automatic),20.1,589.25,0,2.3859522256114407,Q1
6166-YIPFO,Male,0,1,0,72,0,No phone service,DSL,Yes,Yes,Yes,Yes,Yes,Yes,Two year,1,Electronic check,64.7,4746.05,0,2.385153850469378,Q1
3389-KTRXV,Female,0,1,1,23,1,Yes,No,No internet service,No internet service,No internet service,No internet service,No internet service,No internet service,Two year,0,Mailed check,23.85,625.65,0,2.384122987080455,Q1
5453-YBTWV,Male,0,1,1,70,1,No,Fiber optic,Yes,Yes,Yes,Yes,Yes,No,Two year,1,Credit card (automatic),101.1,6994.8,0,2.3841108404332676,Q1
1090-ESELR,Male,0,1,1,72,1,No,Fiber optic,Yes,Yes,No,Yes,Yes,Yes,Two year,0,Bank transfer (automatic),105.5,7611.55,0,2.38384462703631,Q1
0383-CLDDA,Female,0,0,0,69,1,Yes,DSL,Yes,No,Yes,Yes,Yes,Yes,Two year,1,Credit card (automatic),85.35,5897.4,0,2.3750504335115905,Q1
6549-BTYPG,Female,0,1,0,60,0,No phone service,DSL,No,Yes,Yes,Yes,Yes,Yes,Two year,0,Credit card (automatic),60.8,3603.45,0,2.374656328854486,Q1
8327-WKMIE,Male,0,0,0,37,1,No,No,No internet service,No internet service,No internet service,No internet service,No internet service,No internet service,One year,0,Credit card (automatic),20.15,785.75,0,2.3729625510165433,Q1
4890-VMUAV,Male,0,0,0,63,1,Yes,DSL,Yes,Yes,Yes,Yes,No,No,One year,0,Electronic check,71.5,4576.3,0,2.3684330344754847,Q1
6516-NKQBO,Male,0,1,1,38,1,No,DSL,Yes,No,Yes,Yes,Yes,Yes,Two year,0,Credit card (automatic),81.0,3084.9,0,2.367068837968727,Q1
8221-HVAYI,Male,0,1,1,35,1,Yes,DSL,Yes,Yes,Yes,Yes,No,No,Two year,1,Credit card (automatic),69.15,2490.15,0,2.3647844984340716,Q1
7190-XHTWJ,Female,0,0,0,38,1,No,No,No internet service,No internet service,No internet service,No internet service,No internet service,No internet service,One year,0,Mailed check,19.3,755.5,0,2.364566994901029,Q1
0902-RFHOF,Male,0,0,0,38,1,No,No,No internet service,No internet service,No internet service,No internet service,No internet service,No internet service,One year,0,Mailed check,20.1,730.1,0,2.3632227985755936,Q1
5788-YPOEG,Female,0,1,1,34,1,No,DSL,Yes,Yes,Yes,Yes,Yes,Yes,Two year,0,Mailed check,84.75,2839.45,0,2.3611953483126893,Q1
2612-PHGOX,Male,0,1,0,64,1,Yes,DSL,No,Yes,Yes,Yes,Yes,No,Two year,1,Bank transfer (automatic),76.1,4818.8,0,2.3573860074996533,Q1
6732-VAILE,Male,0,1,1,70,1,Yes,DSL,No,Yes,Yes,Yes,Yes,Yes,Two year,1,Credit card (automatic),85.95,5931.75,0,2.3556103109718056,Q1
8050-DVOJX,Male,1,0,0,49,1,Yes,DSL,Yes,Yes,Yes,Yes,No,Yes,Two year,0,Credit card (automatic),81.35,4060.9,0,2.3525940128519998,Q1
2808-CHTDM,Female,0,1,1,23,1,Yes,No,No internet service,No internet service,No internet service,No internet service,No internet service,No internet service,Two year,0,Mailed check,25.1,611.45,0,2.3521314796698496,Q1
8672-OAUPW,Male,0,0,1,51,1,No,DSL,No,No,No,Yes,No,No,One year,0,Credit card (automatic),47.85,2356.75,0,2.3521033081749882,Q1
5317-FLPJF,Female,0,0,0,66,0,No phone service,DSL,Yes,No,Yes,Yes,Yes,Yes,Two year,1,Bank transfer (automatic),61.35,4193.4,0,2.3344544282660222,Q1
7508-DQAKK,Female,0,0,0,64,1,Yes,DSL,Yes,Yes,Yes,Yes,Yes,Yes,Two year,1,Credit card (automatic),86.4,5442.05,0,2.33224819746415,Q1
5924-SNGKP,Female,0,0,1,41,1,No,No,No internet service,No internet service,No internet service,No internet service,No internet service,No internet service,One year,1,Credit card (automatic),20.25,865.0,0,2.330980545404723,Q1
4381-MHQDC,Female,0,0,0,47,1,Yes,DSL,Yes,No,Yes,Yes,No,No,Two year,1,Mailed check,65.0,2879.9,0,2.330848094753912,Q1
9995-HOTOH,Male,0,1,1,63,0,No phone service,DSL,Yes,Yes,Yes,No,Yes,Yes,Two year,0,Electronic check,59.0,3707.6,0,2.323122358075917,Q1
6563-VRERX,Male,0,1,1,33,1,No,No,No internet service,No internet service,No internet service,No internet service,No internet service,No internet service,One year,0,Mailed check,20.6,690.25,0,2.320641000673235,Q1
9958-MEKUC,Male,0,1,1,72,1,Yes,Fiber optic,Yes,Yes,Yes,Yes,No,Yes,Two year,0,Credit card (automatic),103.95,7517.7,0,2.318738060211321,Q1
5380-XPJNZ,Female,0,0,0,38,1,No,No,No internet service,No internet service,No internet service,No internet service,No internet service,No internet service,One year,0,Mailed check,20.05,678.2,0,2.3130735883371756,Q1
4883-KCPZJ,Female,0,1,1,22,1,Yes,No,No internet service,No internet service,No internet service,No internet service,No internet service,No internet service,Two year,0,Credit card (automatic),25.25,555.4,0,2.3075428211922517,Q1
2977-CEBSX,Female,0,0,0,66,1,Yes,DSL,Yes,Yes,Yes,Yes,Yes,Yes,Two year,1,Credit card (automatic),90.05,5965.95,0,2.302599410440447,Q1
2521-NPUZR,Male,0,1,0,70,1,No,Fiber optic,Yes,Yes,Yes,Yes,No,Yes,Two year,0,Credit card (automatic),101.0,7085.5,0,2.2963380518228944,Q1
1755-FZQEC,Male,0,0,0,39,1,No,No,No internet service,No internet service,No internet service,No internet service,No internet service,No internet service,One year,0,Mailed check,19.9,791.15,0,2.2935681976483058,Q1
3460-TJBWI,Male,0,1,1,24,1,Yes,No,No internet service,No internet service,No internet service,No internet service,No internet service,No internet service,Two year,0,Mailed check,24.2,609.05,0,2.2935414220861037,Q1
4751-ERMAN,Male,0,1,1,72,1,No,DSL,No,Yes,Yes,No,Yes,Yes,Two year,1,Bank transfer (automatic),75.4,5480.25,0,2.2925863061657012,Q1
8265-HKSOW,Female,0,1,1,72,1,Yes,Fiber optic,Yes,Yes,Yes,Yes,No,Yes,Two year,0,Credit card (automatic),107.45,7658.3,0,2.289452065289614,Q1
8200-LGKSR,Male,0,1,0,71,1,Yes,DSL,Yes,No,Yes,Yes,Yes,Yes,Two year,0,Electronic check,83.2,6126.1,0,2.2826594842188332,Q1
7452-FOLON,Male,0,0,1,39,1,Yes,No,No internet service,No internet service,No internet service,No internet service,No internet service,No internet service,One year,0,Bank transfer (automatic),25.45,958.45,0,2.281167008202485,Q1
2990-OGYTD,Female,0,1,0,67,1,Yes,DSL,No,Yes,Yes,Yes,Yes,Yes,Two year,0,Bank transfer (automatic),86.15,5883.85,0,2.278578050872473,Q1
5859-HZYLF,Male,0,1,1,26,1,No,No,No internet service,No internet service,No internet service,No internet service,No internet service,No internet service,Two year,1,Credit card (automatic),19.15,515.75,0,2.27644871510167,Q1
7054-DMVAS,Male,0,0,0,54,1,No,DSL,Yes,Yes,No,No,Yes,No,Two year,1,Bank transfer (automatic),65.3,3512.9,0,2.2749674422493196,Q1
5792-JALQC,Female,1,0,0,52,1,Yes,DSL,Yes,No,Yes,No,No,No,Two year,0,Bank transfer (automatic),59.85,3103.25,0,2.273483530411094,Q1
0301-KOBTQ,Male,0,0,0,32,1,No,No,No internet service,No internet service,No internet service,No internet service,No internet service,No internet service,Two year,1,Bank transfer (automatic),20.05,614.45,0,2.261229353094782,Q1
9548-ZMVTX,Male,0,1,1,72,1,Yes,Fiber optic,No,Yes,Yes,Yes,No,No,Two year,0,Bank transfer (automatic),90.45,6565.85,0,2.2602187361118626,Q1
1403-LKLIK,Female,0,1,1,33,1,No,No,No internet service,No internet service,No internet service,No internet service,No internet service,No internet service,One year,0,Mailed check,20.1,579.4,0,2.254318589126477,Q1
5696-JVVQY,Female,0,1,1,48,1,No,DSL,Yes,Yes,Yes,No,No,Yes,Two year,1,Credit card (automatic),70.1,3238.4,0,2.251970884868771,Q1
1395-WSWXR,Male,0,0,0,24,1,No,No,No internet service,No internet service,No internet service,No internet service,No internet service,No internet service,Two year,0,Mailed check,20.75,487.05,0,2.2500516386130354,Q1
3957-HHLMR,Female,0,1,1,70,1,Yes,DSL,Yes,No,No,No,No,Yes,One year,0,Bank transfer (automatic),65.2,4543.15,0,2.248665360048562,Q1
2192-CKRLV,Female,0,1,0,72,0,No phone service,DSL,Yes,Yes,Yes,No,No,Yes,Two year,1,Electronic check,49.2,3580.95,0,2.2473487004858637,Q1
6258-PVZWJ,Male,0,1,0,68,1,Yes,DSL,Yes,Yes,Yes,Yes,Yes,Yes,Two year,1,Credit card (automatic),90.8,6302.85,0,2.2444490263981396,Q1
2892-GESUL,Female,0,1,1,18,1,No,No,No internet service,No internet service,No internet service,No internet service,No internet service,No internet service,Two year,0,Mailed check,19.35,309.25,0,2.244439956957543,Q1
3896-ZVNET,Female,0,1,1,24,1,Yes,No,No internet service,No internet service,No internet service,No internet service,No internet service,No internet service,Two year,0,Mailed check,24.7,571.75,0,2.240802137326829,Q1
7564-GHCVB,Female,0,1,1,72,1,Yes,Fiber optic,Yes,No,No,No,No,No,Two year,0,Bank transfer (automatic),79.05,5730.7,0,2.240389502902849,Q1
7233-PAHHL,Male,0,1,1,66,1,Yes,DSL,Yes,No,Yes,Yes,Yes,Yes,Two year,1,Mailed check,84.0,5714.25,0,2.237484978284728,Q1
9470-YFUYI,Male,1,1,0,71,1,No,DSL,Yes,Yes,No,Yes,Yes,No,One year,1,Bank transfer (automatic),71.0,5012.1,0,2.2344962259549566,Q1
9548-LERKT,Male,0,1,0,24,1,No,No,No internet service,No internet service,No internet service,No internet service,No internet service,No internet service,Two year,0,Mailed check,19.75,483.15,0,2.230178336204692,Q1
6048-NJXHX,Male,0,1,0,41,1,No,No,No internet service,No internet service,No internet service,No internet service,No internet service,No internet service,Two year,1,Electronic check,19.75,899.45,0,2.225081904992653,Q1
6094-ZIVKX,Female,0,0,0,68,1,No,DSL,Yes,No,Yes,No,No,No,One year,1,Credit card (automatic),54.45,3674.95,0,2.221040020266528,Q1
3908-MKIMJ,Male,1,1,0,68,0,No phone service,DSL,Yes,Yes,Yes,No,No,No,Two year,1,Electronic check,41.95,2965.75,0,2.2188385966525925,Q1
1635-HDGFT,Female,0,0,1,19,1,No,No,No internet service,No internet service,No internet service,No internet service,No internet service,No internet service,Two year,0,Mailed check,20.5,398.55,0,2.215427720844017,Q1
0771-CHWSK,Male,0,0,0,66,1,Yes,DSL,Yes,Yes,Yes,No,No,Yes,Two year,1,Credit card (automatic),74.6,4798.4,0,2.215033623271733,Q1
3653-NCRDJ,Male,0,1,1,43,1,No,No,No internet service,No internet service,No internet service,No internet service,No internet service,No internet service,One year,1,Mailed check,19.2,776.25,0,2.2119352178156446,Q1
2550-AEVRU,Female,0,1,1,57,1,No,DSL,Yes,Yes,No,No,No,No,One year,0,Electronic check,53.45,3053.0,0,2.203277724855506,Q1
0263-FJTQO,Male,0,1,1,50,1,Yes,DSL,Yes,No,No,Yes,Yes,No,Two year,1,Credit card (automatic),70.5,3486.65,0,2.1976469608855664,Q1
8174-TBVCF,Female,0,1,0,70,1,Yes,DSL,Yes,Yes,Yes,Yes,Yes,Yes,Two year,1,Credit card (automatic),94.8,6859.05,0,2.1962128100358114,Q1
4526-EXKKN,Male,0,0,0,40,1,Yes,No,No internet service,No internet service,No internet service,No internet service,No internet service,No internet service,Two year,1,Mailed check,24.6,973.95,0,2.195974373964199,Q1
4342-HFXWS,Female,0,1,1,48,1,No,DSL,Yes,No,Yes,Yes,Yes,No,One year,0,Bank transfer (automatic),69.7,3023.65,0,2.1956364413925464,Q1
4804-NCPET,Male,0,1,1,19,1,No,No,No internet service,No internet service,No internet service,No internet service,No internet service,No internet service,Two year,0,Mailed check,20.2,387.4,0,2.191922553606124,Q1
1866-DIOQZ,Female,0,1,0,71,0,No phone service,DSL,Yes,Yes,Yes,Yes,Yes,Yes,One year,0,Bank transfer (automatic),66.8,4689.15,0,2.190124709914723,Q1
5684-FJVYR,Female,0,1,1,72,1,Yes,Fiber optic,Yes,Yes,No,Yes,No,No,Two year,1,Bank transfer (automatic),90.35,6563.4,0,2.189508187766703,Q1
1934-MKPXS,Male,0,1,1,33,1,No,No,No internet service,No internet service,No internet service,No internet service,No internet service,No internet service,One year,0,Credit card (automatic),20.1,620.55,0,2.18584366739728,Q1
1534-OULXE,Female,0,1,1,61,1,No,DSL,Yes,No,No,No,No,No,One year,1,Bank transfer (automatic),49.7,2961.4,0,2.1852149372685776,Q1
0455-ENTCR,Male,0,1,0,66,1,Yes,DSL,Yes,Yes,No,Yes,Yes,Yes,Two year,0,Electronic check,85.25,5538.35,0,2.183847185700953,Q1
6203-HBZPA,Male,0,0,0,52,0,No phone service,DSL,Yes,Yes,Yes,Yes,Yes,Yes,Two year,0,Credit card (automatic),63.9,3334.95,0,2.1745696889742794,Q1
6586-MYGKD,Male,0,1,0,70,1,Yes,DSL,Yes,No,No,Yes,Yes,Yes,Two year,1,Credit card (automatic),76.95,5289.8,0,2.167474631704264,Q1
8999-EXMNO,Female,0,1,1,19,1,No,No,No internet service,No internet service,No internet service,No internet service,No internet service,No internet service,Two year,0,Mailed check,20.15,387.7,0,2.167322650504876,Q1
0654-PQKDW,Female,0,1,1,62,1,No,DSL,Yes,No,Yes,Yes,Yes,No,One year,1,Bank transfer (automatic),70.75,4263.45,0,2.165502639425994,Q1
2430-RRYUW,Male,0,0,0,66,1,No,DSL,Yes,Yes,No,No,No,No,One year,1,Mailed check,54.8,3465.7,0,2.1619087691604006,Q1
8661-BOYNW,Female,0,1,0,72,1,Yes,DSL,Yes,No,Yes,Yes,Yes,Yes,Two year,1,Credit card (automatic),84.4,6096.45,0,2.1548015290445193,Q1
6814-ZPWFQ,Male,1,0,0,51,1,Yes,No,No internet service,No internet service,No internet service,No internet service,No internet service,No internet service,One year,0,Bank transfer (automatic),25.0,1260.7,0,2.1525595311371273,Q1
3978-YNKDD,Male,0,0,1,19,1,No,No,No internet service,No internet service,No internet service,No internet service,No internet service,No internet service,Two year,0,Credit card (automatic),20.85,467.5,0,2.149312432939259,Q1
5668-MEISB,Female,0,1,1,72,1,Yes,Fiber optic,Yes,Yes,Yes,Yes,Yes,No,Two year,0,Credit card (automatic),106.1,7657.4,0,2.1384428732548217,Q1
9102-OXKFY,Male,0,0,0,59,1,Yes,DSL,No,No,Yes,No,No,No,Two year,0,Credit card (automatic),54.15,3116.15,0,2.1356634960781284,Q1
8125-QPFJD,Female,0,1,0,72,1,Yes,DSL,Yes,No,Yes,Yes,Yes,Yes,Two year,1,Bank transfer (automatic),84.9,6065.3,0,2.1327995530814348,Q1
2996-XAUVF,Male,0,0,0,70,0,No phone service,DSL,No,No,No,Yes,No,Yes,Two year,1,Mailed check,40.05,2799.75,0,2.132623905139769,Q1
9479-HYNYL,Female,0,1,0,71,1,No,DSL,No,Yes,Yes,Yes,Yes,Yes,Two year,1,Credit card (automatic),80.7,5705.05,0,2.1319165144867607,Q1
8008-OTEZX,Female,0,1,1,35,1,No,No,No internet service,No internet service,No internet service,No internet service,No internet service,No internet service,One year,0,Mailed check,19.65,708.8,0,2.127663622987393,Q1
8766-PAFNE,Male,0,1,0,71,1,No,DSL,No,Yes,Yes,Yes,Yes,Yes,Two year,1,Credit card (automatic),79.1,5564.85,0,2.126545144196375,Q1
3280-NMUVX,Male,0,1,1,34,1,No,No,No internet service,No internet service,No internet service,No internet service,No internet service,No internet service,One year,0,Credit card (automatic),19.6,678.8,0,2.125832260093299,Q1
6681-ZSEXG,Male,0,1,0,56,1,Yes,DSL,No,Yes,Yes,No,No,No,Two year,0,Credit card (automatic),59.5,3389.25,0,2.1258155464522295,Q1
6023-GSSXW,Female,0,1,0,69,1,No,DSL,No,Yes,No,No,No,Yes,Two year,1,Credit card (automatic),61.45,4131.2,0,2.121470709765106,Q1
3108-PCCGG,Male,1,1,0,72,1,Yes,DSL,Yes,Yes,Yes,No,Yes,Yes,Two year,0,Credit card (automatic),84.45,5899.85,0,2.117975947430261,Q1
0057-QBUQH,Female,0,0,1,43,1,Yes,No,No internet service,No internet service,No internet service,No internet service,No internet service,No internet service,Two year,1,Electronic check,25.1,1070.15,0,2.1179697842487015,Q1
6546-OPBBH,Male,0,1,1,51,1,Yes,No,No internet service,No internet service,No internet service,No internet service,No internet service,No internet service,One year,1,Mailed check,23.95,1216.35,0,2.1177327429944843,Q1
4893-GYUJU,Female,0,0,0,50,1,No,No,No internet service,No internet service,No internet service,No internet service,No internet service,No internet service,One year,1,Mailed check,19.35,1033.0,0,2.1165067205937067,Q1
7711-YIJWC,Male,0,1,1,61,1,No,DSL,Yes,Yes,Yes,Yes,Yes,Yes,One year,0,Bank transfer (automatic),84.9,5264.5,0,2.108815686566275,Q1
4849-PYRLQ,Female,1,0,0,56,1,Yes,DSL,Yes,No,Yes,Yes,No,Yes,Two year,0,Bank transfer (automatic),73.25,4054.2,0,2.1079332037969016,Q1
1223-UNPKS,Male,0,1,1,20,1,No,No,No internet service,No internet service,No internet service,No internet service,No internet service,No internet service,Two year,0,Mailed check,20.05,400.0,0,2.105525150684411,Q1
6234-RAAPL,Female,0,1,1,72,1,Yes,Fiber optic,Yes,Yes,No,Yes,Yes,No,Two year,0,Bank transfer (automatic),99.9,7251.7,0,2.1040475083663237,Q1
3557-HTYWR,Female,0,0,0,47,1,Yes,DSL,Yes,Yes,No,Yes,No,Yes,Two year,0,Mailed check,74.05,3496.3,0,2.103066030073624,Q1
2256-YLYLP,Male,0,1,1,68,1,No,DSL,No,No,Yes,Yes,Yes,Yes,Two year,1,Bank transfer (automatic),72.95,4953.25,0,2.1022357497970616,Q1
9581-GVBXT,Male,0,1,1,59,0,No phone service,DSL,Yes,No,Yes,No,No,No,One year,0,Mailed check,34.8,1980.3,0,2.0932603523186115,Q1
0731-EBJQB,Female,0,1,1,52,1,No,No,No internet service,No internet service,No internet service,No internet service,No internet service,No internet service,One year,1,Electronic check,20.4,1090.65,0,2.0863034419263644,Q1
4676-WLUHT,Male,0,0,0,54,0,No phone service,DSL,Yes,Yes,No,No,No,Yes,Two year,0,Bank transfer (automatic),46.2,2431.95,0,2.0831923036083064,Q1
7815-PDTHL,Male,0,0,0,35,1,No,No,No internet service,No internet service,No internet service,No internet service,No internet service,No internet service,Two year,1,Mailed check,20.2,684.4,0,2.0796390071053485,Q1
5996-EBTKM,Female,0,1,1,67,1,Yes,DSL,No,No,Yes,Yes,No,Yes,Two year,1,Bank transfer (automatic),69.9,4615.9,0,2.078410621359119,Q1
4254-QPEDE,Female,0,1,0,52,0,No phone service,DSL,Yes,Yes,Yes,Yes,Yes,Yes,Two year,0,Credit card (automatic),66.25,3330.1,0,2.0732297215979503,Q1
0071-NDAFP,Male,0,1,1,25,1,Yes,No,No internet service,No internet service,No internet service,No internet service,No internet service,No internet service,Two year,0,Credit card (automatic),25.5,630.6,0,2.07262937136117,Q1
1757-TCATG,Male,0,1,1,35,1,No,No,No internet service,No internet service,No internet service,No internet service,No internet service,No internet service,One year,0,Bank transfer (automatic),20.05,746.75,0,2.068651003692862,Q1
4999-IEZLT,Male,0,0,0,66,0,No phone service,DSL,No,No,No,Yes,No,No,One year,0,Credit card (automatic),29.45,1983.15,0,2.065033847714882,Q1
3638-WEABW,Female,0,1,0,58,1,Yes,DSL,No,Yes,No,Yes,No,No,Two year,1,Credit card (automatic),59.9,3505.1,0,2.064919247740837,Q1
7977-HXJKU,Male,0,0,1,21,1,No,No,No internet service,No internet service,No internet service,No internet service,No internet service,No internet service,Two year,0,Mailed check,19.6,397.0,0,2.063991954221875,Q1
8169-SAEJD,Male,1,1,0,69,0,No phone service,DSL,Yes,Yes,No,No,Yes,Yes,Two year,0,Credit card (automatic),56.55,3952.65,0,2.058941970749629,Q1
2274-XUATA,Male,1,1,0,72,0,No phone service,DSL,Yes,Yes,Yes,Yes,Yes,Yes,Two year,1,Bank transfer (automatic),63.1,4685.55,0,2.056465915083568,Q1
9950-MTGYX,Male,0,1,1,28,1,No,No,No internet service,No internet service,No internet service,No internet service,No internet service,No internet service,Two year,1,Credit card (automatic),20.3,487.95,0,2.0533688706445687,Q1
9253-VIFJQ,Male,0,1,0,65,1,Yes,DSL,Yes,Yes,Yes,No,No,No,One year,0,Credit card (automatic),67.05,4309.55,0,2.0527657155768977,Q1
9778-OGKQZ,Male,0,1,0,72,1,Yes,DSL,Yes,Yes,Yes,Yes,Yes,Yes,Two year,1,Credit card (automatic),92.0,6782.15,0,2.0516189230194066,Q1
2987-BJXIK,Female,0,0,0,70,1,Yes,DSL,Yes,Yes,Yes,No,Yes,Yes,Two year,0,Mailed check,84.7,5991.05,0,2.0455573111308816,Q1
0129-QMPDR,Male,0,1,1,44,1,No,No,No internet service,No internet service,No internet service,No internet service,No internet service,No internet service,One year,1,Bank transfer (automatic),20.5,865.05,0,2.0430314112346655,Q1
5751-USDBL,Male,0,1,1,46,1,No,DSL,Yes,No,Yes,Yes,Yes,Yes,Two year,0,Mailed check,81.0,3846.35,0,2.0419851851529525,Q1
7301-ABVAD,Female,0,0,0,72,1,Yes,DSL,No,Yes,Yes,Yes,Yes,Yes,Two year,0,Bank transfer (automatic),86.6,6350.5,0,2.0371797417920523,Q1
9297-EONCV,Female,0,0,0,72,1,Yes,DSL,Yes,Yes,Yes,Yes,Yes,Yes,Two year,1,Bank transfer (automatic),91.35,6697.2,0,2.036801347004661,Q1
0674-GCDXG,Male,0,0,0,63,1,Yes,DSL,Yes,No,Yes,Yes,No,Yes,Two year,1,Bank transfer (automatic),71.9,4479.2,0,2.0351187529663326,Q1
1897-OKVMW,Female,0,1,1,64,1,Yes,DSL,Yes,Yes,Yes,Yes,Yes,Yes,Two year,1,Mailed check,90.6,5817.45,0,2.0342007903580246,Q1
2805-AUFQN,Female,0,0,0,25,1,No,No,No internet service,No internet service,No internet service,No internet service,No internet service,No internet service,Two year,0,Credit card (automatic),19.8,475.2,0,2.0337551186663743,Q1
3544-FBCAS,Female,0,1,1,72,1,Yes,DSL,Yes,Yes,Yes,No,Yes,Yes,Two year,1,Credit card (automatic),83.6,5959.3,0,2.029387260791394,Q1
2812-REYAT,Female,0,1,0,49,1,No,No,No internet service,No internet service,No internet service,No internet service,No internet service,No internet service,One year,1,Bank transfer (automatic),20.05,923.1,0,2.025885600288958,Q1
5622-UEJFI,Female,0,1,1,35,1,Yes,No,No internet service,No internet service,No internet service,No internet service,No internet service,No internet service,Two year,1,Credit card (automatic),25.4,949.8,0,2.0220501631840793,Q1
5498-IBWPI,Female,0,1,1,66,1,No,DSL,No,No,No,Yes,No,No,One year,1,Credit card (automatic),49.4,3251.85,0,2.0163232451692283,Q1
3166-PNEOF,Female,0,0,0,61,1,Yes,DSL,Yes,No,Yes,Yes,Yes,Yes,Two year,0,Credit card (automatic),86.45,5175.3,0,2.0160494399106983,Q1
1837-YQUCE,Female,0,0,0,70,0,No phone service,DSL,Yes,No,Yes,Yes,Yes,Yes,Two year,1,Bank transfer (automatic),58.35,4214.25,0,2.014805783696019,Q1
8414-OOEEL,Male,0,0,1,66,1,No,DSL,No,Yes,Yes,Yes,Yes,Yes,Two year,1,Credit card (automatic),79.5,5196.1,0,2.0088339104116764,Q1
0016-QLJIS,Female,0,1,1,65,1,Yes,DSL,Yes,Yes,Yes,Yes,Yes,Yes,Two year,1,Mailed check,90.45,5957.9,0,2.0055035899017564,Q1
5456-ITGIC,Male,1,1,0,72,0,No phone service,DSL,Yes,Yes,Yes,Yes,Yes,Yes,Two year,1,Credit card (automatic),64.45,4641.1,0,2.003911385575953,Q1
2845-KDHVX,Female,0,1,0,64,1,No,DSL,No,Yes,Yes,Yes,No,Yes,Two year,1,Mailed check,68.3,4378.8,0,1.9975689627011444,Q1
5248-RPYWW,Female,1,1,1,72,1,Yes,DSL,Yes,Yes,Yes,Yes,Yes,Yes,Two year,1,Bank transfer (automatic),90.15,6716.45,0,1.9964374731755312,Q1
2725-IWWBA,Male,0,1,1,46,1,No,DSL,Yes,No,Yes,Yes,No,No,One year,0,Mailed check,56.9,2560.1,0,1.9957611140876463,Q1
5126-RCXYW,Male,0,1,1,54,0,No phone service,DSL,No,No,Yes,Yes,No,Yes,Two year,0,Credit card (automatic),46.0,2424.05,0,1.9923596872356315,Q1
5003-XZWWO,Male,0,1,0,71,1,Yes,DSL,No,Yes,Yes,Yes,Yes,Yes,Two year,0,Credit card (automatic),84.2,5956.85,0,1.9902900217656863,Q1
8404-VIOMB,Female,0,0,0,66,0,No phone service,DSL,Yes,Yes,Yes,Yes,Yes,Yes,Two year,1,Bank transfer (automatic),62.5,4136.4,0,1.9899687516544418,Q1
1227-UDMZR,Female,0,1,0,72,1,Yes,DSL,Yes,Yes,Yes,Yes,Yes,Yes,Two year,1,Bank transfer (automatic),91.15,6637.9,0,1.9820683740601281,Q1
1930-QPBVZ,Male,0,1,1,68,1,No,Fiber optic,Yes,Yes,No,Yes,No,Yes,Two year,0,Bank transfer (automatic),95.1,6683.4,0,1.9804523597374348,Q1
9548-LIGTA,Male,0,1,0,61,1,No,DSL,Yes,Yes,No,Yes,Yes,Yes,Two year,1,Mailed check,81.05,4747.65,0,1.9777549431272763,Q1
2324-AALNO,Female,0,0,0,48,1,Yes,No,No internet service,No internet service,No internet service,No internet service,No internet service,No internet service,One year,0,Bank transfer (automatic),24.55,1203.95,0,1.9773581031993102,Q1
1187-WILMM,Male,0,1,1,63,1,Yes,DSL,Yes,Yes,Yes,Yes,Yes,Yes,Two year,1,Credit card (automatic),89.4,5597.65,0,1.9737086741178165,Q1
7153-CHRBV,Female,0,1,1,57,1,No,DSL,Yes,No,Yes,Yes,No,No,One year,1,Mailed check,59.3,3274.35,0,1.9729617220951032,Q1
2498-XLDZR,Female,0,1,1,32,1,No,DSL,Yes,Yes,Yes,Yes,No,Yes,Two year,0,Mailed check,73.6,2316.85,0,1.9668068060701749,Q1
0739-UUAJR,Female,0,1,1,72,0,No phone service,DSL,Yes,No,Yes,No,Yes,Yes,Two year,1,Credit card (automatic),53.8,3952.45,0,1.9647421690061964,Q1
4549-ZDQYY,Female,0,0,0,52,1,No,DSL,Yes,No,Yes,Yes,No,No,One year,0,Credit card (automatic),57.95,3042.25,0,1.963653003378057,Q1
4334-HOWRP,Male,1,1,0,72,0,No phone service,DSL,Yes,Yes,Yes,Yes,Yes,Yes,Two year,1,Credit card (automatic),64.95,4546.0,0,1.9565938134528635,Q1
1371-OJCEK,Female,0,0,0,48,1,Yes,No,No internet service,No internet service,No internet service,No internet service,No internet service,No internet service,One year,0,Bank transfer (automatic),24.35,1133.7,0,1.9531532732738717,Q1
9871-ELEYA,Female,0,0,1,34,1,No,DSL,Yes,No,Yes,Yes,Yes,No,Two year,0,Credit card (automatic),67.65,2339.3,0,1.9528638013941704,Q1
9339-FIIJL,Male,0,1,0,72,1,Yes,DSL,No,Yes,Yes,Yes,Yes,Yes,Two year,0,Bank transfer (automatic),85.95,6151.9,0,1.9526666641744086,Q1
1686-STUHN,Male,0,0,0,42,1,No,No,No internet service,No internet service,No internet service,No internet service,No internet service,No internet service,One year,0,Bank transfer (automatic),19.8,849.9,0,1.9521617388494987,Q1
9447-YPTBX,Female,0,1,0,50,1,No,No,No internet service,No internet service,No internet service,No internet service,No internet service,No internet service,One year,1,Bank transfer (automatic),19.85,943.1,0,1.9501550362394544,Q1
8232-CTLKO,Female,0,1,1,66,1,No,DSL,Yes,No,No,No,Yes,No,Two year,1,Electronic check,59.75,3996.8,0,1.949962635118619,Q1
8958-JPTRR,Female,0,1,0,56,1,Yes,No,No internet service,No internet service,No internet service,No internet service,No internet service,No internet service,One year,0,Electronic check,24.3,1261.7,0,1.948243766982401,Q1
2332-TODQS,Female,0,0,0,48,1,Yes,No,No internet service,No internet service,No internet service,No internet service,No internet service,No internet service,One year,0,Credit card (automatic),25.05,1171.5,0,1.9406606768608912,Q1
0230-UBYPQ,Male,1,1,0,63,0,No phone service,DSL,Yes,No,No,Yes,No,No,One year,0,Bank transfer (automatic),36.1,2298.9,0,1.9374431919458683,Q1
3935-TBRZZ,Male,0,1,1,44,1,Yes,No,No internet service,No internet service,No internet service,No internet service,No internet service,No internet service,One year,0,Mailed check,25.7,1110.5,0,1.9336501167074132,Q1
1122-YJBCS,Male,0,1,0,69,1,No,DSL,Yes,Yes,No,No,No,No,One year,1,Credit card (automatic),53.65,3804.4,0,1.9326833877900316,Q1
9888-ZCUMM,Male,0,1,1,64,0,No phone service,DSL,Yes,No,Yes,Yes,Yes,Yes,Two year,1,Bank transfer (automatic),60.05,3845.45,0,1.9268138729503232,Q1
5656-MJEFC,Male,0,1,1,42,0,No phone service,DSL,Yes,No,Yes,Yes,Yes,No,Two year,0,Credit card (automatic),48.15,2032.3,0,1.9251417998326943,Q1
7297-DVYGA,Female,0,0,0,51,1,No,No,No internet service,No internet service,No internet service,No internet service,No internet service,No internet service,One year,1,Bank transfer (automatic),19.85,996.95,0,1.9243326045883433,Q1
0412-UCCNP,Male,0,0,0,55,1,No,DSL,Yes,No,Yes,Yes,No,No,Two year,1,Electronic check,59.2,3175.85,0,1.9242962394352487,Q1
2400-XIWIO,Female,0,1,0,71,1,Yes,DSL,Yes,Yes,Yes,Yes,Yes,Yes,Two year,0,Electronic check,90.1,6310.9,0,1.9225429007780952,Q1
0827-ITJPH,Male,0,0,0,36,1,No,No,No internet service,No internet service,No internet service,No internet service,No internet service,No internet service,Two year,1,Credit card (automatic),18.55,689.0,0,1.9201244564935303,Q1
5177-RVZNU,Female,0,0,1,37,1,No,No,No internet service,No internet service,No internet service,No internet service,No internet service,No internet service,One year,0,Bank transfer (automatic),20.3,755.4,0,1.9188116547447682,Q1
1971-DTCZB,Female,0,1,0,72,1,Yes,DSL,Yes,Yes,Yes,Yes,Yes,Yes,Two year,1,Bank transfer (automatic),90.95,6468.6,0,1.9174188489713924,Q1
0459-SPZHJ,Male,0,1,1,63,1,Yes,DSL,Yes,Yes,Yes,No,Yes,Yes,Two year,0,Credit card (automatic),83.5,5435.0,0,1.9170598006936581,Q1
4163-HFTUK,Male,0,0,0,51,1,No,No,No internet service,No internet service,No internet service,No internet service,No internet service,No internet service,One year,0,Electronic check,19.1,1007.8,0,1.9158530009566652,Q1
0909-SELIE,Male,0,1,0,61,1,Yes,DSL,Yes,Yes,Yes,Yes,No,Yes,Two year,1,Bank transfer (automatic),80.8,4860.85,0,1.9147901777954797,Q1
5248-YGIJN,Male,0,1,0,72,1,Yes,DSL,Yes,Yes,Yes,Yes,Yes,Yes,Two year,1,Credit card (automatic),90.25,6369.45,0,1.91326323851954,Q1
6701-YVNQG,Male,0,1,0,72,1,Yes,DSL,Yes,Yes,Yes,Yes,Yes,Yes,Two year,1,Credit card (automatic),88.7,6301.7,0,1.9132223576826508,Q1
5980-BDHPY,Male,0,1,0,72,1,Yes,DSL,Yes,Yes,Yes,Yes,Yes,Yes,Two year,1,Bank transfer (automatic),87.1,6230.1,0,1.9112241341246314,Q1
3146-MSEGF,Female,1,1,1,72,1,Yes,DSL,Yes,Yes,Yes,Yes,Yes,Yes,Two year,1,Credit card (automatic),88.05,6425.65,0,1.9053608516215699,Q1
2346-CZYIL,Male,0,0,0,27,1,No,No,No internet service,No internet service,No internet service,No internet service,No internet service,No internet service,Two year,0,Credit card (automatic),20.35,531.6,0,1.8968944197004356,Q1
3521-HTQTV,Male,0,0,0,34,1,Yes,No,No internet service,No internet service,No internet service,No internet service,No internet service,No internet service,Two year,0,Bank transfer (automatic),26.1,980.35,0,1.8962427064287608,Q1
9565-FLVCG,Male,0,1,1,65,1,Yes,DSL,Yes,Yes,No,No,No,Yes,Two year,1,Mailed check,69.55,4459.15,0,1.8956582465251077,Q1
7552-KEYGT,Male,0,1,0,27,1,No,No,No internet service,No internet service,No internet service,No internet service,No internet service,No internet service,Two year,0,Bank transfer (automatic),19.55,520.55,0,1.893365932148462,Q1
9541-ZPSEA,Male,0,1,1,68,1,No,Fiber optic,Yes,No,Yes,No,No,No,Two year,0,Credit card (automatic),80.35,5375.15,0,1.8929122229090414,Q1
3398-GCPMU,Female,1,1,1,72,1,Yes,DSL,Yes,Yes,Yes,Yes,Yes,Yes,Two year,1,Credit card (automatic),89.55,6448.85,0,1.889483795742062,Q1
5997-OPVFA,Male,0,1,0,72,1,Yes,DSL,Yes,Yes,Yes,Yes,Yes,Yes,Two year,1,Bank transfer (automatic),89.05,6254.45,0,1.8879057678722455,Q1
5171-EPLKN,Male,0,0,0,27,1,No,No,No internet service,No internet service,No internet service,No internet service,No internet service,No internet service,Two year,0,Credit card (automatic),19.85,470.0,0,1.881374095060362,Q1
3796-ENZGF,Male,0,1,0,63,1,Yes,DSL,No,Yes,No,Yes,No,Yes,Two year,0,Mailed check,67.25,4234.15,0,1.8807608520782098,Q1
4213-HKBJO,Female,0,0,0,33,1,Yes,No,No internet service,No internet service,No internet service,No internet service,No internet service,No internet service,Two year,0,Credit card (automatic),25.7,826.1,0,1.8802748364549218,Q1
3740-RLMVT,Male,1,1,0,67,1,No,DSL,Yes,Yes,No,Yes,No,No,One year,1,Bank transfer (automatic),60.95,4119.4,0,1.8721671279796022,Q1
8098-TDCBU,Female,0,1,0,42,1,Yes,No,No internet service,No internet service,No internet service,No internet service,No internet service,No internet service,Two year,0,Electronic check,25.25,1108.2,0,1.8714159515137503,Q1
0336-KXKFK,Male,0,0,0,72,0,No phone service,DSL,Yes,No,Yes,Yes,Yes,Yes,Two year,1,Credit card (automatic),61.2,4390.25,0,1.8701672692859432,Q1
9805-FILKB,Male,0,1,1,46,1,No,No,No internet service,No internet service,No internet service,No internet service,No internet service,No internet service,One year,1,Bank transfer (automatic),20.2,845.6,0,1.8700164027054185,Q1
8590-OHDIW,Female,0,1,1,38,1,No,No,No internet service,No internet service,No internet service,No internet service,No internet service,No internet service,One year,0,Mailed check,20.3,749.35,0,1.869993612350206,Q1
7799-LGRDP,Female,0,0,0,43,1,Yes,No,No internet service,No internet service,No internet service,No internet service,No internet service,No internet service,Two year,1,Credit card (automatic),25.7,1188.2,0,1.8694788694520161,Q1
8450-LUGUK,Female,0,1,1,37,1,Yes,No,No internet service,No internet service,No internet service,No internet service,No internet service,No internet service,Two year,1,Bank transfer (automatic),24.1,861.85,0,1.8656630170138466,Q1
0969-RGKCU,Male,0,1,1,37,1,No,No,No internet service,No internet service,No internet service,No internet service,No internet service,No internet service,One year,0,Credit card (automatic),19.8,677.05,0,1.8595837269281226,Q1
4006-HKYHO,Male,0,0,0,63,1,No,DSL,Yes,Yes,Yes,Yes,Yes,Yes,Two year,1,Bank transfer (automatic),86.7,5309.5,0,1.8593591664169025,Q1
6923-AQONU,Male,0,1,1,23,1,No,No,No internet service,No internet service,No internet service,No internet service,No internet service,No internet service,Two year,0,Mailed check,20.9,454.0,0,1.8514158692304956,Q1
1972-XMUWV,Female,0,1,0,65,1,No,DSL,No,No,No,Yes,Yes,No,Two year,1,Credit card (automatic),59.8,3808.2,0,1.8499672540815422,Q1
8218-FFJDS,Female,0,1,0,72,1,Yes,DSL,Yes,Yes,No,Yes,Yes,Yes,Two year,1,Bank transfer (automatic),86.4,6058.95,0,1.846040312193811,Q1
7665-NKLAV,Female,0,1,1,36,0,No phone service,DSL,Yes,No,Yes,Yes,No,No,Two year,0,Credit card (automatic),40.65,1547.35,0,1.8450987857937258,Q1
9675-ICXCT,Male,0,1,1,72,1,No,DSL,Yes,No,Yes,Yes,Yes,Yes,Two year,1,Electronic check,80.8,5728.55,0,1.8311892837217076,Q1
1172-VIYBP,Male,0,1,1,53,1,Yes,DSL,Yes,Yes,No,No,No,Yes,Two year,0,Bank transfer (automatic),69.7,3686.05,0,1.8308934027005181,Q1
8626-PTQGE,Male,0,0,0,69,0,No phone service,DSL,Yes,Yes,No,Yes,Yes,Yes,Two year,1,Bank transfer (automatic),60.05,4176.7,0,1.8296524509213368,Q1
0298-XACET,Male,0,1,1,52,0,No phone service,DSL,No,Yes,Yes,Yes,Yes,No,Two year,0,Mailed check,50.2,2554.0,0,1.8293918847969195,Q1
1627-AFWVJ,Female,0,0,0,29,1,No,No,No internet service,No internet service,No internet service,No internet service,No internet service,No internet service,Two year,0,Mailed check,19.4,554.25,0,1.82811504511433,Q1
1265-ZFOSD,Female,0,1,0,64,1,Yes,DSL,Yes,Yes,Yes,Yes,No,Yes,Two year,1,Mailed check,81.3,5129.3,0,1.8266926030478499,Q1
4335-UPJSI,Female,0,0,1,24,1,No,No,No internet service,No internet service,No internet service,No internet service,No internet service,No internet service,Two year,0,Mailed check,19.75,498.1,0,1.8258805764409989,Q1
5816-JMLGY,Female,0,1,1,70,1,No,DSL,No,Yes,Yes,Yes,Yes,Yes,Two year,1,Bank transfer (automatic),80.4,5717.85,0,1.8232982395649335,Q1
6199-IPCAO,Female,0,1,1,29,1,Yes,No,No internet service,No internet service,No internet service,No internet service,No internet service,No internet service,Two year,0,Mailed check,26.1,692.55,0,1.820996955629043,Q1
3745-HRPHI,Male,0,1,1,66,0,No phone service,DSL,No,No,Yes,Yes,Yes,Yes,Two year,0,Bank transfer (automatic),54.65,3632.0,0,1.8200333693883113,Q1
1568-LJSZU,Male,0,1,1,68,1,Yes,DSL,Yes,Yes,Yes,Yes,Yes,Yes,Two year,1,Credit card (automatic),92.2,6392.85,0,1.8150943142307148,Q1
8859-AXJZP,Male,0,1,1,39,1,Yes,No,No internet service,No internet service,No internet service,No internet service,No internet service,No internet service,Two year,1,Mailed check,23.8,903.8,0,1.8137735888231699,Q1
1830-GGFNM,Male,0,1,1,65,1,Yes,Fiber optic,Yes,Yes,Yes,Yes,No,No,Two year,0,Credit card (automatic),94.55,6078.75,0,1.8125664753029367,Q1
1552-CZCLL,Female,0,1,1,55,1,No,No,No internet service,No internet service,No internet service,No internet service,No internet service,No internet service,Month-to-month,0,Credit card (automatic),20.0,1087.25,0,1.806985926668582,Q1
7771-CFQRQ,Female,0,1,1,47,1,No,DSL,No,Yes,No,Yes,No,Yes,Two year,0,Bank transfer (automatic),63.8,3007.25,0,1.8058401722064874,Q1
6741-QRLUP,Female,0,0,0,63,1,Yes,DSL,Yes,Yes,Yes,Yes,No,Yes,Two year,1,Credit card (automatic),80.3,4995.35,0,1.803544364784842,Q1
8295-KMENE,Female,0,1,1,59,1,Yes,DSL,Yes,No,Yes,Yes,Yes,No,Two year,1,Mailed check,76.45,4519.5,0,1.8000425947510577,Q1
8469-SNFFH,Male,0,1,0,70,1,Yes,DSL,Yes,Yes,Yes,Yes,Yes,No,One year,0,Bank transfer (automatic),79.4,5528.9,0,1.797732805865515,Q1
5986-WWXDV,Male,0,0,1,39,1,No,No,No internet service,No internet service,No internet service,No internet service,No internet service,No internet service,One year,0,Bank transfer (automatic),19.35,779.2,0,1.7958066001564763,Q1
0277-ORXQS,Male,0,1,1,66,0,No phone service,DSL,No,No,No,Yes,Yes,Yes,Two year,0,Bank transfer (automatic),50.55,3364.55,0,1.795109654899295,Q1
4487-ZYJZK,Female,0,1,1,38,1,No,No,No internet service,No internet service,No internet service,No internet service,No internet service,No internet service,One year,0,Credit card (automatic),19.6,763.1,0,1.793598013706342,Q1
2137-DQMEV,Male,0,1,1,68,0,No phone service,DSL,Yes,Yes,No,No,Yes,No,One year,0,Mailed check,44.8,2983.65,0,1.792419406101054,Q1
1333-PBMXB,Female,0,1,1,54,1,Yes,No,No internet service,No internet service,No internet service,No internet service,No internet service,No internet service,One year,1,Bank transfer (automatic),24.75,1342.15,0,1.7920365604437032,Q1
1177-XZBJL,Male,0,1,1,53,1,Yes,DSL,Yes,Yes,No,Yes,No,No,One year,0,Bank transfer (automatic),64.15,3491.55,0,1.7869518887564309,Q1
9798-OPFEM,Female,0,0,0,46,1,No,No,No internet service,No internet service,No internet service,No internet service,No internet service,No internet service,Two year,1,Electronic check,21.1,937.1,0,1.785759367270161,Q1
4538-WNTMJ,Female,0,1,1,46,1,Yes,No,No internet service,No internet service,No internet service,No internet service,No internet service,No internet service,One year,0,Mailed check,24.95,1165.9,0,1.7839867642911023,Q1
3070-FNFZQ,Female,0,1,1,23,1,No,No,No internet service,No internet service,No internet service,No internet service,No internet service,No internet service,Two year,0,Bank transfer (automatic),20.4,478.75,0,1.7815799546867856,Q1
1088-AUUZZ,Male,0,1,1,56,1,Yes,DSL,Yes,Yes,No,Yes,No,Yes,Two year,1,Credit card (automatic),75.85,4261.2,0,1.7805461081655916,Q1
6369-MCAKO,Female,0,1,1,68,1,Yes,DSL,Yes,Yes,Yes,Yes,Yes,Yes,Two year,1,Bank transfer (automatic),89.05,6185.8,0,1.7761801771447432,Q1
3566-CAAYU,Female,0,1,1,64,0,No phone service,DSL,No,Yes,Yes,Yes,No,Yes,Two year,0,Electronic check,49.85,3210.35,0,1.77516080673553,Q1
4774-HHGGS,Male,0,1,0,30,1,No,No,No internet service,No internet service,No internet service,No internet service,No internet service,No internet service,Two year,0,Mailed check,19.05,637.55,0,1.7748651212444022,Q1
8100-PNJMH,Male,0,1,1,68,1,Yes,DSL,Yes,Yes,Yes,Yes,Yes,Yes,Two year,1,Credit card (automatic),88.85,6132.7,0,1.7727029889896189,Q1
1970-KKFWL,Female,0,0,0,35,1,Yes,No,No internet service,No internet service,No internet service,No internet service,No internet service,No internet service,Two year,0,Bank transfer (automatic),23.3,797.1,0,1.7716008468140432,Q1
2122-SZZZD,Male,0,0,0,44,1,No,No,No internet service,No internet service,No internet service,No internet service,No internet service,No internet service,One year,0,Credit card (automatic),19.5,835.5,0,1.7712832175771391,Q1
0354-VXMJC,Male,0,1,1,23,1,No,No,No internet service,No internet service,No internet service,No internet service,No internet service,No internet service,Two year,0,Credit card (automatic),19.6,426.65,0,1.7704648110043606,Q1
5451-MHQOF,Male,0,1,1,56,1,Yes,No,No internet service,No internet service,No internet service,No internet service,No internet service,No internet service,One year,1,Mailed check,24.45,1431.65,0,1.7686561432430223,Q1
8173-RXAYP,Female,0,1,1,24,1,No,No,No internet service,No internet service,No internet service,No internet service,No internet service,No internet service,Two year,0,Mailed check,19.7,452.55,0,1.7683932559469917,Q1
9227-YBAXE,Female,0,1,1,65,1,Yes,DSL,Yes,Yes,No,Yes,Yes,Yes,Two year,1,Bank transfer (automatic),82.5,5215.1,0,1.7683905789959022,Q1
4782-OSFXZ,Female,1,1,0,71,1,Yes,DSL,Yes,Yes,Yes,Yes,No,Yes,Two year,1,Bank transfer (automatic),82.7,5831.2,0,1.7682790048790333,Q1
6656-GULJQ,Male,0,1,1,72,1,Yes,DSL,Yes,No,Yes,Yes,Yes,Yes,Two year,1,Credit card (automatic),83.55,6093.3,0,1.7679655839206894,Q1
3638-VBZTA,Male,0,0,1,68,1,Yes,DSL,Yes,Yes,No,Yes,Yes,Yes,Two year,1,Bank transfer (automatic),86.5,5882.75,0,1.7659902257414792,Q1
6916-HIJSE,Female,0,0,0,65,1,No,DSL,Yes,Yes,Yes,Yes,Yes,Yes,Two year,1,Bank transfer (automatic),84.85,5459.2,0,1.763721215653388,Q1
2176-LVPNX,Female,1,0,0,71,1,Yes,DSL,Yes,Yes,Yes,Yes,Yes,Yes,Two year,0,Mailed check,89.85,6293.45,0,1.7569737422597633,Q1
1568-BEKZM,Male,1,1,0,70,1,Yes,DSL,Yes,Yes,Yes,Yes,Yes,Yes,Two year,0,Credit card (automatic),90.05,6333.4,0,1.755639578672106,Q1
7284-ZZLOH,Male,0,1,0,45,1,No,DSL,Yes,No,Yes,No,No,No,Two year,0,Credit card (automatic),53.3,2296.25,0,1.7550758909738,Q1
7579-KKLOE,Male,0,1,1,71,1,Yes,DSL,Yes,Yes,Yes,Yes,Yes,Yes,Two year,1,Mailed check,91.25,6589.6,0,1.754728441150296,Q1
3933-DQPWX,Female,0,0,0,50,0,No phone service,DSL,No,Yes,Yes,Yes,No,No,Two year,0,Credit card (automatic),39.7,1932.75,0,1.753169288357062,Q1
7401-JIXNM,Female,0,1,1,54,1,Yes,DSL,Yes,Yes,Yes,Yes,Yes,Yes,Two year,0,Credit card (automatic),91.3,4965.0,0,1.751711678304448,Q1
9110-HSGTV,Female,0,0,0,69,1,No,DSL,Yes,No,Yes,Yes,Yes,Yes,Two year,1,Credit card (automatic),82.45,5555.3,0,1.751452073212519,Q1
4827-DPADN,Female,0,1,1,72,1,Yes,DSL,Yes,No,Yes,Yes,Yes,Yes,Two year,1,Bank transfer (automatic),83.3,6042.7,0,1.743322452243124,Q1
5249-QYHEX,Female,0,1,1,40,1,Yes,No,No internet service,No internet service,No internet service,No internet service,No internet service,No internet service,Two year,1,Mailed check,24.8,1024.7,0,1.7429621598352825,Q1
6248-TKCQV,Female,0,1,1,70,1,Yes,DSL,Yes,No,No,Yes,Yes,Yes,Two year,1,Bank transfer (automatic),80.6,5460.2,0,1.7382381409015188,Q1
6762-QVYJO,Female,0,1,1,58,0,No phone service,DSL,Yes,No,Yes,Yes,Yes,Yes,Two year,0,Mailed check,59.75,3624.35,0,1.735139157733424,Q1
3572-UUHRS,Male,0,0,0,45,1,No,No,No internet service,No internet service,No internet service,No internet service,No internet service,No internet service,One year,0,Bank transfer (automatic),18.85,867.3,0,1.7312300391315039,Q1
4079-WWQQQ,Male,0,0,0,72,0,No phone service,DSL,Yes,Yes,Yes,Yes,Yes,Yes,Two year,1,Bank transfer (automatic),65.55,4807.45,0,1.7230615818028656,Q1
2226-ICFDO,Female,0,1,1,72,1,Yes,DSL,Yes,No,Yes,Yes,Yes,Yes,Two year,1,Credit card (automatic),85.9,6110.75,0,1.721182090820763,Q1
0214-JHPFW,Female,0,1,0,70,0,No phone service,DSL,No,Yes,Yes,Yes,Yes,Yes,Two year,0,Bank transfer (automatic),57.8,4039.3,0,1.7179143118330285,Q1
9066-QRSDU,Female,0,1,0,69,1,Yes,No,No internet service,No internet service,No internet service,No internet service,No internet service,No internet service,One year,1,Electronic check,26.3,1763.55,0,1.7173418411581285,Q1
5322-ZSMZY,Male,0,1,1,31,1,Yes,No,No internet service,No internet service,No internet service,No internet service,No internet service,No internet service,Two year,0,Mailed check,25.75,755.6,0,1.7130314973659633,Q1
2725-TTRIQ,Female,0,1,1,72,1,Yes,DSL,Yes,No,Yes,Yes,Yes,Yes,Two year,1,Bank transfer (automatic),84.2,5986.55,0,1.7102826412795122,Q1
5485-ITNPC,Male,0,1,0,66,1,No,DSL,Yes,Yes,Yes,Yes,Yes,Yes,Two year,1,Bank transfer (automatic),85.9,5595.3,0,1.7098261801781374,Q1
8184-WMOFI,Male,0,1,1,62,1,No,DSL,Yes,No,Yes,Yes,No,Yes,One year,0,Credit card (automatic),71.4,4487.3,0,1.7088738023525223,Q1
5124-EOGYE,Male,0,0,0,31,1,No,No,No internet service,No internet service,No internet service,No internet service,No internet service,No internet service,Two year,0,Mailed check,20.45,638.55,0,1.7071301080928265,Q1
4654-ULTTN,Male,0,1,0,70,1,Yes,DSL,Yes,No,Yes,Yes,No,Yes,Two year,1,Credit card (automatic),74.8,5315.8,0,1.6985014695618978,Q1
7267-FRMJW,Female,0,1,1,25,1,No,No,No internet service,No internet service,No internet service,No internet service,No internet service,No internet service,Two year,0,Mailed check,20.1,486.05,0,1.6977888422085692,Q1
7164-BPTUT,Male,0,0,1,57,1,Yes,DSL,Yes,Yes,Yes,Yes,Yes,Yes,Two year,0,Mailed check,89.55,5012.35,0,1.6966918713859243,Q1
6119-SPUDB,Male,0,0,0,46,0,No phone service,DSL,Yes,No,Yes,Yes,No,No,Two year,0,Mailed check,38.25,1755.35,0,1.6930529795947336,Q1
5130-YPIRV,Female,0,1,0,62,1,No,DSL,Yes,Yes,Yes,No,Yes,No,Two year,1,Credit card (automatic),72.0,4284.2,0,1.6876620365624737,Q1
9135-MGVPY,Male,0,1,0,69,1,No,DSL,Yes,Yes,Yes,Yes,Yes,Yes,Two year,1,Mailed check,84.7,5878.9,0,1.6817013483145955,Q1
6332-FBZRI,Male,0,1,1,67,1,Yes,DSL,Yes,Yes,Yes,Yes,No,No,One year,1,Credit card (automatic),69.35,4653.25,0,1.6801936514584965,Q1
4884-LEVMQ,Male,0,1,0,39,1,No,No,No internet service,No internet service,No internet service,No internet service,No internet service,No internet service,Two year,1,Bank transfer (automatic),20.45,790.0,0,1.6796725379841941,Q1
0795-LAFGP,Male,0,1,1,71,1,Yes,DSL,Yes,Yes,Yes,Yes,Yes,Yes,Two year,0,Electronic check,90.4,6668.05,0,1.6794430977841521,Q1
0114-IGABW,Female,0,1,0,71,0,No phone service,DSL,No,Yes,Yes,Yes,Yes,Yes,Two year,0,Bank transfer (automatic),58.25,4145.9,0,1.6730102519050192,Q1
5125-CNDSP,Male,0,0,1,63,0,No phone service,DSL,Yes,Yes,No,Yes,No,No,One year,1,Bank transfer (automatic),40.6,2588.95,0,1.6728099772747258,Q1
9028-LIHRP,Male,0,1,1,71,1,No,Fiber optic,Yes,Yes,Yes,Yes,Yes,No,Two year,0,Credit card (automatic),100.2,7209.0,0,1.6725823841333218,Q1
0839-QNXME,Female,0,0,0,30,1,No,No,No internet service,No internet service,No internet service,No internet service,No internet service,No internet service,Two year,0,Credit card (automatic),19.4,578.5,0,1.6704565498757282,Q1
2211-RMNHO,Female,0,1,1,68,1,Yes,DSL,No,Yes,Yes,Yes,Yes,Yes,Two year,0,Bank transfer (automatic),85.3,5560.0,0,1.666238537401471,Q1
5774-QPLTF,Male,0,1,1,50,1,No,No,No internet service,No internet service,No internet service,No internet service,No internet service,No internet service,One year,1,Mailed check,20.35,938.95,0,1.6652322792136045,Q1
5676-CFLYY,Male,0,1,1,71,1,No,DSL,No,Yes,No,Yes,Yes,Yes,Two year,1,Credit card (automatic),73.35,5154.5,0,1.663775870252504,Q1
9415-ZNBSX,Female,0,1,1,70,1,Yes,DSL,Yes,Yes,Yes,Yes,Yes,Yes,Two year,1,Bank transfer (automatic),89.0,6293.2,0,1.662401313521062,Q1
2428-HYUNX,Male,1,1,0,44,1,No,No,No internet service,No internet service,No internet service,No internet service,No internet service,No internet service,Two year,1,Credit card (automatic),19.35,847.25,0,1.6615279048511562,Q1
9477-LGWQI,Male,0,1,1,70,1,No,DSL,Yes,Yes,Yes,No,Yes,Yes,Two year,1,Credit card (automatic),80.15,5600.15,0,1.657024659072715,Q1
9385-EHGDO,Female,0,1,1,35,1,No,No,No internet service,No internet service,No internet service,No internet service,No internet service,No internet service,Two year,1,Mailed check,19.85,739.35,0,1.6562072108901396,Q1
8204-YJCLA,Male,1,1,1,72,0,No phone service,DSL,Yes,Yes,Yes,Yes,Yes,Yes,Two year,1,Bank transfer (automatic),64.8,4732.35,0,1.6532717631581328,Q1
0788-DXBFY,Male,0,1,1,58,1,No,No,No internet service,No internet service,No internet service,No internet service,No internet service,No internet service,One year,1,Electronic check,19.55,1108.8,0,1.6440356227234825,Q1
3251-YMVWZ,Male,0,0,0,53,1,Yes,No,No internet service,No internet service,No internet service,No internet service,No internet service,No internet service,One year,0,Bank transfer (automatic),24.05,1301.9,0,1.6431166229235343,Q1
8908-NMQTX,Male,0,0,0,72,0,No phone service,DSL,Yes,Yes,Yes,Yes,Yes,Yes,Two year,1,Bank transfer (automatic),65.6,4566.5,0,1.6396571795197854,Q1
0254-WWRKD,Female,0,1,1,67,1,No,DSL,No,Yes,No,No,No,No,One year,0,Credit card (automatic),50.55,3431.75,0,1.6388000430518475,Q1
6265-FRMTQ,Male,0,0,0,31,1,No,No,No internet service,No internet service,No internet service,No internet service,No internet service,No internet service,Two year,0,Bank transfer (automatic),20.4,609.1,0,1.6387135802564619,Q1
6685-GBWJZ,Male,0,1,0,63,1,No,DSL,Yes,Yes,No,Yes,Yes,No,One year,0,Credit card (automatic),70.8,4448.8,0,1.6384296506955918,Q1
6122-LJADA,Male,0,1,1,70,1,Yes,DSL,Yes,Yes,Yes,Yes,Yes,Yes,Two year,1,Credit card (automatic),90.15,6237.05,0,1.6380205732101072,Q1
7205-BAIAD,Female,0,0,0,40,1,No,No,No internet service,No internet service,No internet service,No internet service,No internet service,No internet service,Two year,1,Bank transfer (automatic),20.6,827.3,0,1.6362089634537134,Q1
1335-MXCSE,Male,0,1,1,55,1,No,DSL,No,No,Yes,Yes,No,No,Two year,1,Credit card (automatic),55.25,3119.9,0,1.6349382228642007,Q1
6408-WHTEF,Male,0,1,1,72,1,Yes,DSL,Yes,Yes,Yes,Yes,Yes,Yes,Two year,1,Mailed check,89.4,6376.55,0,1.6332941382990969,Q1
4967-WPNCF,Male,0,0,0,72,0,No phone service,DSL,Yes,Yes,Yes,Yes,Yes,Yes,Two year,1,Bank transfer (automatic),63.7,4464.8,0,1.6325021555648216,Q1
9392-XBGTD,Male,0,0,1,27,1,No,No,No internet service,No internet service,No internet service,No internet service,No internet service,No internet service,Two year,0,Mailed check,20.6,581.85,0,1.6315567022844228,Q1
4671-VJLCL,Female,0,0,0,63,1,Yes,DSL,Yes,Yes,Yes,Yes,Yes,No,Two year,1,Credit card (automatic),79.85,4861.45,0,1.628697800901017,Q1
2661-GKBTK,Male,0,1,1,60,1,No,DSL,No,Yes,No,Yes,Yes,Yes,Two year,0,Bank transfer (automatic),76.95,4543.95,0,1.6265929259906422,Q1
5680-LQOGP,Female,0,0,0,68,1,No,DSL,Yes,Yes,Yes,Yes,Yes,Yes,Two year,1,Credit card (automatic),82.45,5646.6,0,1.6261396877716778,Q1
5231-FIQPA,Female,0,0,0,41,1,No,No,No internet service,No internet service,No internet service,No internet service,No internet service,No internet service,Two year,1,Mailed check,19.85,810.45,0,1.622938894948666,Q1
4518-FZBSX,Male,0,1,1,42,1,No,No,No internet service,No internet service,No internet service,No internet service,No internet service,No internet service,One year,0,Mailed check,20.25,854.9,0,1.6205594285261815,Q1
9140-CZQZZ,Female,0,1,0,68,1,No,DSL,Yes,Yes,No,Yes,Yes,Yes,Two year,1,Bank transfer (automatic),79.6,5515.8,0,1.617865239699795,Q1
7975-JMZNT,Male,0,1,0,66,1,Yes,DSL,Yes,Yes,Yes,Yes,Yes,Yes,Two year,0,Bank transfer (automatic),91.7,6075.9,0,1.6158971694390956,Q1
7216-KAOID,Male,0,1,1,41,1,No,No,No internet service,No internet service,No internet service,No internet service,No internet service,No internet service,One year,0,Bank transfer (automatic),19.5,798.2,0,1.6146922489974762,Q1
8174-LNWMW,Female,0,0,0,31,1,No,No,No internet service,No internet service,No internet service,No internet service,No internet service,No internet service,Two year,0,Credit card (automatic),20.9,689.35,0,1.6138760998804464,Q1
8316-BBQAY,Female,0,0,0,65,0,No phone service,DSL,Yes,No,Yes,Yes,Yes,Yes,Two year,0,Credit card (automatic),59.95,3921.1,0,1.612889408176452,Q1
7633-MVPUY,Male,0,1,0,57,1,No,DSL,Yes,Yes,No,Yes,No,No,Two year,1,Electronic check,59.75,3450.15,0,1.6112369684718761,Q1
4077-HWUYD,Male,0,1,1,72,1,Yes,DSL,Yes,Yes,Yes,Yes,Yes,Yes,Two year,1,Bank transfer (automatic),87.55,6463.15,0,1.6105820238570692,Q1
0784-GTUUK,Male,0,1,0,62,1,Yes,No,No internet service,No internet service,No internet service,No internet service,No internet service,No internet service,One year,1,Credit card (automatic),23.75,1446.8,0,1.6074707245011706,Q1
3219-JQRSL,Female,1,1,0,72,1,Yes,DSL,Yes,Yes,Yes,Yes,Yes,Yes,Two year,0,Credit card (automatic),89.1,6352.4,0,1.6049814930368576,Q1
0017-DINOC,Male,0,0,0,54,0,No phone service,DSL,Yes,No,No,Yes,Yes,No,Two year,0,Credit card (automatic),45.2,2460.55,0,1.6006191529830887,Q1
8413-YNHNV,Male,0,0,0,69,1,Yes,DSL,Yes,Yes,Yes,Yes,Yes,Yes,Two year,0,Mailed check,90.65,6322.1,0,1.5975273535170902,Q1
6974-DAFLI,Female,0,1,0,55,1,No,No,No internet service,No internet service,No internet service,No internet service,No internet service,No internet service,One year,0,Electronic check,19.7,1140.05,0,1.5959618798780069,Q1
4718-WXBGI,Male,0,1,1,72,1,Yes,DSL,Yes,Yes,Yes,Yes,Yes,Yes,Two year,1,Credit card (automatic),91.95,6614.9,0,1.5937707462590454,Q1
1221-GHZEP,Female,0,0,0,62,1,No,DSL,Yes,No,No,Yes,No,Yes,Two year,1,Mailed check,65.1,3846.75,0,1.5934169879432032,Q1
0602-DDUML,Female,0,0,0,57,1,No,DSL,No,Yes,Yes,Yes,Yes,No,Two year,0,Mailed check,69.75,3894.4,0,1.5905368196018004,Q1
8197-BFWVU,Female,0,1,1,72,1,Yes,DSL,Yes,Yes,Yes,Yes,Yes,Yes,Two year,1,Bank transfer (automatic),93.25,6688.95,0,1.590130939300493,Q1
4837-PZTIC,Female,0,0,0,47,0,No phone service,DSL,Yes,No,Yes,Yes,No,No,Two year,0,Mailed check,41.9,1875.25,0,1.5867881489218607,Q1
9674-EHPPG,Male,0,1,0,46,0,No phone service,DSL,Yes,No,Yes,Yes,No,No,Two year,0,Credit card (automatic),40.4,1842.7,0,1.5862932978903417,Q1
1506-YJTYT,Male,0,1,1,45,1,Yes,DSL,Yes,Yes,No,Yes,Yes,No,Two year,0,Credit card (automatic),73.85,3371.0,0,1.5817085720316828,Q1
8859-DZTGQ,Male,0,0,0,33,1,No,No,No internet service,No internet service,No internet service,No internet service,No internet service,No internet service,Two year,0,Mailed check,20.35,689.75,0,1.5801356388430887,Q1
4609-KNNWG,Female,0,1,1,27,1,No,No,No internet service,No internet service,No internet service,No internet service,No internet service,No internet service,Two year,0,Mailed check,19.9,550.1,0,1.5772477933324844,Q1
3079-BCHLN,Male,0,1,0,47,1,No,No,No internet service,No internet service,No internet service,No internet service,No internet service,No internet service,One year,0,Bank transfer (automatic),19.9,942.95,0,1.5677011104037903,Q1
5248-KWLAR,Male,0,1,1,71,1,Yes,DSL,Yes,Yes,Yes,Yes,Yes,Yes,Two year,0,Electronic check,90.35,6325.25,0,1.5660796377418393,Q1
9968-FFVVH,Male,0,0,0,63,1,Yes,DSL,Yes,Yes,Yes,Yes,No,No,One year,0,Bank transfer (automatic),68.8,4111.35,0,1.5648943592032525,Q1
6504-VBLFL,Male,0,1,0,55,1,No,DSL,Yes,Yes,Yes,No,No,No,Two year,0,Electronic check,58.6,3068.6,0,1.5635958478604817,Q1
3161-ONRWK,Male,0,1,1,60,1,No,DSL,Yes,Yes,Yes,Yes,No,No,One year,1,Bank transfer (automatic),65.85,3928.3,0,1.5627863092556549,Q1
0123-CRBRT,Female,0,1,1,61,1,Yes,DSL,Yes,Yes,Yes,Yes,Yes,Yes,Two year,0,Mailed check,88.1,5526.75,0,1.5587750640443137,Q1
1951-IEYXM,Male,0,1,1,72,1,Yes,DSL,Yes,Yes,Yes,Yes,Yes,Yes,Two year,1,Credit card (automatic),90.6,6441.85,0,1.5566970028289102,Q1
9068-VPWQQ,Male,0,1,0,61,1,Yes,DSL,Yes,No,Yes,Yes,No,Yes,Two year,0,Credit card (automatic),75.35,4729.3,0,1.5565033071278211,Q1
1492-KGETH,Male,0,1,1,70,1,Yes,DSL,Yes,Yes,Yes,Yes,No,Yes,One year,0,Bank transfer (automatic),78.35,5445.95,0,1.555533950986929,Q1
6418-PIQSP,Female,0,1,0,62,1,No,DSL,Yes,No,Yes,Yes,Yes,Yes,Two year,0,Mailed check,81.0,4985.9,0,1.5541142395112812,Q1
5397-NSKQG,Male,0,1,1,67,0,No phone service,DSL,Yes,No,No,No,Yes,Yes,Two year,0,Credit card (automatic),50.9,3281.65,0,1.554020875142335,Q1
5329-KRDTM,Male,1,1,0,72,1,Yes,DSL,No,Yes,Yes,Yes,Yes,No,Two year,0,Credit card (automatic),77.35,5396.25,0,1.5537967720594574,Q1
7850-THJMU,Female,0,1,1,26,1,No,No,No internet service,No internet service,No internet service,No internet service,No internet service,No internet service,Two year,0,Credit card (automatic),19.65,494.9,0,1.553130321459871,Q1
0420-TXVSG,Male,0,1,0,66,1,Yes,DSL,Yes,Yes,Yes,No,No,No,Two year,1,Credit card (automatic),66.1,4428.45,0,1.551205734182124,Q1
5930-GBIWP,Male,0,0,0,69,1,Yes,DSL,Yes,Yes,Yes,Yes,No,Yes,Two year,1,Credit card (automatic),81.5,5553.25,0,1.5506057432709714,Q1
2384-OVPSA,Female,1,0,0,38,1,No,No,No internet service,No internet service,No internet service,No internet service,No internet service,No internet service,Two year,0,Mailed check,20.2,735.9,0,1.5473047340052957,Q1
3508-VLHCZ,Female,0,1,1,71,1,Yes,DSL,Yes,Yes,Yes,Yes,Yes,Yes,Two year,1,Credit card (automatic),90.55,6239.05,0,1.5458630270887368,Q1
8859-YSTWS,Male,0,0,0,48,1,No,No,No internet service,No internet service,No internet service,No internet service,No internet service,No internet service,One year,0,Bank transfer (automatic),19.95,1004.5,0,1.5451416511935707,Q1
4121-AGSIN,Female,0,1,1,58,1,Yes,No,No internet service,No internet service,No internet service,No internet service,No internet service,No internet service,One year,1,Credit card (automatic),24.5,1497.9,0,1.5430646248359867,Q1
5727-MYATE,Male,0,1,1,72,1,Yes,DSL,Yes,Yes,Yes,Yes,Yes,Yes,Two year,1,Credit card (automatic),90.8,6397.6,0,1.5398958528771902,Q1
2595-KIWPV,Male,0,0,1,27,1,No,No,No internet service,No internet service,No internet service,No internet service,No internet service,No internet service,Two year,0,Credit card (automatic),19.7,509.3,0,1.539119789270368,Q1
4825-XJGDM,Female,0,0,0,61,0,No phone service,DSL,Yes,Yes,Yes,Yes,No,No,One year,0,Credit card (automatic),43.7,2696.55,0,1.537658518410473,Q1
0567-XRHCU,Female,0,1,1,69,0,No phone service,DSL,Yes,No,Yes,No,No,Yes,Two year,1,Credit card (automatic),43.95,2960.1,0,1.5351557255183805,Q1
2824-DXNKN,Female,0,1,1,72,1,Yes,DSL,Yes,No,Yes,No,Yes,No,Two year,1,Bank transfer (automatic),71.45,5025.85,0,1.5304533347150493,Q1
8050-XGRVL,Female,0,1,1,62,1,No,DSL,Yes,No,Yes,No,No,No,One year,0,Credit card (automatic),54.75,3425.35,0,1.5278767198120176,Q1
9361-YNQWJ,Female,0,0,0,64,1,Yes,No,No internet service,No internet service,No internet service,No internet service,No internet service,No internet service,One year,1,Bank transfer (automatic),24.4,1601.2,0,1.527516645097105,Q1
4955-VCWBI,Female,0,1,1,43,1,No,No,No internet service,No internet service,No internet service,No internet service,No internet service,No internet service,One year,0,Mailed check,20.0,817.95,0,1.525917928927527,Q1
4188-PCPIG,Female,0,1,0,57,1,No,DSL,Yes,Yes,No,Yes,Yes,No,Two year,1,Credit card (automatic),70.35,4124.65,0,1.5183433501569426,Q1
0556-FJEGU,Male,0,0,0,58,1,No,DSL,No,Yes,Yes,Yes,Yes,No,Two year,0,Bank transfer (automatic),70.1,4048.95,0,1.5174531086710241,Q1
8148-NLEGT,Female,0,1,1,42,1,Yes,No,No internet service,No internet service,No internet service,No internet service,No internet service,No internet service,Two year,0,Electronic check,22.95,1014.25,0,1.5166964535245322,Q1
3938-YFPXD,Male,0,0,0,72,1,Yes,DSL,Yes,No,Yes,Yes,Yes,Yes,Two year,0,Credit card (automatic),84.3,5997.1,0,1.5057053342234403,Q1
7649-SIJJF,Male,0,1,0,71,1,Yes,DSL,Yes,Yes,Yes,Yes,No,Yes,Two year,1,Mailed check,80.1,5585.4,0,1.5049358438097726,Q1
2581-VKIRT,Female,0,1,1,59,1,Yes,DSL,Yes,Yes,No,Yes,No,No,One year,0,Mailed check,65.5,3801.3,0,1.5038694933988483,Q1
5542-NKVRU,Female,0,0,0,42,1,No,No,No internet service,No internet service,No internet service,No internet service,No internet service,No internet service,Two year,1,Bank transfer (automatic),20.75,844.45,0,1.5020542312643483,Q1
6152-ONASV,Female,0,1,0,68,1,Yes,DSL,Yes,No,No,Yes,No,No,One year,0,Bank transfer (automatic),58.25,3975.7,0,1.498840064080322,Q1
9435-JMLSX,Male,0,1,0,71,1,No,DSL,Yes,Yes,Yes,Yes,Yes,Yes,Two year,1,Bank transfer (automatic),86.1,6045.9,0,1.4983757383007301,Q1
8181-YHCMF,Female,0,1,1,68,0,No phone service,DSL,No,Yes,Yes,Yes,Yes,Yes,Two year,0,Credit card (automatic),60.3,4109.0,0,1.4967071275768244,Q1
7131-ZQZNK,Female,0,1,1,60,0,No phone service,DSL,Yes,No,Yes,Yes,Yes,Yes,Two year,0,Credit card (automatic),59.85,3590.2,0,1.4952729721119935,Q1
6169-PGNCD,Female,0,0,0,57,1,No,DSL,Yes,Yes,Yes,Yes,Yes,No,Two year,1,Credit card (automatic),74.3,4166.35,0,1.4921460145694339,Q1
9073-ZZIAY,Male,0,1,1,62,1,No,DSL,Yes,Yes,Yes,Yes,Yes,Yes,Two year,0,Electronic check,86.1,5215.25,0,1.4909236232015886,Q1
4723-BEGSG,Male,0,1,0,72,1,Yes,DSL,Yes,No,Yes,Yes,Yes,Yes,Two year,0,Credit card (automatic),86.65,6094.25,0,1.4864433892715956,Q1
9348-ROUAI,Female,0,1,1,59,1,Yes,DSL,Yes,Yes,Yes,Yes,Yes,Yes,Two year,0,Credit card (automatic),90.3,5194.05,0,1.4831371138139084,Q1
5266-PFRQK,Male,0,1,1,52,1,No,No,No internet service,No internet service,No internet service,No internet service,No internet service,No internet service,One year,1,Credit card (automatic),20.85,1071.6,0,1.4822607338092413,Q1
4973-MGTON,Female,0,1,0,71,1,No,DSL,Yes,Yes,Yes,Yes,Yes,Yes,Two year,1,Credit card (automatic),84.4,5969.3,0,1.4749893614012877,Q1
6463-MVYRY,Female,1,0,0,57,1,No,DSL,Yes,No,Yes,Yes,Yes,No,Two year,0,Bank transfer (automatic),69.85,4003.0,0,1.472543676239537,Q1
9610-WCESF,Male,0,0,0,67,0,No phone service,DSL,Yes,No,No,Yes,Yes,No,Two year,0,Electronic check,43.9,3097.2,0,1.467489360358774,Q1
7349-ALMUX,Male,0,0,0,37,1,No,DSL,Yes,Yes,Yes,Yes,No,No,Two year,0,Bank transfer (automatic),65.6,2313.8,0,1.4622256963931577,Q1
9803-FTJCG,Male,0,1,1,71,1,Yes,DSL,Yes,Yes,No,Yes,No,No,One year,1,Credit card (automatic),66.85,4748.7,0,1.4619410437543727,Q1
4701-LKOZD,Female,0,0,0,70,1,Yes,DSL,Yes,Yes,Yes,Yes,Yes,Yes,Two year,0,Credit card (automatic),89.75,6367.2,0,1.4615144944577185,Q1
3957-SQXML,Female,0,1,1,34,1,Yes,No,No internet service,No internet service,No internet service,No internet service,No internet service,No internet service,Two year,0,Credit card (automatic),24.95,894.3,0,1.460296660024758,Q1
4291-TPNFG,Male,0,1,0,72,1,Yes,DSL,Yes,Yes,Yes,Yes,No,Yes,Two year,1,Bank transfer (automatic),82.3,5980.55,0,1.456798868326277,Q1
9055-MOJJJ,Female,0,1,1,64,1,No,DSL,Yes,No,No,Yes,Yes,No,One year,0,Mailed check,65.8,4068.0,0,1.456399907212928,Q1
9631-RXVJM,Male,0,0,0,35,1,No,No,No internet service,No internet service,No internet service,No internet service,No internet service,No internet service,Two year,0,Mailed check,19.25,677.9,0,1.456369132546441,Q1
4825-FUREZ,Male,0,1,0,42,1,No,No,No internet service,No internet service,No internet service,No internet service,No internet service,No internet service,Two year,0,Electronic check,20.25,835.5,0,1.4557214182642564,Q1
9418-RUKPH,Female,0,1,1,38,1,No,No,No internet service,No internet service,No internet service,No internet service,No internet service,No internet service,Two year,1,Mailed check,19.95,756.4,0,1.4552019445962585,Q1
1084-MNSMJ,Female,0,1,1,51,1,No,DSL,Yes,Yes,Yes,Yes,Yes,Yes,Two year,0,Credit card (automatic),85.5,4421.95,0,1.4506530765469812,Q1
8577-QSOCG,Female,0,1,1,38,1,No,No,No internet service,No internet service,No internet service,No internet service,No internet service,No internet service,Two year,1,Mailed check,20.2,746.05,0,1.4491411955851963,Q1
0625-AFOHS,Female,0,1,1,29,1,No,No,No internet service,No internet service,No internet service,No internet service,No internet service,No internet service,Two year,0,Mailed check,20.2,558.8,0,1.4428183743895522,Q1
2234-EOFPT,Male,0,1,0,72,1,No,DSL,Yes,Yes,No,Yes,Yes,Yes,Two year,1,Bank transfer (automatic),79.35,5753.25,0,1.4417365553845551,Q1
5707-ZMDJP,Male,0,1,1,53,1,No,DSL,Yes,Yes,No,Yes,Yes,No,Two year,1,Mailed check,69.7,3729.6,0,1.4415253225497808,Q1
7524-VRLPL,Male,1,0,0,69,1,Yes,DSL,Yes,No,Yes,Yes,No,Yes,Two year,0,Credit card (automatic),74.1,5031.0,0,1.4406563236213963,Q1
9067-SQTNS,Male,0,1,1,44,1,No,No,No internet service,No internet service,No internet service,No internet service,No internet service,No internet service,One year,0,Bank transfer (automatic),20.6,926.0,0,1.438571755609471,Q1
9489-DEDVP,Female,0,1,1,70,1,Yes,DSL,Yes,Yes,No,No,Yes,No,Two year,1,Credit card (automatic),69.2,4872.35,0,1.4345396840185654,Q1
3813-DHBBB,Male,0,1,0,67,0,No phone service,DSL,Yes,Yes,No,Yes,No,Yes,Two year,1,Bank transfer (automatic),50.95,3521.7,0,1.4330947437424544,Q1
1985-MBRYP,Female,0,0,0,43,1,No,No,No internet service,No internet service,No internet service,No internet service,No internet service,No internet service,Two year,1,Bank transfer (automatic),19.65,779.25,0,1.4318143644705825,Q1
3373-DIUUN,Male,0,1,1,30,1,No,No,No internet service,No internet service,No internet service,No internet service,No internet service,No internet service,Two year,0,Mailed check,21.25,711.9,0,1.4274369577492623,Q1
1269-FOYWN,Male,0,1,1,44,1,No,No,No internet service,No internet service,No internet service,No internet service,No internet service,No internet service,One year,0,Bank transfer (automatic),20.0,860.85,0,1.4273375316569248,Q1
1414-YADCW,Male,0,1,0,70,1,No,Fiber optic,Yes,Yes,No,Yes,No,No,Two year,0,Bank transfer (automatic),84.6,5706.2,0,1.427184969631237,Q1
8430-TWCBX,Female,0,1,0,49,1,No,No,No internet service,No internet service,No internet service,No internet service,No internet service,No internet service,One year,0,Credit card (automatic),20.7,1032.05,0,1.4247798406458374,Q1
5642-MHDQT,Female,0,1,1,53,1,No,No,No internet service,No internet service,No internet service,No internet service,No internet service,No internet service,One year,1,Bank transfer (automatic),19.85,1039.45,0,1.42067575203923,Q1
6953-PBDIN,Male,0,1,0,70,1,Yes,DSL,No,Yes,Yes,Yes,Yes,No,Two year,0,Bank transfer (automatic),72.95,5265.55,0,1.4175695432408268,Q1
0440-EKDCF,Male,0,1,0,62,1,No,DSL,No,Yes,Yes,Yes,No,No,Two year,1,Credit card (automatic),60.15,3753.2,0,1.4151659903453917,Q1
6177-PEVRA,Female,0,0,0,48,1,No,DSL,Yes,Yes,No,No,No,No,Two year,0,Credit card (automatic),55.5,2627.35,0,1.4143806003371864,Q1
9732-OUYRN,Female,0,1,0,49,1,No,No,No internet service,No internet service,No internet service,No internet service,No internet service,No internet service,One year,0,Credit card (automatic),19.0,918.7,0,1.4134900091237583,Q1
6551-VLJMV,Male,0,1,0,34,1,No,No,No internet service,No internet service,No internet service,No internet service,No internet service,No internet service,Two year,0,Credit card (automatic),20.05,679.0,0,1.4133261490398652,Q1
3967-KXAPS,Male,0,1,0,72,1,Yes,DSL,Yes,Yes,Yes,Yes,Yes,Yes,Two year,0,Credit card (automatic),92.3,6719.9,0,1.405179444733173,Q1
2990-IAJSV,Male,0,0,0,72,1,Yes,DSL,Yes,Yes,Yes,Yes,Yes,Yes,Two year,0,Bank transfer (automatic),92.0,6632.75,0,1.404047780962076,Q1
2511-ALLCS,Female,0,1,1,35,1,Yes,No,No internet service,No internet service,No internet service,No internet service,No internet service,No internet service,Two year,0,Bank transfer (automatic),24.3,821.6,0,1.4037833579268382,Q1
4641-FROLU,Female,0,1,1,30,1,No,No,No internet service,No internet service,No internet service,No internet service,No internet service,No internet service,Two year,0,Mailed check,19.3,602.9,0,1.4034679140757154,Q1
6461-SZMCV,Female,0,1,0,71,1,Yes,DSL,Yes,Yes,Yes,Yes,Yes,Yes,Two year,0,Bank transfer (automatic),87.95,6365.35,0,1.4020140937231644,Q1
4896-CPRPF,Male,0,1,1,35,1,Yes,No,No internet service,No internet service,No internet service,No internet service,No internet service,No internet service,Two year,0,Bank transfer (automatic),25.45,809.25,0,1.401425536321713,Q1
5494-WOZRZ,Female,0,1,1,71,1,No,DSL,Yes,No,Yes,Yes,Yes,Yes,Two year,1,Credit card (automatic),82.0,5999.85,0,1.4007859433928178,Q1
0048-PIHNL,Female,0,1,0,49,1,No,No,No internet service,No internet service,No internet service,No internet service,No internet service,No internet service,One year,0,Bank transfer (automatic),20.45,900.9,0,1.3991933319065342,Q1
2589-AYCRP,Female,0,0,0,50,1,No,No,No internet service,No internet service,No internet service,No internet service,No internet service,No internet service,One year,0,Bank transfer (automatic),19.75,989.05,0,1.3985036210893733,Q1
1270-XKUCC,Female,0,1,1,30,1,No,No,No internet service,No internet service,No internet service,No internet service,No internet service,No internet service,Two year,0,Mailed check,19.7,599.25,0,1.397690578572496,Q1
2885-HIJDH,Male,0,1,1,69,1,Yes,DSL,Yes,No,Yes,Yes,Yes,Yes,Two year,0,Bank transfer (automatic),86.9,6194.1,0,1.397558450552799,Q1
7398-HPYZQ,Male,0,1,0,71,1,Yes,DSL,Yes,Yes,Yes,Yes,Yes,Yes,Two year,0,Bank transfer (automatic),90.55,6404.0,0,1.397164838815232,Q1
9602-WCXPI,Male,0,0,0,50,1,No,No,No internet service,No internet service,No internet service,No internet service,No internet service,No internet service,One year,0,Credit card (automatic),20.15,989.05,0,1.394134192802474,Q1
2194-IIQOF,Female,0,1,0,71,1,Yes,DSL,Yes,Yes,Yes,Yes,Yes,Yes,Two year,0,Credit card (automatic),89.3,6388.65,0,1.3922806576429188,Q1
7103-ZGVNT,Female,0,1,1,69,1,Yes,DSL,Yes,Yes,No,Yes,Yes,No,One year,0,Credit card (automatic),73.7,4885.85,0,1.3908081070899756,Q1
6885-PKOAM,Female,0,1,0,71,1,Yes,DSL,Yes,Yes,Yes,Yes,Yes,Yes,Two year,0,Credit card (automatic),85.75,6223.8,0,1.3889923297426399,Q1
7945-PRBVF,Male,0,0,0,35,1,No,No,No internet service,No internet service,No internet service,No internet service,No internet service,No internet service,Two year,0,Bank transfer (automatic),21.45,705.45,0,1.3885577830657216,Q1
8374-UULRV,Male,0,0,0,72,1,Yes,DSL,Yes,Yes,No,Yes,Yes,Yes,Two year,0,Credit card (automatic),86.05,6309.65,0,1.3880732613597684,Q1
5148-ORICT,Female,0,1,0,64,1,No,DSL,Yes,Yes,Yes,Yes,No,Yes,Two year,1,Mailed check,74.35,4759.55,0,1.3867108734474742,Q1
1699-UOTXU,Male,0,0,0,60,1,No,DSL,Yes,Yes,Yes,No,No,No,Two year,0,Electronic check,61.4,3638.25,0,1.3862261632047468,Q1
4632-XJMEX,Male,0,0,1,53,1,No,DSL,Yes,Yes,No,Yes,No,No,One year,0,Credit card (automatic),62.85,3419.5,0,1.3852694799924565,Q1
8039-EQPIM,Male,0,1,0,69,0,No phone service,DSL,Yes,No,Yes,Yes,Yes,Yes,Two year,0,Bank transfer (automatic),60.25,4055.5,0,1.3842671382552332,Q1
5879-HMFFH,Female,0,1,0,72,1,Yes,DSL,Yes,Yes,Yes,Yes,Yes,Yes,Two year,0,Bank transfer (automatic),88.05,6520.8,0,1.3833615962430088,Q1
8292-ITGYJ,Female,0,1,1,45,1,Yes,No,No internet service,No internet service,No internet service,No internet service,No internet service,No internet service,Two year,1,Bank transfer (automatic),24.65,1138.8,0,1.3827919686143613,Q1
0230-WEQUW,Male,0,1,0,66,0,No phone service,DSL,Yes,Yes,Yes,Yes,Yes,No,Two year,1,Bank transfer (automatic),56.6,3789.2,0,1.3782742755757975,Q1
3779-OSWCF,Female,0,1,0,71,1,Yes,DSL,Yes,Yes,Yes,Yes,Yes,Yes,Two year,0,Credit card (automatic),93.2,6506.15,0,1.3776313114747052,Q1
4312-GVYNH,Female,0,1,0,70,0,No phone service,DSL,Yes,No,Yes,Yes,No,Yes,Two year,1,Bank transfer (automatic),49.85,3370.2,0,1.3771881642052264,Q1
6870-ZWMNX,Male,0,1,0,70,1,Yes,DSL,No,Yes,Yes,Yes,Yes,No,Two year,0,Credit card (automatic),76.1,5264.25,0,1.3757417558519998,Q1
6922-NCEDI,Male,0,0,1,56,1,No,No,No internet service,No internet service,No internet service,No internet service,No internet service,No internet service,One year,1,Mailed check,21.2,1238.65,0,1.3742647759446125,Q1
1839-FBNFR,Female,0,1,1,39,1,No,No,No internet service,No internet service,No internet service,No internet service,No internet service,No internet service,Two year,1,Bank transfer (automatic),19.85,854.8,0,1.374063539901887,Q1
6388-TABGU,Male,0,0,1,62,1,No,DSL,Yes,Yes,No,No,No,No,One year,0,Bank transfer (automatic),56.15,3487.95,0,1.3733344196602932,Q1
6813-GZQCG,Female,0,1,1,45,1,Yes,No,No internet service,No internet service,No internet service,No internet service,No internet service,No internet service,Two year,1,Credit card (automatic),24.65,1171.3,0,1.370959174643172,Q1
7873-CVMAW,Male,0,0,0,72,1,Yes,DSL,Yes,Yes,Yes,Yes,Yes,Yes,Two year,0,Credit card (automatic),88.55,6362.35,0,1.3633189533905254,Q1
8966-KZXXA,Male,0,1,1,36,1,Yes,No,No internet service,No internet service,No internet service,No internet service,No internet service,No internet service,Two year,0,Credit card (automatic),25.1,930.95,0,1.360413196572232,Q1
0744-BIKKF,Male,0,0,0,72,1,Yes,DSL,Yes,Yes,Yes,Yes,Yes,Yes,Two year,0,Bank transfer (automatic),86.65,6224.8,0,1.3523808702845415,Q1
5480-XTFFL,Female,0,1,1,31,1,No,No,No internet service,No internet service,No internet service,No internet service,No internet service,No internet service,Two year,0,Mailed check,21.0,697.7,0,1.3491467412517666,Q1
9242-TKFSV,Male,0,1,1,72,0,No phone service,DSL,Yes,Yes,Yes,Yes,Yes,Yes,Two year,1,Credit card (automatic),65.1,4754.3,0,1.347984449526043,Q1
9624-EGDEQ,Female,0,0,0,37,1,No,No,No internet service,No internet service,No internet service,No internet service,No internet service,No internet service,Two year,0,Mailed check,19.8,813.3,0,1.347581239361865,Q1
2649-HWLYB,Male,0,1,0,65,1,Yes,DSL,Yes,No,Yes,Yes,No,Yes,Two year,0,Bank transfer (automatic),76.15,4929.55,0,1.3474687171206616,Q1
0361-HJRDX,Female,0,0,0,68,0,No phone service,DSL,Yes,Yes,Yes,Yes,Yes,Yes,Two year,0,Credit card (automatic),64.35,4539.6,0,1.3430649662782197,Q1
5275-PMFUT,Male,0,1,1,72,0,No phone service,DSL,Yes,Yes,Yes,Yes,Yes,Yes,Two year,1,Credit card (automatic),64.8,4719.75,0,1.342050675279928,Q1
7321-KKSDU,Male,0,0,1,32,1,No,No,No internet service,No internet service,No internet service,No internet service,No internet service,No internet service,Two year,0,Mailed check,20.5,696.8,0,1.3407323128852728,Q1
7781-HVGMK,Female,0,1,1,72,0,No phone service,DSL,Yes,Yes,Yes,Yes,Yes,Yes,Two year,1,Credit card (automatic),65.2,4784.45,0,1.3393071840342903,Q1
8917-FAEMR,Female,0,0,0,37,1,No,No,No internet service,No internet service,No internet service,No internet service,No internet service,No internet service,Two year,0,Mailed check,19.85,784.25,0,1.339117607782201,Q1
0301-FIDRB,Female,0,1,1,72,0,No phone service,DSL,Yes,Yes,Yes,Yes,Yes,Yes,Two year,1,Bank transfer (automatic),63.8,4684.3,0,1.338167775539267,Q1
1027-LKKQQ,Female,0,1,1,72,1,No,DSL,Yes,No,Yes,Yes,Yes,Yes,Two year,1,Bank transfer (automatic),80.45,5886.85,0,1.3359917545337632,Q1
8191-XWSZG,Female,0,0,0,52,1,No,No,No internet service,No internet service,No internet service,No internet service,No internet service,No internet service,One year,0,Mailed check,20.65,1022.95,0,1.3315974026383754,Q1
8902-ZEOVF,Male,0,1,1,47,1,No,No,No internet service,No internet service,No internet service,No internet service,No internet service,No internet service,One year,0,Mailed check,20.05,951.55,0,1.328216414002106,Q1
5360-XGYAZ,Male,0,1,1,72,0,No phone service,DSL,Yes,Yes,Yes,Yes,Yes,Yes,Two year,1,Bank transfer (automatic),65.65,4664.5,0,1.3262708994443249,Q1
3084-DOWLE,Female,0,1,0,72,1,Yes,DSL,Yes,Yes,Yes,Yes,Yes,Yes,Two year,0,Bank transfer (automatic),92.0,6474.4,0,1.3231885816804447,Q1
9585-KKMFD,Male,0,1,1,41,1,No,No,No internet service,No internet service,No internet service,No internet service,No internet service,No internet service,Two year,1,Mailed check,20.0,879.8,0,1.3218616110192487,Q1
3227-WLKLI,Female,0,1,1,65,1,Yes,DSL,Yes,Yes,Yes,Yes,Yes,Yes,Two year,0,Bank transfer (automatic),91.55,5963.95,0,1.320490048642603,Q1
2451-YMUXS,Male,1,0,0,67,1,Yes,DSL,Yes,Yes,No,Yes,No,No,Two year,1,Bank transfer (automatic),64.55,4250.1,0,1.3183470394345431,Q1
6701-DHKWQ,Female,0,1,1,61,0,No phone service,DSL,No,Yes,Yes,Yes,Yes,No,Two year,0,Credit card (automatic),51.35,3244.4,0,1.3163560517625401,Q1
2160-GPFXD,Male,0,1,1,54,1,Yes,DSL,Yes,Yes,No,Yes,No,No,Two year,1,Credit card (automatic),65.65,3566.7,0,1.3106212641886135,Q1
7018-FPXHH,Male,0,1,1,56,1,No,DSL,Yes,Yes,Yes,No,No,No,Two year,1,Bank transfer (automatic),59.8,3457.45,0,1.3104524182240147,Q1
4635-EJYPD,Male,0,1,1,32,1,No,No,No internet service,No internet service,No internet service,No internet service,No internet service,No internet service,Two year,0,Mailed check,18.95,613.95,0,1.3066628376031726,Q1
8234-GSZYK,Male,0,0,0,43,1,Yes,No,No internet service,No internet service,No internet service,No internet service,No internet service,No internet service,Two year,0,Bank transfer (automatic),26.45,1110.05,0,1.3058635714663325,Q1
8219-VYBVI,Male,0,0,1,39,1,Yes,No,No internet service,No internet service,No internet service,No internet service,No internet service,No internet service,Two year,0,Mailed check,25.0,1004.35,0,1.3014373430952395,Q1
6625-IUTTT,Male,0,0,0,67,1,No,DSL,Yes,No,Yes,No,No,Yes,Two year,0,Bank transfer (automatic),65.55,4361.55,0,1.3005479193244973,Q1
9620-QJREV,Male,0,0,1,47,1,No,No,No internet service,No internet service,No internet service,No internet service,No internet service,No internet service,One year,0,Credit card (automatic),20.55,1013.05,0,1.2947807802561833,Q1
5320-BRKGK,Female,0,1,1,58,1,Yes,DSL,Yes,No,Yes,Yes,Yes,No,Two year,0,Mailed check,75.8,4415.75,0,1.2894915534030504,Q1
7560-QRBXH,Female,0,0,1,48,1,No,No,No internet service,No internet service,No internet service,No internet service,No internet service,No internet service,One year,0,Mailed check,19.95,936.7,0,1.2799848865084473,Q1
3712-PKXZA,Male,0,1,0,61,1,No,No,No internet service,No internet service,No internet service,No internet service,No internet service,No internet service,One year,1,Credit card (automatic),20.55,1252.0,0,1.279345763547882,Q1
0839-JTCUD,Female,0,1,1,66,1,Yes,DSL,Yes,Yes,Yes,Yes,Yes,Yes,Two year,0,Credit card (automatic),89.9,5958.85,0,1.2754335166790376,Q1
9443-JUBUO,Male,0,1,1,72,0,No phone service,DSL,Yes,Yes,Yes,Yes,Yes,Yes,Two year,1,Credit card (automatic),65.25,4478.85,0,1.2725607911649464,Q1
5176-LMJXE,Female,0,0,0,47,1,No,No,No internet service,No internet service,No internet service,No internet service,No internet service,No internet service,Two year,1,Mailed check,20.55,945.7,0,1.2723980951943856,Q1
8722-PRFDV,Female,0,1,1,71,1,No,DSL,Yes,No,Yes,No,Yes,Yes,Two year,0,Credit card (automatic),77.55,5574.35,0,1.2714807401219548,Q1
3500-NSDOA,Male,0,1,1,68,1,Yes,DSL,No,Yes,No,Yes,No,Yes,Two year,0,Credit card (automatic),70.8,4859.95,0,1.2685279879418019,Q1
2300-RQGOI,Female,0,0,0,38,1,No,No,No internet service,No internet service,No internet service,No internet service,No internet service,No internet service,Two year,0,Mailed check,20.05,741.5,0,1.2679364453481932,Q1
8874-EJNSR,Male,0,1,1,39,1,Yes,No,No internet service,No internet service,No internet service,No internet service,No internet service,No internet service,Two year,0,Mailed check,25.2,987.95,0,1.2672565906799962,Q1
0582-AVCLN,Female,0,0,0,38,1,No,No,No internet service,No internet service,No internet service,No internet service,No internet service,No internet service,Two year,0,Mailed check,20.3,743.05,0,1.2656638099797575,Q1
3950-VPYJB,Male,0,1,1,57,1,No,DSL,Yes,Yes,No,Yes,No,No,One year,0,Mailed check,59.6,3509.4,0,1.2650269500965963,Q1
5310-NOOVA,Male,0,0,0,46,1,No,No,No internet service,No internet service,No internet service,No internet service,No internet service,No internet service,Two year,0,Electronic check,19.95,907.05,0,1.2624063997219694,Q1
9650-VBUOG,Male,0,1,1,38,1,Yes,No,No internet service,No internet service,No internet service,No internet service,No internet service,No internet service,Two year,0,Credit card (automatic),25.05,963.95,0,1.254261508400786,Q1
2378-YIZKA,Female,0,1,1,68,1,No,DSL,Yes,Yes,Yes,Yes,Yes,Yes,Two year,1,Credit card (automatic),85.0,5607.75,0,1.254083156417716,Q1
0379-DJQHR,Male,0,1,1,67,1,No,DSL,Yes,Yes,Yes,No,Yes,Yes,Two year,0,Credit card (automatic),81.35,5398.6,0,1.2495433615635103,Q1
3704-IEAXF,Female,0,1,1,72,0,No phone service,DSL,No,Yes,No,Yes,Yes,Yes,Two year,0,Credit card (automatic),53.65,3784.0,0,1.2471379543397199,Q1
5181-OABFK,Female,0,1,1,56,1,No,DSL,Yes,Yes,Yes,No,No,No,Two year,1,Credit card (automatic),61.3,3346.8,0,1.2382602902043987,Q1
3769-MHZNV,Female,0,1,1,33,1,No,No,No internet service,No internet service,No internet service,No internet service,No internet service,No internet service,Two year,0,Mailed check,20.1,670.35,0,1.2376604403737235,Q1
8690-ZVLCL,Female,0,1,1,68,1,Yes,DSL,Yes,Yes,Yes,Yes,Yes,Yes,Two year,0,Credit card (automatic),88.0,6161.9,0,1.2370827094674428,Q1
0442-TDYUO,Male,0,1,0,48,1,No,No,No internet service,No internet service,No internet service,No internet service,No internet service,No internet service,Two year,1,Mailed check,20.05,1036.0,0,1.2360054982193522,Q1
7471-WNSUF,Male,0,1,0,60,1,Yes,No,No internet service,No internet service,No internet service,No internet service,No internet service,No internet service,One year,0,Bank transfer (automatic),24.15,1505.9,0,1.2356539245405074,Q1
9710-NJERN,Female,0,0,0,39,1,No,No,No internet service,No internet service,No internet service,No internet service,No internet service,No internet service,Two year,0,Mailed check,20.15,826.0,0,1.2328579985021442,Q1
5338-YHWYT,Male,0,0,1,37,1,No,DSL,Yes,Yes,No,Yes,No,No,Two year,0,Credit card (automatic),61.45,2302.35,0,1.2163403318407129,Q1
3284-SVCRO,Female,0,1,0,45,1,Yes,No,No internet service,No internet service,No internet service,No internet service,No internet service,No internet service,Two year,0,Mailed check,25.5,1121.05,0,1.2139335634337538,Q1
7560-QJAVJ,Female,0,0,0,70,1,No,DSL,Yes,No,Yes,Yes,Yes,Yes,Two year,0,Bank transfer (automatic),79.6,5589.45,0,1.2114804160550492,Q1
7197-VOJMM,Male,0,1,0,67,1,No,DSL,Yes,Yes,No,Yes,No,Yes,Two year,1,Credit card (automatic),69.2,4671.65,0,1.210206128211662,Q1
1087-GRUYI,Male,0,1,0,38,1,No,No,No internet service,No internet service,No internet service,No internet service,No internet service,No internet service,Two year,0,Bank transfer (automatic),20.4,743.5,0,1.20895262424684,Q1
7073-QETQY,Male,0,1,1,66,1,No,No,No internet service,No internet service,No internet service,No internet service,No internet service,No internet service,One year,1,Electronic check,20.35,1359.5,0,1.2085311219308728,Q1
2580-ATZSQ,Female,0,1,1,65,1,No,DSL,Yes,Yes,Yes,No,No,No,One year,0,Bank transfer (automatic),61.35,3874.1,0,1.2078651339881876,Q1
2535-PBCGC,Female,0,1,0,70,0,No phone service,DSL,Yes,Yes,Yes,Yes,Yes,Yes,Two year,0,Bank transfer (automatic),64.55,4504.9,0,1.2039974857118725,Q1
9451-WLYRI,Female,0,1,0,53,1,No,No,No internet service,No internet service,No internet service,No internet service,No internet service,No internet service,One year,0,Credit card (automatic),19.05,990.45,0,1.2009764238895808,Q1
8205-VSLRB,Male,0,1,0,70,1,Yes,DSL,Yes,No,Yes,Yes,No,Yes,Two year,0,Credit card (automatic),77.3,5498.2,0,1.1983487092874117,Q1
8146-QQKZH,Female,0,1,0,71,1,No,DSL,Yes,No,Yes,Yes,Yes,Yes,Two year,0,Bank transfer (automatic),81.85,5924.4,0,1.1940423832877929,Q1
1209-VFFOC,Male,0,1,1,68,0,No phone service,DSL,Yes,Yes,Yes,Yes,No,Yes,Two year,1,Mailed check,56.4,3948.45,0,1.1927437314683709,Q1
6115-ZTBFQ,Female,0,1,0,72,0,No phone service,DSL,Yes,Yes,Yes,Yes,Yes,Yes,Two year,0,Bank transfer (automatic),65.5,4919.7,0,1.1894141458648981,Q1
3902-MIVLE,Male,0,1,1,63,1,Yes,DSL,Yes,No,Yes,Yes,No,Yes,Two year,0,Mailed check,75.7,4676.7,0,1.1879753581431138,Q1
5795-BKOYE,Female,0,1,1,69,1,No,DSL,No,Yes,Yes,Yes,No,No,One year,0,Bank transfer (automatic),59.1,4134.7,0,1.1853489038587595,Q1
8336-TAVKX,Female,1,1,0,72,1,Yes,DSL,Yes,Yes,Yes,Yes,No,Yes,Two year,0,Bank transfer (automatic),78.45,5682.25,0,1.1836761731615715,Q1
0343-QLUZP,Male,0,0,0,60,0,No phone service,DSL,Yes,Yes,Yes,No,No,No,Two year,0,Bank transfer (automatic),39.6,2424.5,0,1.1828456798015186,Q1
7101-HRBLJ,Female,0,1,1,72,1,No,DSL,Yes,Yes,Yes,Yes,Yes,Yes,Two year,1,Bank transfer (automatic),83.7,6096.9,0,1.180858674973936,Q1
6723-CEGQI,Female,0,0,1,65,0,No phone service,DSL,No,Yes,No,Yes,Yes,No,Two year,0,Mailed check,45.25,2933.95,0,1.1751928873405604,Q1
6374-AFWOX,Male,0,1,0,46,1,No,DSL,Yes,Yes,Yes,Yes,No,No,Two year,0,Mailed check,65.65,3047.15,0,1.1746085078481492,Q1
4735-BJKOU,Female,0,0,0,40,1,No,No,No internet service,No internet service,No internet service,No internet service,No internet service,No internet service,Two year,0,Mailed check,20.15,804.85,0,1.1744088549748364,Q1
3487-EARAT,Female,0,1,1,70,1,No,DSL,Yes,Yes,Yes,Yes,No,Yes,One year,0,Credit card (automatic),74.1,5222.3,0,1.174283740520827,Q1
2729-VNVAP,Female,0,1,1,33,1,No,No,No internet service,No internet service,No internet service,No internet service,No internet service,No internet service,Two year,0,Credit card (automatic),19.8,641.35,0,1.1725817861854706,Q1
5736-YEJAX,Male,0,0,1,69,1,Yes,DSL,Yes,Yes,Yes,Yes,Yes,No,Two year,1,Credit card (automatic),79.45,5502.55,0,1.1680991894915373,Q1
7963-SHNDT,Female,0,0,0,52,0,No phone service,DSL,Yes,Yes,No,Yes,No,No,Two year,0,Mailed check,39.1,1982.1,0,1.1648361630520818,Q1
2821-WARNZ,Female,0,0,1,49,1,No,No,No internet service,No internet service,No internet service,No internet service,No internet service,No internet service,One year,0,Credit card (automatic),19.45,921.3,0,1.1646821151330096,Q1
8468-FZTOE,Female,0,1,1,72,1,No,DSL,Yes,Yes,Yes,Yes,No,Yes,Two year,1,Electronic check,74.35,5237.4,0,1.1629161839534294,Q1
7639-OPLNG,Male,0,1,1,70,1,Yes,DSL,Yes,Yes,Yes,Yes,Yes,No,Two year,1,Bank transfer (automatic),79.25,5731.85,0,1.160047078231326,Q1
3050-RLLXC,Female,0,1,1,56,1,Yes,DSL,Yes,Yes,Yes,Yes,Yes,No,Two year,0,Credit card (automatic),81.25,4620.4,0,1.1594602880201315,Q1
5993-JSUWV,Female,0,0,0,66,1,No,DSL,Yes,Yes,Yes,No,No,No,Two year,1,Bank transfer (automatic),61.15,4017.45,0,1.1586904370615594,Q1
3262-EIDHV,Female,0,1,1,72,1,Yes,DSL,Yes,No,Yes,Yes,Yes,Yes,Two year,0,Credit card (automatic),84.7,5893.9,0,1.1573365649382792,Q1
3472-QPRCH,Male,0,1,1,40,1,Yes,No,No internet service,No internet service,No internet service,No internet service,No internet service,No internet service,Two year,0,Credit card (automatic),25.25,1006.9,0,1.1561852165932534,Q1
4933-BSAIP,Female,0,1,0,40,1,No,No,No internet service,No internet service,No internet service,No internet service,No internet service,No internet service,Two year,0,Mailed check,19.1,780.1,0,1.155253671696507,Q1
7601-GNDYK,Male,0,1,1,35,1,No,No,No internet service,No internet service,No internet service,No internet service,No internet service,No internet service,Two year,0,Mailed check,19.6,686.95,0,1.1548689464110915,Q1
3719-TDVQB,Female,1,1,0,54,1,No,No,No internet service,No internet service,No internet service,No internet service,No internet service,No internet service,Two year,1,Mailed check,18.95,1031.1,0,1.1538061186203326,Q1
4915-BFSXL,Male,0,1,1,70,1,Yes,DSL,Yes,No,Yes,No,Yes,No,Two year,0,Credit card (automatic),68.95,4858.7,0,1.1528045657273345,Q1
2296-DKZFP,Female,0,1,0,65,1,No,DSL,Yes,Yes,Yes,No,No,Yes,Two year,0,Bank transfer (automatic),71.0,4386.2,0,1.1523485436472471,Q1
6288-CHQJB,Female,0,1,1,54,1,No,DSL,Yes,No,Yes,Yes,No,Yes,Two year,0,Bank transfer (automatic),69.95,3871.85,0,1.1517256216495024,Q1
5006-MXVRN,Female,0,0,0,39,1,No,No,No internet service,No internet service,No internet service,No internet service,No internet service,No internet service,Two year,0,Credit card (automatic),20.7,762.45,0,1.1511313581431977,Q1
3067-SVMTC,Female,0,1,0,68,1,No,DSL,Yes,No,No,Yes,No,No,One year,0,Bank transfer (automatic),55.9,3848.8,0,1.145396032906873,Q1
9588-YRFHY,Male,0,0,0,49,1,No,No,No internet service,No internet service,No internet service,No internet service,No internet service,No internet service,Two year,1,Credit card (automatic),19.9,1022.6,0,1.1436029146399334,Q1
5845-BZZIB,Male,0,1,1,35,1,No,No,No internet service,No internet service,No internet service,No internet service,No internet service,No internet service,Two year,0,Mailed check,20.1,655.3,0,1.1426655803506098,Q1
4674-HGNUA,Male,0,1,1,71,1,Yes,DSL,Yes,Yes,Yes,Yes,Yes,Yes,Two year,0,Credit card (automatic),89.9,6457.15,0,1.142120332920283,Q1
4521-WFJAI,Male,0,0,0,56,1,Yes,No,No internet service,No internet service,No internet service,No internet service,No internet service,No internet service,Two year,1,Bank transfer (automatic),25.95,1444.05,0,1.139098666070725,Q1
5377-NDTOU,Female,0,1,1,71,1,Yes,DSL,Yes,Yes,Yes,Yes,Yes,Yes,Two year,0,Mailed check,91.05,6293.75,0,1.1388540716724682,Q1
7274-CGTOD,Male,0,0,0,62,0,No phone service,DSL,Yes,Yes,Yes,Yes,No,No,Two year,1,Bank transfer (automatic),43.7,2618.3,0,1.1373081189270073,Q1
6000-UKLWI,Male,0,0,0,41,1,No,No,No internet service,No internet service,No internet service,No internet service,No internet service,No internet service,Two year,0,Mailed check,20.15,802.35,0,1.1361185727076721,Q1
3727-OVPRY,Male,0,1,1,66,1,Yes,No,No internet service,No internet service,No internet service,No internet service,No internet service,No internet service,One year,1,Credit card (automatic),25.7,1714.55,0,1.1343260480005934,Q1
0363-SVHYR,Male,0,1,1,71,1,Yes,DSL,Yes,Yes,Yes,Yes,Yes,Yes,Two year,0,Bank transfer (automatic),86.85,6263.8,0,1.1306079368784605,Q1
8249-THVEC,Male,0,1,1,51,1,No,No,No internet service,No internet service,No internet service,No internet service,No internet service,No internet service,One year,0,Mailed check,19.4,997.75,0,1.1303916503782745,Q1
2263-SFSQZ,Male,0,1,1,51,1,Yes,No,No internet service,No internet service,No internet service,No internet service,No internet service,No internet service,Two year,1,Mailed check,24.95,1222.25,0,1.1292639921267273,Q1
5135-RDDQL,Female,0,1,1,63,1,No,DSL,Yes,No,No,No,No,No,Two year,1,Bank transfer (automatic),50.65,3221.25,0,1.1274741896502944,Q1
0362-RAOQO,Female,0,0,0,40,1,No,No,No internet service,No internet service,No internet service,No internet service,No internet service,No internet service,Two year,0,Credit card (automatic),19.65,830.25,0,1.1263526647216,Q1
3097-FQTVJ,Female,0,0,0,41,1,No,No,No internet service,No internet service,No internet service,No internet service,No internet service,No internet service,Two year,0,Mailed check,20.0,810.3,0,1.1261815720736403,Q1
8402-OOOHJ,Female,0,0,0,41,1,No,No,No internet service,No internet service,No internet service,No internet service,No internet service,No internet service,Two year,0,Mailed check,20.65,835.15,0,1.12566843839486,Q1
6169-PPETC,Male,0,1,1,35,1,No,No,No internet service,No internet service,No internet service,No internet service,No internet service,No internet service,Two year,0,Bank transfer (automatic),20.5,759.35,0,1.1225463023082516,Q1
0244-LGNFY,Female,0,1,1,72,1,Yes,DSL,Yes,Yes,Yes,Yes,Yes,Yes,Two year,0,Bank transfer (automatic),92.65,6733.0,0,1.1215102184120203,Q1
1775-KWJKQ,Male,0,1,1,72,1,Yes,DSL,Yes,Yes,Yes,Yes,Yes,Yes,Two year,0,Credit card (automatic),89.85,6562.9,0,1.1167867867404944,Q1
9488-FVZCC,Female,0,1,1,72,1,Yes,DSL,Yes,Yes,Yes,Yes,No,Yes,Two year,1,Bank transfer (automatic),79.5,5661.7,0,1.116074007114739,Q1
3569-JFODW,Female,0,1,1,72,1,Yes,DSL,Yes,Yes,Yes,Yes,Yes,Yes,Two year,0,Credit card (automatic),90.95,6652.45,0,1.1155084825832262,Q1
9489-JMTTN,Female,0,1,1,72,1,Yes,DSL,Yes,Yes,Yes,Yes,Yes,Yes,Two year,0,Credit card (automatic),89.75,6595.9,0,1.1143158566561377,Q1
2925-VDZHY,Male,0,1,1,72,1,Yes,DSL,Yes,Yes,Yes,Yes,Yes,Yes,Two year,0,Credit card (automatic),88.7,6501.35,0,1.1140768278613908,Q1
8592-PLTMQ,Female,0,0,0,64,1,Yes,No,No internet service,No internet service,No internet service,No internet service,No internet service,No internet service,One year,0,Mailed check,24.7,1642.75,0,1.1134446919220442,Q1
0318-ZOPWS,Female,0,1,0,49,1,No,No,No internet service,No internet service,No internet service,No internet service,No internet service,No internet service,Two year,1,Bank transfer (automatic),20.15,973.35,0,1.109792011400505,Q1
5117-ZSMHQ,Female,0,1,1,71,1,Yes,DSL,Yes,Yes,Yes,Yes,Yes,Yes,Two year,0,Bank transfer (automatic),89.9,6342.7,0,1.1084400556616176,Q1
8046-DNVTL,Male,0,1,0,62,0,No phone service,DSL,Yes,Yes,No,Yes,No,No,Two year,1,Credit card (automatic),38.6,2345.55,0,1.1056691866469448,Q1
5614-DNZCE,Female,0,0,0,58,1,No,DSL,Yes,Yes,Yes,Yes,No,No,Two year,1,Credit card (automatic),64.9,3795.45,0,1.1035852104969521,Q1
1116-FRYVH,Female,0,1,1,48,0,No phone service,DSL,Yes,Yes,No,Yes,No,No,Two year,0,Mailed check,39.4,1978.65,0,1.1003698513542595,Q1
3533-UVMOM,Male,0,1,0,68,1,No,DSL,Yes,Yes,Yes,No,No,Yes,Two year,0,Bank transfer (automatic),70.95,4741.45,0,1.1000883026202224,Q1
0730-BGQGF,Male,0,1,1,71,1,Yes,DSL,Yes,Yes,Yes,Yes,Yes,Yes,Two year,0,Credit card (automatic),90.3,6287.3,0,1.0989039347829392,Q1
1459-QNFQT,Male,0,1,1,70,0,No phone service,DSL,Yes,No,Yes,Yes,Yes,Yes,Two year,0,Bank transfer (automatic),59.5,4144.8,0,1.0960434463388995,Q1
7408-OFWXJ,Female,0,1,1,72,1,Yes,DSL,Yes,Yes,Yes,Yes,Yes,Yes,Two year,0,Credit card (automatic),89.8,6510.45,0,1.0943260647067992,Q1
4012-YCFAI,Male,0,1,0,60,1,No,DSL,Yes,Yes,No,Yes,No,No,Two year,1,Mailed check,61.35,3766.2,0,1.093733880998143,Q1
3451-VAWLI,Female,0,1,1,35,1,No,No,No internet service,No internet service,No internet service,No internet service,No internet service,No internet service,Two year,0,Credit card (automatic),19.7,730.4,0,1.0936828138224854,Q1
2208-NKVVH,Male,0,1,1,43,1,Yes,No,No internet service,No internet service,No internet service,No internet service,No internet service,No internet service,Two year,0,Mailed check,24.25,1077.95,0,1.0903221071789684,Q1
0621-TSSMU,Male,0,1,0,56,1,No,No,No internet service,No internet service,No internet service,No internet service,No internet service,No internet service,One year,0,Credit card (automatic),19.95,1126.75,0,1.0866175253695454,Q1
6439-PKTRR,Female,0,1,1,70,1,Yes,DSL,Yes,Yes,Yes,Yes,Yes,No,Two year,0,Electronic check,80.7,5617.95,0,1.0826268264743266,Q1
1716-LSAMB,Male,0,1,1,45,1,No,DSL,Yes,No,No,Yes,No,No,Two year,0,Bank transfer (automatic),54.65,2553.7,0,1.081521852094698,Q1
7722-VJRQD,Male,0,1,1,72,0,No phone service,DSL,Yes,No,Yes,Yes,Yes,Yes,Two year,0,Bank transfer (automatic),60.95,4549.05,0,1.0751516768797398,Q1
5296-BFCYD,Male,0,1,1,46,1,No,No,No internet service,No internet service,No internet service,No internet service,No internet service,No internet service,Two year,1,Mailed check,20.1,936.85,0,1.0717440742221664,Q1
0238-WHBIQ,Male,0,1,1,72,1,Yes,DSL,Yes,Yes,Yes,Yes,Yes,Yes,Two year,0,Credit card (automatic),89.7,6339.3,0,1.067909659369148,Q1
8990-YOZLV,Female,0,0,0,69,1,Yes,DSL,Yes,Yes,No,Yes,No,No,Two year,1,Mailed check,66.9,4577.9,0,1.0677931347168677,Q1
0506-YLVKJ,Male,0,1,1,46,1,No,No,No internet service,No internet service,No internet service,No internet service,No internet service,No internet service,Two year,1,Mailed check,20.2,917.45,0,1.0667065327095149,Q1
6479-SZPLM,Male,0,1,1,36,1,No,No,No internet service,No internet service,No internet service,No internet service,No internet service,No internet service,Two year,0,Credit card (automatic),19.45,754.5,0,1.0660266613322926,Q1
9453-PATOS,Female,0,1,0,72,1,No,DSL,Yes,Yes,Yes,Yes,Yes,Yes,Two year,0,Mailed check,85.1,6155.4,0,1.0640503754670687,Q1
7340-KEFQE,Female,0,1,1,51,0,No phone service,DSL,Yes,No,No,Yes,No,No,Two year,0,Bank transfer (automatic),34.2,1782.0,0,1.0638888110640632,Q1
8780-YRMTT,Female,0,0,0,66,0,No phone service,DSL,Yes,Yes,Yes,Yes,No,No,Two year,1,Mailed check,47.4,3177.25,0,1.0626851155615447,Q1
0608-JDVEC,Male,0,1,0,50,1,No,No,No internet service,No internet service,No internet service,No internet service,No internet service,No internet service,Two year,0,Electronic check,19.8,1013.2,0,1.0626513398031863,Q1
2208-MPXIO,Female,0,1,1,45,1,No,No,No internet service,No internet service,No internet service,No internet service,No internet service,No internet service,Two year,1,Bank transfer (automatic),20.0,886.4,0,1.061542973688486,Q1
1047-RNXZV,Male,0,0,0,43,1,No,No,No internet service,No internet service,No internet service,No internet service,No internet service,No internet service,Two year,0,Mailed check,19.55,876.15,0,1.0607419570222396,Q1
9281-CEDRU,Female,0,1,0,68,1,No,DSL,No,Yes,No,Yes,Yes,No,Two year,0,Bank transfer (automatic),64.1,4326.25,0,1.0591570426468881,Q1
2796-NNUFI,Female,0,1,1,46,1,No,No,No internet service,No internet service,No internet service,No internet service,No internet service,No internet service,Two year,1,Mailed check,19.95,927.1,0,1.0586643943846916,Q1
0936-NQLJU,Female,0,1,0,41,1,No,No,No internet service,No internet service,No internet service,No internet service,No internet service,No internet service,Two year,0,Credit card (automatic),20.65,875.55,0,1.0572136553267586,Q1
5766-FTRTS,Male,0,1,0,72,1,No,DSL,Yes,Yes,Yes,Yes,Yes,Yes,Two year,0,Mailed check,84.45,6033.1,0,1.0566272325703912,Q1
2642-MAWLJ,Female,0,1,1,36,1,No,No,No internet service,No internet service,No internet service,No internet service,No internet service,No internet service,Two year,0,Bank transfer (automatic),20.25,717.95,0,1.0564804604725895,Q1
7601-DHFWZ,Female,0,0,0,48,1,Yes,No,No internet service,No internet service,No internet service,No internet service,No internet service,No internet service,Two year,0,Credit card (automatic),24.0,1183.05,0,1.056152496909537,Q1
4475-NVTLU,Male,0,1,1,45,1,No,No,No internet service,No internet service,No internet service,No internet service,No internet service,No internet service,Two year,0,Electronic check,19.2,903.7,0,1.0537115606098169,Q1
5356-KZCKT,Male,0,0,0,58,1,Yes,No,No internet service,No internet service,No internet service,No internet service,No internet service,No internet service,Two year,1,Credit card (automatic),24.45,1513.6,0,1.0531006943526509,Q1
0206-OYVOC,Female,0,1,1,46,1,No,No,No internet service,No internet service,No internet service,No internet service,No internet service,No internet service,Two year,1,Mailed check,19.25,864.2,0,1.0516411501469518,Q1
8597-CTXVJ,Male,0,0,1,70,1,Yes,DSL,Yes,Yes,No,Yes,No,No,One year,0,Bank transfer (automatic),64.95,4551.5,0,1.0515418302196198,Q1
4102-HLENU,Female,0,1,0,67,1,Yes,DSL,Yes,Yes,Yes,No,No,No,Two year,0,Mailed check,65.65,4322.85,0,1.0491032309223198,Q1
6384-VMJHP,Female,0,0,0,72,1,No,DSL,Yes,Yes,Yes,Yes,No,Yes,Two year,1,Credit card (automatic),73.0,5265.2,0,1.0489854132177254,Q1
6695-AMZUF,Female,0,1,0,70,1,No,DSL,Yes,Yes,Yes,Yes,Yes,Yes,Two year,0,Credit card (automatic),86.45,5950.2,0,1.0479832477485926,Q1
6729-FZWSY,Male,0,0,0,67,1,No,No,No internet service,No internet service,No internet service,No internet service,No internet service,No internet service,One year,1,Mailed check,19.45,1195.95,0,1.0470754234326762,Q1
9823-EALYC,Male,0,1,1,72,1,Yes,DSL,Yes,Yes,Yes,Yes,Yes,No,Two year,1,Bank transfer (automatic),80.85,5727.45,0,1.0462677405048626,Q1
5176-OLSKT,Female,0,1,0,66,1,Yes,DSL,Yes,Yes,Yes,No,No,No,Two year,0,Bank transfer (automatic),66.9,4370.25,0,1.0446122456871372,Q1
0732-OCQOC,Female,0,1,1,52,1,Yes,No,No internet service,No internet service,No internet service,No internet service,No internet service,No internet service,Two year,1,Bank transfer (automatic),25.05,1270.25,0,1.041001355530069,Q1
9661-JALZV,Female,0,0,0,58,1,Yes,No,No internet service,No internet service,No internet service,No internet service,No internet service,No internet service,Two year,1,Credit card (automatic),24.7,1519.0,0,1.0400117094912773,Q1
5995-LFTLE,Male,0,0,0,58,1,Yes,No,No internet service,No internet service,No internet service,No internet service,No internet service,No internet service,Two year,1,Credit card (automatic),25.3,1474.35,0,1.0373469179677954,Q1
7998-WNZEM,Male,0,0,0,71,1,Yes,DSL,Yes,Yes,Yes,Yes,No,Yes,Two year,0,Bank transfer (automatic),80.6,5708.2,0,1.029946583995038,Q1
9503-XJUME,Male,0,0,1,52,1,No,No,No internet service,No internet service,No internet service,No internet service,No internet service,No internet service,One year,0,Credit card (automatic),19.65,928.4,0,1.029816913308905,Q1
4194-FJARJ,Female,0,1,1,54,1,Yes,DSL,Yes,No,No,Yes,No,No,Two year,0,Bank transfer (automatic),60.0,3273.95,0,1.027174035683561,Q1
7696-CFTAT,Male,0,1,1,37,1,No,No,No internet service,No internet service,No internet service,No internet service,No internet service,No internet service,Two year,0,Bank transfer (automatic),19.8,726.1,0,1.0270895866463312,Q1
6925-BAYGL,Female,1,1,0,53,1,Yes,No,No internet service,No internet service,No internet service,No internet service,No internet service,No internet service,Two year,0,Credit card (automatic),25.1,1275.6,0,1.0241729021528114,Q1
0973-KYVNF,Female,0,1,1,72,1,No,DSL,Yes,Yes,Yes,No,Yes,No,Two year,1,Credit card (automatic),70.65,5011.15,0,1.0236996906452187,Q1
9755-JHNMN,Female,0,0,0,49,1,No,DSL,Yes,Yes,Yes,Yes,No,No,Two year,0,Bank transfer (automatic),67.4,3306.85,0,1.02189993783022,Q1
7898-PDWQE,Male,0,1,0,71,1,Yes,DSL,Yes,Yes,Yes,Yes,No,Yes,Two year,0,Credit card (automatic),80.4,5727.15,0,1.0210111548533847,Q1
2969-VAPYH,Female,0,0,0,67,1,No,DSL,Yes,Yes,No,Yes,No,No,One year,0,Credit card (automatic),60.5,3870.0,0,1.0189704982703507,Q1
9170-ARBTB,Female,0,1,1,52,1,No,No,No internet service,No internet service,No internet service,No internet service,No internet service,No internet service,One year,0,Credit card (automatic),19.6,1012.4,0,1.018079504678756,Q1
0848-SOMKO,Male,0,0,0,70,0,No phone service,DSL,Yes,No,Yes,Yes,No,Yes,Two year,0,Bank transfer (automatic),48.4,3442.8,0,1.0136441069522766,Q1
2662-NNTDK,Male,0,0,0,65,1,Yes,No,No internet service,No internet service,No internet service,No internet service,No internet service,No internet service,One year,0,Credit card (automatic),24.8,1600.95,0,1.0132446609113674,Q1
1074-WVEVG,Female,0,1,0,59,1,No,No,No internet service,No internet service,No internet service,No internet service,No internet service,No internet service,One year,0,Mailed check,20.35,1267.0,0,1.0123564884689118,Q1
5915-ANOEI,Male,0,1,0,70,1,Yes,DSL,Yes,Yes,Yes,Yes,Yes,No,Two year,0,Mailed check,79.15,5536.5,0,1.0068528610272498,Q1
6725-TPKJO,Male,0,0,0,44,1,No,No,No internet service,No internet service,No internet service,No internet service,No internet service,No internet service,Two year,0,Mailed check,20.05,845.25,0,1.004193085799442,Q1
6348-SNFUS,Male,0,1,1,72,0,No phone service,DSL,Yes,Yes,Yes,Yes,No,Yes,Two year,1,Credit card (automatic),55.45,4179.2,0,1.0024318636072287,Q1
2251-PYLPB,Male,0,1,0,72,1,Yes,DSL,Yes,Yes,Yes,Yes,No,Yes,Two year,0,Credit card (automatic),79.55,5810.9,0,1.0010013066157089,Q1
1599-EAHXY,Male,0,1,1,60,1,Yes,No,No internet service,No internet service,No internet service,No internet service,No internet service,No internet service,One year,0,Credit card (automatic),23.95,1506.4,0,0.9995153236685461,Q1
4652-ODEVH,Male,0,1,1,45,1,Yes,No,No internet service,No internet service,No internet service,No internet service,No internet service,No internet service,Two year,0,Mailed check,24.45,1088.25,0,0.99851382676832,Q1
9065-ZCPQX,Male,0,1,0,72,1,Yes,DSL,Yes,Yes,Yes,Yes,No,Yes,Two year,0,Bank transfer (automatic),78.85,5763.15,0,0.9974426987570003,Q1
0019-GFNTW,Female,0,0,0,56,0,No phone service,DSL,Yes,Yes,Yes,Yes,No,No,Two year,0,Bank transfer (automatic),45.05,2560.1,0,0.9934849103774013,Q1
8042-RNLKO,Male,0,0,0,66,1,Yes,No,No internet service,No internet service,No internet service,No internet service,No internet service,No internet service,One year,0,Bank transfer (automatic),25.45,1699.15,0,0.9926399125790103,Q1
2888-ADFAO,Female,0,1,1,47,1,No,No,No internet service,No internet service,No internet service,No internet service,No internet service,No internet service,Two year,1,Bank transfer (automatic),21.3,1041.8,0,0.9921502118161184,Q1
1722-LDZJS,Male,0,1,1,53,1,No,No,No internet service,No internet service,No internet service,No internet service,No internet service,No internet service,One year,0,Credit card (automatic),20.2,1068.15,0,0.9906607790487323,Q1
6980-CDGFC,Female,0,1,0,67,1,No,No,No internet service,No internet service,No internet service,No internet service,No internet service,No internet service,One year,1,Bank transfer (automatic),20.85,1327.4,0,0.9893785003728509,Q1
6080-LNESI,Male,0,0,0,51,1,Yes,No,No internet service,No internet service,No internet service,No internet service,No internet service,No internet service,Two year,0,Mailed check,24.75,1234.6,0,0.9887200070468126,Q1
6292-TOSSS,Male,0,0,0,50,1,Yes,No,No internet service,No internet service,No internet service,No internet service,No internet service,No internet service,Two year,0,Bank transfer (automatic),24.9,1195.25,0,0.988391005228362,Q1
0052-YNYOT,Female,0,0,0,67,1,No,No,No internet service,No internet service,No internet service,No internet service,No internet service,No internet service,One year,0,Electronic check,20.55,1343.4,0,0.9877719765792926,Q1
1676-MQAOA,Male,0,0,0,72,1,No,DSL,Yes,Yes,Yes,Yes,Yes,No,Two year,1,Bank transfer (automatic),75.1,5336.35,0,0.9844313252992457,Q1
7872-BAAZR,Female,0,1,1,53,1,No,No,No internet service,No internet service,No internet service,No internet service,No internet service,No internet service,One year,0,Bank transfer (automatic),19.55,1007.9,0,0.983872849614491,Q1
5075-JSDKI,Female,0,0,0,59,1,Yes,No,No internet service,No internet service,No internet service,No internet service,No internet service,No internet service,Two year,0,Electronic check,24.45,1493.1,0,0.9793136126762325,Q1
5846-NEQVZ,Male,0,1,1,71,1,No,DSL,Yes,No,Yes,Yes,No,Yes,Two year,1,Credit card (automatic),70.85,4973.4,0,0.9711945564443162,Q1
5804-JMYIO,Female,0,1,1,39,1,No,No,No internet service,No internet service,No internet service,No internet service,No internet service,No internet service,Two year,0,Mailed check,19.75,757.95,0,0.9691179981974034,Q1
8626-XHBIE,Male,0,0,1,56,1,Yes,No,No internet service,No internet service,No internet service,No internet service,No internet service,No internet service,Two year,1,Mailed check,24.8,1424.2,0,0.9666588707359558,Q1
9481-WHGWY,Female,0,1,1,70,1,No,DSL,Yes,No,No,Yes,Yes,Yes,Two year,0,Credit card (automatic),75.35,5437.75,0,0.9646189142257707,Q1
3120-FAZKD,Male,0,1,1,54,1,Yes,No,No internet service,No internet service,No internet service,No internet service,No internet service,No internet service,Two year,1,Bank transfer (automatic),24.05,1230.9,0,0.9638894845601702,Q1
4625-LAMOB,Male,0,0,0,44,1,No,No,No internet service,No internet service,No internet service,No internet service,No internet service,No internet service,Two year,0,Credit card (automatic),20.4,905.55,0,0.962936218394401,Q1
5044-XDPYX,Female,0,1,0,51,1,Yes,No,No internet service,No internet service,No internet service,No internet service,No internet service,No internet service,Two year,0,Mailed check,25.5,1281.25,0,0.9608848611542058,Q1
6614-YOLAC,Female,0,1,1,71,0,No phone service,DSL,Yes,Yes,No,Yes,Yes,Yes,Two year,0,Mailed check,58.65,4145.25,0,0.9544909054594698,Q1
6407-GSJNL,Female,0,0,0,51,1,Yes,No,No internet service,No internet service,No internet service,No internet service,No internet service,No internet service,Two year,0,Bank transfer (automatic),24.95,1288.0,0,0.9532418889797766,Q1
4644-OBGFZ,Male,0,1,1,55,1,No,No,No internet service,No internet service,No internet service,No internet service,No internet service,No internet service,One year,0,Mailed check,19.5,1026.35,0,0.9523339374821533,Q1
3662-FXJFO,Female,0,0,0,54,1,No,No,No internet service,No internet service,No internet service,No internet service,No internet service,No internet service,Two year,1,Mailed check,20.5,1035.7,0,0.9516253845676932,Q1
1106-HRLKZ,Male,0,1,1,40,1,No,No,No internet service,No internet service,No internet service,No internet service,No internet service,No internet service,Two year,0,Mailed check,19.6,808.95,0,0.9487523448027496,Q1
8242-PDSGJ,Male,0,1,0,70,0,No phone service,DSL,Yes,No,Yes,Yes,No,No,Two year,1,Credit card (automatic),39.15,2692.75,0,0.9431724260892674,Q1
3889-VWBID,Male,0,1,1,68,1,No,DSL,Yes,Yes,No,Yes,Yes,Yes,Two year,0,Bank transfer (automatic),82.85,5776.45,0,0.938643607043584,Q1
7009-PCARS,Male,0,0,1,55,1,No,No,No internet service,No internet service,No internet service,No internet service,No internet service,No internet service,One year,0,Bank transfer (automatic),19.1,1001.5,0,0.9338956749910816,Q1
5781-RFZRP,Male,0,1,0,71,1,Yes,DSL,Yes,Yes,No,Yes,Yes,No,Two year,0,Credit card (automatic),73.5,5357.75,0,0.9303060519420927,Q1
9593-CVZKR,Female,0,1,1,56,1,Yes,No,No internet service,No internet service,No internet service,No internet service,No internet service,No internet service,Two year,1,Mailed check,24.45,1385.85,0,0.9296866529883618,Q1
5968-HYJRZ,Male,0,1,1,47,1,Yes,No,No internet service,No internet service,No internet service,No internet service,No internet service,No internet service,Two year,0,Mailed check,24.55,1160.45,0,0.9266090289564197,Q1
8241-JUIQO,Female,0,0,0,61,1,No,No,No internet service,No internet service,No internet service,No internet service,No internet service,No internet service,One year,0,Bank transfer (automatic),19.45,1336.35,0,0.9262052321029007,Q1
5803-NQJZO,Male,0,1,0,72,1,Yes,DSL,Yes,Yes,Yes,Yes,No,No,Two year,1,Bank transfer (automatic),67.8,4804.65,0,0.9238448020563816,Q1
5115-GZDEL,Male,0,0,1,72,0,No phone service,DSL,Yes,Yes,Yes,Yes,Yes,Yes,Two year,0,Credit card (automatic),67.2,4671.7,0,0.9187284964112771,Q1
5067-WJEUN,Male,0,1,1,67,1,No,DSL,Yes,Yes,No,No,No,No,Two year,1,Bank transfer (automatic),54.2,3838.2,0,0.9152272001773971,Q1
3785-KTYSH,Male,0,0,0,53,1,Yes,No,No internet service,No internet service,No internet service,No internet service,No internet service,No internet service,Two year,0,Mailed check,24.6,1279.0,0,0.9142391278323055,Q1
8807-OPMBM,Female,0,1,1,55,1,Yes,No,No internet service,No internet service,No internet service,No internet service,No internet service,No internet service,Two year,1,Credit card (automatic),25.65,1388.0,0,0.9140487987003038,Q1
8587-XYZSF,Male,0,0,0,67,1,No,DSL,No,No,No,Yes,No,No,Two year,0,Bank transfer (automatic),50.55,3260.1,0,0.9104818672163423,Q1
5201-CBWYG,Male,0,1,1,62,1,Yes,No,No internet service,No internet service,No internet service,No internet service,No internet service,No internet service,One year,0,Bank transfer (automatic),24.8,1476.25,0,0.9102141083106094,Q1
5529-GIBVH,Female,0,0,0,47,1,No,No,No internet service,No internet service,No internet service,No internet service,No internet service,No internet service,Two year,0,Mailed check,20.15,1046.2,0,0.9042122344058179,Q1
0774-RMNUW,Female,0,1,1,71,0,No phone service,DSL,Yes,Yes,No,Yes,Yes,Yes,Two year,0,Bank transfer (automatic),59.7,4122.65,0,0.9017326841872828,Q1
2068-WWXQZ,Male,0,0,0,46,1,No,No,No internet service,No internet service,No internet service,No internet service,No internet service,No internet service,Two year,0,Bank transfer (automatic),20.05,902.0,0,0.8993691558738572,Q1
2882-WDTBA,Male,0,1,1,69,1,No,DSL,Yes,Yes,Yes,Yes,Yes,No,Two year,1,Bank transfer (automatic),75.75,5388.15,0,0.8990803459365242,Q1
9068-FHQHD,Female,0,1,1,40,1,No,No,No internet service,No internet service,No internet service,No internet service,No internet service,No internet service,Two year,0,Bank transfer (automatic),20.15,777.35,0,0.897218751062225,Q1
4779-ZGICK,Male,0,1,1,48,1,Yes,No,No internet service,No internet service,No internet service,No internet service,No internet service,No internet service,Two year,0,Mailed check,23.55,1173.35,0,0.8965217910700035,Q1
4139-DETXS,Female,0,1,1,72,0,No phone service,DSL,Yes,Yes,Yes,Yes,Yes,Yes,Two year,0,Bank transfer (automatic),64.45,4528.0,0,0.8950630051119238,Q1
2908-WGAXL,Female,0,1,1,56,1,Yes,No,No internet service,No internet service,No internet service,No internet service,No internet service,No internet service,Two year,1,Credit card (automatic),24.95,1468.9,0,0.8941397117895152,Q1
0769-MURVM,Female,0,1,1,72,0,No phone service,DSL,Yes,Yes,Yes,Yes,Yes,Yes,Two year,0,Bank transfer (automatic),65.7,4575.35,0,0.8941061907325261,Q1
6051-PTVNS,Female,0,1,1,55,1,No,No,No internet service,No internet service,No internet service,No internet service,No internet service,No internet service,One year,0,Credit card (automatic),19.15,998.1,0,0.892902200993674,Q1
0885-HMGPY,Male,0,0,0,62,1,Yes,DSL,Yes,Yes,Yes,Yes,No,No,Two year,0,Bank transfer (automatic),69.4,4237.5,0,0.8914586097505246,Q1
5196-WPYOW,Male,0,1,1,67,1,No,DSL,Yes,Yes,No,Yes,No,No,One year,0,Mailed check,60.05,3994.05,0,0.8913386480226172,Q1
3764-MNMOI,Male,0,0,0,46,1,No,No,No internet service,No internet service,No internet service,No internet service,No internet service,No internet service,Two year,0,Credit card (automatic),19.2,908.15,0,0.8907222569788464,Q1
2954-PIBKO,Female,0,1,1,69,1,Yes,DSL,Yes,No,Yes,Yes,No,No,Two year,1,Credit card (automatic),64.15,4254.1,0,0.8892029775773151,Q1
9646-NMHXE,Male,0,1,0,47,1,No,No,No internet service,No internet service,No internet service,No internet service,No internet service,No internet service,Two year,0,Mailed check,19.65,973.1,0,0.8881095934492387,Q1
2162-FRZAA,Male,0,1,1,63,0,No phone service,DSL,No,Yes,Yes,Yes,No,No,Two year,0,Bank transfer (automatic),39.35,2395.05,0,0.8839398247302944,Q1
7596-ZYWBB,Female,0,0,0,65,1,No,DSL,Yes,Yes,No,Yes,No,No,Two year,1,Mailed check,59.6,3739.8,0,0.8831196832628798,Q1
9639-BUJXT,Male,0,0,0,63,1,No,No,No internet service,No internet service,No internet service,No internet service,No internet service,No internet service,One year,0,Mailed check,20.5,1328.15,0,0.8818690816640051,Q1
6096-EGVTU,Female,0,1,1,64,1,Yes,No,No internet service,No internet service,No internet service,No internet service,No internet service,No internet service,One year,0,Mailed check,24.9,1595.5,0,0.8816416254486564,Q1
9668-PUGNU,Male,0,1,0,71,1,Yes,No,No internet service,No internet service,No internet service,No internet service,No internet service,No internet service,Two year,1,Electronic check,24.5,1816.2,0,0.8815329209597258,Q1
8922-NPKBJ,Male,0,1,1,42,1,No,No,No internet service,No internet service,No internet service,No internet service,No internet service,No internet service,Two year,0,Mailed check,19.35,867.3,0,0.8805328033962676,Q1
5016-LIPDW,Male,0,1,1,57,1,No,No,No internet service,No internet service,No internet service,No internet service,No internet service,No internet service,One year,0,Mailed check,19.4,1061.6,0,0.8789015117335007,Q1
2560-QTSBS,Female,0,1,1,72,1,Yes,No,No internet service,No internet service,No internet service,No internet service,No internet service,No internet service,One year,1,Bank transfer (automatic),23.3,1623.15,0,0.8734568623739499,Q1
4698-KVLLG,Female,1,0,0,51,1,No,No,No internet service,No internet service,No internet service,No internet service,No internet service,No internet service,Two year,0,Credit card (automatic),19.6,967.9,0,0.8725561662795076,Q1
5457-COLHT,Male,0,1,1,69,1,No,DSL,Yes,Yes,No,Yes,Yes,Yes,Two year,0,Bank transfer (automatic),80.65,5542.55,0,0.8717765345487426,Q1
4335-BSMJS,Female,0,0,0,62,1,Yes,No,No internet service,No internet service,No internet service,No internet service,No internet service,No internet service,Two year,1,Credit card (automatic),25.8,1563.95,0,0.8714993921522551,Q1
9938-PRCVK,Female,0,1,1,41,1,No,No,No internet service,No internet service,No internet service,No internet service,No internet service,No internet service,Two year,0,Bank transfer (automatic),19.7,804.25,0,0.8663774936312284,Q1
6365-HITVU,Female,0,1,1,71,1,No,DSL,Yes,Yes,Yes,Yes,Yes,Yes,Two year,0,Credit card (automatic),87.25,6328.7,0,0.8663471832505735,Q1
6961-MJKBO,Male,0,0,0,47,1,No,No,No internet service,No internet service,No internet service,No internet service,No internet service,No internet service,Two year,0,Bank transfer (automatic),20.45,943.0,0,0.8647573193063035,Q1
4878-BUNFV,Male,0,1,1,42,1,No,No,No internet service,No internet service,No internet service,No internet service,No internet service,No internet service,Two year,0,Mailed check,20.7,828.85,0,0.863790193815816,Q1
5465-BUBFA,Female,0,1,1,41,1,No,No,No internet service,No internet service,No internet service,No internet service,No internet service,No internet service,Two year,0,Bank transfer (automatic),19.3,772.4,0,0.8637369496277102,Q1
8338-QIUNR,Male,0,1,1,72,1,Yes,DSL,Yes,No,Yes,Yes,No,No,Two year,1,Credit card (automatic),66.5,4811.6,0,0.8626843026342358,Q1
8215-NGSPE,Female,0,1,1,42,1,No,No,No internet service,No internet service,No internet service,No internet service,No internet service,No internet service,Two year,0,Mailed check,20.0,833.55,0,0.8599233058292926,Q1
4299-OPXEJ,Female,0,0,0,56,1,No,No,No internet service,No internet service,No internet service,No internet service,No internet service,No internet service,Two year,1,Bank transfer (automatic),19.55,1080.55,0,0.8594117404974051,Q1
5324-KTGCG,Male,0,1,0,71,1,No,No,No internet service,No internet service,No internet service,No internet service,No internet service,No internet service,One year,0,Electronic check,20.85,1539.75,0,0.8569743199115955,Q1
5939-SXWHM,Male,0,1,1,48,1,Yes,No,No internet service,No internet service,No internet service,No internet service,No internet service,No internet service,Two year,0,Bank transfer (automatic),26.3,1245.05,0,0.8567356269798089,Q1
0932-YIXYU,Female,0,0,0,47,1,No,No,No internet service,No internet service,No internet service,No internet service,No internet service,No internet service,Two year,0,Credit card (automatic),20.25,1029.8,0,0.8554858410811171,Q1
0562-KBDVM,Female,0,0,0,70,0,No phone service,DSL,Yes,Yes,Yes,Yes,No,No,Two year,1,Bank transfer (automatic),44.6,3058.15,0,0.8542777302426681,Q1
7921-BEPCI,Female,0,0,0,72,1,Yes,DSL,Yes,Yes,No,No,No,No,Two year,0,Bank transfer (automatic),59.75,4265.0,0,0.8517354711819023,Q1
5095-ETBRJ,Female,0,1,0,55,1,No,DSL,Yes,Yes,No,Yes,No,No,Two year,0,Mailed check,56.8,3112.05,0,0.8514354982618272,Q1
6283-GITPX,Male,0,0,1,71,1,No,DSL,Yes,Yes,Yes,Yes,Yes,No,Two year,1,Credit card (automatic),76.9,5522.7,0,0.8450638332711072,Q1
6770-UAYGJ,Female,0,1,1,49,1,Yes,No,No internet service,No internet service,No internet service,No internet service,No internet service,No internet service,Two year,0,Mailed check,25.25,1211.65,0,0.8426168152405963,Q1
6997-UVGOX,Male,0,1,1,71,1,No,DSL,Yes,Yes,Yes,Yes,Yes,Yes,Two year,0,Bank transfer (automatic),85.45,6029.9,0,0.8410544722520641,Q1
2235-EZAIK,Female,0,1,0,72,1,Yes,DSL,Yes,Yes,Yes,Yes,Yes,No,Two year,0,Credit card (automatic),79.2,5401.9,0,0.8407702636424809,Q1
7599-NTMDP,Female,0,1,1,62,0,No phone service,DSL,Yes,Yes,No,Yes,Yes,No,Two year,0,Bank transfer (automatic),48.7,3008.55,0,0.8373417325292006,Q1
9067-YGSCA,Female,0,0,0,70,1,Yes,No,No internet service,No internet service,No internet service,No internet service,No internet service,No internet service,One year,0,Credit card (automatic),26.05,1856.4,0,0.8371922970728911,Q1
5093-FEGLU,Female,0,1,0,47,1,No,No,No internet service,No internet service,No internet service,No internet service,No internet service,No internet service,Two year,0,Bank transfer (automatic),19.65,921.55,0,0.8359575001755856,Q1
7306-YDSOI,Male,0,1,1,69,1,No,DSL,Yes,Yes,Yes,No,No,No,Two year,1,Bank transfer (automatic),59.75,4069.9,0,0.833807104718124,Q1
4872-JCVCA,Female,0,1,0,71,0,No phone service,DSL,Yes,Yes,Yes,Yes,No,No,Two year,1,Bank transfer (automatic),47.6,3377.8,0,0.8331606329638009,Q1
6425-JWTDV,Male,0,1,0,48,1,No,No,No internet service,No internet service,No internet service,No internet service,No internet service,No internet service,Two year,0,Mailed check,19.25,855.1,0,0.8324068439866337,Q1
9769-TSBZE,Female,0,0,1,70,1,Yes,DSL,Yes,Yes,No,Yes,No,No,Two year,0,Electronic check,66.0,4891.5,0,0.8300028373025286,Q1
0336-PIKEI,Male,1,1,0,72,1,No,DSL,Yes,Yes,Yes,Yes,Yes,No,Two year,0,Bank transfer (automatic),74.4,5360.75,0,0.8287941882291778,Q1
4940-KHCWD,Female,0,1,0,60,0,No phone service,DSL,Yes,Yes,No,Yes,No,No,Two year,0,Bank transfer (automatic),37.7,2288.7,0,0.8269674109731808,Q1
7162-WPHPM,Male,0,1,1,58,1,Yes,DSL,Yes,Yes,Yes,Yes,No,No,Two year,0,Credit card (automatic),71.6,4230.25,0,0.8268492619972194,Q1
5549-ZGHFB,Male,0,1,1,50,1,Yes,No,No internet service,No internet service,No internet service,No internet service,No internet service,No internet service,Two year,0,Mailed check,24.95,1261.45,0,0.8253405777936201,Q1
6897-RWMUB,Male,0,1,1,61,1,No,DSL,Yes,Yes,Yes,Yes,No,No,Two year,1,Bank transfer (automatic),68.05,4158.25,0,0.8219037705401296,Q1
4361-FEBGN,Male,0,0,0,48,1,No,No,No internet service,No internet service,No internet service,No internet service,No internet service,No internet service,Two year,0,Credit card (automatic),20.15,982.95,0,0.8208512646812587,Q1
6518-PPLMZ,Male,0,1,1,53,1,No,No,No internet service,No internet service,No internet service,No internet service,No internet service,No internet service,Two year,1,Mailed check,19.4,1110.35,0,0.8197138420437363,Q1
9091-WTUUY,Male,0,1,1,64,1,No,DSL,Yes,No,Yes,Yes,Yes,No,Two year,0,Mailed check,69.25,4447.75,0,0.8167817816446858,Q1
5666-MBJPT,Male,0,0,0,65,1,Yes,No,No internet service,No internet service,No internet service,No internet service,No internet service,No internet service,Two year,1,Bank transfer (automatic),25.1,1725.0,0,0.8165653290450671,Q1
6479-VDGRK,Female,0,1,1,72,1,No,DSL,Yes,Yes,Yes,Yes,Yes,Yes,Two year,0,Bank transfer (automatic),85.3,6129.2,0,0.8140320898855894,Q1
8896-RAZCR,Female,0,0,1,44,1,No,No,No internet service,No internet service,No internet service,No internet service,No internet service,No internet service,Two year,0,Mailed check,19.9,868.1,0,0.814007642894466,Q1
6164-HAQTX,Male,0,0,0,71,0,No phone service,DSL,Yes,Yes,Yes,Yes,Yes,No,Two year,0,Bank transfer (automatic),53.95,3888.65,0,0.8137180765019734,Q1
9916-AYHTC,Male,0,0,0,48,1,No,No,No internet service,No internet service,No internet service,No internet service,No internet service,No internet service,Two year,0,Credit card (automatic),19.85,916.0,0,0.8119397772950192,Q1
1468-DEFNC,Male,1,1,1,64,1,Yes,No,No internet service,No internet service,No internet service,No internet service,No internet service,No internet service,Two year,1,Bank transfer (automatic),24.4,1548.65,0,0.8109924444698081,Q1
9993-LHIEB,Male,0,1,1,67,1,No,DSL,Yes,No,Yes,Yes,No,Yes,Two year,0,Mailed check,67.85,4627.65,0,0.8108391219947994,Q1
7416-CKTEP,Female,0,1,0,57,1,No,No,No internet service,No internet service,No internet service,No internet service,No internet service,No internet service,Two year,1,Bank transfer (automatic),19.6,1134.25,0,0.8089847097972209,Q1
1073-XXCZD,Male,0,1,0,55,1,Yes,No,No internet service,No internet service,No internet service,No internet service,No internet service,No internet service,Two year,0,Bank transfer (automatic),25.7,1443.65,0,0.8086823737674349,Q1
5699-BNCAS,Male,1,0,0,71,1,Yes,No,No internet service,No internet service,No internet service,No internet service,No internet service,No internet service,Two year,1,Mailed check,24.65,1766.75,0,0.805035490923749,Q1
3470-OBUET,Female,0,1,1,67,1,Yes,DSL,Yes,Yes,No,Yes,Yes,No,Two year,0,Credit card (automatic),74.0,4868.4,0,0.7969582863080116,Q1
3486-HOOGQ,Female,0,1,1,70,1,Yes,DSL,Yes,Yes,Yes,Yes,Yes,No,Two year,0,Bank transfer (automatic),79.7,5743.3,0,0.7968221528205024,Q1
7139-JZFVG,Male,0,1,1,60,1,No,DSL,Yes,Yes,Yes,No,No,No,Two year,0,Bank transfer (automatic),60.5,3694.45,0,0.7938569221402727,Q1
7242-EDTYC,Male,0,0,1,44,1,No,No,No internet service,No internet service,No internet service,No internet service,No internet service,No internet service,Two year,0,Bank transfer (automatic),19.55,819.95,0,0.7926176973130918,Q1
0988-AADSA,Female,0,1,1,72,1,Yes,DSL,Yes,Yes,Yes,Yes,No,Yes,Two year,0,Bank transfer (automatic),80.85,5824.75,0,0.7916269836647694,Q1
1231-YNDEK,Male,0,0,0,58,1,No,No,No internet service,No internet service,No internet service,No internet service,No internet service,No internet service,Two year,1,Bank transfer (automatic),19.15,1035.5,0,0.7909461452853407,Q1
1215-EXRMO,Male,0,1,0,50,1,No,No,No internet service,No internet service,No internet service,No internet service,No internet service,No internet service,Two year,0,Mailed check,20.55,1067.65,0,0.7860565158611204,Q1
9114-DPSIA,Male,0,1,1,72,1,Yes,DSL,Yes,Yes,Yes,Yes,No,Yes,Two year,0,Credit card (automatic),81.0,5750.0,0,0.7835408551749764,Q1
3948-KXDUF,Male,0,0,0,66,1,Yes,DSL,Yes,Yes,Yes,Yes,No,No,Two year,0,Bank transfer (automatic),68.75,4447.55,0,0.7830946426161473,Q1
5208-FVQKB,Male,0,1,0,70,1,No,DSL,Yes,Yes,No,Yes,No,Yes,Two year,0,Mailed check,67.95,4664.15,0,0.7779387692808724,Q1
3913-FCUUW,Female,0,1,1,72,1,Yes,DSL,Yes,Yes,Yes,Yes,No,No,Two year,1,Bank transfer (automatic),70.45,5165.7,0,0.7770672561854766,Q1
6614-YWYSC,Male,1,1,0,61,1,Yes,No,No internet service,No internet service,No internet service,No internet service,No internet service,No internet service,Two year,0,Bank transfer (automatic),25.0,1501.75,0,0.774744466639648,Q1
5242-UOWHD,Male,0,1,1,45,1,No,No,No internet service,No internet service,No internet service,No internet service,No internet service,No internet service,Two year,0,Mailed check,20.35,929.2,0,0.7741299920293297,Q1
1955-IBMMB,Male,0,0,0,59,1,No,No,No internet service,No internet service,No internet service,No internet service,No internet service,No internet service,Two year,1,Bank transfer (automatic),20.2,1192.3,0,0.7740528017521741,Q1
4018-PPNDW,Female,0,1,1,61,1,Yes,No,No internet service,No internet service,No internet service,No internet service,No internet service,No internet service,Two year,1,Mailed check,24.1,1551.6,0,0.7732857394946662,Q1
4992-LTJNE,Male,0,1,1,72,1,Yes,DSL,Yes,No,No,No,No,No,Two year,0,Bank transfer (automatic),55.3,3983.6,0,0.7693333719416323,Q1
2207-RYYRL,Male,0,1,1,52,1,Yes,No,No internet service,No internet service,No internet service,No internet service,No internet service,No internet service,Two year,0,Mailed check,24.55,1331.05,0,0.7687622059086169,Q1
6139-ZZRBQ,Male,1,0,0,64,1,No,No,No internet service,No internet service,No internet service,No internet service,No internet service,No internet service,Two year,1,Bank transfer (automatic),20.05,1198.05,0,0.7670986871254712,Q1
3399-BMLVW,Male,0,1,1,51,1,No,DSL,Yes,Yes,No,Yes,No,No,Two year,0,Credit card (automatic),60.5,3121.45,0,0.7651986437944801,Q1
8701-DGLVH,Male,0,0,0,51,1,No,No,No internet service,No internet service,No internet service,No internet service,No internet service,No internet service,Two year,0,Mailed check,20.45,1042.65,0,0.7636075733605381,Q1
1240-HCBOH,Female,0,0,0,67,1,Yes,No,No internet service,No internet service,No internet service,No internet service,No internet service,No internet service,Two year,1,Mailed check,26.1,1759.55,0,0.7634218221395053,Q1
8532-UEFWH,Male,0,1,1,52,1,Yes,No,No internet service,No internet service,No internet service,No internet service,No internet service,No internet service,Two year,0,Mailed check,25.75,1345.85,0,0.76316308985703,Q1
8039-ACLPL,Female,0,1,1,72,1,No,DSL,Yes,Yes,Yes,No,No,Yes,Two year,0,Credit card (automatic),68.75,4888.2,0,0.7619104408028712,Q1
5472-CVMDX,Female,0,0,0,68,0,No phone service,DSL,Yes,No,Yes,Yes,No,No,Two year,0,Mailed check,38.9,2719.2,0,0.7594280581432451,Q1
1207-BLKSA,Female,0,1,1,52,1,Yes,No,No internet service,No internet service,No internet service,No internet service,No internet service,No internet service,Two year,0,Mailed check,23.05,1255.1,0,0.7585542950539853,Q1
3200-MNQTF,Male,0,1,0,67,1,Yes,DSL,Yes,Yes,Yes,Yes,No,No,Two year,0,Credit card (automatic),70.9,4677.1,0,0.757677785601317,Q1
6619-RPLQZ,Female,0,1,1,45,1,No,No,No internet service,No internet service,No internet service,No internet service,No internet service,No internet service,Two year,0,Mailed check,20.85,892.15,0,0.7566020687360261,Q1
3580-GICBM,Female,0,1,1,61,1,Yes,No,No internet service,No internet service,No internet service,No internet service,No internet service,No internet service,Two year,1,Mailed check,24.2,1445.2,0,0.7564933711408173,Q1
6248-BSHKG,Male,0,1,1,61,1,No,No,No internet service,No internet service,No internet service,No internet service,No internet service,No internet service,One year,0,Mailed check,20.4,1226.45,0,0.7548362625237184,Q1
2817-LVCPP,Female,0,0,0,50,1,No,No,No internet service,No internet service,No internet service,No internet service,No internet service,No internet service,Two year,0,Credit card (automatic),19.4,1023.95,0,0.7534482353194774,Q1
7996-MHXLW,Female,0,0,0,66,1,Yes,No,No internet service,No internet service,No internet service,No internet service,No internet service,No internet service,Two year,1,Credit card (automatic),25.15,1683.6,0,0.7522275433181428,Q1
4302-ZYFEL,Male,0,1,1,69,1,No,No,No internet service,No internet service,No internet service,No internet service,No internet service,No internet service,One year,1,Credit card (automatic),20.55,1403.1,0,0.7518459858791212,Q1
1248-DYXUB,Male,0,1,1,52,1,Yes,No,No internet service,No internet service,No internet service,No internet service,No internet service,No internet service,Two year,0,Mailed check,24.8,1229.1,0,0.7516791556284099,Q1
1085-LDWAM,Female,0,1,1,69,1,No,No,No internet service,No internet service,No internet service,No internet service,No internet service,No internet service,One year,1,Credit card (automatic),20.35,1442.65,0,0.7509790093598884,Q1
2077-DDHJK,Female,0,1,0,68,1,Yes,DSL,Yes,Yes,Yes,Yes,No,No,Two year,0,Credit card (automatic),70.9,4911.35,0,0.7500774225689508,Q1
0562-FGDCR,Female,0,1,1,72,1,Yes,DSL,Yes,Yes,No,Yes,Yes,No,Two year,0,Mailed check,74.55,5430.65,0,0.7492687142217439,Q1
8441-SHIPE,Female,0,0,0,67,1,Yes,No,No internet service,No internet service,No internet service,No internet service,No internet service,No internet service,Two year,1,Bank transfer (automatic),25.6,1790.35,0,0.7469418167298064,Q1
0386-CWRGM,Female,0,1,1,46,1,No,No,No internet service,No internet service,No internet service,No internet service,No internet service,No internet service,Two year,0,Mailed check,19.4,967.85,0,0.7439658039986216,Q1
7608-RGIRO,Male,0,0,1,62,1,Yes,No,No internet service,No internet service,No internet service,No internet service,No internet service,No internet service,Two year,1,Mailed check,24.4,1413.0,0,0.7436833537173229,Q1
0526-SXDJP,Male,0,1,0,72,0,No phone service,DSL,Yes,Yes,Yes,No,No,No,Two year,0,Bank transfer (automatic),42.1,2962.0,0,0.74280976286951,Q1
7647-GYYKX,Female,0,1,1,54,1,No,No,No internet service,No internet service,No internet service,No internet service,No internet service,No internet service,Two year,1,Bank transfer (automatic),20.35,1092.35,0,0.7428062976435279,Q1
0463-TXOAK,Male,0,0,1,52,1,Yes,No,No internet service,No internet service,No internet service,No internet service,No internet service,No internet service,Two year,0,Credit card (automatic),25.6,1334.5,0,0.7406997245418154,Q1
6695-FRVEC,Male,0,1,1,67,1,No,DSL,Yes,No,Yes,Yes,No,No,Two year,1,Bank transfer (automatic),60.4,3953.7,0,0.740686842646364,Q1
2481-SBOYW,Female,0,0,1,61,1,Yes,No,No internet service,No internet service,No internet service,No internet service,No internet service,No internet service,Two year,1,Credit card (automatic),25.0,1498.35,0,0.7396492078520379,Q1
1241-FPMOF,Male,0,0,0,52,1,No,No,No internet service,No internet service,No internet service,No internet service,No internet service,No internet service,Two year,0,Mailed check,19.65,1025.05,0,0.7328914122404143,Q1
5334-AFQJB,Male,1,0,0,72,1,Yes,No,No internet service,No internet service,No internet service,No internet service,No internet service,No internet service,Two year,1,Credit card (automatic),25.1,1789.9,0,0.7321068636227618,Q1
4458-KVRBJ,Male,0,0,0,59,1,Yes,No,No internet service,No internet service,No internet service,No internet service,No internet service,No internet service,Two year,0,Mailed check,25.0,1510.5,0,0.7318132448229736,Q1
5605-XNWEN,Male,1,1,0,72,1,Yes,No,No internet service,No internet service,No internet service,No internet service,No internet service,No internet service,Two year,1,Bank transfer (automatic),25.0,1802.55,0,0.7311841136109071,Q1
3071-MVJCD,Male,0,1,1,72,1,Yes,DSL,Yes,Yes,Yes,Yes,Yes,No,Two year,0,Bank transfer (automatic),82.3,5815.15,0,0.7299282654389572,Q1
4807-IZYOZ,Female,0,0,0,51,1,No,No,No internet service,No internet service,No internet service,No internet service,No internet service,No internet service,Two year,0,Bank transfer (automatic),20.65,1020.75,0,0.7274559429440501,Q1
2452-MRMZF,Female,1,1,0,72,1,Yes,No,No internet service,No internet service,No internet service,No internet service,No internet service,No internet service,Two year,1,Credit card (automatic),25.7,1937.4,0,0.7245924649109531,Q1
4900-MSOMT,Female,0,1,1,72,1,Yes,DSL,Yes,Yes,Yes,Yes,Yes,No,Two year,0,Bank transfer (automatic),80.2,5714.2,0,0.7217517235634036,Q1
3154-HMWUU,Male,0,1,0,60,1,No,No,No internet service,No internet service,No internet service,No internet service,No internet service,No internet service,Two year,1,Bank transfer (automatic),20.5,1198.8,0,0.7215386870835558,Q1
1814-WFGVS,Male,0,1,1,72,0,No phone service,DSL,Yes,No,Yes,Yes,Yes,No,Two year,0,Mailed check,48.9,3527.0,0,0.720332114726334,Q1
3429-IFLEM,Female,0,0,0,71,1,No,DSL,Yes,Yes,Yes,Yes,Yes,No,Two year,0,Credit card (automatic),77.35,5550.1,0,0.7176964312556229,Q1
5010-IPEAQ,Female,0,1,1,67,0,No phone service,DSL,Yes,Yes,Yes,Yes,Yes,No,Two year,0,Credit card (automatic),54.2,3623.95,0,0.7164745943793127,Q1
5227-JSCFE,Male,1,1,0,71,0,No phone service,DSL,Yes,Yes,Yes,Yes,No,No,Two year,0,Credit card (automatic),46.35,3353.4,0,0.7154515641440764,Q1
3212-KXOCR,Male,0,0,0,52,1,No,No,No internet service,No internet service,No internet service,No internet service,No internet service,No internet service,Two year,0,Bank transfer (automatic),21.0,1107.2,0,0.7133818506923117,Q1
7860-KSUGX,Male,0,1,1,72,1,Yes,DSL,Yes,Yes,Yes,No,No,No,Two year,0,Credit card (automatic),64.45,4720.0,0,0.7132309360277809,Q1
6217-KDYWC,Male,0,0,1,57,1,No,No,No internet service,No internet service,No internet service,No internet service,No internet service,No internet service,Two year,1,Mailed check,19.6,1170.55,0,0.711810147047805,Q1
2143-LJULT,Female,0,1,0,67,1,Yes,No,No internet service,No internet service,No internet service,No internet service,No internet service,No internet service,Two year,1,Credit card (automatic),25.25,1733.15,0,0.7113034642467012,Q1
8361-LBRDI,Female,0,0,0,58,1,Yes,No,No internet service,No internet service,No internet service,No internet service,No internet service,No internet service,Two year,0,Credit card (automatic),24.35,1423.85,0,0.70994390724194,Q1
7860-UXCRM,Male,0,1,1,63,1,No,DSL,Yes,Yes,Yes,Yes,Yes,No,Two year,0,Credit card (automatic),74.5,4674.55,0,0.7075000197994318,Q1
1709-EJDOX,Female,0,1,1,47,1,No,No,No internet service,No internet service,No internet service,No internet service,No internet service,No internet service,Two year,0,Mailed check,19.75,948.9,0,0.7070215072626945,Q1
1697-LYYYX,Female,0,1,1,61,1,No,No,No internet service,No internet service,No internet service,No internet service,No internet service,No internet service,One year,0,Credit card (automatic),19.1,1143.8,0,0.7059259324120615,Q1
6762-NSODU,Female,0,1,1,46,1,No,No,No internet service,No internet service,No internet service,No internet service,No internet service,No internet service,Two year,0,Credit card (automatic),19.4,958.15,0,0.7056221815190391,Q1
3190-ITQXP,Female,0,1,1,46,1,No,No,No internet service,No internet service,No internet service,No internet service,No internet service,No internet service,Two year,0,Bank transfer (automatic),20.25,890.35,0,0.704052402461719,Q1
8028-PNXHQ,Male,0,1,1,62,1,Yes,No,No internet service,No internet service,No internet service,No internet service,No internet service,No internet service,Two year,1,Bank transfer (automatic),24.25,1424.6,0,0.7038406706211616,Q1
3884-UEBXB,Female,0,1,1,67,0,No phone service,DSL,Yes,Yes,No,No,No,No,Two year,0,Bank transfer (automatic),36.15,2434.45,0,0.7023120895557051,Q1
4636-TVXVG,Male,0,1,1,62,1,No,No,No internet service,No internet service,No internet service,No internet service,No internet service,No internet service,One year,0,Bank transfer (automatic),19.95,1244.8,0,0.6989149579096448,Q1
3795-GWTRD,Female,0,1,1,63,1,No,DSL,Yes,Yes,Yes,Yes,Yes,No,Two year,0,Credit card (automatic),75.55,4707.85,0,0.6983137278454595,Q1
9975-GPKZU,Male,0,1,1,46,1,No,No,No internet service,No internet service,No internet service,No internet service,No internet service,No internet service,Two year,0,Credit card (automatic),19.75,856.5,0,0.6972829322687746,Q1
1080-BWSYE,Male,1,1,0,64,1,Yes,No,No internet service,No internet service,No internet service,No internet service,No internet service,No internet service,Two year,0,Credit card (automatic),25.65,1740.8,0,0.6972633937530813,Q1
5970-GHJAW,Male,0,1,1,46,1,No,No,No internet service,No internet service,No internet service,No internet service,No internet service,No internet service,Two year,0,Credit card (automatic),19.95,862.4,0,0.6969191728508248,Q1
0621-CXBKL,Female,0,0,0,53,1,No,No,No internet service,No internet service,No internet service,No internet service,No internet service,No internet service,Two year,0,Mailed check,18.7,1005.7,0,0.6959738807776965,Q1
3088-FVYWK,Male,0,1,1,53,1,Yes,No,No internet service,No internet service,No internet service,No internet service,No internet service,No internet service,Two year,0,Credit card (automatic),25.55,1336.1,0,0.6935557513758737,Q1
9504-YAZWB,Female,0,0,0,53,1,No,No,No internet service,No internet service,No internet service,No internet service,No internet service,No internet service,Two year,0,Mailed check,20.25,1048.45,0,0.6929135914729099,Q1
9087-EYCPR,Female,0,0,0,60,1,Yes,No,No internet service,No internet service,No internet service,No internet service,No internet service,No internet service,Two year,0,Mailed check,25.0,1505.05,0,0.6916913662521731,Q1
2560-WBWXF,Male,0,0,0,68,1,Yes,No,No internet service,No internet service,No internet service,No internet service,No internet service,No internet service,Two year,1,Bank transfer (automatic),24.15,1498.85,0,0.6898714436587023,Q1
9507-HSMMZ,Male,0,0,0,54,1,No,No,No internet service,No internet service,No internet service,No internet service,No internet service,No internet service,Two year,0,Mailed check,20.0,1149.65,0,0.6856767039988836,Q1
9372-TXXPS,Female,0,1,0,60,1,No,DSL,Yes,Yes,No,Yes,No,No,Two year,0,Bank transfer (automatic),59.85,3483.45,0,0.6835228938929776,Q1
7634-HLQJR,Female,0,1,1,47,1,No,No,No internet service,No internet service,No internet service,No internet service,No internet service,No internet service,Two year,0,Credit card (automatic),20.05,1016.7,0,0.6793321776464823,Q1
4742-TXUEX,Female,0,1,1,47,1,No,No,No internet service,No internet service,No internet service,No internet service,No internet service,No internet service,Two year,0,Bank transfer (automatic),19.3,890.5,0,0.6790088306253584,Q1
7503-EPSZW,Female,0,1,1,64,1,Yes,No,No internet service,No internet service,No internet service,No internet service,No internet service,No internet service,Two year,1,Mailed check,24.05,1559.15,0,0.6789300807534785,Q1
9359-JANWS,Female,0,1,0,65,1,No,DSL,Yes,No,Yes,Yes,No,No,Two year,0,Credit card (automatic),58.9,3857.1,0,0.6763651192119462,Q1
1852-QSWCD,Male,0,1,1,64,1,Yes,No,No internet service,No internet service,No internet service,No internet service,No internet service,No internet service,Two year,1,Mailed check,24.8,1514.85,0,0.6761296921118448,Q1
2418-TPEUN,Female,0,1,1,56,1,No,No,No internet service,No internet service,No internet service,No internet service,No internet service,No internet service,Two year,1,Credit card (automatic),19.8,1119.9,0,0.6736488952475352,Q1
8838-GPHZP,Female,0,0,0,63,1,No,No,No internet service,No internet service,No internet service,No internet service,No internet service,No internet service,Two year,1,Mailed check,20.6,1298.7,0,0.6735535932769746,Q1
9251-AWQGT,Female,0,1,1,48,1,No,No,No internet service,No internet service,No internet service,No internet service,No internet service,No internet service,Two year,0,Mailed check,20.0,935.9,0,0.6732881297349192,Q1
2675-IJRGJ,Male,0,0,0,53,1,No,No,No internet service,No internet service,No internet service,No internet service,No internet service,No internet service,Two year,0,Bank transfer (automatic),19.65,978.0,0,0.672717778315923,Q1
6087-YPWHO,Male,0,1,0,72,1,Yes,DSL,Yes,Yes,Yes,Yes,No,No,Two year,0,Mailed check,68.15,4808.7,0,0.6708951861056407,Q1
9814-AOUDH,Male,0,0,0,53,1,No,No,No internet service,No internet service,No internet service,No internet service,No internet service,No internet service,Two year,0,Credit card (automatic),19.5,1050.5,0,0.6703391367067992,Q1
2176-OSJUV,Male,0,1,0,71,1,Yes,DSL,Yes,Yes,No,Yes,No,No,Two year,0,Bank transfer (automatic),65.15,4681.75,0,0.6698868393326485,Q1
2230-XTUWL,Female,0,1,1,48,1,No,No,No internet service,No internet service,No internet service,No internet service,No internet service,No internet service,Two year,0,Mailed check,19.55,883.35,0,0.6687835786274803,Q1
2228-BZDEE,Female,0,0,0,54,1,No,No,No internet service,No internet service,No internet service,No internet service,No internet service,No internet service,Two year,0,Mailed check,20.1,1079.45,0,0.6678755680989118,Q1
3635-QQRQD,Male,0,0,0,62,1,No,No,No internet service,No internet service,No internet service,No internet service,No internet service,No internet service,Two year,1,Credit card (automatic),20.05,1201.65,0,0.6665185341433957,Q1
1619-YWUBB,Female,0,1,0,68,1,Yes,No,No internet service,No internet service,No internet service,No internet service,No internet service,No internet service,Two year,1,Credit card (automatic),24.95,1614.9,0,0.6663083950756103,Q1
1862-QRWPE,Female,0,1,1,48,1,No,No,No internet service,No internet service,No internet service,No internet service,No internet service,No internet service,Two year,0,Bank transfer (automatic),20.65,1057.0,0,0.6642164369539003,Q1
1657-DYMBM,Male,0,1,0,53,1,No,No,No internet service,No internet service,No internet service,No internet service,No internet service,No internet service,Two year,0,Credit card (automatic),19.9,1110.05,0,0.6635382977962822,Q1
8207-VVMYB,Female,0,1,0,70,1,Yes,No,No internet service,No internet service,No internet service,No internet service,No internet service,No internet service,Two year,1,Bank transfer (automatic),26.0,2006.95,0,0.6632083252367529,Q1
7033-CLAMM,Female,0,1,1,48,1,No,No,No internet service,No internet service,No internet service,No internet service,No internet service,No internet service,Two year,0,Bank transfer (automatic),20.2,1027.25,0,0.6627392121503322,Q1
6349-JDHQP,Female,0,0,0,53,1,No,No,No internet service,No internet service,No internet service,No internet service,No internet service,No internet service,Two year,0,Credit card (automatic),19.85,1049.6,0,0.660582114562711,Q1
9081-WWXKP,Female,0,1,1,47,1,No,No,No internet service,No internet service,No internet service,No internet service,No internet service,No internet service,Two year,0,Credit card (automatic),20.25,873.4,0,0.6590189421424988,Q1
9795-SHUHB,Female,0,1,1,66,1,No,DSL,Yes,Yes,No,Yes,No,No,Two year,1,Credit card (automatic),58.2,3810.8,0,0.6556753263047002,Q1
8395-ETZKQ,Male,1,1,1,68,1,No,No,No internet service,No internet service,No internet service,No internet service,No internet service,No internet service,One year,0,Bank transfer (automatic),19.5,1193.55,0,0.6544009053483806,Q1
1167-OYZJF,Female,1,1,0,67,1,No,No,No internet service,No internet service,No internet service,No internet service,No internet service,No internet service,Two year,1,Bank transfer (automatic),20.05,1263.05,0,0.654349169498235,Q1
3359-DSRKA,Female,0,1,1,58,1,No,No,No internet service,No internet service,No internet service,No internet service,No internet service,No internet service,Two year,1,Mailed check,19.85,1158.85,0,0.6539605190891388,Q1
3454-JFUBC,Male,1,0,0,68,1,No,No,No internet service,No internet service,No internet service,No internet service,No internet service,No internet service,Two year,1,Credit card (automatic),20.0,1396.0,0,0.6535636047258582,Q1
3970-XGJDU,Female,0,0,0,62,1,No,No,No internet service,No internet service,No internet service,No internet service,No internet service,No internet service,Two year,1,Credit card (automatic),19.2,1123.65,0,0.6532828838578001,Q1
0229-LFJAF,Male,0,0,0,72,1,Yes,DSL,Yes,Yes,Yes,Yes,No,No,Two year,0,Bank transfer (automatic),69.65,4908.25,0,0.6532340404175102,Q1
0508-SQWPL,Female,0,1,1,57,1,No,No,No internet service,No internet service,No internet service,No internet service,No internet service,No internet service,Two year,1,Bank transfer (automatic),20.1,1087.7,0,0.6519234577407568,Q1
9499-XPZXM,Female,0,1,0,72,1,Yes,DSL,Yes,Yes,No,Yes,No,No,Two year,0,Bank transfer (automatic),64.75,4804.75,0,0.6508969251857689,Q1
3148-AOIQT,Female,0,1,0,69,1,Yes,No,No internet service,No internet service,No internet service,No internet service,No internet service,No internet service,Two year,1,Credit card (automatic),24.95,1718.35,0,0.6508030775114377,Q1
1813-JLKWR,Female,0,1,1,64,1,No,No,No internet service,No internet service,No internet service,No internet service,No internet service,No internet service,One year,0,Bank transfer (automatic),19.8,1336.65,0,0.6463917422352814,Q1
2799-TSLAG,Female,0,1,1,65,1,Yes,No,No internet service,No internet service,No internet service,No internet service,No internet service,No internet service,Two year,1,Bank transfer (automatic),25.3,1748.55,0,0.6455841003057546,Q1
0531-XBKMM,Male,0,0,1,66,1,Yes,DSL,Yes,Yes,No,Yes,No,No,Two year,0,Bank transfer (automatic),65.7,4378.9,0,0.6447523122645987,Q1
2314-TNDJQ,Female,0,1,1,72,0,No phone service,DSL,Yes,Yes,Yes,Yes,No,Yes,Two year,0,Credit card (automatic),55.65,3880.05,0,0.6444427852462883,Q1
4785-FCIFB,Female,0,1,0,61,1,Yes,No,No internet service,No internet service,No internet service,No internet service,No internet service,No internet service,Two year,0,Mailed check,24.4,1417.9,0,0.6399015107566542,Q1
0281-CNTZX,Male,0,1,0,63,1,No,No,No internet service,No internet service,No internet service,No internet service,No internet service,No internet service,Two year,1,Bank transfer (automatic),19.95,1234.8,0,0.6395696133475974,Q1
1306-RPWXZ,Female,0,0,1,49,1,No,No,No internet service,No internet service,No internet service,No internet service,No internet service,No internet service,Two year,0,Credit card (automatic),20.45,1024.65,0,0.6368398418879974,Q1
7427-AUFPY,Male,0,0,0,54,1,No,No,No internet service,No internet service,No internet service,No internet service,No internet service,No internet service,Two year,0,Credit card (automatic),19.65,1008.7,0,0.6351277587330397,Q1
1241-EZFMJ,Male,0,1,0,61,1,Yes,No,No internet service,No internet service,No internet service,No internet service,No internet service,No internet service,Two year,0,Bank transfer (automatic),25.45,1538.6,0,0.6334405398577966,Q1
4979-HPRFL,Male,0,1,1,56,1,Yes,No,No internet service,No internet service,No internet service,No internet service,No internet service,No internet service,Two year,0,Bank transfer (automatic),24.15,1402.25,0,0.6327857563164616,Q1
6370-ZVHDV,Female,0,1,0,61,1,Yes,No,No internet service,No internet service,No internet service,No internet service,No internet service,No internet service,Two year,0,Bank transfer (automatic),25.3,1554.9,0,0.628698876470552,Q1
8540-ZQGEA,Female,0,1,0,54,1,No,No,No internet service,No internet service,No internet service,No internet service,No internet service,No internet service,Two year,0,Credit card (automatic),20.05,1102.4,0,0.6243117101363967,Q1
1705-GUHPV,Female,0,0,0,63,1,Yes,No,No internet service,No internet service,No internet service,No internet service,No internet service,No internet service,Two year,0,Mailed check,24.2,1618.2,0,0.6237966653497449,Q1
7706-YLMQA,Female,0,0,0,70,1,No,No,No internet service,No internet service,No internet service,No internet service,No internet service,No internet service,One year,0,Bank transfer (automatic),19.7,1341.5,0,0.622692399400805,Q1
9337-SRRNI,Male,0,0,1,66,1,Yes,No,No internet service,No internet service,No internet service,No internet service,No internet service,No internet service,Two year,1,Credit card (automatic),25.3,1673.8,0,0.618747526484448,Q1
6134-KWTBV,Male,0,0,0,62,1,Yes,No,No internet service,No internet service,No internet service,No internet service,No internet service,No internet service,Two year,0,Bank transfer (automatic),23.4,1429.65,0,0.6178306173123551,Q1
9953-ZMKSM,Male,0,0,0,63,1,Yes,No,No internet service,No internet service,No internet service,No internet service,No internet service,No internet service,Two year,0,Mailed check,25.25,1559.3,0,0.617802516279863,Q1
4176-RELJR,Male,1,0,0,67,1,Yes,No,No internet service,No internet service,No internet service,No internet service,No internet service,No internet service,Two year,0,Credit card (automatic),25.1,1672.15,0,0.6176893926999929,Q1
9220-CXRSC,Female,0,1,1,69,1,Yes,DSL,Yes,No,No,Yes,No,No,Two year,0,Credit card (automatic),61.4,4059.85,0,0.6067625834042544,Q1
4565-NLZBV,Female,0,1,0,71,1,Yes,No,No internet service,No internet service,No internet service,No internet service,No internet service,No internet service,Two year,1,Bank transfer (automatic),24.65,1710.15,0,0.6051061706791572,Q1
3967-VQOGC,Female,0,1,1,67,1,Yes,No,No internet service,No internet service,No internet service,No internet service,No internet service,No internet service,Two year,1,Mailed check,24.9,1680.25,0,0.6050593089567162,Q1
8957-THMOA,Female,0,0,1,50,1,No,No,No internet service,No internet service,No internet service,No internet service,No internet service,No internet service,Two year,0,Credit card (automatic),20.15,970.85,0,0.6043887377042864,Q1
7008-LZVOZ,Male,0,1,1,66,1,Yes,No,No internet service,No internet service,No internet service,No internet service,No internet service,No internet service,Two year,1,Credit card (automatic),25.3,1672.35,0,0.6041266318161124,Q1
5406-KGRMX,Female,0,0,0,71,1,Yes,No,No internet service,No internet service,No internet service,No internet service,No internet service,No internet service,Two year,0,Electronic check,24.55,1719.15,0,0.6027225574342606,Q1
6917-FIJHC,Female,0,1,0,72,1,Yes,No,No internet service,No internet service,No internet service,No internet service,No internet service,No internet service,Two year,1,Mailed check,26.0,1776.0,0,0.6012321442488764,Q1
7014-ZZXAW,Female,0,1,0,71,1,Yes,No,No internet service,No internet service,No internet service,No internet service,No internet service,No internet service,Two year,1,Credit card (automatic),24.25,1732.95,0,0.6010349138101013,Q1
1574-DYCWE,Female,0,1,1,51,1,No,No,No internet service,No internet service,No internet service,No internet service,No internet service,No internet service,Two year,0,Mailed check,19.95,1028.75,0,0.6009987321948539,Q1
2961-VNFKL,Female,0,1,0,71,1,Yes,No,No internet service,No internet service,No internet service,No internet service,No internet service,No internet service,Two year,1,Credit card (automatic),25.95,1801.9,0,0.6005472618535,Q1
9964-WBQDJ,Female,0,1,0,71,1,Yes,No,No internet service,No internet service,No internet service,No internet service,No internet service,No internet service,Two year,1,Credit card (automatic),24.4,1725.4,0,0.5993555647847902,Q1
6340-DACFT,Female,0,1,1,50,1,No,No,No internet service,No internet service,No internet service,No internet service,No internet service,No internet service,Two year,0,Credit card (automatic),20.55,1070.25,0,0.5988315996938073,Q1
8069-RHUXK,Female,0,1,1,67,0,No phone service,DSL,Yes,No,No,Yes,No,No,Two year,0,Credit card (automatic),35.7,2545.7,0,0.5957125067024943,Q1
3170-NMYVV,Female,0,1,1,50,1,No,No,No internet service,No internet service,No internet service,No internet service,No internet service,No internet service,Two year,0,Bank transfer (automatic),20.15,930.9,0,0.5956783162037816,Q1
0374-FIUCA,Male,0,1,0,65,1,No,No,No internet service,No internet service,No internet service,No internet service,No internet service,No internet service,Two year,1,Credit card (automatic),20.4,1414.45,0,0.5952312941953914,Q1
6685-XSHHU,Male,0,1,1,60,1,No,No,No internet service,No internet service,No internet service,No internet service,No internet service,No internet service,Two year,1,Bank transfer (automatic),20.95,1270.55,0,0.594315865993637,Q1
3612-YVGSJ,Female,0,1,0,71,1,Yes,No,No internet service,No internet service,No internet service,No internet service,No internet service,No internet service,Two year,1,Credit card (automatic),24.45,1681.6,0,0.5938769983354051,Q1
2632-TACXW,Female,0,1,0,62,1,Yes,No,No internet service,No internet service,No internet service,No internet service,No internet service,No internet service,Two year,0,Bank transfer (automatic),23.65,1416.75,0,0.5933400549341084,Q1
6734-PSBAW,Male,0,1,0,72,1,Yes,No,No internet service,No internet service,No internet service,No internet service,No internet service,No internet service,Two year,1,Bank transfer (automatic),23.55,1723.95,0,0.5931847519563309,Q1
6253-GNHWH,Female,0,1,1,71,1,Yes,DSL,Yes,Yes,Yes,Yes,No,No,Two year,0,Mailed check,71.1,5224.95,0,0.5931180148043701,Q1
4990-ALDGW,Male,0,0,0,57,1,No,No,No internet service,No internet service,No internet service,No internet service,No internet service,No internet service,Two year,0,Mailed check,20.75,1118.8,0,0.5929093763211088,Q1
3646-ITDGM,Female,0,0,0,56,1,No,No,No internet service,No internet service,No internet service,No internet service,No internet service,No internet service,Two year,0,Bank transfer (automatic),19.7,1051.9,0,0.591737696065715,Q1
8882-TLVRW,Male,0,1,1,69,0,No phone service,DSL,Yes,No,Yes,Yes,No,No,Two year,0,Mailed check,39.1,2779.5,0,0.59129196007032,Q1
1926-QUZNN,Female,0,1,0,72,1,Yes,No,No internet service,No internet service,No internet service,No internet service,No internet service,No internet service,Two year,1,Bank transfer (automatic),25.25,1841.2,0,0.5912897312284721,Q1
3913-RDSJZ,Female,0,1,0,64,1,Yes,No,No internet service,No internet service,No internet service,No internet service,No internet service,No internet service,Two year,0,Mailed check,25.55,1714.95,0,0.5887799573589109,Q1
3511-BFTJW,Male,0,1,1,72,0,No phone service,DSL,Yes,Yes,Yes,No,No,No,Two year,0,Credit card (automatic),38.5,2763.0,0,0.588687092345535,Q1
7941-RCJOW,Male,0,0,0,65,1,No,No,No internet service,No internet service,No internet service,No internet service,No internet service,No internet service,Two year,1,Credit card (automatic),19.55,1218.65,0,0.5882601087816892,Q1
9565-AXSMR,Male,0,1,1,52,1,No,No,No internet service,No internet service,No internet service,No internet service,No internet service,No internet service,Two year,0,Mailed check,19.2,1054.75,0,0.588232991678727,Q1
1266-NZYUI,Female,0,1,1,72,1,Yes,DSL,Yes,No,Yes,Yes,No,No,Two year,0,Bank transfer (automatic),66.85,4758.8,0,0.5881586470382588,Q1
2900-PHPLN,Female,1,1,0,70,1,No,No,No internet service,No internet service,No internet service,No internet service,No internet service,No internet service,Two year,1,Credit card (automatic),19.55,1462.05,0,0.5870983452697552,Q1
6582-PLFUU,Male,0,1,1,51,1,No,No,No internet service,No internet service,No internet service,No internet service,No internet service,No internet service,Two year,0,Credit card (automatic),19.55,1086.75,0,0.5862518021880934,Q1
0626-QXNGV,Female,0,1,0,72,1,Yes,No,No internet service,No internet service,No internet service,No internet service,No internet service,No internet service,Two year,1,Credit card (automatic),24.15,1776.45,0,0.5805440417775529,Q1
9371-BITHB,Female,0,1,1,52,1,No,No,No internet service,No internet service,No internet service,No internet service,No internet service,No internet service,Two year,0,Mailed check,19.85,1070.5,0,0.5803236092548849,Q1
7493-GVFIO,Male,0,0,0,57,1,No,No,No internet service,No internet service,No internet service,No internet service,No internet service,No internet service,Two year,0,Credit card (automatic),20.55,1252.85,0,0.579521600124771,Q1
3620-EHIMZ,Female,0,1,1,52,1,No,No,No internet service,No internet service,No internet service,No internet service,No internet service,No internet service,Two year,0,Mailed check,19.35,1031.7,0,0.5782722637066509,Q1
9084-OAYKL,Male,0,0,0,58,1,No,No,No internet service,No internet service,No internet service,No internet service,No internet service,No internet service,Two year,0,Mailed check,20.8,1212.25,0,0.5776815160593698,Q1
0603-TPMIB,Female,0,1,1,59,1,Yes,No,No internet service,No internet service,No internet service,No internet service,No internet service,No internet service,Two year,0,Mailed check,25.45,1534.05,0,0.5769563128315152,Q1
7167-PCEYD,Male,0,0,0,67,1,No,No,No internet service,No internet service,No internet service,No internet service,No internet service,No internet service,Two year,1,Mailed check,19.8,1311.3,0,0.5763298896154685,Q1
0780-XNZFN,Male,0,0,0,57,1,No,No,No internet service,No internet service,No internet service,No internet service,No internet service,No internet service,Two year,0,Bank transfer (automatic),20.65,1125.6,0,0.5759548478304302,Q1
2097-YVPKN,Male,0,0,0,65,1,Yes,No,No internet service,No internet service,No internet service,No internet service,No internet service,No internet service,Two year,0,Mailed check,25.75,1654.75,0,0.5739315688383494,Q1
4534-WGCIR,Female,0,1,1,58,1,Yes,No,No internet service,No internet service,No internet service,No internet service,No internet service,No internet service,Two year,0,Credit card (automatic),25.15,1509.9,0,0.5714953367785703,Q1
8464-EETCQ,Male,0,0,0,57,1,No,No,No internet service,No internet service,No internet service,No internet service,No internet service,No internet service,Two year,0,Credit card (automatic),18.8,1094.35,0,0.5697871203459127,Q1
5220-AGAAX,Male,0,1,1,68,1,Yes,No,No internet service,No internet service,No internet service,No internet service,No internet service,No internet service,Two year,1,Bank transfer (automatic),24.0,1664.3,0,0.5681975257143028,Q1
5296-PSYVW,Female,0,1,0,72,1,Yes,No,No internet service,No internet service,No internet service,No internet service,No internet service,No internet service,Two year,0,Electronic check,24.55,1750.7,0,0.5681115369784181,Q1
7293-LSCDV,Female,0,1,1,60,1,No,No,No internet service,No internet service,No internet service,No internet service,No internet service,No internet service,Two year,1,Credit card (automatic),19.25,1103.25,0,0.5655148203143852,Q1
6625-FLENO,Male,0,1,0,58,1,No,No,No internet service,No internet service,No internet service,No internet service,No internet service,No internet service,Two year,0,Mailed check,20.75,1185.95,0,0.5632560486274217,Q1
9257-AZMTZ,Female,0,1,1,52,1,No,No,No internet service,No internet service,No internet service,No internet service,No internet service,No internet service,Two year,0,Bank transfer (automatic),20.1,1078.75,0,0.561924255116637,Q1
9173-IVZVP,Female,0,1,1,53,1,No,No,No internet service,No internet service,No internet service,No internet service,No internet service,No internet service,Two year,0,Mailed check,20.9,1146.05,0,0.5587341443616942,Q1
5821-MMEIL,Female,0,1,0,57,1,No,No,No internet service,No internet service,No internet service,No internet service,No internet service,No internet service,Two year,0,Bank transfer (automatic),19.9,1115.6,0,0.5572161298126843,Q1
1767-CJKBA,Male,0,0,0,66,1,Yes,No,No internet service,No internet service,No internet service,No internet service,No internet service,No internet service,Two year,0,Mailed check,25.1,1697.7,0,0.5568865380040692,Q1
5982-XMDEX,Female,0,0,0,65,1,Yes,No,No internet service,No internet service,No internet service,No internet service,No internet service,No internet service,Two year,0,Bank transfer (automatic),26.5,1698.55,0,0.5511747004170747,Q1
7480-SPLEF,Male,0,1,1,69,1,Yes,No,No internet service,No internet service,No internet service,No internet service,No internet service,No internet service,Two year,1,Bank transfer (automatic),26.0,1796.55,0,0.5489804698499692,Q1
3027-YNWZU,Female,0,1,0,64,1,Yes,No,No internet service,No internet service,No internet service,No internet service,No internet service,No internet service,Two year,0,Credit card (automatic),25.0,1584.8,0,0.5477328405258001,Q1
9786-YWNHU,Female,0,1,1,63,1,No,DSL,Yes,Yes,Yes,Yes,No,No,Two year,0,Mailed check,63.55,4014.2,0,0.5433119673752348,Q1
5567-GZKQY,Male,0,0,0,58,1,No,No,No internet service,No internet service,No internet service,No internet service,No internet service,No internet service,Two year,0,Credit card (automatic),20.3,1131.5,0,0.5422541400983218,Q1
3836-FZSDJ,Male,1,1,0,71,1,Yes,No,No internet service,No internet service,No internet service,No internet service,No internet service,No internet service,Two year,0,Bank transfer (automatic),24.85,1901.0,0,0.5403804441864756,Q1
0270-THENM,Male,0,1,1,72,1,Yes,DSL,Yes,Yes,Yes,Yes,No,No,Two year,0,Bank transfer (automatic),69.85,5102.35,0,0.5403545852750802,Q1
7688-AWMDX,Male,0,1,0,71,1,No,DSL,Yes,No,No,Yes,No,No,Two year,0,Bank transfer (automatic),54.5,3778.2,0,0.540024309624221,Q1
3498-LZGQZ,Male,0,1,1,63,1,No,No,No internet service,No internet service,No internet service,No internet service,No internet service,No internet service,Two year,1,Mailed check,19.15,1177.05,0,0.5357171544263244,Q1
5115-SQAAU,Female,0,1,1,69,1,Yes,No,No internet service,No internet service,No internet service,No internet service,No internet service,No internet service,Two year,1,Bank transfer (automatic),25.6,1673.4,0,0.5324894033902463,Q1
1131-QQZEB,Male,1,1,0,71,1,Yes,No,No internet service,No internet service,No internet service,No internet service,No internet service,No internet service,Two year,0,Bank transfer (automatic),23.95,1756.2,0,0.5291385413497264,Q1
3308-DGHKL,Male,0,0,0,69,1,No,No,No internet service,No internet service,No internet service,No internet service,No internet service,No internet service,Two year,1,Bank transfer (automatic),19.3,1447.9,0,0.5283094507876507,Q1
1460-UZPRJ,Male,0,1,0,60,1,No,No,No internet service,No internet service,No internet service,No internet service,No internet service,No internet service,Two year,0,Mailed check,19.95,1258.15,0,0.5265548383957943,Q1
9500-WBGRP,Male,0,0,0,69,1,No,No,No internet service,No internet service,No internet service,No internet service,No internet service,No internet service,Two year,1,Mailed check,19.1,1268.85,0,0.5263156238491303,Q1
7169-YWAMK,Male,0,1,1,72,1,No,DSL,Yes,Yes,No,Yes,Yes,No,Two year,0,Bank transfer (automatic),68.4,4855.35,0,0.5228336409891924,Q1
2400-FEQME,Male,0,1,1,55,1,No,No,No internet service,No internet service,No internet service,No internet service,No internet service,No internet service,Two year,0,Mailed check,20.5,1177.95,0,0.5222072260350765,Q1
8590-YFFQO,Male,0,1,0,70,1,No,DSL,Yes,Yes,Yes,Yes,No,No,Two year,0,Credit card (automatic),64.95,4523.25,0,0.5201937541858626,Q1
0795-XCCTE,Male,1,0,0,72,1,Yes,No,No internet service,No internet service,No internet service,No internet service,No internet service,No internet service,Two year,0,Bank transfer (automatic),25.4,1809.35,0,0.5191809345921119,Q1
4737-AQCPU,Male,0,1,1,72,1,Yes,DSL,Yes,Yes,Yes,Yes,No,No,Two year,0,Credit card (automatic),72.1,5016.65,0,0.5178917935875038,Q1
5793-YOLJN,Female,0,1,1,55,1,No,No,No internet service,No internet service,No internet service,No internet service,No internet service,No internet service,Two year,0,Mailed check,21.0,1210.3,0,0.5176534946545894,Q1
1635-NZATJ,Male,1,1,0,71,1,Yes,No,No internet service,No internet service,No internet service,No internet service,No internet service,No internet service,Two year,0,Credit card (automatic),25.45,1789.65,0,0.5175283225500383,Q1
6485-QXWWE,Female,0,0,1,62,1,Yes,No,No internet service,No internet service,No internet service,No internet service,No internet service,No internet service,Two year,0,Bank transfer (automatic),26.0,1638.7,0,0.5124418666624634,Q1
2525-GVKQU,Female,0,0,0,60,1,No,No,No internet service,No internet service,No internet service,No internet service,No internet service,No internet service,Two year,0,Mailed check,20.6,1093.0,0,0.5114007598309862,Q1
9764-REAFF,Female,0,1,0,59,1,No,No,No internet service,No internet service,No internet service,No internet service,No internet service,No internet service,Two year,0,Bank transfer (automatic),18.4,1057.85,0,0.5105717969295683,Q1
0040-HALCW,Male,0,1,1,54,1,No,No,No internet service,No internet service,No internet service,No internet service,No internet service,No internet service,Two year,0,Credit card (automatic),20.4,1090.6,0,0.5101293334585,Q1
7399-QHBJS,Female,0,1,1,72,1,Yes,DSL,Yes,Yes,No,Yes,No,No,Two year,0,Credit card (automatic),66.75,4760.3,0,0.5092066622575714,Q1
6484-LATFU,Male,0,0,0,68,1,Yes,No,No internet service,No internet service,No internet service,No internet service,No internet service,No internet service,Two year,0,Mailed check,24.55,1657.4,0,0.5080350140500381,Q1
2075-PUEPR,Male,0,1,1,55,1,No,No,No internet service,No internet service,No internet service,No internet service,No internet service,No internet service,Two year,0,Bank transfer (automatic),19.35,1153.25,0,0.5078656969711564,Q1
8380-MQINP,Female,0,1,1,55,1,No,No,No internet service,No internet service,No internet service,No internet service,No internet service,No internet service,Two year,0,Mailed check,20.3,1079.05,0,0.507263588761649,Q1
7643-RCHXS,Female,0,1,1,63,1,No,No,No internet service,No internet service,No internet service,No internet service,No internet service,No internet service,Two year,0,Electronic check,19.35,1263.85,0,0.5045587248985637,Q1
9135-HSWOC,Male,0,1,1,64,1,No,No,No internet service,No internet service,No internet service,No internet service,No internet service,No internet service,Two year,1,Bank transfer (automatic),19.7,1274.05,0,0.5040878548866877,Q1
7114-AEOZE,Female,0,0,0,60,1,No,No,No internet service,No internet service,No internet service,No internet service,No internet service,No internet service,Two year,0,Bank transfer (automatic),19.85,1128.1,0,0.5030716792456695,Q1
3873-WOSBC,Male,0,1,0,67,1,Yes,No,No internet service,No internet service,No internet service,No internet service,No internet service,No internet service,Two year,0,Credit card (automatic),25.6,1784.9,0,0.5030488280980935,Q1
8735-SDUFN,Female,1,1,0,72,1,Yes,No,No internet service,No internet service,No internet service,No internet service,No internet service,No internet service,Two year,0,Bank transfer (automatic),24.3,1778.7,0,0.5009584740684478,Q1
3696-DFHHB,Female,0,0,0,68,1,Yes,No,No internet service,No internet service,No internet service,No internet service,No internet service,No internet service,Two year,0,Bank transfer (automatic),25.5,1821.8,0,0.4989441193558073,Q1
4625-XMOYM,Female,0,1,1,72,1,Yes,No,No internet service,No internet service,No internet service,No internet service,No internet service,No internet service,Two year,1,Bank transfer (automatic),26.25,1988.05,0,0.49398230213068506,Q1
8946-BFWSG,Male,0,1,1,63,1,Yes,No,No internet service,No internet service,No internet service,No internet service,No internet service,No internet service,Two year,0,Mailed check,25.25,1573.05,0,0.4933964289976951,Q1
2253-KPMNB,Female,0,1,1,69,0,No phone service,DSL,Yes,Yes,Yes,Yes,No,No,Two year,0,Bank transfer (automatic),46.25,3121.4,0,0.4915889023630866,Q1
8129-GMVGI,Female,0,1,1,56,1,No,No,No internet service,No internet service,No internet service,No internet service,No internet service,No internet service,Two year,0,Mailed check,20.05,1090.1,0,0.4874439961556221,Q1
3118-UHVVQ,Female,0,1,0,68,1,Yes,No,No internet service,No internet service,No internet service,No internet service,No internet service,No internet service,Two year,0,Credit card (automatic),25.8,1911.5,0,0.48643578961963685,Q1
3768-VHXQO,Male,0,1,0,67,1,Yes,No,No internet service,No internet service,No internet service,No internet service,No internet service,No internet service,Two year,0,Credit card (automatic),24.85,1583.5,0,0.4863018092011756,Q1
1098-KFQEC,Female,0,1,1,55,1,No,No,No internet service,No internet service,No internet service,No internet service,No internet service,No internet service,Two year,0,Credit card (automatic),19.4,1083.0,0,0.48600757033341074,Q1
6024-RUGGH,Male,0,1,1,72,1,Yes,No,No internet service,No internet service,No internet service,No internet service,No internet service,No internet service,Two year,1,Bank transfer (automatic),25.2,1798.9,0,0.4846918973733569,Q1
2072-ZVJJX,Male,0,1,0,68,1,Yes,No,No internet service,No internet service,No internet service,No internet service,No internet service,No internet service,Two year,0,Bank transfer (automatic),25.25,1728.2,0,0.48357324774067145,Q1
7729-XBTWX,Male,0,1,1,66,1,No,No,No internet service,No internet service,No internet service,No internet service,No internet service,No internet service,Two year,1,Mailed check,19.75,1344.5,0,0.482744505231569,Q1
7113-HIPFI,Male,0,1,1,66,1,No,DSL,Yes,Yes,Yes,Yes,No,No,Two year,0,Mailed check,65.85,4097.05,0,0.4793944879204956,Q1
4656-CAURT,Male,0,0,0,69,1,Yes,No,No internet service,No internet service,No internet service,No internet service,No internet service,No internet service,Two year,0,Bank transfer (automatic),23.95,1713.1,0,0.47788597781485265,Q1
8544-JNBOX,Male,0,0,0,72,1,No,No,No internet service,No internet service,No internet service,No internet service,No internet service,No internet service,Two year,1,Mailed check,20.8,1521.2,0,0.4778459483159789,Q1
5656-JAMLX,Male,0,0,0,62,1,No,No,No internet service,No internet service,No internet service,No internet service,No internet service,No internet service,Two year,0,Bank transfer (automatic),19.85,1253.65,0,0.477004587578798,Q1
1820-DJFPH,Female,0,1,1,72,1,Yes,No,No internet service,No internet service,No internet service,No internet service,No internet service,No internet service,Two year,1,Bank transfer (automatic),24.05,1709.15,0,0.4761327043408003,Q1
9430-NKQLY,Male,0,1,1,72,1,Yes,No,No internet service,No internet service,No internet service,No internet service,No internet service,No internet service,Two year,1,Credit card (automatic),25.1,1790.8,0,0.475627251216374,Q1
0704-VCUMB,Female,0,1,0,61,1,No,No,No internet service,No internet service,No internet service,No internet service,No internet service,No internet service,Two year,0,Credit card (automatic),20.25,1278.8,0,0.4732318217646426,Q1
8727-JQFHV,Male,0,1,1,57,1,No,No,No internet service,No internet service,No internet service,No internet service,No internet service,No internet service,Two year,0,Mailed check,20.75,1123.15,0,0.4718763093022814,Q1
6734-JDTTV,Male,0,1,1,65,1,No,No,No internet service,No internet service,No internet service,No internet service,No internet service,No internet service,Two year,1,Credit card (automatic),19.85,1267.05,0,0.47160517465113083,Q1
8780-IHCRN,Male,0,1,1,63,1,Yes,No,No internet service,No internet service,No internet service,No internet service,No internet service,No internet service,Two year,0,Credit card (automatic),24.65,1574.5,0,0.47120498994249144,Q1
1399-OUPJN,Female,0,1,1,57,1,No,No,No internet service,No internet service,No internet service,No internet service,No internet service,No internet service,Two year,0,Bank transfer (automatic),19.75,1272.05,0,0.4698669048887154,Q1
2696-RZVZW,Male,0,1,0,68,1,Yes,No,No internet service,No internet service,No internet service,No internet service,No internet service,No internet service,Two year,0,Credit card (automatic),25.05,1629.2,0,0.4686675592711898,Q1
7558-IMLMT,Male,0,1,1,67,1,No,No,No internet service,No internet service,No internet service,No internet service,No internet service,No internet service,Two year,1,Mailed check,20.8,1411.9,0,0.4640167143272462,Q1
6892-BOGQE,Female,0,1,0,71,1,No,No,No internet service,No internet service,No internet service,No internet service,No internet service,No internet service,Two year,1,Bank transfer (automatic),20.9,1493.2,0,0.46356718075556186,Q1
3973-SKMLN,Male,0,0,0,71,1,No,No,No internet service,No internet service,No internet service,No internet service,No internet service,No internet service,Two year,1,Credit card (automatic),19.9,1355.1,0,0.4624170444163208,Q1
6010-DDPPW,Male,0,1,0,70,1,Yes,No,No internet service,No internet service,No internet service,No internet service,No internet service,No internet service,Two year,0,Bank transfer (automatic),25.15,1940.85,0,0.46217213347060715,Q1
8857-CUPFQ,Male,0,1,0,63,1,No,No,No internet service,No internet service,No internet service,No internet service,No internet service,No internet service,Two year,0,Mailed check,19.25,1237.65,0,0.4618099673066336,Q1
8755-OGKNA,Female,0,1,1,57,1,No,No,No internet service,No internet service,No internet service,No internet service,No internet service,No internet service,Two year,0,Bank transfer (automatic),19.5,1167.6,0,0.4612130096664354,Q1
9397-TZSHA,Female,0,0,0,69,1,Yes,No,No internet service,No internet service,No internet service,No internet service,No internet service,No internet service,Two year,0,Credit card (automatic),24.6,1678.05,0,0.4582251226292261,Q1
3563-SVYLG,Male,0,1,1,68,1,No,DSL,Yes,Yes,Yes,Yes,No,No,Two year,0,Credit card (automatic),62.65,4375.8,0,0.45380105520993846,Q1
0971-QIFJK,Female,0,1,0,69,1,Yes,No,No internet service,No internet service,No internet service,No internet service,No internet service,No internet service,Two year,0,Bank transfer (automatic),24.25,1641.8,0,0.4532200996714501,Q1
7606-BPHHN,Male,0,0,0,72,1,No,No,No internet service,No internet service,No internet service,No internet service,No internet service,No internet service,Two year,1,Credit card (automatic),19.8,1468.75,0,0.4529081424744179,Q1
2616-FLVQC,Male,0,0,0,64,1,No,No,No internet service,No internet service,No internet service,No internet service,No internet service,No internet service,Two year,0,Mailed check,19.55,1240.15,0,0.4501604090742346,Q1
2569-WGERO,Female,0,0,0,72,1,No,No,No internet service,No internet service,No internet service,No internet service,No internet service,No internet service,Two year,1,Bank transfer (automatic),21.15,1419.4,0,0.44913433111499634,Q1
5743-KHMNA,Male,0,0,0,71,1,Yes,No,No internet service,No internet service,No internet service,No internet service,No internet service,No internet service,Two year,0,Bank transfer (automatic),25.55,1898.1,0,0.44794542752746885,Q1
9972-EWRJS,Female,0,1,1,67,1,No,No,No internet service,No internet service,No internet service,No internet service,No internet service,No internet service,Two year,1,Bank transfer (automatic),19.25,1372.9,0,0.44772682521481977,Q1
4589-IUAJB,Male,0,1,0,70,1,Yes,No,No internet service,No internet service,No internet service,No internet service,No internet service,No internet service,Two year,0,Bank transfer (automatic),24.25,1724.15,0,0.4460785851297445,Q1
0485-ZBSLN,Male,0,1,1,65,1,Yes,No,No internet service,No internet service,No internet service,No internet service,No internet service,No internet service,Two year,0,Credit card (automatic),24.75,1715.1,0,0.44322387274362873,Q1
8164-OCKUJ,Female,0,1,1,59,1,No,No,No internet service,No internet service,No internet service,No internet service,No internet service,No internet service,Two year,0,Mailed check,20.6,1286.0,0,0.4419093333411921,Q1
8711-LOBKY,Male,0,1,1,59,1,No,No,No internet service,No internet service,No internet service,No internet service,No internet service,No internet service,Two year,0,Mailed check,19.85,1188.25,0,0.4409509979825808,Q1
8514-VZHEB,Male,0,1,1,59,1,No,No,No internet service,No internet service,No internet service,No internet service,No internet service,No internet service,Two year,0,Mailed check,19.5,1147.85,0,0.43872583189107717,Q1
9286-BHDQG,Male,0,1,1,72,0,No phone service,DSL,Yes,Yes,Yes,Yes,No,No,Two year,0,Credit card (automatic),45.25,3139.8,0,0.43666215105405015,Q1
2626-VEEWG,Male,0,1,1,67,1,No,No,No internet service,No internet service,No internet service,No internet service,No internet service,No internet service,Two year,1,Credit card (automatic),19.4,1284.2,0,0.4349369994055083,Q1
7161-DFHUF,Female,0,1,0,71,1,Yes,No,No internet service,No internet service,No internet service,No internet service,No internet service,No internet service,Two year,0,Mailed check,23.85,1672.1,0,0.4343320256927963,Q1
3507-GASNP,Male,0,0,1,60,1,No,No,No internet service,No internet service,No internet service,No internet service,No internet service,No internet service,Two year,0,Mailed check,19.95,1189.9,0,0.43260449808687096,Q1
2346-LOCWC,Female,0,1,1,58,1,No,No,No internet service,No internet service,No internet service,No internet service,No internet service,No internet service,Two year,0,Credit card (automatic),20.5,1191.4,0,0.43099855734785913,Q1
4443-EMBNA,Female,0,1,0,71,1,Yes,No,No internet service,No internet service,No internet service,No internet service,No internet service,No internet service,Two year,0,Bank transfer (automatic),24.75,1836.9,0,0.42951796114947416,Q1
3457-PQBYH,Female,0,1,1,58,1,No,No,No internet service,No internet service,No internet service,No internet service,No internet service,No internet service,Two year,0,Credit card (automatic),20.3,1160.75,0,0.42909509210221675,Q1
2050-ONYDQ,Female,0,1,1,65,1,Yes,No,No internet service,No internet service,No internet service,No internet service,No internet service,No internet service,Two year,0,Credit card (automatic),26.0,1654.85,0,0.4287996419971305,Q1
7515-LODFU,Male,1,0,0,69,1,No,No,No internet service,No internet service,No internet service,No internet service,No internet service,No internet service,Two year,0,Credit card (automatic),20.3,1356.3,0,0.4286499973189764,Q1
5846-ABOBJ,Male,0,1,0,71,1,Yes,No,No internet service,No internet service,No internet service,No internet service,No internet service,No internet service,Two year,0,Bank transfer (automatic),24.45,1730.65,0,0.42663302634609446,Q1
8774-GSBUN,Male,0,1,0,72,1,Yes,No,No internet service,No internet service,No internet service,No internet service,No internet service,No internet service,Two year,0,Mailed check,25.4,1797.1,0,0.4258067215018714,Q1
1987-AUELQ,Female,0,1,0,71,1,Yes,No,No internet service,No internet service,No internet service,No internet service,No internet service,No internet service,Two year,0,Credit card (automatic),25.05,1873.7,0,0.4253500264906576,Q1
3777-XROBG,Female,0,1,1,58,1,No,No,No internet service,No internet service,No internet service,No internet service,No internet service,No internet service,Two year,0,Credit card (automatic),19.55,1079.65,0,0.4248856286018829,Q1
2169-RRLFW,Female,0,1,0,71,1,Yes,No,No internet service,No internet service,No internet service,No internet service,No internet service,No internet service,Two year,0,Credit card (automatic),25.6,1888.25,0,0.42458054000188966,Q1
2181-TIDSV,Male,0,1,1,68,1,No,No,No internet service,No internet service,No internet service,No internet service,No internet service,No internet service,Two year,1,Bank transfer (automatic),19.95,1303.25,0,0.42451015499168265,Q1
9153-BTBVV,Female,0,1,0,71,1,Yes,No,No internet service,No internet service,No internet service,No internet service,No internet service,No internet service,Two year,0,Bank transfer (automatic),25.0,1753.0,0,0.42153663239678735,Q1
2007-QVGAW,Female,0,1,1,68,1,No,No,No internet service,No internet service,No internet service,No internet service,No internet service,No internet service,Two year,1,Bank transfer (automatic),19.35,1292.65,0,0.4214973360734169,Q1
8092-NLTGF,Male,0,0,0,72,1,Yes,No,No internet service,No internet service,No internet service,No internet service,No internet service,No internet service,Two year,0,Bank transfer (automatic),24.75,1777.6,0,0.42133447014841174,Q1
2146-EGVDT,Male,0,1,1,59,1,No,No,No internet service,No internet service,No internet service,No internet service,No internet service,No internet service,Two year,0,Credit card (automatic),19.3,1192.7,0,0.4212971868553588,Q1
7717-BICXI,Male,0,1,1,60,1,No,No,No internet service,No internet service,No internet service,No internet service,No internet service,No internet service,Two year,0,Mailed check,20.55,1205.05,0,0.42082109848643456,Q1
6651-RLGGM,Male,0,1,1,67,1,Yes,No,No internet service,No internet service,No internet service,No internet service,No internet service,No internet service,Two year,0,Mailed check,26.3,1688.9,0,0.41943000740292735,Q1
4312-KFRXN,Male,0,1,0,72,1,Yes,No,No internet service,No internet service,No internet service,No internet service,No internet service,No internet service,Two year,0,Mailed check,25.4,1710.9,0,0.4185410091108857,Q1
7328-ZJAJO,Female,0,1,1,59,1,No,No,No internet service,No internet service,No internet service,No internet service,No internet service,No internet service,Two year,0,Credit card (automatic),19.5,1222.65,0,0.41843816637893505,Q1
5598-IKHQQ,Female,0,0,0,72,1,Yes,No,No internet service,No internet service,No internet service,No internet service,No internet service,No internet service,Two year,0,Credit card (automatic),25.45,1866.45,0,0.4137262823270649,Q1
8749-TZYEC,Male,0,1,0,72,1,Yes,No,No internet service,No internet service,No internet service,No internet service,No internet service,No internet service,Two year,0,Credit card (automatic),24.8,1874.3,0,0.41312089631658727,Q1
8347-GDTMP,Female,0,1,0,64,1,No,No,No internet service,No internet service,No internet service,No internet service,No internet service,No internet service,Two year,0,Credit card (automatic),19.45,1225.65,0,0.41266705953981137,Q1
4231-LZUYM,Female,0,1,0,72,1,Yes,No,No internet service,No internet service,No internet service,No internet service,No internet service,No internet service,Two year,0,Bank transfer (automatic),25.65,1887.0,0,0.4119690718477201,Q1
6848-HJTXY,Female,0,1,0,64,1,No,No,No internet service,No internet service,No internet service,No internet service,No internet service,No internet service,Two year,0,Credit card (automatic),19.45,1208.6,0,0.411258998093998,Q1
7115-IRDHS,Female,0,1,0,72,1,Yes,No,No internet service,No internet service,No internet service,No internet service,No internet service,No internet service,Two year,0,Bank transfer (automatic),24.65,1830.05,0,0.41075124573500754,Q1
8747-UDCOI,Female,0,1,0,65,1,No,No,No internet service,No internet service,No internet service,No internet service,No internet service,No internet service,Two year,0,Bank transfer (automatic),19.35,1319.95,0,0.40938489208755674,Q1
7157-SMCFK,Male,0,0,1,61,1,No,No,No internet service,No internet service,No internet service,No internet service,No internet service,No internet service,Two year,0,Mailed check,19.75,1124.2,0,0.4093272017876993,Q1
4707-MAXGU,Male,0,1,0,72,1,Yes,No,No internet service,No internet service,No internet service,No internet service,No internet service,No internet service,Two year,0,Credit card (automatic),25.85,1872.2,0,0.40920115091432446,Q1
2509-TFPJU,Male,0,1,0,72,1,Yes,No,No internet service,No internet service,No internet service,No internet service,No internet service,No internet service,Two year,0,Credit card (automatic),25.75,1864.2,0,0.4089012403879522,Q1
8237-ULIXL,Female,0,1,0,72,1,Yes,No,No internet service,No internet service,No internet service,No internet service,No internet service,No internet service,Two year,0,Credit card (automatic),24.85,1871.85,0,0.4074542390143643,Q1
0613-WUXUM,Female,0,1,1,70,1,No,No,No internet service,No internet service,No internet service,No internet service,No internet service,No internet service,Two year,1,Mailed check,19.2,1401.4,0,0.4067174701924167,Q1
6857-TKDJV,Male,0,1,1,67,1,Yes,No,No internet service,No internet service,No internet service,No internet service,No internet service,No internet service,Two year,0,Bank transfer (automatic),24.65,1620.45,0,0.4055592042766865,Q1
7096-ZNBZI,Female,0,1,0,72,1,Yes,No,No internet service,No internet service,No internet service,No internet service,No internet service,No internet service,Two year,0,Credit card (automatic),26.45,1914.5,0,0.4053426970131011,Q1
4836-WNFNO,Female,0,1,0,72,1,Yes,No,No internet service,No internet service,No internet service,No internet service,No internet service,No internet service,Two year,0,Credit card (automatic),25.0,1849.2,0,0.4050869724004218,Q1
7225-IILWY,Male,0,1,1,68,1,Yes,No,No internet service,No internet service,No internet service,No internet service,No internet service,No internet service,Two year,0,Mailed check,25.75,1686.15,0,0.4029916863945257,Q1
1302-TPUBN,Male,0,0,0,66,1,No,No,No internet service,No internet service,No internet service,No internet service,No internet service,No internet service,Two year,0,Bank transfer (automatic),19.35,1240.8,0,0.40056028345249106,Q1
5730-DBDSI,Male,0,0,0,66,1,No,No,No internet service,No internet service,No internet service,No internet service,No internet service,No internet service,Two year,0,Bank transfer (automatic),19.7,1253.8,0,0.4004448524522829,Q1
8917-SZTTJ,Male,0,1,1,60,1,No,No,No internet service,No internet service,No internet service,No internet service,No internet service,No internet service,Two year,0,Credit card (automatic),19.65,1161.75,0,0.39943962984101855,Q1
8619-IJNDK,Female,0,1,1,71,1,No,DSL,Yes,Yes,Yes,Yes,No,No,Two year,0,Credit card (automatic),64.05,4492.9,0,0.3969284928392867,Q1
0397-ZXWQF,Male,0,0,0,67,1,No,No,No internet service,No internet service,No internet service,No internet service,No internet service,No internet service,Two year,0,Bank transfer (automatic),20.5,1430.95,0,0.39424003110849826,Q1
5893-KCLGT,Female,0,0,1,72,1,No,No,No internet service,No internet service,No internet service,No internet service,No internet service,No internet service,Two year,1,Mailed check,19.75,1567.0,0,0.39421759041620663,Q1
8434-VGEQQ,Male,0,1,1,61,1,No,No,No internet service,No internet service,No internet service,No internet service,No internet service,No internet service,Two year,0,Credit card (automatic),20.55,1305.95,0,0.3903050016029558,Q1
0847-HGRML,Male,0,0,1,62,1,No,No,No internet service,No internet service,No internet service,No internet service,No internet service,No internet service,Two year,0,Bank transfer (automatic),20.0,1250.1,0,0.39023693834635353,Q1
1830-IPXVJ,Female,0,1,1,61,1,No,No,No internet service,No internet service,No internet service,No internet service,No internet service,No internet service,Two year,0,Credit card (automatic),19.75,1311.6,0,0.38909458707160244,Q1
1945-XISKS,Female,0,1,0,67,1,No,No,No internet service,No internet service,No internet service,No internet service,No internet service,No internet service,Two year,0,Mailed check,19.65,1335.2,0,0.3878041479723831,Q1
5146-YYFRZ,Male,0,0,0,67,1,No,No,No internet service,No internet service,No internet service,No internet service,No internet service,No internet service,Two year,0,Bank transfer (automatic),19.95,1311.75,0,0.3868097438609515,Q1
9574-BOSMD,Male,0,1,1,68,1,Yes,No,No internet service,No internet service,No internet service,No internet service,No internet service,No internet service,Two year,0,Bank transfer (automatic),25.4,1620.2,0,0.38571215119646224,Q1
5902-WBLSE,Female,0,1,1,70,1,No,No,No internet service,No internet service,No internet service,No internet service,No internet service,No internet service,Two year,1,Credit card (automatic),20.15,1411.2,0,0.38405761955984496,Q1
7268-WNTCP,Male,0,1,1,62,1,No,No,No internet service,No internet service,No internet service,No internet service,No internet service,No internet service,Two year,0,Bank transfer (automatic),20.45,1297.35,0,0.3805471566539076,Q1
2718-YSKCS,Male,0,1,1,71,1,No,No,No internet service,No internet service,No internet service,No internet service,No internet service,No internet service,Two year,1,Bank transfer (automatic),19.6,1387.45,0,0.37943381967879386,Q1
4195-PNGZS,Male,0,1,1,69,1,Yes,No,No internet service,No internet service,No internet service,No internet service,No internet service,No internet service,Two year,0,Bank transfer (automatic),24.45,1718.2,0,0.37926475202332227,Q1
0962-CQPWQ,Female,0,1,1,62,1,No,No,No internet service,No internet service,No internet service,No internet service,No internet service,No internet service,Two year,0,Bank transfer (automatic),20.3,1296.15,0,0.37724715306128975,Q1
5854-KSRBJ,Male,0,1,1,70,1,Yes,No,No internet service,No internet service,No internet service,No internet service,No internet service,No internet service,Two year,0,Mailed check,25.4,1782.05,0,0.37716079966770727,Q1
9625-RZFUK,Male,0,1,1,63,1,No,No,No internet service,No internet service,No internet service,No internet service,No internet service,No internet service,Two year,0,Mailed check,19.7,1275.85,0,0.3765311278345065,Q1
6963-KQYQB,Female,0,1,1,70,1,Yes,No,No internet service,No internet service,No internet service,No internet service,No internet service,No internet service,Two year,0,Mailed check,24.05,1764.75,0,0.37623293421267556,Q1
8043-PNYSD,Male,0,1,1,63,1,No,No,No internet service,No internet service,No internet service,No internet service,No internet service,No internet service,Two year,0,Mailed check,19.55,1245.6,0,0.37475601576326206,Q1
1293-BSEUN,Female,0,1,1,72,1,No,No,No internet service,No internet service,No internet service,No internet service,No internet service,No internet service,Two year,1,Mailed check,20.7,1482.3,0,0.3737684637298447,Q1
3810-PJUHR,Male,0,1,1,70,1,Yes,No,No internet service,No internet service,No internet service,No internet service,No internet service,No internet service,Two year,0,Mailed check,25.35,1715.15,0,0.3723600580566845,Q1
7064-JHXCE,Male,0,1,1,62,1,No,No,No internet service,No internet service,No internet service,No internet service,No internet service,No internet service,Two year,0,Credit card (automatic),20.05,1263.9,0,0.37190548606238955,Q1
5848-FHRFC,Female,0,0,0,68,1,No,No,No internet service,No internet service,No internet service,No internet service,No internet service,No internet service,Two year,0,Bank transfer (automatic),20.05,1386.9,0,0.3716912029602322,Q1
3274-NSDWE,Female,0,0,0,68,1,No,No,No internet service,No internet service,No internet service,No internet service,No internet service,No internet service,Two year,0,Credit card (automatic),19.6,1441.65,0,0.3686072951431133,Q1
2236-HILPA,Male,0,1,1,62,1,No,No,No internet service,No internet service,No internet service,No internet service,No internet service,No internet service,Two year,0,Credit card (automatic),20.65,1218.45,0,0.36670817895604446,Q1
7695-PKLCZ,Female,0,0,0,68,1,No,No,No internet service,No internet service,No internet service,No internet service,No internet service,No internet service,Two year,0,Credit card (automatic),20.5,1424.9,0,0.3646455170096925,Q1
9365-CSLBQ,Male,0,0,1,71,1,Yes,No,No internet service,No internet service,No internet service,No internet service,No internet service,No internet service,Two year,0,Mailed check,24.35,1654.6,0,0.3640501040052305,Q1
6345-FZOQH,Male,0,1,0,69,1,No,No,No internet service,No internet service,No internet service,No internet service,No internet service,No internet service,Two year,0,Mailed check,19.9,1363.45,0,0.3609055925606892,Q1
5799-JRCZO,Female,0,0,1,63,1,No,No,No internet service,No internet service,No internet service,No internet service,No internet service,No internet service,Two year,0,Credit card (automatic),19.5,1215.1,0,0.35982100052171573,Q1
0394-YONDK,Male,0,1,1,70,1,Yes,No,No internet service,No internet service,No internet service,No internet service,No internet service,No internet service,Two year,0,Credit card (automatic),25.15,1790.15,0,0.3595609912278609,Q1
2607-DHDAK,Male,0,1,1,72,1,No,No,No internet service,No internet service,No internet service,No internet service,No internet service,No internet service,Two year,1,Credit card (automatic),19.8,1414.65,0,0.35686984843719866,Q1
1299-AURJA,Female,0,1,1,70,1,Yes,No,No internet service,No internet service,No internet service,No internet service,No internet service,No internet service,Two year,0,Bank transfer (automatic),24.7,1685.9,0,0.356567323106049,Q1
3774-VBNXY,Female,0,1,1,64,1,No,No,No internet service,No internet service,No internet service,No internet service,No internet service,No internet service,Two year,0,Mailed check,20.2,1277.75,0,0.3550346065568867,Q1
8232-UTFOZ,Male,0,0,0,69,1,No,No,No internet service,No internet service,No internet service,No internet service,No internet service,No internet service,Two year,0,Credit card (automatic),19.95,1399.35,0,0.35259079260010123,Q1
6855-VLGOS,Male,0,1,1,72,1,No,No,No internet service,No internet service,No internet service,No internet service,No internet service,No internet service,Two year,0,Electronic check,20.55,1432.55,0,0.351774655668019,Q1
7711-GQBZC,Female,0,1,1,71,1,Yes,No,No internet service,No internet service,No internet service,No internet service,No internet service,No internet service,Two year,0,Bank transfer (automatic),24.7,1810.55,0,0.34971183921832744,Q1
7980-MHFLQ,Female,0,1,1,72,1,Yes,No,No internet service,No internet service,No internet service,No internet service,No internet service,No internet service,Two year,0,Mailed check,24.9,1859.2,0,0.34849794051597327,Q1
6621-NRZAK,Female,0,1,1,63,1,No,No,No internet service,No internet service,No internet service,No internet service,No internet service,No internet service,Two year,0,Credit card (automatic),20.0,1209.25,0,0.3483297415720976,Q1
9838-BFCQT,Male,0,1,1,72,1,Yes,No,No internet service,No internet service,No internet service,No internet service,No internet service,No internet service,Two year,0,Mailed check,26.1,1851.45,0,0.3480303898270079,Q1
3261-CQXOL,Female,0,1,1,71,1,Yes,No,No internet service,No internet service,No internet service,No internet service,No internet service,No internet service,Two year,0,Bank transfer (automatic),25.45,1813.35,0,0.34777462931205605,Q1
0174-QRVVY,Male,0,1,1,71,1,Yes,No,No internet service,No internet service,No internet service,No internet service,No internet service,No internet service,Two year,0,Credit card (automatic),25.35,1847.55,0,0.3473881108350987,Q1
6585-WCEWR,Male,0,1,1,72,1,No,No,No internet service,No internet service,No internet service,No internet service,No internet service,No internet service,Two year,0,Electronic check,20.35,1354.4,0,0.3469912962087674,Q1
4821-WQOYN,Female,0,1,1,72,1,No,No,No internet service,No internet service,No internet service,No internet service,No internet service,No internet service,Two year,1,Credit card (automatic),20.1,1326.25,0,0.346004908169826,Q1
7969-FFOWG,Male,0,1,1,65,1,No,No,No internet service,No internet service,No internet service,No internet service,No internet service,No internet service,Two year,0,Mailed check,19.9,1292.6,0,0.3452922686599932,Q1
2804-ETQDK,Male,0,0,1,66,1,No,No,No internet service,No internet service,No internet service,No internet service,No internet service,No internet service,Two year,0,Mailed check,20.55,1357.1,0,0.34168721461308005,Q1
5884-FBCTL,Female,0,1,1,72,1,Yes,No,No internet service,No internet service,No internet service,No internet service,No internet service,No internet service,Two year,0,Bank transfer (automatic),25.1,1857.85,0,0.3367154553539198,Q1
0562-HKHML,Male,0,1,1,71,1,Yes,No,No internet service,No internet service,No internet service,No internet service,No internet service,No internet service,Two year,0,Credit card (automatic),23.9,1626.4,0,0.3366237146836853,Q1
1555-HAPSU,Female,0,1,1,71,1,Yes,No,No internet service,No internet service,No internet service,No internet service,No internet service,No internet service,Two year,0,Credit card (automatic),23.9,1663.5,0,0.3355505361648429,Q1
4193-IBKSW,Male,0,1,1,72,1,Yes,No,No internet service,No internet service,No internet service,No internet service,No internet service,No internet service,Two year,0,Bank transfer (automatic),24.75,1769.6,0,0.33497235285674654,Q1
6181-AXXYF,Male,0,1,1,72,1,Yes,No,No internet service,No internet service,No internet service,No internet service,No internet service,No internet service,Two year,0,Credit card (automatic),24.75,1859.1,0,0.3348575557646993,Q1
6285-FTQBF,Male,0,1,1,72,1,Yes,No,No internet service,No internet service,No internet service,No internet service,No internet service,No internet service,Two year,0,Credit card (automatic),25.55,1867.7,0,0.3331613041130377,Q1
6060-QBMGV,Male,0,1,0,70,1,No,No,No internet service,No internet service,No internet service,No internet service,No internet service,No internet service,Two year,0,Credit card (automatic),19.85,1433.8,0,0.3330028845548017,Q1
8224-KDLKN,Male,0,1,1,72,1,Yes,No,No internet service,No internet service,No internet service,No internet service,No internet service,No internet service,Two year,0,Bank transfer (automatic),25.0,1738.9,0,0.33227711922757475,Q1
0505-SPOOW,Female,0,1,0,70,1,No,No,No internet service,No internet service,No internet service,No internet service,No internet service,No internet service,Two year,0,Bank transfer (automatic),19.8,1397.65,0,0.3321474508577299,Q1
6976-BWGLQ,Female,0,1,1,72,1,Yes,No,No internet service,No internet service,No internet service,No internet service,No internet service,No internet service,Two year,0,Bank transfer (automatic),25.2,1787.35,0,0.331815106066137,Q1
7602-DBTOU,Female,0,1,0,71,1,No,No,No internet service,No internet service,No internet service,No internet service,No internet service,No internet service,Two year,0,Mailed check,19.6,1416.5,0,0.33028289047945814,Q1
0402-OAMEN,Female,0,1,1,72,1,Yes,No,No internet service,No internet service,No internet service,No internet service,No internet service,No internet service,Two year,0,Bank transfer (automatic),24.45,1709.1,0,0.3287562131539505,Q1
8165-ZJRNM,Female,0,1,1,72,1,Yes,No,No internet service,No internet service,No internet service,No internet service,No internet service,No internet service,Two year,0,Bank transfer (automatic),23.75,1679.25,0,0.3287030576115987,Q1
7010-BRBUU,Male,0,1,1,72,1,Yes,No,No internet service,No internet service,No internet service,No internet service,No internet service,No internet service,Two year,0,Credit card (automatic),24.1,1734.65,0,0.32851658499257924,Q1
7684-XSZIY,Male,0,1,1,72,1,Yes,No,No internet service,No internet service,No internet service,No internet service,No internet service,No internet service,Two year,0,Bank transfer (automatic),24.3,1643.25,0,0.32798660256462414,Q1
0480-KYJVA,Female,0,1,1,72,1,Yes,No,No internet service,No internet service,No internet service,No internet service,No internet service,No internet service,Two year,0,Credit card (automatic),24.25,1784.5,0,0.32790567875345744,Q1
8966-SNIZF,Female,0,1,0,70,1,No,No,No internet service,No internet service,No internet service,No internet service,No internet service,No internet service,Two year,0,Bank transfer (automatic),19.45,1303.5,0,0.3269565420758104,Q1
8285-ABVLB,Female,0,1,0,70,1,No,No,No internet service,No internet service,No internet service,No internet service,No internet service,No internet service,Two year,0,Credit card (automatic),19.85,1328.35,0,0.3217585284794553,Q1
1764-VUUMT,Male,0,0,1,66,1,No,No,No internet service,No internet service,No internet service,No internet service,No internet service,No internet service,Two year,0,Credit card (automatic),19.95,1269.1,0,0.32035683604264786,Q1
9800-OUIGR,Male,0,1,1,66,1,No,No,No internet service,No internet service,No internet service,No internet service,No internet service,No internet service,Two year,0,Credit card (automatic),20.0,1374.2,0,0.3187317497902779,Q1
3976-HXHCE,Male,0,0,0,72,1,No,No,No internet service,No internet service,No internet service,No internet service,No internet service,No internet service,Two year,0,Bank transfer (automatic),19.3,1414.8,0,0.31844012512146747,Q1
2429-AYKKO,Male,0,0,0,72,1,No,No,No internet service,No internet service,No internet service,No internet service,No internet service,No internet service,Two year,0,Bank transfer (automatic),19.85,1434.1,0,0.31822694948921565,Q1
3996-ZNWYK,Male,1,1,1,71,1,No,No,No internet service,No internet service,No internet service,No internet service,No internet service,No internet service,Two year,0,Credit card (automatic),19.8,1388.45,0,0.31575838245312693,Q1
7083-MIOPC,Female,0,0,0,72,1,No,No,No internet service,No internet service,No internet service,No internet service,No internet service,No internet service,Two year,0,Credit card (automatic),20.25,1566.9,0,0.314970730304395,Q1
0825-CPPQH,Female,0,1,0,71,1,No,No,No internet service,No internet service,No internet service,No internet service,No internet service,No internet service,Two year,0,Credit card (automatic),19.1,1372.45,0,0.31252792274574703,Q1
2545-LXYVJ,Male,0,1,0,72,1,No,No,No internet service,No internet service,No internet service,No internet service,No internet service,No internet service,Two year,0,Bank transfer (automatic),20.7,1492.1,0,0.31122035429597616,Q1
3910-MRQOY,Female,0,1,0,72,1,No,No,No internet service,No internet service,No internet service,No internet service,No internet service,No internet service,Two year,0,Bank transfer (automatic),19.4,1496.45,0,0.3111261680877698,Q1
1591-XWLGB,Female,0,1,0,71,1,No,No,No internet service,No internet service,No internet service,No internet service,No internet service,No internet service,Two year,0,Credit card (automatic),19.85,1379.6,0,0.3109821695866877,Q1
7463-IFMQU,Female,0,1,0,72,1,No,No,No internet service,No internet service,No internet service,No internet service,No internet service,No internet service,Two year,0,Bank transfer (automatic),20.05,1423.65,0,0.30503261990958436,Q1
0404-AHASP,Male,0,1,0,72,1,No,No,No internet service,No internet service,No internet service,No internet service,No internet service,No internet service,Two year,0,Credit card (automatic),19.7,1421.9,0,0.3044204082808424,Q1
1927-QEWMY,Female,0,1,0,72,1,No,No,No internet service,No internet service,No internet service,No internet service,No internet service,No internet service,Two year,0,Credit card (automatic),20.5,1502.25,0,0.30320139074806157,Q1
5787-KXGIY,Male,0,1,0,72,1,No,No,No internet service,No internet service,No internet service,No internet service,No internet service,No internet service,Two year,0,Credit card (automatic),19.3,1304.8,0,0.2984224563311661,Q1
3678-MNGZX,Male,0,1,1,68,1,No,No,No internet service,No internet service,No internet service,No internet service,No internet service,No internet service,Two year,0,Bank transfer (automatic),19.95,1377.7,0,0.2981973888488024,Q1
5346-BZCHP,Female,0,1,1,69,1,No,No,No internet service,No internet service,No internet service,No internet service,No internet service,No internet service,Two year,0,Mailed check,19.4,1346.2,0,0.2906265366959386,Q1
0902-XKXPN,Male,0,1,1,69,1,No,No,No internet service,No internet service,No internet service,No internet service,No internet service,No internet service,Two year,0,Bank transfer (automatic),20.2,1376.5,0,0.28473475561068107,Q1
9537-JALFH,Male,0,1,1,69,1,No,No,No internet service,No internet service,No internet service,No internet service,No internet service,No internet service,Two year,0,Bank transfer (automatic),19.9,1356.7,0,0.2843265086839948,Q1
0042-RLHYP,Female,0,1,1,69,1,No,No,No internet service,No internet service,No internet service,No internet service,No internet service,No internet service,Two year,0,Bank transfer (automatic),19.7,1396.9,0,0.28431526368392596,Q1
6980-IMXXE,Female,0,1,1,69,1,No,No,No internet service,No internet service,No internet service,No internet service,No internet service,No internet service,Two year,0,Bank transfer (automatic),20.2,1412.65,0,0.28404864857775153,Q1
2984-RGEYA,Female,0,1,1,69,1,No,No,No internet service,No internet service,No internet service,No internet service,No internet service,No internet service,Two year,0,Bank transfer (automatic),19.75,1375.4,0,0.28300531894061465,Q1
7876-DNYAP,Female,0,1,1,69,1,No,No,No internet service,No internet service,No internet service,No internet service,No internet service,No internet service,Two year,0,Credit card (automatic),19.8,1436.95,0,0.28015215888593403,Q1
7673-BQGKU,Female,0,1,1,69,1,No,No,No internet service,No internet service,No internet service,No internet service,No internet service,No internet service,Two year,0,Bank transfer (automatic),20.15,1337.5,0,0.28000773479130636,Q1
8750-QWZAJ,Female,0,1,1,70,1,No,No,No internet service,No internet service,No internet service,No internet service,No internet service,No internet service,Two year,0,Bank transfer (automatic),19.8,1378.75,0,0.2709222013203428,Q1
4957-SREEC,Male,0,1,1,70,1,No,No,No internet service,No internet service,No internet service,No internet service,No internet service,No internet service,Two year,0,Credit card (automatic),20.35,1458.1,0,0.2708444195321267,Q1
0831-JNISG,Male,0,1,1,71,1,No,No,No internet service,No internet service,No internet service,No internet service,No internet service,No internet service,Two year,0,Mailed check,19.8,1396.25,0,0.2707452779818778,Q1
3279-DYZQM,Male,0,1,1,71,1,No,No,No internet service,No internet service,No internet service,No internet service,No internet service,No internet service,Two year,0,Mailed check,19.45,1378.45,0,0.27059057403957193,Q1
1403-GYAFU,Male,0,1,1,70,1,No,No,No internet service,No internet service,No internet service,No internet service,No internet service,No internet service,Two year,0,Credit card (automatic),20.05,1360.25,0,0.266330271023727,Q1
8229-BUJHX,Female,0,1,1,71,1,No,No,No internet service,No internet service,No internet service,No internet service,No internet service,No internet service,Two year,0,Bank transfer (automatic),20.5,1500.95,0,0.2640819505524963,Q1
3642-BYHDO,Female,0,1,1,71,1,No,No,No internet service,No internet service,No internet service,No internet service,No internet service,No internet service,Two year,0,Bank transfer (automatic),19.9,1389.35,0,0.2596215889353095,Q1
0264-CNITK,Female,0,1,1,71,1,No,No,No internet service,No internet service,No internet service,No internet service,No internet service,No internet service,Two year,0,Bank transfer (automatic),20.1,1389.6,0,0.25921723370650396,Q1
0784-ZQJZX,Male,0,0,1,72,1,No,No,No internet service,No internet service,No internet service,No internet service,No internet service,No internet service,Two year,0,Credit card (automatic),19.9,1529.65,0,0.25911055484662104,Q1
4817-KEQSP,Female,0,1,1,71,1,No,No,No internet service,No internet service,No internet service,No internet service,No internet service,No internet service,Two year,0,Bank transfer (automatic),19.85,1326.35,0,0.25654276553891225,Q1
3173-WSSUE,Female,0,1,1,71,1,No,No,No internet service,No internet service,No internet service,No internet service,No internet service,No internet service,Two year,0,Credit card (automatic),19.7,1415.85,0,0.2556603134023062,Q1
1052-QJIBV,Female,0,1,1,71,1,No,No,No internet service,No internet service,No internet service,No internet service,No internet service,No internet service,Two year,0,Credit card (automatic),19.9,1397.3,0,0.25430267508993265,Q1
0640-YJTPY,Male,0,1,1,72,1,No,No,No internet service,No internet service,No internet service,No internet service,No internet service,No internet service,Two year,0,Bank transfer (automatic),21.0,1493.75,0,0.25373132071599924,Q1
1166-PQLGG,Female,0,1,1,72,1,No,No,No internet service,No internet service,No internet service,No internet service,No internet service,No internet service,Two year,0,Bank transfer (automatic),19.55,1463.45,0,0.2528187086097534,Q1
4086-WITJG,Male,0,1,1,71,1,No,No,No internet service,No internet service,No internet service,No internet service,No internet service,No internet service,Two year,0,Credit card (automatic),19.7,1301.1,0,0.2526296141090557,Q1
0464-WJTKO,Female,0,1,1,72,1,No,No,No internet service,No internet service,No internet service,No internet service,No internet service,No internet service,Two year,0,Bank transfer (automatic),20.1,1460.85,0,0.25157544951214156,Q1
0794-YVSGE,Male,0,1,1,72,1,No,No,No internet service,No internet service,No internet service,No internet service,No internet service,No internet service,Two year,0,Bank transfer (automatic),20.3,1401.15,0,0.2505984880651753,Q1
4277-BWBML,Male,0,1,1,72,1,No,No,No internet service,No internet service,No internet service,No internet service,No internet service,No internet service,Two year,0,Bank transfer (automatic),19.95,1322.85,0,0.24749492174073046,Q1
2848-YXSMW,Male,0,1,1,72,1,No,No,No internet service,No internet service,No internet service,No internet service,No internet service,No internet service,Two year,0,Credit card (automatic),19.4,1363.25,0,0.24533588606763615,Q1
6928-ONTRW,Female,0,1,1,72,1,No,No,No internet service,No internet service,No internet service,No internet service,No internet service,No internet service,Two year,0,Credit card (automatic),19.7,1379.8,0,0.24290734386483886,Q1
