customerID,gender,SeniorCitizen,Partner,Dependents,tenure,PhoneService,MultipleLines,InternetService,OnlineSecurity,OnlineBackup,DeviceProtection,TechSupport,StreamingTV,StreamingMovies,Contract,PaperlessBilling,PaymentMethod,MonthlyCharges,TotalCharges,Churn,risk_churn - per cent,risk_quartile
0536-ACXIP,Female,0,1,0,72,1,Yes,Fiber optic,Yes,Yes,Yes,No,Yes,Yes,Two year,1,Electronic check,109.55,8165.1,0,10.873746697605336,Q2
1877-HKBQX,Female,0,0,0,11,1,No,DSL,Yes,No,No,Yes,No,No,One year,1,Mailed check,54.6,617.85,0,10.869054721582168,Q2
1984-GPTEH,Female,0,0,0,29,1,Yes,No,No internet service,No internet service,No internet service,No internet service,No internet service,No internet service,Month-to-month,0,Electronic check,25.15,702.0,0,10.86752301770556,Q2
6603-QWSPR,Female,0,0,0,46,1,No,Fiber optic,No,Yes,Yes,Yes,Yes,Yes,Two year,1,Bank transfer (automatic),104.4,4904.2,0,10.849080830557542,Q2
4079-ULGFR,Male,0,0,0,16,1,No,No,No internet service,No internet service,No internet service,No internet service,No internet service,No internet service,Month-to-month,0,Mailed check,20.0,275.7,0,10.835986510390043,Q2
1697-BCSHV,Female,0,1,1,58,1,Yes,DSL,No,Yes,No,No,Yes,No,Month-to-month,1,Bank transfer (automatic),66.8,3970.4,0,10.828729490158901,Q2
7184-LRUUR,Female,0,0,0,22,1,No,DSL,No,Yes,Yes,No,Yes,No,One year,0,Bank transfer (automatic),65.25,1441.8,0,10.819800451337635,Q2
0201-MIBOL,Female,1,0,0,66,1,Yes,Fiber optic,Yes,No,No,No,Yes,Yes,Two year,1,Bank transfer (automatic),102.4,6471.85,0,10.808635681706189,Q2
0218-QNVAS,Male,0,1,1,71,1,Yes,Fiber optic,No,Yes,No,No,Yes,Yes,One year,0,Bank transfer (automatic),100.55,7113.75,0,10.807517452888456,Q2
3716-LRGXK,Male,0,1,0,60,1,Yes,Fiber optic,No,No,Yes,No,Yes,Yes,Two year,0,Credit card (automatic),101.15,6067.4,0,10.80722006806825,Q2
8465-SBRXP,Male,0,1,1,38,1,Yes,Fiber optic,No,No,Yes,Yes,Yes,No,Two year,1,Bank transfer (automatic),94.9,3616.25,0,10.79804921539716,Q2
9848-JQJTX,Male,0,0,0,72,1,Yes,Fiber optic,No,Yes,Yes,No,Yes,Yes,Two year,1,Bank transfer (automatic),100.9,7459.05,0,10.792398605364333,Q2
5360-LJCNJ,Female,0,1,0,71,1,Yes,Fiber optic,No,Yes,Yes,No,Yes,Yes,Two year,1,Bank transfer (automatic),105.15,7555.0,0,10.777709842679647,Q2
8467-WYNSR,Male,0,0,0,22,1,No,DSL,Yes,No,No,Yes,No,No,Month-to-month,0,Mailed check,55.1,1253.15,0,10.763786660048691,Q2
4186-ZBUEW,Female,0,0,0,36,1,Yes,DSL,No,Yes,No,Yes,No,Yes,One year,1,Mailed check,70.7,2511.95,0,10.755051360413475,Q2
9498-FIMXL,Female,0,0,0,8,1,No,No,No internet service,No internet service,No internet service,No internet service,No internet service,No internet service,One year,1,Mailed check,19.2,161.95,0,10.752646927152936,Q2
5709-LVOEQ,Female,0,1,1,0,1,No,DSL,Yes,Yes,Yes,No,Yes,Yes,Two year,0,Mailed check,80.85,,0,10.75198485400168,Q2
0186-CAERR,Male,0,0,0,71,1,Yes,Fiber optic,Yes,Yes,Yes,Yes,Yes,Yes,One year,1,Bank transfer (automatic),116.3,8309.55,0,10.723402971879807,Q2
2419-FSORS,Male,0,1,0,72,1,Yes,Fiber optic,No,Yes,Yes,Yes,Yes,Yes,Two year,1,Electronic check,108.4,7719.5,0,10.720048817555579,Q2
7470-DYNOE,Male,0,0,0,53,1,No,DSL,No,No,Yes,No,No,Yes,One year,1,Electronic check,61.1,3357.9,0,10.71555247430331,Q2
6036-TTFYU,Female,0,1,0,16,1,No,No,No internet service,No internet service,No internet service,No internet service,No internet service,No internet service,Month-to-month,0,Mailed check,19.6,314.45,0,10.707129560751897,Q2
8133-ANHHJ,Female,1,0,0,49,1,Yes,Fiber optic,Yes,Yes,Yes,Yes,No,Yes,One year,0,Bank transfer (automatic),103.0,5166.2,0,10.70105766344072,Q2
4827-LTQRJ,Female,1,1,1,66,1,Yes,Fiber optic,Yes,Yes,No,Yes,Yes,Yes,One year,1,Credit card (automatic),110.6,7210.85,0,10.69559183685795,Q2
4531-AUZNK,Female,0,1,1,51,1,Yes,Fiber optic,Yes,No,No,Yes,Yes,No,One year,1,Mailed check,95.15,5000.05,0,10.695203340280495,Q2
3893-JRNFS,Male,0,0,0,68,0,No phone service,DSL,No,No,Yes,No,No,Yes,Month-to-month,1,Bank transfer (automatic),39.9,2796.35,0,10.685313273115572,Q2
4501-UYKBC,Female,1,0,0,46,1,Yes,DSL,No,No,Yes,Yes,No,Yes,One year,1,Credit card (automatic),69.1,3255.35,0,10.679014401035403,Q2
2450-ZKEED,Female,0,0,0,11,1,No,DSL,No,No,Yes,Yes,No,No,One year,0,Bank transfer (automatic),53.8,651.55,0,10.662421616225034,Q2
9770-KXGQU,Female,0,0,0,53,1,Yes,Fiber optic,Yes,Yes,Yes,No,Yes,No,One year,0,Mailed check,98.6,5311.85,0,10.633976267148451,Q2
2519-TWKFS,Male,0,1,1,25,1,Yes,DSL,No,No,No,Yes,No,No,One year,1,Mailed check,55.1,1466.1,0,10.611391496766371,Q2
7940-UQQUG,Female,0,1,1,64,1,Yes,Fiber optic,Yes,No,No,Yes,Yes,Yes,One year,1,Bank transfer (automatic),104.4,6721.6,0,10.60080285913294,Q2
7998-ZLXWN,Female,0,1,0,15,1,No,No,No internet service,No internet service,No internet service,No internet service,No internet service,No internet service,Month-to-month,0,Credit card (automatic),20.45,330.8,0,10.60011924161954,Q2
8318-LCNBW,Male,0,1,0,35,0,No phone service,DSL,Yes,No,Yes,No,Yes,Yes,One year,0,Credit card (automatic),53.15,1930.9,0,10.59494277010202,Q2
3327-YBAKM,Female,0,1,0,64,1,No,Fiber optic,Yes,No,No,Yes,Yes,Yes,One year,1,Mailed check,96.9,6314.35,0,10.594463079147587,Q2
0795-GMVQO,Male,0,1,0,67,1,Yes,Fiber optic,Yes,Yes,Yes,No,Yes,Yes,One year,0,Credit card (automatic),109.9,7332.4,0,10.585163726178582,Q2
3571-DPYUH,Male,0,1,1,58,1,Yes,Fiber optic,No,Yes,No,Yes,Yes,No,One year,1,Credit card (automatic),94.7,5430.35,0,10.557358435695903,Q2
5160-UXJED,Male,0,0,1,17,1,No,DSL,No,No,No,No,No,No,One year,0,Mailed check,44.6,681.4,0,10.551899025144499,Q2
0723-FDLAY,Male,0,0,0,44,1,Yes,DSL,No,Yes,Yes,Yes,Yes,Yes,One year,1,Bank transfer (automatic),85.25,3704.15,0,10.535963834538478,Q2
0289-IVARM,Female,0,0,0,35,1,No,DSL,Yes,Yes,Yes,No,No,No,Month-to-month,0,Electronic check,60.55,1982.6,0,10.52633511200272,Q2
0743-HRVFF,Female,0,1,1,51,0,No phone service,DSL,No,No,Yes,Yes,Yes,Yes,One year,1,Electronic check,56.15,2898.95,0,10.516685054284217,Q2
8089-UZWLX,Female,1,0,0,71,1,Yes,Fiber optic,No,No,Yes,No,Yes,Yes,Two year,0,Bank transfer (automatic),104.05,7413.55,0,10.500209346493616,Q2
9152-AMKAK,Male,0,0,0,6,1,No,DSL,Yes,No,Yes,Yes,Yes,Yes,Two year,1,Mailed check,80.25,493.4,0,10.491491900881996,Q2
9972-NKTFD,Female,0,0,0,28,1,No,DSL,No,Yes,No,Yes,No,No,Month-to-month,0,Bank transfer (automatic),54.65,1517.5,0,10.483689262949367,Q2
0377-JBKKT,Male,0,1,1,22,1,No,DSL,Yes,Yes,No,Yes,No,No,Month-to-month,1,Mailed check,57.95,1271.8,0,10.472385541853837,Q2
9143-CANJF,Female,0,1,1,24,1,No,DSL,Yes,No,No,Yes,No,No,Month-to-month,0,Electronic check,55.15,1319.85,0,10.471803295993336,Q2
8405-IGQFX,Female,0,0,0,63,1,No,Fiber optic,No,No,Yes,Yes,Yes,No,One year,1,Credit card (automatic),90.05,5817.0,0,10.465763681384457,Q2
1492-QGCLU,Male,0,1,1,53,1,Yes,DSL,Yes,No,Yes,Yes,Yes,Yes,Month-to-month,0,Electronic check,85.7,4616.1,0,10.461039228392362,Q2
9114-AAFQH,Female,0,1,0,48,1,No,DSL,No,Yes,Yes,No,No,Yes,One year,1,Electronic check,65.65,3094.65,0,10.419751421180997,Q2
0725-CXOTM,Female,0,0,0,36,1,Yes,DSL,Yes,No,Yes,Yes,Yes,Yes,One year,1,Credit card (automatic),89.65,3348.1,0,10.410684377951416,Q2
6295-OSINB,Male,0,1,0,72,1,Yes,Fiber optic,Yes,Yes,Yes,No,Yes,Yes,Two year,1,Electronic check,109.65,7880.25,0,10.404971956322813,Q2
8780-RSYYU,Female,0,0,0,25,1,No,No,No internet service,No internet service,No internet service,No internet service,No internet service,No internet service,Month-to-month,1,Credit card (automatic),19.2,532.1,0,10.402607570590757,Q2
9013-AQORL,Female,0,0,1,48,0,No phone service,DSL,No,Yes,Yes,No,No,Yes,Month-to-month,0,Credit card (automatic),45.55,2108.35,0,10.398475311296949,Q2
8573-CGOCC,Male,0,0,0,16,1,No,No,No internet service,No internet service,No internet service,No internet service,No internet service,No internet service,Month-to-month,0,Credit card (automatic),19.75,294.9,0,10.390212153667171,Q2
4423-JWZJN,Male,0,1,1,64,1,Yes,Fiber optic,No,No,Yes,No,No,Yes,One year,0,Credit card (automatic),90.25,5629.15,0,10.38448757767505,Q2
4826-DXMUP,Male,0,0,1,35,1,No,DSL,No,No,No,Yes,Yes,Yes,One year,1,Mailed check,72.1,2495.15,0,10.379751838695853,Q2
8107-RZLNV,Male,0,1,0,72,1,Yes,Fiber optic,No,Yes,Yes,No,Yes,Yes,Two year,1,Bank transfer (automatic),106.3,7565.35,0,10.376651036940384,Q2
2055-SIFSS,Female,1,1,0,55,1,Yes,DSL,No,No,No,No,No,No,Month-to-month,0,Bank transfer (automatic),51.65,2838.55,0,10.374883716437665,Q2
8631-XVRZL,Male,0,0,0,9,1,No,No,No internet service,No internet service,No internet service,No internet service,No internet service,No internet service,One year,1,Mailed check,20.15,163.7,0,10.364595938621504,Q2
2586-CWXVV,Male,0,1,0,54,0,No phone service,DSL,No,Yes,No,No,No,No,Month-to-month,0,Electronic check,30.4,1621.35,0,10.360036233485898,Q2
4366-CTOUZ,Female,0,0,0,50,1,No,Fiber optic,No,Yes,No,Yes,Yes,Yes,Two year,1,Mailed check,100.2,5038.45,0,10.334646236375598,Q2
8815-LMFLX,Male,0,1,1,25,1,Yes,No,No internet service,No internet service,No internet service,No internet service,No internet service,No internet service,Month-to-month,1,Bank transfer (automatic),25.4,546.85,0,10.315406858885709,Q2
4419-UJMUS,Male,0,1,1,69,1,Yes,Fiber optic,No,No,No,Yes,Yes,Yes,Two year,1,Electronic check,99.35,6856.45,0,10.31280947185845,Q2
5286-YHCVC,Male,0,1,0,72,1,Yes,Fiber optic,No,Yes,Yes,No,Yes,Yes,Two year,1,Bank transfer (automatic),104.8,7470.1,0,10.310599831962982,Q2
4654-GGUII,Female,0,0,0,18,0,No phone service,DSL,Yes,Yes,No,Yes,No,No,One year,1,Mailed check,40.2,711.95,0,10.305846387913157,Q2
2812-ENYMO,Male,0,0,0,26,0,No phone service,DSL,Yes,No,No,Yes,Yes,Yes,One year,0,Credit card (automatic),54.55,1362.85,0,10.297981972535375,Q2
1125-SNVCK,Female,1,0,0,49,1,No,DSL,No,No,No,No,No,No,Month-to-month,0,Mailed check,43.8,2106.05,0,10.291814191956979,Q2
3552-CTCYF,Male,0,1,1,63,1,Yes,Fiber optic,No,Yes,Yes,No,Yes,Yes,Two year,1,Bank transfer (automatic),104.8,6597.25,0,10.282271143693125,Q2
9074-KGVOX,Male,0,1,1,50,0,No phone service,DSL,Yes,No,No,No,Yes,No,Month-to-month,1,Credit card (automatic),39.45,2021.35,0,10.281348644699232,Q2
3137-NYQQI,Male,0,1,0,17,1,No,DSL,Yes,Yes,No,No,No,Yes,One year,0,Mailed check,64.8,1175.6,0,10.24023452931088,Q2
6476-EPYZR,Male,0,1,1,12,1,No,No,No internet service,No internet service,No internet service,No internet service,No internet service,No internet service,Month-to-month,0,Mailed check,20.5,255.5,0,10.228078903846779,Q2
5539-HIVAK,Female,1,1,0,28,1,Yes,No,No internet service,No internet service,No internet service,No internet service,No internet service,No internet service,Month-to-month,0,Mailed check,25.7,734.6,0,10.218183533144876,Q2
3099-OONVS,Male,0,1,1,25,1,No,DSL,Yes,No,No,Yes,No,No,Month-to-month,0,Electronic check,54.3,1296.8,0,10.20117040898989,Q2
0895-UADGO,Male,0,0,1,8,0,No phone service,DSL,Yes,No,No,Yes,No,Yes,Two year,1,Mailed check,44.55,343.45,0,10.199918359732978,Q2
6319-QSUSR,Female,0,0,1,11,1,No,No,No internet service,No internet service,No internet service,No internet service,No internet service,No internet service,Month-to-month,0,Credit card (automatic),19.7,216.2,0,10.183393455559601,Q2
2926-JEJJC,Female,0,0,0,8,1,No,No,No internet service,No internet service,No internet service,No internet service,No internet service,No internet service,One year,1,Bank transfer (automatic),20.2,140.95,0,10.169735339688096,Q2
9575-IWCAZ,Male,0,1,0,6,1,Yes,No,No internet service,No internet service,No internet service,No internet service,No internet service,No internet service,One year,0,Mailed check,25.1,171.0,0,10.165142534936281,Q2
0744-GKNGE,Female,0,1,1,64,1,Yes,Fiber optic,Yes,No,No,Yes,No,No,Month-to-month,1,Bank transfer (automatic),86.8,5327.25,0,10.160496743848116,Q2
6082-GLJIX,Male,0,0,0,18,1,No,No,No internet service,No internet service,No internet service,No internet service,No internet service,No internet service,Month-to-month,0,Mailed check,19.25,331.35,0,10.153087451535676,Q2
4822-LPTYJ,Male,0,1,0,72,1,Yes,Fiber optic,No,Yes,Yes,No,Yes,Yes,Two year,1,Bank transfer (automatic),103.75,7346.2,0,10.150399467263286,Q2
4063-EIKNQ,Male,0,1,1,11,1,No,No,No internet service,No internet service,No internet service,No internet service,No internet service,No internet service,Month-to-month,0,Bank transfer (automatic),20.95,267.35,0,10.150111868489013,Q2
7542-CYDDM,Male,0,0,0,18,1,No,No,No internet service,No internet service,No internet service,No internet service,No internet service,No internet service,Month-to-month,0,Mailed check,20.05,358.5,0,10.139009442731568,Q2
4403-BWPAY,Male,0,0,0,14,1,Yes,No,No internet service,No internet service,No internet service,No internet service,No internet service,No internet service,One year,1,Credit card (automatic),24.8,321.7,0,10.13755993887899,Q2
6968-MHOMU,Male,0,1,0,58,0,No phone service,DSL,No,No,No,No,Yes,Yes,One year,1,Credit card (automatic),45.0,2689.35,0,10.130086776768868,Q2
1057-FOGLZ,Female,0,0,0,18,1,No,No,No internet service,No internet service,No internet service,No internet service,No internet service,No internet service,Month-to-month,0,Mailed check,19.65,391.7,0,10.128231405612409,Q2
4003-OCTMP,Female,0,1,0,31,1,No,DSL,Yes,No,No,Yes,No,Yes,One year,1,Electronic check,64.0,1910.75,0,10.127689341477215,Q2
9592-ERDKV,Male,0,1,0,37,1,Yes,DSL,Yes,No,Yes,No,Yes,Yes,One year,0,Mailed check,79.25,2911.8,0,10.12703746453201,Q2
2495-TTHBQ,Female,0,0,1,4,1,No,No,No internet service,No internet service,No internet service,No internet service,No internet service,No internet service,One year,1,Mailed check,20.4,84.75,0,10.125595839292131,Q2
9513-DXHDA,Male,0,0,0,27,1,No,DSL,Yes,No,Yes,Yes,Yes,Yes,One year,0,Electronic check,81.7,2212.55,0,10.125417841319795,Q2
8220-OCUFY,Female,0,0,0,21,1,No,DSL,Yes,No,Yes,Yes,No,No,One year,1,Electronic check,60.25,1258.35,0,10.124936105482021,Q2
1730-VFMWO,Female,0,1,0,34,1,No,DSL,No,No,No,Yes,No,No,Month-to-month,0,Bank transfer (automatic),50.2,1815.3,0,10.089604870499121,Q2
0303-UNCIP,Male,0,0,0,41,1,Yes,DSL,No,No,Yes,No,No,Yes,One year,0,Mailed check,65.0,2531.8,0,10.087465573912995,Q2
4104-PVRPS,Male,0,1,0,24,1,No,DSL,Yes,No,No,Yes,No,No,Month-to-month,0,Mailed check,53.6,1315.35,0,10.080670413327741,Q2
5161-XEUVX,Male,0,1,0,37,1,Yes,Fiber optic,No,No,Yes,Yes,Yes,No,Two year,0,Mailed check,94.3,3460.95,0,10.068689940072058,Q2
9330-VOFSZ,Female,0,1,0,60,1,Yes,Fiber optic,No,Yes,Yes,Yes,Yes,Yes,Two year,1,Credit card (automatic),110.8,6640.7,0,10.053869485291129,Q2
4922-CVPDX,Female,0,1,0,26,1,No,DSL,No,Yes,Yes,No,Yes,Yes,Two year,1,Credit card (automatic),73.5,1905.7,0,10.046021814213834,Q2
8246-SHFGA,Male,0,0,0,17,1,No,No,No internet service,No internet service,No internet service,No internet service,No internet service,No internet service,Month-to-month,0,Credit card (automatic),21.1,385.55,0,10.034842326180158,Q2
2363-BJLSL,Male,0,0,0,62,1,No,DSL,No,Yes,Yes,Yes,Yes,Yes,Month-to-month,1,Bank transfer (automatic),80.4,4981.15,0,10.000460546214503,Q2
5808-TOTXO,Female,0,0,1,3,1,No,No,No internet service,No internet service,No internet service,No internet service,No internet service,No internet service,One year,1,Credit card (automatic),20.55,57.4,0,9.994978697047701,Q2
8550-XSXUQ,Male,0,1,0,48,1,Yes,DSL,No,Yes,Yes,No,No,Yes,One year,1,Credit card (automatic),70.55,3420.5,0,9.980832925421899,Q2
3824-RHKVR,Female,0,0,0,17,1,No,No,No internet service,No internet service,No internet service,No internet service,No internet service,No internet service,Month-to-month,0,Credit card (automatic),19.7,340.35,0,9.95547630576671,Q2
0689-DSXGL,Female,0,1,1,52,1,No,Fiber optic,No,Yes,Yes,Yes,No,No,Month-to-month,0,Bank transfer (automatic),85.8,4433.3,0,9.945526101208849,Q2
4815-TUMEQ,Female,0,0,0,10,1,No,No,No internet service,No internet service,No internet service,No internet service,No internet service,No internet service,One year,1,Mailed check,19.3,185.2,0,9.943400692817253,Q2
4318-RAJVY,Female,0,0,0,10,1,No,No,No internet service,No internet service,No internet service,No internet service,No internet service,No internet service,One year,1,Mailed check,19.8,198.25,0,9.92776032955859,Q2
3096-WPXBT,Female,0,1,1,61,1,Yes,Fiber optic,Yes,Yes,Yes,No,No,Yes,One year,1,Credit card (automatic),100.7,6018.65,0,9.925657933203274,Q2
2272-WUSPA,Female,0,1,0,72,1,Yes,Fiber optic,Yes,Yes,Yes,No,Yes,Yes,Two year,1,Electronic check,110.75,7751.7,0,9.91804881292702,Q2
4129-LYCOI,Female,0,0,1,67,1,Yes,Fiber optic,No,Yes,No,Yes,Yes,Yes,Two year,1,Electronic check,104.0,7039.05,0,9.909835844103638,Q2
2266-SJNAT,Female,0,1,0,72,1,Yes,Fiber optic,No,Yes,Yes,Yes,Yes,Yes,One year,0,Credit card (automatic),109.15,7789.6,0,9.899936306944582,Q2
7107-UBYKY,Female,0,1,1,35,1,Yes,No,No internet service,No internet service,No internet service,No internet service,No internet service,No internet service,Month-to-month,1,Electronic check,25.75,882.55,0,9.885988039525182,Q2
1060-ENTOF,Female,1,1,0,67,1,Yes,Fiber optic,Yes,Yes,Yes,Yes,No,Yes,One year,1,Credit card (automatic),105.4,7035.6,0,9.88514746413465,Q2
7336-RLLRH,Male,0,1,0,27,1,Yes,DSL,Yes,No,No,Yes,Yes,Yes,One year,0,Mailed check,80.85,2204.35,0,9.882164603684972,Q2
4712-UYOOI,Female,0,1,1,20,1,No,No,No internet service,No internet service,No internet service,No internet service,No internet service,No internet service,Month-to-month,0,Electronic check,20.0,417.65,0,9.881287273250138,Q2
2371-KFUOG,Male,0,0,0,58,1,No,Fiber optic,Yes,Yes,No,No,Yes,Yes,One year,0,Bank transfer (automatic),99.15,5720.95,0,9.874776656337911,Q2
3387-PLKUI,Female,0,1,1,13,1,No,No,No internet service,No internet service,No internet service,No internet service,No internet service,No internet service,Month-to-month,0,Mailed check,18.8,251.25,0,9.84290508514635,Q2
6968-URWQU,Male,0,1,0,43,1,No,DSL,No,No,No,No,Yes,No,One year,1,Mailed check,56.35,2391.15,0,9.83783451495676,Q2
5120-ZBLAI,Female,0,1,0,50,1,Yes,DSL,No,No,Yes,No,Yes,Yes,One year,0,Bank transfer (automatic),75.7,3876.2,0,9.810642330413213,Q2
7105-BENQF,Male,0,0,1,15,1,No,DSL,Yes,No,Yes,No,No,Yes,One year,0,Mailed check,64.85,950.75,0,9.803184358664865,Q2
0547-HURJB,Male,0,0,1,12,1,No,No,No internet service,No internet service,No internet service,No internet service,No internet service,No internet service,Month-to-month,0,Credit card (automatic),21.05,235.8,0,9.796390756771899,Q2
6838-YAUVY,Female,0,0,0,54,1,Yes,Fiber optic,No,No,Yes,Yes,No,Yes,Two year,1,Bank transfer (automatic),95.1,5064.85,0,9.791270799108068,Q2
1442-OKRJE,Male,0,1,1,66,1,No,Fiber optic,Yes,Yes,Yes,No,Yes,Yes,One year,1,Bank transfer (automatic),103.15,7031.3,0,9.766276890228937,Q2
8152-VETUR,Female,0,1,0,72,1,Yes,Fiber optic,No,Yes,No,No,Yes,Yes,Two year,1,Credit card (automatic),97.7,6869.7,0,9.738853342697471,Q2
4759-PXTAN,Female,0,1,0,59,1,Yes,DSL,No,Yes,No,Yes,Yes,Yes,One year,1,Electronic check,80.1,4693.2,0,9.734620457981473,Q2
4139-JPIAM,Male,0,0,0,51,0,No phone service,DSL,Yes,No,No,Yes,No,Yes,Month-to-month,1,Credit card (automatic),44.45,2181.55,0,9.728874371611454,Q2
3597-YASZG,Female,1,1,0,70,1,Yes,Fiber optic,No,Yes,No,Yes,Yes,Yes,Two year,1,Bank transfer (automatic),104.45,7349.35,0,9.728569927535336,Q2
6480-YAGIY,Male,0,0,0,45,1,No,Fiber optic,Yes,Yes,Yes,Yes,Yes,Yes,One year,0,Credit card (automatic),112.2,5031.85,0,9.715624779788074,Q2
5173-ZXXXL,Male,0,0,0,2,1,No,No,No internet service,No internet service,No internet service,No internet service,No internet service,No internet service,One year,0,Mailed check,19.95,47.7,0,9.713478730089879,Q2
9695-IDRZR,Female,0,0,1,34,1,Yes,Fiber optic,Yes,Yes,Yes,Yes,Yes,Yes,Two year,1,Credit card (automatic),116.15,3946.9,0,9.701180320026928,Q2
3941-XTSKM,Male,0,1,1,42,0,No phone service,DSL,No,Yes,Yes,No,No,Yes,One year,1,Credit card (automatic),45.1,2049.05,0,9.6721785584559,Q2
6933-VLYFX,Male,0,1,1,31,0,No phone service,DSL,Yes,No,Yes,Yes,Yes,Yes,One year,0,Electronic check,59.95,1848.8,0,9.666115089163531,Q2
9967-ATRFS,Female,0,0,0,19,1,No,No,No internet service,No internet service,No internet service,No internet service,No internet service,No internet service,Month-to-month,0,Mailed check,19.9,367.55,0,9.654791769852075,Q2
0208-BPQEJ,Female,0,1,1,12,1,No,No,No internet service,No internet service,No internet service,No internet service,No internet service,No internet service,Month-to-month,0,Bank transfer (automatic),19.4,198.1,0,9.63961963182198,Q2
0068-FIGTF,Female,0,0,0,27,1,No,DSL,No,Yes,Yes,Yes,Yes,Yes,One year,0,Mailed check,78.2,2078.95,0,9.638900628635023,Q2
7432-FFVAR,Female,0,1,1,46,1,No,Fiber optic,No,No,Yes,Yes,No,Yes,One year,0,Bank transfer (automatic),90.95,4236.6,0,9.633016429449526,Q2
3190-FZATL,Male,0,0,1,14,1,No,No,No internet service,No internet service,No internet service,No internet service,No internet service,No internet service,Month-to-month,0,Mailed check,19.95,268.4,0,9.617065020109232,Q2
6419-ZTTLE,Male,1,1,0,23,1,No,No,No internet service,No internet service,No internet service,No internet service,No internet service,No internet service,One year,1,Electronic check,20.75,485.2,0,9.615814748243865,Q2
3758-CKOQL,Female,0,1,0,59,1,Yes,Fiber optic,Yes,Yes,Yes,Yes,No,Yes,One year,1,Credit card (automatic),107.0,6152.3,0,9.611122930459974,Q2
5304-EFJLP,Male,1,1,0,72,1,Yes,Fiber optic,No,Yes,Yes,Yes,Yes,Yes,Two year,1,Bank transfer (automatic),111.65,8022.85,0,9.604386362417381,Q2
1162-ECVII,Male,1,1,0,72,1,Yes,Fiber optic,No,Yes,Yes,Yes,Yes,Yes,Two year,1,Bank transfer (automatic),109.75,7932.5,0,9.584285472418804,Q2
0356-OBMAC,Female,1,0,0,56,1,Yes,Fiber optic,No,Yes,Yes,Yes,Yes,No,Two year,1,Bank transfer (automatic),99.9,5706.3,0,9.57795899142494,Q2
3898-BSJYF,Female,0,0,1,10,1,Yes,DSL,Yes,No,Yes,Yes,No,Yes,One year,0,Credit card (automatic),73.55,693.3,0,9.562975433227813,Q2
0557-ASKVU,Female,0,1,1,18,1,No,DSL,No,No,Yes,Yes,No,No,One year,1,Credit card (automatic),54.4,957.1,0,9.552718543694425,Q2
1810-MVMAI,Male,0,1,1,30,1,Yes,DSL,Yes,Yes,Yes,Yes,No,No,Month-to-month,0,Electronic check,67.6,2000.2,0,9.552469111920487,Q2
9052-DHNKM,Male,0,0,0,26,1,Yes,DSL,Yes,Yes,No,No,No,No,One year,0,Electronic check,61.55,1581.95,0,9.54766714793371,Q2
7956-XQWGU,Male,0,0,0,27,1,No,No,No internet service,No internet service,No internet service,No internet service,No internet service,No internet service,Month-to-month,1,Credit card (automatic),19.4,460.25,0,9.543273031451518,Q2
6870-ECSHE,Female,0,0,0,2,1,No,No,No internet service,No internet service,No internet service,No internet service,No internet service,No internet service,One year,0,Mailed check,20.45,34.8,0,9.540947511302516,Q2
2250-IVBWA,Male,0,1,1,64,1,No,Fiber optic,Yes,Yes,No,No,No,No,Month-to-month,0,Electronic check,81.05,5135.35,0,9.527930111551782,Q2
5681-LLOEI,Male,0,1,1,43,1,Yes,Fiber optic,Yes,No,Yes,Yes,No,No,One year,1,Credit card (automatic),91.25,4013.8,0,9.526904268786627,Q2
9134-WYRVP,Male,0,0,0,51,1,No,Fiber optic,Yes,No,No,No,Yes,No,One year,0,Mailed check,86.35,4267.15,0,9.526660968323228,Q2
0623-EJQEG,Male,0,0,0,65,1,Yes,Fiber optic,Yes,No,No,Yes,No,Yes,One year,0,Electronic check,93.55,6069.25,0,9.522786302530314,Q2
1096-ADRUX,Female,0,1,1,66,1,Yes,Fiber optic,No,No,No,No,No,No,One year,1,Bank transfer (automatic),74.25,4859.25,0,9.513523436440277,Q2
2243-FNMMI,Male,0,0,0,20,1,No,No,No internet service,No internet service,No internet service,No internet service,No internet service,No internet service,Month-to-month,0,Mailed check,19.4,415.4,0,9.490220942613222,Q2
7134-HBPBS,Female,1,0,0,72,1,Yes,Fiber optic,No,Yes,Yes,Yes,Yes,Yes,Two year,1,Bank transfer (automatic),108.1,7774.05,0,9.487436630838305,Q2
5092-STPKP,Female,0,0,0,24,1,No,DSL,Yes,No,No,Yes,No,No,Month-to-month,0,Credit card (automatic),56.35,1381.2,0,9.479841021923244,Q2
7997-EASSD,Female,0,1,0,63,1,Yes,Fiber optic,No,No,No,Yes,No,No,One year,1,Credit card (automatic),81.2,4965.1,0,9.470609901489208,Q2
6924-TDGMT,Male,0,1,0,11,1,No,No,No internet service,No internet service,No internet service,No internet service,No internet service,No internet service,One year,1,Mailed check,20.55,184.95,0,9.454006362129771,Q2
9391-LMANN,Male,0,0,1,53,1,No,Fiber optic,Yes,Yes,Yes,No,No,Yes,One year,0,Electronic check,95.95,5036.9,0,9.452751081579013,Q2
9388-ZEYVT,Male,0,0,0,43,0,No phone service,DSL,No,No,Yes,Yes,No,Yes,One year,0,Electronic check,44.15,1931.3,0,9.445998378718482,Q2
5446-DKWYW,Female,1,1,1,61,1,Yes,DSL,No,No,Yes,No,Yes,No,One year,1,Electronic check,65.2,3965.05,0,9.434879679344718,Q2
8548-AWOFC,Male,0,1,0,66,1,Yes,DSL,No,No,No,Yes,No,Yes,Month-to-month,0,Electronic check,63.85,4264.6,0,9.433231529490618,Q2
7459-IMVYU,Male,0,0,0,38,1,Yes,DSL,Yes,Yes,Yes,Yes,No,No,Month-to-month,0,Electronic check,69.95,2657.55,0,9.428421659576673,Q2
7771-ZONAT,Male,0,0,0,22,0,No phone service,DSL,No,No,Yes,Yes,Yes,Yes,Two year,0,Bank transfer (automatic),56.75,1304.85,0,9.42015098894138,Q2
9405-GPBBG,Female,0,0,0,64,1,Yes,Fiber optic,No,Yes,Yes,Yes,Yes,Yes,Two year,1,Credit card (automatic),110.5,7069.25,0,9.415017121339396,Q2
9411-TPQQV,Female,0,0,0,40,0,No phone service,DSL,Yes,No,No,Yes,Yes,Yes,One year,1,Bank transfer (automatic),54.55,2236.2,0,9.411945237359335,Q2
9677-AVKED,Female,0,0,1,53,1,Yes,DSL,No,Yes,Yes,Yes,Yes,Yes,One year,1,Electronic check,84.6,4449.75,0,9.407789807607935,Q2
4000-VGMQP,Male,0,1,1,38,1,Yes,DSL,No,Yes,Yes,No,Yes,Yes,One year,0,Credit card (automatic),78.95,2862.55,0,9.402620832620263,Q2
5382-TEMLV,Male,0,0,0,45,1,No,DSL,Yes,No,No,No,No,No,Month-to-month,1,Bank transfer (automatic),50.9,2298.55,0,9.398112897212533,Q2
8231-BSWXX,Male,0,0,0,71,1,Yes,Fiber optic,No,Yes,No,No,No,No,One year,1,Credit card (automatic),79.05,5552.5,0,9.394933881487862,Q2
8350-NYMVI,Female,0,0,0,39,0,No phone service,DSL,No,Yes,Yes,Yes,No,No,Month-to-month,0,Bank transfer (automatic),41.1,1597.05,0,9.394791725996857,Q2
6837-BJYDQ,Male,0,0,0,3,1,No,No,No internet service,No internet service,No internet service,No internet service,No internet service,No internet service,One year,0,Mailed check,19.6,61.35,0,9.370941964465587,Q2
9488-FYQAU,Female,0,1,0,63,1,Yes,Fiber optic,No,Yes,Yes,Yes,Yes,Yes,Two year,1,Bank transfer (automatic),109.25,6841.4,0,9.359084532639928,Q2
2469-DTSGX,Female,1,0,0,72,1,Yes,Fiber optic,No,Yes,Yes,Yes,Yes,Yes,Two year,0,Electronic check,111.65,7943.45,0,9.352647463265594,Q2
1488-SYSFC,Male,0,1,1,31,1,No,No,No internet service,No internet service,No internet service,No internet service,No internet service,No internet service,Month-to-month,1,Electronic check,20.65,702.05,0,9.337899792358947,Q2
0842-IWYCP,Female,0,0,0,46,1,No,DSL,No,No,No,No,No,No,Month-to-month,0,Bank transfer (automatic),44.95,2168.9,0,9.337592697734367,Q2
5829-NVSQN,Female,0,1,0,23,1,No,DSL,Yes,No,Yes,Yes,No,Yes,One year,1,Bank transfer (automatic),68.75,1689.45,0,9.336982405830499,Q2
0864-FVJNJ,Female,0,1,1,64,1,Yes,Fiber optic,Yes,Yes,Yes,Yes,Yes,Yes,One year,0,Electronic check,113.35,7222.75,0,9.332180410367615,Q2
9586-JGQKH,Female,0,1,0,64,1,Yes,Fiber optic,No,Yes,No,Yes,Yes,Yes,Two year,1,Bank transfer (automatic),105.4,6794.75,0,9.306851765854171,Q2
2775-SEFEE,Male,0,0,1,0,1,Yes,DSL,Yes,Yes,No,Yes,No,No,Two year,1,Bank transfer (automatic),61.9,,0,9.301235462670151,Q2
1530-ZTDOZ,Female,0,1,0,49,0,No phone service,DSL,Yes,No,No,No,Yes,No,Month-to-month,0,Bank transfer (automatic),40.65,2070.75,0,9.292964769243554,Q2
2499-AJYUA,Female,1,1,0,72,1,Yes,Fiber optic,No,Yes,Yes,Yes,Yes,Yes,Two year,1,Credit card (automatic),110.8,7882.25,0,9.282985278647967,Q2
7102-JJVTX,Female,0,1,1,9,1,No,DSL,Yes,No,No,No,No,No,One year,0,Mailed check,48.6,422.3,0,9.272704661952858,Q2
5514-YQENT,Male,0,0,1,41,1,No,Fiber optic,Yes,Yes,Yes,Yes,Yes,Yes,Two year,1,Electronic check,111.15,4507.15,0,9.270424295385792,Q2
1898-JSNDC,Female,0,0,0,39,1,No,DSL,No,Yes,No,No,Yes,No,One year,1,Credit card (automatic),58.6,2224.5,0,9.267429035119553,Q2
9715-WZCLW,Male,0,1,1,71,1,Yes,Fiber optic,Yes,No,No,No,Yes,Yes,Two year,1,Electronic check,97.2,6910.3,0,9.259717129328958,Q2
5012-YSPJJ,Male,0,1,1,31,1,No,DSL,No,No,Yes,Yes,No,No,Month-to-month,0,Mailed check,54.35,1647.0,0,9.251368604887036,Q2
5447-VYTKW,Male,0,0,0,27,1,No,DSL,Yes,No,No,Yes,No,No,Month-to-month,0,Mailed check,53.45,1461.45,0,9.241921362998001,Q2
4393-OBCRR,Female,0,0,0,3,1,No,No,No internet service,No internet service,No internet service,No internet service,No internet service,No internet service,One year,0,Mailed check,20.25,71.2,0,9.233305960664016,Q2
8909-BOLNL,Male,0,0,0,3,1,No,No,No internet service,No internet service,No internet service,No internet service,No internet service,No internet service,One year,0,Mailed check,21.2,52.05,0,9.230796235898298,Q2
4806-DXQCE,Female,1,1,0,70,1,Yes,Fiber optic,Yes,Yes,Yes,Yes,Yes,Yes,Two year,1,Electronic check,113.65,7714.65,0,9.210549283371398,Q2
4159-NAAIX,Female,0,0,0,63,1,Yes,Fiber optic,No,Yes,No,No,Yes,Yes,Two year,0,Bank transfer (automatic),97.45,6253.0,0,9.192023592100387,Q2
5954-BDFSG,Female,0,0,0,72,1,Yes,Fiber optic,No,No,Yes,Yes,Yes,Yes,Two year,1,Credit card (automatic),107.5,7853.7,0,9.179471197211212,Q2
3486-KHMLI,Male,0,0,1,21,1,Yes,No,No internet service,No internet service,No internet service,No internet service,No internet service,No internet service,Month-to-month,0,Mailed check,24.7,467.15,0,9.17333107719087,Q2
8707-HOEDG,Female,0,1,1,70,1,Yes,Fiber optic,No,Yes,Yes,Yes,Yes,Yes,Two year,1,Electronic check,110.2,7689.8,0,9.173278755468731,Q2
8582-KRHPJ,Male,0,0,0,50,0,No phone service,DSL,Yes,Yes,No,No,No,No,Month-to-month,1,Mailed check,35.0,1782.4,0,9.162278214055684,Q2
3096-YXENJ,Female,0,1,0,65,1,Yes,Fiber optic,No,Yes,Yes,Yes,Yes,Yes,Two year,1,Bank transfer (automatic),107.65,7082.85,0,9.146545045977883,Q2
2690-DVRVK,Male,0,1,1,5,1,No,No,No internet service,No internet service,No internet service,No internet service,No internet service,No internet service,One year,0,Electronic check,20.55,99.45,0,9.141511098402235,Q2
5153-LXKDT,Male,0,1,1,68,1,Yes,Fiber optic,Yes,Yes,Yes,No,Yes,Yes,Two year,1,Electronic check,110.2,7467.5,0,9.128490017660988,Q2
6937-GCDGQ,Male,0,1,1,19,1,No,DSL,Yes,No,No,No,No,No,One year,1,Bank transfer (automatic),48.95,955.6,0,9.113686248999581,Q2
4795-WRNVT,Female,0,0,0,40,1,No,DSL,Yes,Yes,No,No,Yes,No,Month-to-month,0,Mailed check,65.1,2586.0,0,9.112520389474025,Q2
1536-YHDOE,Male,0,1,1,17,1,Yes,DSL,Yes,No,No,Yes,No,No,One year,1,Mailed check,62.1,1096.65,0,9.103098436325647,Q2
6260-XLACS,Male,0,0,0,4,1,No,No,No internet service,No internet service,No internet service,No internet service,No internet service,No internet service,One year,0,Mailed check,19.7,117.8,0,9.080923928623355,Q2
2773-OVBPK,Male,0,1,0,67,1,Yes,Fiber optic,No,Yes,Yes,Yes,Yes,Yes,Two year,1,Bank transfer (automatic),111.3,7567.2,0,9.075585052127193,Q2
3518-FSTWG,Male,1,1,0,72,1,Yes,Fiber optic,Yes,Yes,Yes,No,Yes,Yes,Two year,1,Bank transfer (automatic),109.55,7920.7,0,9.07007051121656,Q2
2578-JQPHZ,Male,0,0,0,44,1,No,Fiber optic,No,No,Yes,Yes,Yes,Yes,Two year,0,Bank transfer (automatic),100.1,4378.35,0,9.068393856862704,Q2
7047-YXDMZ,Male,0,0,0,21,1,No,No,No internet service,No internet service,No internet service,No internet service,No internet service,No internet service,Month-to-month,0,Mailed check,20.0,417.7,0,9.063856467764689,Q2
6941-KXRRV,Female,1,1,0,48,1,No,DSL,No,Yes,No,No,No,Yes,One year,1,Bank transfer (automatic),58.95,2789.7,0,9.062002321046633,Q2
6718-BDGHG,Female,0,1,0,43,1,Yes,DSL,No,No,No,Yes,Yes,No,One year,1,Bank transfer (automatic),64.85,2908.2,0,9.06138975749962,Q2
5027-YOCXN,Male,0,1,1,51,1,Yes,Fiber optic,Yes,Yes,No,Yes,Yes,Yes,One year,0,Credit card (automatic),110.05,5686.4,0,9.045072950168358,Q2
8387-UGUSU,Female,0,1,1,15,1,No,No,No internet service,No internet service,No internet service,No internet service,No internet service,No internet service,Month-to-month,0,Mailed check,20.05,284.3,0,9.029452342281488,Q2
5384-ZTTWP,Female,0,1,1,15,1,No,No,No internet service,No internet service,No internet service,No internet service,No internet service,No internet service,Month-to-month,0,Mailed check,19.8,272.95,0,9.028400500646299,Q2
6242-SGYTS,Male,0,1,1,62,1,Yes,Fiber optic,Yes,Yes,No,No,Yes,No,One year,1,Credit card (automatic),94.95,5791.85,0,9.022788058752859,Q2
1395-OFUWC,Male,0,1,1,43,0,No phone service,DSL,No,Yes,No,No,No,No,Month-to-month,0,Credit card (automatic),29.3,1224.05,0,9.005539705105022,Q2
1621-YNCJH,Female,0,1,0,36,1,Yes,Fiber optic,Yes,Yes,Yes,Yes,No,Yes,Two year,1,Credit card (automatic),106.05,3834.4,0,8.998880127317651,Q2
7901-IIDQV,Male,0,0,0,24,1,Yes,DSL,No,No,No,Yes,No,No,One year,0,Bank transfer (automatic),54.6,1242.25,0,8.982428935058087,Q2
6993-YCOBK,Male,0,1,1,60,1,Yes,Fiber optic,Yes,No,Yes,Yes,Yes,Yes,Two year,1,Electronic check,110.6,6586.85,0,8.980494087869864,Q2
2038-YSEZE,Female,0,0,0,29,1,Yes,DSL,Yes,Yes,No,Yes,No,No,Month-to-month,0,Mailed check,67.45,1801.1,0,8.97999863465977,Q2
5619-XZZKR,Male,0,0,0,4,1,No,No,No internet service,No internet service,No internet service,No internet service,No internet service,No internet service,One year,0,Mailed check,19.95,68.2,0,8.9751025571337,Q2
1183-CANVH,Female,0,1,0,23,1,No,DSL,No,No,No,Yes,Yes,No,One year,0,Bank transfer (automatic),60.0,1347.15,0,8.970755458708114,Q2
7036-TYDEC,Female,0,0,0,69,1,Yes,Fiber optic,No,No,Yes,Yes,Yes,Yes,Two year,0,Electronic check,104.0,7028.5,0,8.968966166957614,Q2
3374-TTZTK,Male,0,1,0,52,1,No,Fiber optic,Yes,Yes,Yes,Yes,Yes,Yes,Two year,1,Electronic check,106.3,5487.0,0,8.967645530753506,Q2
5546-QUERU,Male,0,0,0,13,1,No,No,No internet service,No internet service,No internet service,No internet service,No internet service,No internet service,One year,1,Mailed check,19.95,257.0,0,8.962715699519704,Q2
7872-RDDLZ,Female,1,0,0,67,1,Yes,DSL,No,Yes,No,No,No,No,Month-to-month,0,Electronic check,54.9,3725.5,0,8.961174127846947,Q2
7629-WFGLW,Female,1,1,0,56,1,Yes,Fiber optic,Yes,Yes,Yes,Yes,No,No,One year,0,Electronic check,95.65,5471.75,0,8.928393670985704,Q2
1744-JHKYS,Female,0,1,0,34,1,Yes,No,No internet service,No internet service,No internet service,No internet service,No internet service,No internet service,Month-to-month,0,Electronic check,24.7,780.2,0,8.920779395361498,Q2
7182-OVLBJ,Female,0,1,1,62,1,Yes,Fiber optic,Yes,No,No,No,Yes,Yes,Two year,1,Bank transfer (automatic),101.15,6638.35,0,8.901814237104249,Q2
2746-DIJLO,Female,0,0,0,41,1,Yes,DSL,No,Yes,No,No,No,No,One year,1,Credit card (automatic),56.3,2364.0,0,8.900293803949753,Q2
6661-EIPZC,Female,0,1,1,48,0,No phone service,DSL,No,No,No,Yes,No,No,Month-to-month,1,Credit card (automatic),29.5,1423.05,0,8.89214386969554,Q2
8200-KLNYW,Female,0,1,0,21,1,No,DSL,Yes,No,Yes,Yes,Yes,Yes,One year,0,Mailed check,80.9,1714.95,0,8.867197985440898,Q2
7654-YWJUF,Male,0,1,0,43,1,No,Fiber optic,Yes,No,Yes,Yes,No,No,One year,1,Bank transfer (automatic),84.25,3539.25,0,8.862234522478488,Q2
7208-PSIHR,Female,0,1,0,70,1,Yes,Fiber optic,No,No,Yes,Yes,Yes,Yes,Two year,1,Bank transfer (automatic),104.3,7188.5,0,8.857655192949773,Q2
7746-QYVCO,Male,0,1,1,16,1,No,DSL,Yes,Yes,No,No,No,No,One year,1,Mailed check,55.85,857.8,0,8.854681965519832,Q2
0667-NSRGI,Female,0,1,0,48,1,Yes,DSL,No,No,Yes,Yes,No,Yes,One year,1,Mailed check,69.55,3435.6,0,8.850946907832462,Q2
1264-FUHCX,Female,0,1,0,49,0,No phone service,DSL,No,Yes,No,Yes,Yes,Yes,One year,1,Credit card (automatic),56.3,2780.6,0,8.838163031115082,Q2
9308-ANMVE,Male,0,0,1,47,1,No,DSL,Yes,Yes,No,No,No,No,Month-to-month,1,Electronic check,55.3,2654.05,0,8.834997797673411,Q2
0487-VVUVK,Male,0,1,1,25,1,No,No,No internet service,No internet service,No internet service,No internet service,No internet service,No internet service,Month-to-month,1,Mailed check,19.15,477.6,0,8.829781936231662,Q2
2911-IJORQ,Male,0,0,0,37,1,Yes,DSL,Yes,Yes,Yes,Yes,Yes,Yes,One year,1,Bank transfer (automatic),90.6,3358.65,0,8.822055721027814,Q2
5961-VUSRV,Female,0,0,0,12,1,No,No,No internet service,No internet service,No internet service,No internet service,No internet service,No internet service,One year,1,Bank transfer (automatic),19.35,219.35,0,8.819122213557199,Q2
6502-KUGLL,Female,0,1,1,14,1,No,DSL,Yes,Yes,No,Yes,No,No,Month-to-month,0,Bank transfer (automatic),59.45,780.85,0,8.812074763424933,Q2
2887-JPYLU,Female,0,0,1,41,1,No,DSL,No,No,No,No,No,No,Month-to-month,0,Bank transfer (automatic),45.2,1841.9,0,8.809012775361804,Q2
5537-UXXVS,Female,0,1,0,20,1,No,No,No internet service,No internet service,No internet service,No internet service,No internet service,No internet service,Month-to-month,0,Bank transfer (automatic),19.25,375.25,0,8.774953708785574,Q2
8822-KNBHV,Female,0,0,0,48,1,Yes,DSL,Yes,Yes,Yes,No,Yes,Yes,One year,1,Credit card (automatic),83.45,3887.85,0,8.749861331003778,Q2
9139-TWBAS,Female,0,1,0,26,0,No phone service,DSL,Yes,Yes,Yes,No,Yes,No,One year,0,Bank transfer (automatic),47.85,1190.5,0,8.741135741485543,Q2
0052-DCKON,Male,0,1,0,66,1,Yes,Fiber optic,Yes,Yes,Yes,Yes,Yes,Yes,One year,0,Bank transfer (automatic),115.8,7942.15,0,8.730133247934809,Q2
3280-MRDOF,Male,1,0,0,30,1,Yes,DSL,No,No,Yes,Yes,Yes,No,Two year,1,Credit card (automatic),69.1,2093.9,0,8.724071834130878,Q2
5414-OFQCB,Male,0,0,0,57,1,Yes,Fiber optic,No,No,No,Yes,Yes,No,Two year,1,Credit card (automatic),90.45,5229.8,0,8.717715375622829,Q2
2096-XOTMO,Female,0,1,1,16,1,No,No,No internet service,No internet service,No internet service,No internet service,No internet service,No internet service,Month-to-month,0,Mailed check,19.35,275.9,0,8.699784152194207,Q2
0533-UCAAU,Male,1,1,0,57,1,Yes,DSL,No,Yes,Yes,No,Yes,No,One year,1,Credit card (automatic),71.1,4140.1,0,8.693971594316684,Q2
8752-GHJFU,Male,1,1,0,71,1,Yes,Fiber optic,Yes,Yes,Yes,Yes,No,No,One year,1,Electronic check,92.0,6585.2,0,8.692590506394618,Q2
5777-ZPQNC,Female,0,0,0,12,1,No,No,No internet service,No internet service,No internet service,No internet service,No internet service,No internet service,One year,0,Electronic check,20.15,260.7,0,8.680446213383481,Q2
8879-XUAHX,Male,0,1,0,71,1,Yes,Fiber optic,Yes,Yes,Yes,Yes,Yes,Yes,Two year,1,Electronic check,116.25,8564.75,0,8.668475529657332,Q2
4626-OZDTJ,Female,0,1,0,51,1,Yes,DSL,No,Yes,No,Yes,Yes,Yes,One year,1,Credit card (automatic),78.65,3950.85,0,8.654429681491946,Q2
0106-UGRDO,Female,0,1,0,69,1,Yes,Fiber optic,Yes,Yes,Yes,Yes,Yes,Yes,Two year,1,Electronic check,116.0,8182.85,0,8.647433984490297,Q2
1696-MZVAU,Male,0,1,1,39,0,No phone service,DSL,No,No,No,No,No,No,One year,1,Credit card (automatic),25.25,947.75,0,8.643253501974158,Q2
6766-HFKLA,Female,0,1,0,56,1,Yes,Fiber optic,No,No,Yes,Yes,Yes,Yes,Two year,0,Bank transfer (automatic),103.2,5744.35,0,8.634095391039667,Q2
9894-QMIMJ,Female,0,0,0,23,1,No,DSL,No,Yes,Yes,No,No,No,One year,0,Bank transfer (automatic),55.8,1327.85,0,8.611963217932535,Q2
5307-UVGNB,Female,0,1,1,53,0,No phone service,DSL,Yes,Yes,Yes,No,No,Yes,Month-to-month,1,Bank transfer (automatic),48.7,2495.2,0,8.576156460079233,Q2
1866-ZSLJM,Male,0,0,0,21,1,No,No,No internet service,No internet service,No internet service,No internet service,No internet service,No internet service,Month-to-month,0,Credit card (automatic),20.5,402.85,0,8.573351985499425,Q2
9845-PEEKO,Female,1,0,0,59,1,Yes,Fiber optic,No,Yes,No,No,No,No,Two year,1,Credit card (automatic),79.2,4590.35,0,8.565892292518065,Q2
3648-GZPHF,Male,0,1,1,32,0,No phone service,DSL,No,No,Yes,Yes,No,No,One year,1,Mailed check,36.25,1151.05,0,8.538254209838842,Q2
8065-QBYTO,Female,1,0,0,71,1,Yes,Fiber optic,Yes,Yes,No,Yes,Yes,No,One year,1,Credit card (automatic),99.65,7181.25,0,8.529530168260084,Q2
8406-LNMHF,Male,1,1,0,59,1,No,Fiber optic,Yes,Yes,Yes,No,No,No,One year,1,Credit card (automatic),82.95,4903.15,0,8.527432011673469,Q2
3229-USWAR,Female,0,0,0,34,1,No,DSL,Yes,No,Yes,Yes,Yes,Yes,One year,1,Bank transfer (automatic),79.95,2727.3,0,8.519999738981284,Q2
8261-GWDBQ,Female,1,1,0,60,1,Yes,Fiber optic,Yes,Yes,Yes,Yes,Yes,Yes,Two year,1,Bank transfer (automatic),116.05,6925.9,0,8.513906497878148,Q2
5090-EMGTC,Female,0,1,0,59,1,No,Fiber optic,No,Yes,No,Yes,Yes,Yes,Two year,1,Mailed check,100.05,6034.85,0,8.51021217156925,Q2
9730-DRTMJ,Male,0,1,0,32,1,Yes,DSL,Yes,No,No,Yes,Yes,No,One year,1,Credit card (automatic),72.8,2333.05,0,8.500442196251983,Q2
4682-BLBUC,Male,0,1,0,44,1,No,DSL,No,Yes,Yes,Yes,Yes,No,One year,1,Electronic check,70.95,3250.45,0,8.498042991965299,Q2
1371-DWPAZ,Female,0,1,1,0,0,No phone service,DSL,Yes,Yes,Yes,Yes,Yes,No,Two year,0,Credit card (automatic),56.05,,0,8.489974341794943,Q2
4116-IQRFR,Male,0,1,1,4,1,Yes,No,No internet service,No internet service,No internet service,No internet service,No internet service,No internet service,One year,0,Credit card (automatic),24.1,73.1,0,8.489306133657815,Q2
5663-QBGIS,Male,1,1,0,72,1,Yes,Fiber optic,No,Yes,No,No,Yes,Yes,Two year,0,Bank transfer (automatic),98.35,6929.4,0,8.483187795077455,Q2
5777-KJIRB,Female,0,0,0,40,1,No,DSL,No,No,Yes,No,No,No,One year,1,Mailed check,50.25,2023.55,0,8.481586371418146,Q2
8646-JCOMS,Female,0,1,0,66,1,Yes,Fiber optic,No,Yes,Yes,Yes,No,No,One year,1,Bank transfer (automatic),90.55,6130.95,0,8.472214726252282,Q2
3197-NNYNB,Male,0,0,0,65,1,Yes,Fiber optic,No,Yes,Yes,No,Yes,Yes,Two year,0,Credit card (automatic),105.1,6631.85,0,8.462212648906645,Q2
3915-ODIYG,Male,1,0,0,60,1,Yes,DSL,Yes,Yes,No,No,No,Yes,One year,1,Electronic check,71.75,4374.55,0,8.458785525684405,Q2
7049-GKVZY,Female,0,0,0,17,1,No,DSL,Yes,Yes,No,Yes,Yes,Yes,One year,0,Credit card (automatic),79.85,1387.35,0,8.458621618957638,Q2
5327-CNLUQ,Male,0,1,0,48,1,Yes,Fiber optic,Yes,Yes,Yes,No,Yes,No,Two year,1,Bank transfer (automatic),96.9,4473.45,0,8.437792935383245,Q2
8075-GXIUB,Male,1,1,0,9,1,No,No,No internet service,No internet service,No internet service,No internet service,No internet service,No internet service,One year,0,Credit card (automatic),19.85,183.15,0,8.425802703217606,Q2
2862-JVEOY,Male,0,0,0,6,1,No,No,No internet service,No internet service,No internet service,No internet service,No internet service,No internet service,One year,0,Mailed check,19.15,124.4,0,8.402539155169057,Q2
3205-MXZRA,Male,0,0,0,26,1,No,DSL,No,No,No,Yes,Yes,No,One year,0,Credit card (automatic),59.45,1507.0,0,8.392623408699853,Q2
3282-ZISZV,Male,0,0,1,32,1,Yes,DSL,No,Yes,Yes,Yes,Yes,Yes,One year,0,Credit card (automatic),83.7,2633.3,0,8.372785257379983,Q2
5018-LXQQG,Female,0,1,1,30,1,No,DSL,Yes,No,No,Yes,No,Yes,Month-to-month,0,Bank transfer (automatic),66.3,1923.5,0,8.37052043513085,Q2
9754-CLVZW,Female,0,1,1,26,0,No phone service,DSL,Yes,Yes,No,Yes,No,No,Month-to-month,0,Credit card (automatic),38.85,1025.15,0,8.361267456954147,Q2
8984-HPEMB,Female,0,0,0,71,1,Yes,Fiber optic,Yes,Yes,Yes,Yes,Yes,Yes,Two year,1,Electronic check,118.65,8477.6,0,8.3591546030968,Q2
7691-XVTZH,Female,0,1,0,68,1,Yes,Fiber optic,No,No,Yes,No,Yes,No,Two year,1,Bank transfer (automatic),89.95,5974.3,0,8.355642788415205,Q2
9351-LZYGF,Female,0,1,0,42,1,Yes,DSL,Yes,Yes,No,Yes,No,No,Month-to-month,1,Credit card (automatic),66.4,2727.8,0,8.35289782025901,Q2
8189-DUKMV,Female,0,1,0,4,1,No,No,No internet service,No internet service,No internet service,No internet service,No internet service,No internet service,One year,0,Bank transfer (automatic),20.5,79.05,0,8.344937306196186,Q2
0956-SYCWG,Female,0,0,0,13,1,No,No,No internet service,No internet service,No internet service,No internet service,No internet service,No internet service,One year,0,Electronic check,19.65,244.8,0,8.334800424685605,Q2
2129-ALKBS,Female,0,1,1,40,1,Yes,No,No internet service,No internet service,No internet service,No internet service,No internet service,No internet service,Month-to-month,1,Electronic check,26.2,1077.5,0,8.328801863299267,Q2
1708-PBBOA,Female,0,0,0,42,0,No phone service,DSL,Yes,Yes,Yes,Yes,No,Yes,One year,1,Electronic check,54.75,2348.45,0,8.325680711341512,Q2
4043-MKDTV,Male,0,1,0,71,1,No,Fiber optic,No,Yes,Yes,Yes,Yes,Yes,Two year,1,Electronic check,105.25,7291.75,0,8.31640434044187,Q2
4808-YNLEU,Female,0,1,0,35,1,No,DSL,Yes,No,No,No,Yes,No,One year,1,Bank transfer (automatic),62.15,2215.45,0,8.31291687148894,Q2
2316-ESMLS,Female,0,1,1,12,0,No phone service,DSL,Yes,No,No,Yes,No,No,One year,0,Credit card (automatic),33.15,444.75,0,8.299114353179428,Q2
0164-APGRB,Female,0,0,0,72,1,Yes,Fiber optic,Yes,Yes,Yes,Yes,Yes,Yes,Two year,1,Electronic check,114.9,8496.7,0,8.298287929871393,Q2
5701-GUXDC,Female,0,1,0,26,0,No phone service,DSL,Yes,No,Yes,No,No,No,One year,0,Credit card (automatic),35.4,978.6,0,8.294325141136985,Q2
0392-BZIUW,Female,0,1,0,72,1,Yes,Fiber optic,Yes,No,Yes,No,Yes,Yes,Two year,1,Credit card (automatic),105.0,7589.8,0,8.289616209357229,Q2
7435-ZNUYY,Male,0,0,0,6,1,No,No,No internet service,No internet service,No internet service,No internet service,No internet service,No internet service,One year,0,Mailed check,20.6,116.6,0,8.288656934936208,Q2
2150-WLKUW,Female,0,1,0,40,1,Yes,DSL,No,Yes,No,No,Yes,No,One year,0,Bank transfer (automatic),63.9,2635.0,0,8.286404885871804,Q2
7519-JTWQH,Female,0,0,0,69,1,Yes,Fiber optic,No,Yes,Yes,Yes,Yes,Yes,Two year,1,Bank transfer (automatic),110.5,7455.45,0,8.277990094501963,Q2
6734-FQAJX,Male,1,0,0,67,1,No,Fiber optic,Yes,Yes,No,Yes,Yes,Yes,Two year,1,Electronic check,105.05,7171.7,0,8.275574411725298,Q2
8071-SBTRN,Female,0,0,0,70,1,Yes,Fiber optic,Yes,Yes,Yes,No,Yes,Yes,Two year,1,Mailed check,111.15,7737.55,0,8.270710113154266,Q2
8221-EQDGL,Male,0,1,0,35,1,No,DSL,Yes,Yes,Yes,No,No,No,Month-to-month,0,Mailed check,61.0,2130.45,0,8.267319350988164,Q2
6266-QHOJZ,Female,0,0,0,65,1,Yes,Fiber optic,Yes,Yes,No,Yes,No,No,One year,1,Electronic check,89.85,5844.65,0,8.256361342592125,Q2
4328-VUFWD,Female,0,0,0,39,1,No,DSL,No,No,No,Yes,No,Yes,One year,0,Electronic check,59.3,2209.15,0,8.250863311124943,Q2
9924-JPRMC,Male,0,0,0,72,1,Yes,Fiber optic,Yes,Yes,Yes,Yes,Yes,Yes,Two year,1,Electronic check,118.2,8547.15,0,8.246012974334556,Q2
9362-MWODR,Female,0,0,1,40,1,No,DSL,Yes,No,No,Yes,Yes,No,Month-to-month,1,Credit card (automatic),64.1,2460.35,0,8.244313270627156,Q2
4137-JOPHL,Female,0,0,0,50,1,No,Fiber optic,No,No,Yes,Yes,No,Yes,Two year,1,Bank transfer (automatic),89.7,4304.5,0,8.229213397360793,Q2
3324-OIRTO,Male,0,1,1,71,1,No,Fiber optic,Yes,Yes,Yes,No,Yes,Yes,One year,1,Bank transfer (automatic),104.65,7288.4,0,8.228840780805786,Q2
6620-HVDUJ,Male,0,0,0,24,1,No,DSL,Yes,Yes,No,Yes,No,No,Month-to-month,0,Bank transfer (automatic),60.45,1440.75,0,8.218610015132297,Q2
0716-BQNDX,Male,1,0,0,57,1,Yes,Fiber optic,Yes,No,No,Yes,No,Yes,Two year,0,Electronic check,93.75,5625.55,0,8.212521112814139,Q2
5032-USPKF,Female,0,0,0,38,1,Yes,DSL,Yes,Yes,Yes,No,Yes,Yes,One year,0,Bank transfer (automatic),84.1,3187.65,0,8.209852721400068,Q2
7136-IHZJA,Female,0,1,1,40,1,No,DSL,Yes,Yes,No,Yes,No,Yes,Month-to-month,1,Mailed check,71.35,2847.2,0,8.209365770608315,Q2
2391-IPLOP,Male,0,1,1,50,1,Yes,DSL,No,No,Yes,Yes,Yes,No,One year,1,Electronic check,69.65,3442.15,0,8.208600058956586,Q2
9350-ZXYJC,Female,0,0,0,4,1,Yes,No,No internet service,No internet service,No internet service,No internet service,No internet service,No internet service,Two year,1,Credit card (automatic),25.3,116.95,0,8.187075076782127,Q2
4091-TVOCN,Male,0,0,1,48,1,Yes,DSL,Yes,No,Yes,No,Yes,Yes,One year,1,Credit card (automatic),78.75,3682.45,0,8.186943652240615,Q2
0960-HUWBM,Male,0,1,1,65,1,Yes,Fiber optic,No,No,Yes,Yes,Yes,Yes,Two year,1,Bank transfer (automatic),104.1,6700.05,0,8.180782436980664,Q2
2967-MXRAV,Male,0,1,1,1,1,No,No,No internet service,No internet service,No internet service,No internet service,No internet service,No internet service,One year,0,Mailed check,18.8,18.8,0,8.179644662792992,Q2
5795-KTGUD,Female,0,1,0,68,1,Yes,Fiber optic,Yes,Yes,Yes,No,Yes,Yes,Two year,1,Bank transfer (automatic),110.8,7553.6,0,8.155514694705863,Q2
4223-BKEOR,Female,0,0,1,21,1,No,DSL,Yes,No,Yes,No,No,Yes,One year,0,Mailed check,64.85,1336.8,0,8.143479243945304,Q2
3354-OADJP,Female,0,0,0,8,1,No,DSL,Yes,No,No,Yes,No,No,One year,0,Bank transfer (automatic),54.25,447.75,0,8.143479143218354,Q2
2724-FJDYW,Male,0,0,1,39,0,No phone service,DSL,No,No,Yes,Yes,Yes,Yes,One year,0,Bank transfer (automatic),54.85,2191.7,0,8.134093004456687,Q2
2483-XSSMZ,Female,0,0,0,39,1,No,DSL,Yes,No,No,No,No,No,One year,1,Electronic check,47.85,1886.4,0,8.12726045273167,Q2
8777-MBMTS,Female,1,1,0,65,1,No,Fiber optic,No,Yes,Yes,Yes,Yes,Yes,Two year,1,Credit card (automatic),105.85,6725.5,0,8.126592967899224,Q2
8263-QMNTJ,Male,0,1,0,72,1,Yes,Fiber optic,Yes,Yes,Yes,Yes,Yes,Yes,Two year,1,Electronic check,115.55,8425.3,0,8.12656816112148,Q2
0607-MVMGC,Male,0,1,1,45,1,Yes,DSL,No,Yes,Yes,No,Yes,Yes,One year,0,Credit card (automatic),78.75,3600.65,0,8.125762198143589,Q2
0742-LAFQK,Male,0,1,0,72,1,Yes,Fiber optic,Yes,Yes,Yes,No,No,Yes,Two year,1,Electronic check,99.15,7422.1,0,8.124524131356905,Q2
5562-BETPV,Male,0,1,1,1,1,No,No,No internet service,No internet service,No internet service,No internet service,No internet service,No internet service,One year,0,Mailed check,19.65,19.65,0,8.122931690825693,Q2
1226-JZNKR,Female,0,1,1,8,1,No,No,No internet service,No internet service,No internet service,No internet service,No internet service,No internet service,One year,0,Electronic check,19.8,160.05,0,8.11382436569337,Q2
4837-QUSFT,Female,0,1,0,65,1,Yes,Fiber optic,Yes,Yes,No,Yes,Yes,No,One year,1,Bank transfer (automatic),100.15,6643.5,0,8.111653822539946,Q2
0458-HEUZG,Female,0,0,0,13,0,No phone service,DSL,No,No,Yes,Yes,No,No,Two year,0,Mailed check,35.4,450.4,0,8.106674921303284,Q2
9866-OCCKE,Female,1,1,0,72,1,Yes,Fiber optic,Yes,No,Yes,Yes,Yes,Yes,Two year,1,Mailed check,109.75,8075.35,0,8.106254585999782,Q2
6196-HBOBZ,Male,0,1,0,65,1,Yes,Fiber optic,Yes,Yes,Yes,No,Yes,No,Two year,1,Electronic check,99.35,6347.55,0,8.10233819487509,Q2
2830-LEWOA,Male,0,1,1,61,1,No,Fiber optic,No,Yes,Yes,Yes,Yes,Yes,One year,0,Credit card (automatic),103.9,6449.15,0,8.098340564341603,Q2
8853-TZDGH,Female,0,0,0,72,1,Yes,Fiber optic,No,Yes,Yes,Yes,Yes,Yes,Two year,1,Bank transfer (automatic),111.6,8012.75,0,8.074822151844458,Q2
4654-DLAMQ,Female,1,1,0,64,1,No,Fiber optic,Yes,Yes,Yes,No,No,Yes,One year,0,Bank transfer (automatic),97.0,6430.9,0,8.074704010303476,Q2
2239-CFOUJ,Male,0,1,1,1,1,No,No,No internet service,No internet service,No internet service,No internet service,No internet service,No internet service,One year,0,Mailed check,20.4,20.4,0,8.073223237282082,Q2
9555-SAHUZ,Female,0,1,1,38,1,No,DSL,Yes,Yes,No,No,No,No,Month-to-month,0,Electronic check,54.5,2076.05,0,8.067966286997903,Q2
2651-ZCBXV,Male,0,0,0,54,1,Yes,Fiber optic,Yes,Yes,No,Yes,Yes,Yes,Two year,1,Credit card (automatic),108.0,5760.65,0,8.067088998355505,Q2
7010-ZMVBF,Female,0,1,1,18,1,No,No,No internet service,No internet service,No internet service,No internet service,No internet service,No internet service,Month-to-month,0,Mailed check,20.45,357.0,0,8.058376752959402,Q2
2550-QHZGP,Male,0,0,0,7,1,No,No,No internet service,No internet service,No internet service,No internet service,No internet service,No internet service,One year,0,Mailed check,19.5,128.6,0,8.040362787659985,Q2
9933-QRGTX,Female,0,1,0,60,1,No,Fiber optic,Yes,No,No,Yes,Yes,Yes,Two year,1,Electronic check,97.2,5611.75,0,8.037207431120914,Q2
8565-HBFNN,Male,0,1,0,69,1,Yes,Fiber optic,Yes,Yes,Yes,Yes,No,Yes,One year,1,Credit card (automatic),107.2,7317.1,0,8.034264331969903,Q2
9931-KGHOA,Female,0,1,0,46,1,Yes,DSL,Yes,No,No,No,No,No,Month-to-month,0,Bank transfer (automatic),55.0,2473.95,0,8.02096931071608,Q2
6992-TKNYO,Male,0,1,0,38,1,Yes,DSL,No,No,Yes,Yes,No,Yes,One year,0,Credit card (automatic),69.0,2669.45,0,8.01443354151794,Q2
9432-RUVSL,Female,0,0,0,48,1,No,Fiber optic,Yes,No,Yes,Yes,Yes,Yes,Two year,1,Credit card (automatic),102.5,4904.25,0,8.013399321930143,Q2
5278-PNYOX,Female,0,0,0,49,1,No,Fiber optic,No,No,Yes,Yes,Yes,Yes,Two year,0,Credit card (automatic),100.65,4917.75,0,8.010965915887398,Q2
2636-SJDOU,Male,0,0,0,64,1,Yes,Fiber optic,Yes,Yes,No,No,No,No,One year,1,Credit card (automatic),84.3,5289.05,0,8.00424117823579,Q2
7718-UPSKJ,Female,0,1,0,69,1,No,Fiber optic,Yes,Yes,No,Yes,Yes,Yes,One year,1,Credit card (automatic),106.4,7251.9,0,8.00395265660158,Q2
9386-LDCZR,Male,0,0,0,43,1,No,Fiber optic,Yes,Yes,Yes,Yes,No,No,One year,1,Credit card (automatic),90.65,3882.3,0,7.995725085092942,Q2
2408-PSJVE,Male,0,1,1,44,1,No,DSL,No,Yes,Yes,Yes,No,No,Month-to-month,1,Mailed check,61.9,2924.05,0,7.993249193827411,Q2
1291-CUOCY,Male,0,1,0,72,1,Yes,Fiber optic,No,Yes,Yes,Yes,Yes,Yes,Two year,1,Credit card (automatic),110.6,7962.2,0,7.992598325093277,Q2
2673-ZALNP,Female,0,0,0,7,1,No,No,No internet service,No internet service,No internet service,No internet service,No internet service,No internet service,One year,0,Mailed check,19.9,173.15,0,7.9920026953165495,Q2
5578-NKCXI,Female,0,1,1,58,1,No,Fiber optic,Yes,Yes,No,No,Yes,Yes,One year,0,Credit card (automatic),99.25,5846.65,0,7.985982761467401,Q2
8659-HDIYE,Female,1,0,0,64,1,Yes,DSL,No,Yes,Yes,Yes,No,Yes,Month-to-month,0,Credit card (automatic),74.65,4869.35,0,7.985662981716531,Q2
0134-XWXCE,Female,1,0,0,44,1,No,DSL,No,No,Yes,Yes,Yes,Yes,One year,0,Bank transfer (automatic),74.85,3268.05,0,7.98489804182797,Q2
0496-AHOOK,Male,0,1,0,24,1,No,DSL,Yes,No,No,Yes,Yes,Yes,One year,0,Bank transfer (automatic),74.4,1712.9,0,7.984724448698528,Q2
5269-NRGDP,Male,0,1,1,42,1,No,DSL,No,No,Yes,Yes,Yes,Yes,One year,0,Electronic check,73.15,3088.25,0,7.9811955706018844,Q2
8309-PPCED,Female,0,1,0,72,1,Yes,Fiber optic,No,Yes,Yes,Yes,Yes,Yes,Two year,1,Bank transfer (automatic),110.45,7982.5,0,7.956809893647277,Q2
9861-PDSZP,Female,0,0,0,72,1,Yes,Fiber optic,No,Yes,Yes,Yes,Yes,Yes,Two year,1,Credit card (automatic),108.05,7806.6,0,7.942875110162419,Q2
1832-PEUTS,Male,0,1,1,62,1,Yes,Fiber optic,No,No,Yes,No,Yes,No,Two year,1,Credit card (automatic),89.1,5411.65,0,7.942863155461286,Q2
5260-UMPWX,Female,0,1,1,26,1,No,No,No internet service,No internet service,No internet service,No internet service,No internet service,No internet service,Month-to-month,1,Credit card (automatic),20.25,493.95,0,7.936572863697765,Q2
0384-LPITE,Male,0,0,0,40,0,No phone service,DSL,Yes,Yes,Yes,No,Yes,Yes,One year,0,Credit card (automatic),62.05,2511.55,0,7.933704368167013,Q2
9200-NLNPD,Male,0,1,0,56,0,No phone service,DSL,No,No,Yes,Yes,Yes,Yes,One year,1,Bank transfer (automatic),54.05,2959.8,0,7.922217053047465,Q2
8041-TMEID,Male,1,1,0,63,1,Yes,Fiber optic,Yes,Yes,Yes,No,Yes,Yes,Two year,0,Credit card (automatic),108.5,6991.9,0,7.918243247744802,Q2
6257-DTAYD,Male,0,1,0,71,1,Yes,Fiber optic,No,Yes,No,Yes,Yes,Yes,Two year,1,Credit card (automatic),104.15,7365.3,0,7.917361193885772,Q2
9822-BIIGN,Male,0,1,1,53,1,Yes,DSL,Yes,No,No,Yes,No,Yes,Month-to-month,0,Electronic check,71.85,3827.9,0,7.914224088160142,Q2
0983-TATYJ,Female,0,1,0,33,1,No,DSL,No,No,No,Yes,No,No,One year,1,Mailed check,51.45,1758.9,0,7.911908026714238,Q2
7353-YOWFP,Female,0,0,0,7,1,No,No,No internet service,No internet service,No internet service,No internet service,No internet service,No internet service,One year,0,Mailed check,20.25,129.15,0,7.900211169749298,Q2
0221-NAUXK,Male,0,0,1,10,1,No,No,No internet service,No internet service,No internet service,No internet service,No internet service,No internet service,One year,1,Bank transfer (automatic),19.95,219.5,0,7.8914983135590075,Q2
1038-RQOST,Male,0,1,1,19,1,No,No,No internet service,No internet service,No internet service,No internet service,No internet service,No internet service,Month-to-month,0,Mailed check,20.6,414.95,0,7.889647046859973,Q2
1729-VLAZJ,Female,0,0,1,10,0,No phone service,DSL,Yes,Yes,No,Yes,No,No,One year,0,Mailed check,40.25,411.45,0,7.881814913856881,Q2
3621-CHYVB,Female,0,1,0,57,0,No phone service,DSL,Yes,No,Yes,Yes,No,Yes,Month-to-month,1,Bank transfer (automatic),49.9,2782.4,0,7.874814308075792,Q2
2988-QRAJY,Male,0,0,0,69,1,Yes,Fiber optic,Yes,Yes,Yes,No,Yes,Yes,Two year,1,Credit card (automatic),110.05,7430.75,0,7.869158640718732,Q2
2834-JKOOW,Female,0,0,0,15,0,No phone service,DSL,Yes,Yes,Yes,Yes,No,No,One year,0,Mailed check,45.9,693.45,0,7.867867569217829,Q2
5203-XEHAX,Female,0,0,0,34,1,No,DSL,Yes,Yes,No,No,No,Yes,One year,0,Electronic check,64.35,2053.05,0,7.842078667600513,Q2
6341-JVQGF,Female,0,1,1,31,1,No,DSL,Yes,No,Yes,Yes,Yes,Yes,One year,1,Mailed check,81.15,2545.75,0,7.82067221631492,Q2
6308-CQRBU,Female,0,1,0,71,1,Yes,Fiber optic,No,Yes,Yes,Yes,Yes,Yes,Two year,0,Electronic check,109.25,7707.7,0,7.818948440157729,Q2
7407-SUJIZ,Male,0,0,0,25,1,No,No,No internet service,No internet service,No internet service,No internet service,No internet service,No internet service,Month-to-month,0,Mailed check,20.6,541.5,0,7.817091735481048,Q2
6265-SXWBU,Male,0,1,1,69,1,Yes,Fiber optic,No,Yes,Yes,No,Yes,No,One year,0,Credit card (automatic),95.75,6511.25,0,7.804383412472513,Q2
3823-KYNQY,Male,0,0,0,12,1,Yes,No,No internet service,No internet service,No internet service,No internet service,No internet service,No internet service,One year,0,Credit card (automatic),24.95,280.4,0,7.799824411881648,Q2
6131-IUNXN,Female,0,1,1,19,1,No,No,No internet service,No internet service,No internet service,No internet service,No internet service,No internet service,Month-to-month,0,Mailed check,20.2,382.2,0,7.783037923802021,Q2
4697-LUPSU,Male,0,1,1,2,1,No,No,No internet service,No internet service,No internet service,No internet service,No internet service,No internet service,One year,0,Mailed check,20.2,34.75,0,7.776756240158797,Q2
7923-IYJWY,Male,1,0,0,67,1,Yes,Fiber optic,Yes,Yes,Yes,Yes,Yes,Yes,Two year,1,Credit card (automatic),116.1,7839.85,0,7.772234838067142,Q2
0661-KBKPA,Male,0,1,1,53,1,Yes,DSL,No,No,Yes,Yes,Yes,Yes,One year,1,Mailed check,78.75,3942.45,0,7.760874632787289,Q2
7707-PYBBH,Male,0,0,0,40,1,No,DSL,Yes,Yes,No,Yes,No,No,Month-to-month,1,Mailed check,61.9,2647.1,0,7.760302780501657,Q2
7156-MXBJE,Female,0,0,0,43,1,Yes,DSL,No,Yes,Yes,Yes,Yes,Yes,One year,0,Credit card (automatic),85.1,3662.25,0,7.751358964934349,Q2
4134-BSXLX,Male,0,1,0,28,1,No,DSL,Yes,Yes,No,Yes,No,No,Month-to-month,0,Mailed check,60.9,1785.65,0,7.743053523874101,Q2
6408-OTUBZ,Female,0,0,0,66,1,Yes,Fiber optic,Yes,Yes,Yes,Yes,Yes,No,One year,1,Bank transfer (automatic),104.55,6779.05,0,7.740644072859252,Q2
1064-FBXNK,Male,0,1,1,1,1,No,No,No internet service,No internet service,No internet service,No internet service,No internet service,No internet service,One year,0,Credit card (automatic),19.85,19.85,0,7.732244860668472,Q2
4670-TABXH,Male,0,1,0,72,1,Yes,Fiber optic,No,Yes,Yes,Yes,Yes,Yes,Two year,1,Credit card (automatic),109.75,7758.9,0,7.728765694395112,Q2
9467-ROOLM,Female,0,0,0,25,1,No,No,No internet service,No internet service,No internet service,No internet service,No internet service,No internet service,Month-to-month,0,Mailed check,19.05,461.3,0,7.71232725501705,Q2
4378-BZYFP,Male,0,0,0,17,1,No,No,No internet service,No internet service,No internet service,No internet service,No internet service,No internet service,One year,1,Mailed check,20.5,365.8,0,7.711103944737566,Q2
7089-RKVSZ,Male,0,1,1,8,1,Yes,No,No internet service,No internet service,No internet service,No internet service,No internet service,No internet service,One year,0,Mailed check,24.4,203.95,0,7.710759246614413,Q2
9473-CBZOP,Female,0,0,0,28,1,Yes,DSL,Yes,No,Yes,No,No,No,One year,0,Mailed check,59.0,1654.45,0,7.705468044438934,Q2
6586-PSJOX,Male,0,0,1,15,1,No,DSL,No,No,Yes,Yes,No,No,One year,0,Credit card (automatic),55.2,864.55,0,7.703856454522345,Q2
3115-JPJDD,Female,0,1,0,59,1,No,Fiber optic,Yes,No,Yes,No,No,No,One year,1,Credit card (automatic),81.25,4639.45,0,7.685436733252832,Q2
8610-ZIKJJ,Female,0,1,1,2,1,No,No,No internet service,No internet service,No internet service,No internet service,No internet service,No internet service,One year,0,Mailed check,20.3,31.9,0,7.678722112403802,Q2
5049-MUBWG,Male,0,0,0,26,1,No,DSL,Yes,No,No,Yes,Yes,Yes,One year,0,Bank transfer (automatic),75.0,1908.35,0,7.672736502039464,Q2
9691-HKOVS,Female,0,1,0,55,1,Yes,DSL,Yes,Yes,Yes,Yes,Yes,Yes,One year,1,Electronic check,90.15,4916.95,0,7.671572260717769,Q2
0967-BMLBD,Female,0,1,1,11,1,No,No,No internet service,No internet service,No internet service,No internet service,No internet service,No internet service,One year,1,Mailed check,20.0,196.35,0,7.6590940153109,Q2
0980-FEXWF,Male,0,1,1,26,1,No,DSL,No,No,Yes,No,No,No,One year,0,Mailed check,50.35,1285.8,0,7.658601080402175,Q2
5504-WSIUR,Female,0,0,0,70,1,Yes,Fiber optic,No,Yes,Yes,Yes,No,No,One year,1,Bank transfer (automatic),90.25,6385.95,0,7.656402127647743,Q2
8109-YUOHE,Male,0,0,0,17,1,No,DSL,Yes,Yes,No,No,No,No,One year,0,Mailed check,56.1,946.95,0,7.653308659956531,Q2
8681-ICONS,Male,0,1,1,29,1,No,No,No internet service,No internet service,No internet service,No internet service,No internet service,No internet service,Month-to-month,1,Mailed check,20.65,654.85,0,7.642272120123872,Q2
7508-KBIMB,Male,0,1,1,24,1,No,DSL,Yes,No,Yes,No,No,No,One year,1,Credit card (automatic),56.25,1454.25,0,7.636809051331273,Q2
8823-RLPWL,Female,0,1,0,72,1,Yes,Fiber optic,Yes,Yes,Yes,No,Yes,Yes,Two year,1,Credit card (automatic),110.65,8065.65,0,7.633298181348562,Q2
6616-AALSR,Female,0,1,1,65,1,Yes,Fiber optic,Yes,No,Yes,No,Yes,Yes,Two year,1,Credit card (automatic),104.3,6725.3,0,7.632180221735951,Q2
2387-KDZQY,Male,0,0,0,17,1,No,No,No internet service,No internet service,No internet service,No internet service,No internet service,No internet service,One year,1,Mailed check,20.1,279.5,0,7.608119663792372,Q2
6500-JVEGC,Male,0,0,0,68,1,Yes,Fiber optic,Yes,Yes,Yes,No,Yes,No,One year,0,Bank transfer (automatic),101.35,7110.75,0,7.59113506479952,Q2
2522-WLNSF,Female,1,1,0,34,1,No,DSL,No,No,Yes,Yes,Yes,No,One year,0,Bank transfer (automatic),64.2,2106.3,0,7.561527514834224,Q2
6727-IOTLZ,Male,0,1,0,14,1,No,DSL,No,Yes,Yes,Yes,Yes,Yes,Two year,0,Mailed check,81.95,1181.75,0,7.5456998262597414,Q2
0519-DRGTI,Female,0,1,1,20,1,No,No,No internet service,No internet service,No internet service,No internet service,No internet service,No internet service,Month-to-month,0,Mailed check,20.35,442.6,0,7.542760045129859,Q2
4049-ZPALD,Female,0,1,0,64,1,No,Fiber optic,Yes,No,Yes,No,Yes,Yes,Two year,1,Bank transfer (automatic),99.0,6375.8,0,7.542583732728564,Q2
1247-QBVSH,Female,0,1,1,43,1,No,DSL,No,Yes,No,No,No,No,Month-to-month,0,Mailed check,50.2,2169.4,0,7.53046244196236,Q2
2682-KEVRP,Female,1,0,0,22,1,No,No,No internet service,No internet service,No internet service,No internet service,No internet service,No internet service,One year,1,Mailed check,20.05,417.0,0,7.5251766777420235,Q2
3213-VVOLG,Male,0,1,1,0,1,Yes,No,No internet service,No internet service,No internet service,No internet service,No internet service,No internet service,Two year,0,Mailed check,25.35,,0,7.520010825870529,Q2
4385-ZKVNW,Male,0,1,1,44,1,No,DSL,No,Yes,No,Yes,No,No,Month-to-month,1,Bank transfer (automatic),54.9,2549.1,0,7.5121071017676355,Q2
2164-SOQXL,Female,0,1,1,20,1,No,No,No internet service,No internet service,No internet service,No internet service,No internet service,No internet service,Month-to-month,0,Mailed check,20.05,406.05,0,7.508176884753887,Q2
4199-QHJNM,Male,1,1,0,67,1,Yes,Fiber optic,No,Yes,No,Yes,Yes,Yes,Two year,0,Bank transfer (automatic),102.9,6989.7,0,7.507919758291126,Q2
4367-NUYAO,Male,0,1,1,0,1,Yes,No,No internet service,No internet service,No internet service,No internet service,No internet service,No internet service,Two year,0,Mailed check,25.75,,0,7.494850339850282,Q2
1097-FSPVW,Female,0,0,0,42,1,No,DSL,Yes,No,Yes,No,No,No,Month-to-month,0,Credit card (automatic),54.55,2455.05,0,7.479056129216658,Q2
5857-XRECV,Female,0,0,1,2,1,No,No,No internet service,No internet service,No internet service,No internet service,No internet service,No internet service,One year,0,Bank transfer (automatic),20.5,38.25,0,7.468919813192046,Q2
8819-ZBYNA,Female,0,1,0,58,1,Yes,Fiber optic,Yes,Yes,No,Yes,Yes,Yes,Two year,1,Credit card (automatic),109.1,6393.65,0,7.467381623279615,Q2
4616-ULAOA,Female,0,1,1,65,1,Yes,Fiber optic,No,Yes,Yes,Yes,Yes,Yes,Two year,1,Credit card (automatic),110.8,7245.9,0,7.466947070946454,Q2
9402-ROUMJ,Female,0,1,1,67,1,Yes,Fiber optic,Yes,No,Yes,Yes,No,Yes,One year,1,Bank transfer (automatic),100.25,6689.0,0,7.455090488084156,Q2
9938-ZREHM,Female,0,1,0,37,1,Yes,DSL,No,Yes,No,Yes,No,Yes,One year,0,Mailed check,72.1,2658.4,0,7.445393815345984,Q2
5724-BIDBU,Male,0,1,0,49,1,Yes,DSL,Yes,No,No,No,No,No,One year,1,Electronic check,55.35,2633.95,0,7.444818875938358,Q2
9313-QOLTZ,Male,0,0,0,26,1,No,No,No internet service,No internet service,No internet service,No internet service,No internet service,No internet service,Month-to-month,0,Mailed check,20.9,518.3,0,7.442463786079783,Q2
6506-EYCNH,Female,0,1,1,28,1,No,No,No internet service,No internet service,No internet service,No internet service,No internet service,No internet service,Month-to-month,1,Bank transfer (automatic),19.55,543.8,0,7.436777517124941,Q2
7758-UJWYS,Male,0,1,1,34,0,No phone service,DSL,No,No,No,Yes,Yes,No,Two year,1,Electronic check,40.55,1325.85,0,7.41916963210743,Q2
8573-JGCZW,Male,0,0,0,17,1,No,No,No internet service,No internet service,No internet service,No internet service,No internet service,No internet service,One year,1,Bank transfer (automatic),19.65,351.55,0,7.411269107784116,Q2
0661-WCQNQ,Male,0,1,0,22,1,No,DSL,Yes,No,No,Yes,No,No,One year,1,Credit card (automatic),56.25,1292.2,0,7.406960496218032,Q2
0266-CLZKZ,Female,0,1,1,67,1,Yes,Fiber optic,No,No,Yes,Yes,Yes,Yes,Two year,1,Bank transfer (automatic),105.65,6717.9,0,7.390975571383892,Q2
9928-BZVLZ,Female,0,0,0,12,0,No phone service,DSL,Yes,No,Yes,Yes,No,Yes,Two year,0,Mailed check,49.85,552.1,0,7.379387089239183,Q2
5372-FBKBN,Female,0,0,1,21,1,No,No,No internet service,No internet service,No internet service,No internet service,No internet service,No internet service,Month-to-month,0,Mailed check,20.75,452.2,0,7.3365765614115315,Q2
3022-BEXHZ,Male,0,1,1,67,1,Yes,Fiber optic,No,Yes,Yes,Yes,Yes,Yes,Two year,1,Bank transfer (automatic),111.2,7530.8,0,7.332128953316727,Q2
6075-QMNRR,Female,0,0,0,52,1,No,DSL,Yes,No,No,No,No,No,Month-to-month,1,Bank transfer (automatic),49.75,2535.55,0,7.3292925889830745,Q2
0323-XWWTN,Male,0,0,1,3,1,Yes,No,No internet service,No internet service,No internet service,No internet service,No internet service,No internet service,Two year,1,Mailed check,26.4,121.25,0,7.328814573062556,Q2
1301-LOPVR,Male,0,1,1,29,0,No phone service,DSL,Yes,Yes,Yes,Yes,No,Yes,One year,1,Credit card (automatic),55.35,1636.95,0,7.325001127358675,Q2
5671-RQRLP,Female,1,1,0,70,1,Yes,Fiber optic,No,No,No,No,No,No,Two year,1,Credit card (automatic),75.65,5411.4,0,7.299556163619217,Q2
1136-XGEQU,Female,0,1,1,50,1,Yes,DSL,No,Yes,Yes,Yes,Yes,Yes,One year,1,Credit card (automatic),84.15,4164.4,0,7.293447285104518,Q2
5297-MDOIR,Female,0,1,0,63,1,No,Fiber optic,Yes,No,Yes,No,No,No,One year,1,Credit card (automatic),81.15,5224.5,0,7.291265416232097,Q2
9987-LUTYD,Female,0,0,0,13,1,No,DSL,Yes,No,No,Yes,No,No,One year,0,Mailed check,55.15,742.9,0,7.289650768699449,Q2
5998-DZLYR,Female,0,1,0,61,1,Yes,Fiber optic,No,Yes,No,Yes,No,Yes,Two year,1,Bank transfer (automatic),94.35,5703.0,0,7.283762259085296,Q2
5135-GRQJV,Male,1,1,0,72,1,Yes,Fiber optic,Yes,Yes,Yes,Yes,Yes,Yes,Two year,1,Mailed check,114.5,8331.95,0,7.279187823237994,Q2
5753-QQWPW,Female,0,0,0,28,1,No,DSL,Yes,Yes,No,Yes,No,No,One year,1,Electronic check,59.9,1654.7,0,7.263391367144514,Q2
3696-XRIEN,Female,0,0,0,50,1,Yes,DSL,Yes,No,Yes,Yes,Yes,Yes,One year,1,Credit card (automatic),82.5,4179.1,0,7.260838420848918,Q2
3082-WQRVY,Male,1,1,0,14,1,No,No,No internet service,No internet service,No internet service,No internet service,No internet service,No internet service,One year,0,Mailed check,19.65,228.65,0,7.238659016497087,Q2
1891-QRQSA,Male,1,1,1,64,1,Yes,Fiber optic,Yes,No,Yes,Yes,Yes,Yes,Two year,1,Bank transfer (automatic),111.6,7099.0,0,7.232669755427873,Q2
8076-FEZKJ,Male,0,0,0,10,1,No,No,No internet service,No internet service,No internet service,No internet service,No internet service,No internet service,One year,0,Mailed check,19.5,225.85,0,7.2213466023454425,Q2
3612-YUNGG,Male,0,1,1,64,1,Yes,Fiber optic,No,Yes,Yes,Yes,Yes,Yes,Two year,1,Credit card (automatic),109.2,6741.15,0,7.212228385305375,Q2
1334-PDUKM,Female,0,1,0,68,1,Yes,Fiber optic,No,Yes,Yes,No,No,No,One year,0,Credit card (automatic),86.45,5762.95,0,7.210481851662159,Q2
0484-JPBRU,Male,0,0,0,41,1,Yes,No,No internet service,No internet service,No internet service,No internet service,No internet service,No internet service,Month-to-month,1,Bank transfer (automatic),25.25,996.45,0,7.206932784925903,Q2
8680-CGLTP,Male,0,0,0,29,1,No,DSL,Yes,Yes,No,Yes,No,No,One year,1,Electronic check,58.75,1696.2,0,7.188535624607138,Q2
1545-JFUML,Male,0,1,0,71,1,Yes,Fiber optic,Yes,Yes,Yes,No,Yes,No,Two year,1,Electronic check,99.0,6994.6,0,7.16112009150707,Q2
3969-JQABI,Female,0,1,0,58,1,No,DSL,Yes,Yes,No,No,Yes,No,Month-to-month,1,Credit card (automatic),65.25,3791.6,0,7.14764641562275,Q2
8434-PNQZX,Female,0,0,0,42,1,Yes,DSL,No,No,Yes,Yes,Yes,Yes,Two year,1,Credit card (automatic),78.45,3373.4,0,7.145871705569633,Q2
8879-ZKJOF,Female,0,0,0,41,1,No,DSL,Yes,No,Yes,Yes,Yes,Yes,One year,1,Bank transfer (automatic),79.85,3320.75,0,7.140178862417404,Q2
2292-XQWSV,Male,0,1,1,40,0,No phone service,DSL,No,Yes,Yes,Yes,Yes,Yes,One year,0,Mailed check,60.3,2448.5,0,7.1299549619309985,Q2
1099-BTKWT,Female,0,1,0,68,0,No phone service,DSL,Yes,No,Yes,No,Yes,Yes,One year,1,Electronic check,54.4,3723.65,0,7.128894746191865,Q2
9558-IHEZX,Female,0,0,0,71,1,Yes,Fiber optic,Yes,Yes,Yes,No,Yes,Yes,Two year,1,Credit card (automatic),106.75,7283.25,0,7.127550664081446,Q2
9750-BOOHV,Female,0,0,0,32,0,No phone service,DSL,Yes,No,No,No,No,No,One year,0,Mailed check,30.15,927.65,0,7.124852702026484,Q2
5872-OEQNH,Female,0,0,0,60,0,No phone service,DSL,Yes,No,Yes,No,No,Yes,One year,1,Electronic check,44.45,2773.9,0,7.107683832692972,Q2
7665-VIGUD,Male,0,0,0,10,1,No,No,No internet service,No internet service,No internet service,No internet service,No internet service,No internet service,One year,0,Mailed check,20.35,176.3,0,7.100092451064473,Q2
6440-DKQGE,Male,0,0,1,30,1,No,DSL,No,Yes,Yes,No,Yes,No,One year,0,Credit card (automatic),64.5,1929.95,0,7.0871050522871055,Q2
2639-UGMAZ,Male,1,0,0,71,0,No phone service,DSL,Yes,Yes,No,No,Yes,Yes,One year,1,Electronic check,56.45,3985.35,0,7.080153953039095,Q2
1557-EMYVT,Female,0,0,0,43,1,Yes,Fiber optic,Yes,Yes,Yes,Yes,Yes,Yes,Two year,0,Credit card (automatic),115.05,4895.1,0,7.078842583293617,Q2
7032-LMBHI,Female,0,0,0,37,1,Yes,DSL,Yes,No,No,No,Yes,No,One year,0,Bank transfer (automatic),64.65,2347.85,0,7.0752329125240125,Q2
4072-IPYLT,Female,0,1,1,36,1,No,DSL,Yes,No,No,No,No,No,Month-to-month,0,Credit card (automatic),51.05,1815.0,0,7.064662533833123,Q2
8883-GRDWQ,Male,1,0,0,20,1,No,DSL,Yes,No,No,Yes,No,No,One year,0,Mailed check,54.0,1055.9,0,7.058561712013202,Q2
2056-EVGZL,Male,0,1,1,68,1,No,Fiber optic,No,Yes,Yes,Yes,Yes,Yes,One year,0,Credit card (automatic),105.75,7322.5,0,7.050831486293798,Q2
0907-HQNTS,Female,1,1,0,70,1,Yes,Fiber optic,Yes,Yes,Yes,Yes,Yes,Yes,Two year,1,Credit card (automatic),113.0,7987.6,0,7.046558165292738,Q2
3397-AVTKU,Male,0,0,0,43,1,No,DSL,No,Yes,No,No,No,Yes,Two year,1,Electronic check,60.0,2548.55,0,7.042042198083558,Q2
3800-LYTRK,Female,0,0,0,14,1,No,DSL,Yes,No,No,Yes,No,No,One year,0,Mailed check,55.7,795.15,0,7.026075317372904,Q2
7816-VGHTO,Female,0,1,1,6,0,No phone service,DSL,No,Yes,Yes,Yes,No,No,Two year,0,Mailed check,40.55,217.5,0,7.019387612733873,Q2
7663-CUXZB,Male,0,1,0,59,1,Yes,Fiber optic,Yes,Yes,Yes,Yes,Yes,Yes,Two year,0,Electronic check,113.75,6561.25,0,7.018515607035669,Q2
2809-ILCYT,Female,0,1,0,25,1,Yes,No,No internet service,No internet service,No internet service,No internet service,No internet service,No internet service,One year,1,Mailed check,26.8,733.55,0,7.004434892509639,Q2
9711-FJTBX,Male,0,1,1,56,1,No,Fiber optic,No,Yes,Yes,Yes,No,No,One year,1,Mailed check,85.85,4793.8,0,6.986408725272754,Q2
1150-FTQGN,Female,0,1,1,60,1,Yes,Fiber optic,Yes,Yes,No,No,Yes,No,One year,0,Bank transfer (automatic),94.15,5811.8,0,6.9850843783136565,Q2
5789-LDFXO,Male,0,0,0,24,1,Yes,No,No internet service,No internet service,No internet service,No internet service,No internet service,No internet service,One year,0,Electronic check,24.6,592.65,0,6.965970782391808,Q2
4526-RMTLL,Male,0,1,1,8,1,Yes,DSL,Yes,Yes,No,Yes,No,Yes,Two year,1,Credit card (automatic),76.15,645.8,0,6.96549181197604,Q2
1952-DVVSW,Female,0,1,0,10,1,No,No,No internet service,No internet service,No internet service,No internet service,No internet service,No internet service,One year,0,Mailed check,20.1,184.4,0,6.9592954453791265,Q2
2878-RMWXY,Male,1,1,0,72,1,Yes,Fiber optic,Yes,Yes,Yes,No,No,Yes,Two year,1,Credit card (automatic),102.65,7550.3,0,6.956626145799665,Q2
2680-XKKNJ,Female,0,0,0,8,1,No,DSL,Yes,Yes,No,Yes,No,No,One year,0,Bank transfer (automatic),58.2,469.25,0,6.953616570003759,Q2
1480-BKXGA,Male,1,1,0,72,1,Yes,Fiber optic,Yes,Yes,Yes,Yes,Yes,Yes,Two year,1,Bank transfer (automatic),116.05,8404.9,0,6.948229512910794,Q2
8756-RDDLT,Female,0,0,0,68,0,No phone service,DSL,No,Yes,No,Yes,No,Yes,Month-to-month,0,Electronic check,44.95,3085.35,0,6.938735588034986,Q2
5062-CJJKH,Male,0,1,1,25,1,No,DSL,No,Yes,Yes,No,No,No,One year,0,Mailed check,53.65,1355.45,0,6.9301199751133025,Q2
6904-JLBGY,Female,1,0,0,72,1,Yes,Fiber optic,Yes,Yes,Yes,Yes,Yes,Yes,Two year,1,Credit card (automatic),117.35,8436.25,0,6.929708875418707,Q2
1696-HXOWK,Female,0,1,0,71,1,Yes,Fiber optic,Yes,Yes,No,No,Yes,No,One year,0,Mailed check,95.65,6856.95,0,6.927731093179392,Q2
8752-IMQOS,Male,0,1,1,5,1,No,No,No internet service,No internet service,No internet service,No internet service,No internet service,No internet service,One year,0,Mailed check,20.1,85.1,0,6.927595598616663,Q2
5451-YHYPW,Female,1,1,0,72,1,Yes,Fiber optic,Yes,Yes,Yes,Yes,Yes,Yes,Two year,1,Credit card (automatic),115.75,8443.7,0,6.92755724886608,Q2
6435-VWCCY,Male,1,1,0,65,1,Yes,Fiber optic,Yes,Yes,No,No,Yes,No,Two year,1,Credit card (automatic),92.7,5968.4,0,6.926629405315632,Q2
7649-PHJVR,Male,0,0,0,11,1,No,No,No internet service,No internet service,No internet service,No internet service,No internet service,No internet service,One year,0,Mailed check,19.5,226.8,0,6.922964473836654,Q2
5975-BAICR,Male,0,1,1,36,1,No,DSL,Yes,No,Yes,No,No,Yes,One year,1,Credit card (automatic),63.7,2188.5,0,6.918196880135627,Q2
2330-PQGDQ,Male,0,1,1,51,1,Yes,Fiber optic,No,Yes,No,Yes,No,No,One year,0,Bank transfer (automatic),84.2,4299.75,0,6.912889960789026,Q2
1964-SVLEA,Male,0,0,0,20,1,No,No,No internet service,No internet service,No internet service,No internet service,No internet service,No internet service,One year,1,Mailed check,19.7,415.9,0,6.908843344048362,Q2
7445-WMRBW,Female,0,0,0,48,1,Yes,DSL,No,Yes,Yes,Yes,Yes,No,One year,1,Bank transfer (automatic),73.85,3581.4,0,6.90578083780338,Q2
3530-VWVGU,Female,0,1,1,22,1,No,No,No internet service,No internet service,No internet service,No internet service,No internet service,No internet service,Month-to-month,0,Mailed check,19.9,400.3,0,6.904165541787501,Q2
5214-NLTIT,Male,0,1,1,72,1,Yes,Fiber optic,No,No,Yes,No,No,Yes,Two year,1,Credit card (automatic),90.8,6511.8,0,6.893452026798526,Q2
3423-HHXAO,Female,0,1,1,14,1,No,No,No internet service,No internet service,No internet service,No internet service,No internet service,No internet service,One year,1,Mailed check,19.5,272.0,0,6.882077858087632,Q2
2877-VDUER,Female,0,1,1,35,0,No phone service,DSL,No,No,No,Yes,Yes,No,One year,0,Mailed check,40.9,1383.6,0,6.872515930459031,Q2
5524-KHNJP,Male,0,1,1,33,1,No,DSL,Yes,No,Yes,No,Yes,Yes,One year,0,Credit card (automatic),74.75,2453.3,0,6.869112000777461,Q2
0813-TAXXS,Male,0,0,0,55,1,Yes,DSL,No,No,Yes,No,Yes,Yes,Two year,1,Bank transfer (automatic),77.8,4323.35,0,6.865091275302085,Q2
1137-DGOWI,Female,0,1,0,30,1,No,DSL,No,Yes,Yes,Yes,No,Yes,One year,0,Bank transfer (automatic),70.25,2198.9,0,6.8533799294188205,Q2
1779-PWPMG,Female,1,1,0,72,1,Yes,Fiber optic,Yes,Yes,Yes,Yes,Yes,Yes,Two year,1,Bank transfer (automatic),114.65,8333.95,0,6.851370700242263,Q2
3441-CGZJH,Female,0,1,1,43,0,No phone service,DSL,Yes,No,Yes,Yes,Yes,Yes,One year,1,Credit card (automatic),60.4,2640.55,0,6.833309251772854,Q2
6746-WAUWT,Male,0,0,0,19,1,No,No,No internet service,No internet service,No internet service,No internet service,No internet service,No internet service,One year,1,Credit card (automatic),19.7,386.5,0,6.826206995558142,Q2
2388-LAESQ,Female,1,1,0,72,1,Yes,Fiber optic,Yes,Yes,Yes,Yes,Yes,Yes,Two year,1,Bank transfer (automatic),114.85,8317.95,0,6.817883525371722,Q2
7971-HLVXI,Male,0,1,1,72,1,Yes,Fiber optic,No,No,No,No,No,Yes,Two year,1,Credit card (automatic),84.5,6130.85,0,6.814489146538477,Q2
6893-ODYYE,Male,0,0,0,50,1,No,Fiber optic,Yes,Yes,Yes,Yes,No,No,One year,1,Credit card (automatic),90.1,4549.45,0,6.813090813301119,Q2
2338-BQEZT,Female,0,0,0,55,1,No,DSL,Yes,No,No,No,No,No,Month-to-month,1,Credit card (automatic),50.55,2832.75,0,6.803101540724275,Q2
5393-HJZSM,Female,0,1,1,32,1,No,DSL,Yes,Yes,Yes,Yes,No,Yes,Month-to-month,0,Bank transfer (automatic),76.3,2404.15,0,6.800641832684858,Q2
8084-OIVBS,Female,0,0,0,11,1,No,No,No internet service,No internet service,No internet service,No internet service,No internet service,No internet service,One year,0,Mailed check,20.0,211.95,0,6.795170797586845,Q2
6416-JNVRK,Female,0,0,0,46,1,No,DSL,No,No,No,No,No,Yes,One year,0,Credit card (automatic),55.65,2688.85,0,6.788987560854295,Q2
3239-TPHPZ,Female,0,1,0,12,1,No,No,No internet service,No internet service,No internet service,No internet service,No internet service,No internet service,Two year,1,Electronic check,20.05,264.55,0,6.7731304158384615,Q2
2205-LPVGL,Male,1,1,1,58,1,Yes,Fiber optic,Yes,Yes,No,Yes,No,No,One year,1,Bank transfer (automatic),89.85,5125.75,0,6.765991313310497,Q2
4909-JOUPP,Male,1,1,0,72,1,Yes,Fiber optic,No,Yes,Yes,Yes,Yes,Yes,Two year,0,Credit card (automatic),109.7,7898.45,0,6.765978055690133,Q2
8029-XYPWT,Male,1,1,0,71,1,Yes,Fiber optic,Yes,Yes,Yes,Yes,Yes,Yes,Two year,1,Bank transfer (automatic),115.05,8016.6,0,6.765560865775691,Q2
4018-KJYUY,Male,0,0,1,22,1,No,No,No internet service,No internet service,No internet service,No internet service,No internet service,No internet service,Month-to-month,0,Credit card (automatic),20.15,432.5,0,6.763470175624156,Q2
0862-PRCBS,Female,0,1,1,68,1,Yes,Fiber optic,No,Yes,No,Yes,Yes,Yes,Two year,1,Credit card (automatic),103.75,7039.45,0,6.763090224625379,Q2
0536-BGFMZ,Female,0,1,0,28,1,No,No,No internet service,No internet service,No internet service,No internet service,No internet service,No internet service,Month-to-month,0,Mailed check,20.5,563.05,0,6.759821197086738,Q2
3146-JTQHR,Male,0,1,0,10,1,No,No,No internet service,No internet service,No internet service,No internet service,No internet service,No internet service,One year,0,Bank transfer (automatic),19.6,189.45,0,6.757369288384749,Q2
1042-HFUCW,Female,0,0,1,25,1,No,DSL,No,Yes,No,Yes,No,No,One year,1,Credit card (automatic),54.75,1266.35,0,6.75518200287657,Q2
9715-SBVSU,Male,0,1,1,14,1,No,DSL,Yes,Yes,No,No,No,Yes,Two year,1,Bank transfer (automatic),61.4,815.55,0,6.736233791150443,Q2
3556-BVQGL,Female,0,1,0,20,1,No,No,No internet service,No internet service,No internet service,No internet service,No internet service,No internet service,One year,1,Mailed check,20.0,416.45,0,6.725857093760681,Q2
0895-LNKRC,Male,0,1,1,6,1,No,No,No internet service,No internet service,No internet service,No internet service,No internet service,No internet service,One year,0,Mailed check,19.45,113.5,0,6.714605142643548,Q2
3259-KNMRR,Male,1,0,0,57,1,Yes,DSL,No,Yes,Yes,No,Yes,Yes,Two year,1,Bank transfer (automatic),79.75,4438.2,0,6.708309659282991,Q2
1431-CYWMH,Female,0,1,1,22,1,No,No,No internet service,No internet service,No internet service,No internet service,No internet service,No internet service,Month-to-month,0,Bank transfer (automatic),19.05,454.05,0,6.704370397680462,Q2
7021-XSNYE,Male,0,1,1,7,0,No phone service,DSL,Yes,No,Yes,Yes,No,Yes,Two year,0,Credit card (automatic),49.65,305.55,0,6.7025939601566344,Q2
0401-WDBXM,Male,0,1,1,72,1,Yes,Fiber optic,Yes,No,Yes,No,Yes,Yes,Two year,1,Bank transfer (automatic),105.55,7542.25,0,6.690158559635287,Q2
6250-CGGUN,Male,0,0,0,54,1,No,Fiber optic,Yes,No,Yes,Yes,No,No,One year,0,Electronic check,84.4,4484.05,0,6.687489596900691,Q2
6663-JOCQO,Male,0,1,1,31,1,Yes,DSL,Yes,Yes,No,Yes,No,Yes,One year,1,Bank transfer (automatic),75.25,2344.5,0,6.686343151031241,Q2
7868-TMWMZ,Female,1,1,0,60,1,No,Fiber optic,Yes,Yes,Yes,Yes,Yes,Yes,Two year,1,Bank transfer (automatic),110.0,6668.35,0,6.682580943572993,Q2
3363-DTIVD,Male,0,1,1,71,1,Yes,Fiber optic,Yes,No,Yes,No,Yes,Yes,Two year,0,Electronic check,105.55,7405.5,0,6.681881320588966,Q2
7753-USQYQ,Male,0,0,0,55,1,No,DSL,No,Yes,No,Yes,No,Yes,One year,1,Electronic check,64.2,3627.3,0,6.676871427258188,Q2
9351-HXDMR,Male,0,1,0,72,1,Yes,Fiber optic,Yes,No,Yes,Yes,Yes,Yes,Two year,1,Credit card (automatic),110.9,8240.85,0,6.669957600378177,Q2
6048-UWKAL,Female,1,1,0,69,1,Yes,Fiber optic,No,Yes,No,Yes,Yes,Yes,Two year,0,Credit card (automatic),105.4,6998.95,0,6.664861665720431,Q2
8869-LIHMK,Female,0,0,0,64,1,Yes,Fiber optic,Yes,Yes,Yes,Yes,Yes,Yes,Two year,1,Bank transfer (automatic),115.1,7334.05,0,6.663483891239361,Q2
8707-RMEZH,Female,1,1,0,69,1,No,Fiber optic,Yes,Yes,No,No,No,Yes,One year,0,Credit card (automatic),87.3,6055.55,0,6.652529335549261,Q2
7841-FCRQD,Female,0,1,0,33,1,No,DSL,No,Yes,No,Yes,No,No,One year,1,Credit card (automatic),53.75,1857.3,0,6.649166687515484,Q2
8628-MFKAX,Female,1,1,0,72,1,Yes,Fiber optic,Yes,Yes,Yes,Yes,Yes,Yes,Two year,1,Credit card (automatic),116.75,8277.05,0,6.639920450612961,Q2
4451-RWASJ,Male,0,1,1,15,1,No,No,No internet service,No internet service,No internet service,No internet service,No internet service,No internet service,One year,1,Mailed check,19.5,239.75,0,6.633207304063446,Q2
8016-ZMGMO,Female,1,1,0,66,1,Yes,DSL,No,Yes,Yes,No,Yes,No,One year,1,Bank transfer (automatic),70.85,4738.85,0,6.625587561191229,Q2
6967-PEJLL,Male,0,1,1,37,0,No phone service,DSL,Yes,No,Yes,Yes,No,No,One year,1,Electronic check,40.2,1525.35,0,6.6200469659796575,Q2
9229-RQABD,Male,0,0,0,18,1,Yes,No,No internet service,No internet service,No internet service,No internet service,No internet service,No internet service,One year,0,Mailed check,23.75,424.5,0,6.604981962134544,Q2
7492-TAFJD,Male,0,1,1,7,0,No phone service,DSL,Yes,Yes,Yes,No,No,No,Two year,0,Mailed check,38.55,280.0,0,6.603333106407969,Q2
7762-ONLJY,Female,0,1,1,6,1,No,No,No internet service,No internet service,No internet service,No internet service,No internet service,No internet service,One year,0,Mailed check,19.7,94.45,0,6.599973730244227,Q2
1930-BZLHI,Male,0,0,0,21,1,No,No,No internet service,No internet service,No internet service,No internet service,No internet service,No internet service,One year,1,Mailed check,20.35,422.7,0,6.595216906008187,Q2
1429-UYJSV,Female,0,0,0,12,1,No,No,No internet service,No internet service,No internet service,No internet service,No internet service,No internet service,One year,0,Mailed check,19.7,260.9,0,6.592359951414696,Q2
6050-FFXES,Female,0,1,0,69,1,Yes,Fiber optic,No,No,Yes,Yes,Yes,Yes,Two year,0,Bank transfer (automatic),105.35,7240.65,0,6.584384677348811,Q2
8097-VBQTZ,Male,0,0,0,54,1,No,DSL,Yes,Yes,No,Yes,Yes,No,Month-to-month,1,Mailed check,69.9,3883.3,0,6.577107048273137,Q2
5602-BVFMK,Female,0,0,0,12,1,No,No,No internet service,No internet service,No internet service,No internet service,No internet service,No internet service,One year,0,Mailed check,19.3,228.75,0,6.572595767883921,Q2
2434-EEVDB,Female,0,1,0,64,1,Yes,Fiber optic,Yes,No,Yes,No,Yes,No,Two year,1,Credit card (automatic),94.6,5948.7,0,6.560473246406062,Q2
2323-ARSVR,Male,0,1,0,67,1,No,Fiber optic,Yes,Yes,Yes,Yes,Yes,Yes,Two year,1,Electronic check,111.05,7321.05,0,6.558168192473883,Q2
0530-IJVDB,Male,0,0,1,70,1,Yes,Fiber optic,Yes,Yes,Yes,Yes,Yes,Yes,Two year,1,Electronic check,114.6,7882.5,0,6.556162239348248,Q2
1015-JPFYW,Male,0,0,1,7,1,No,No,No internet service,No internet service,No internet service,No internet service,No internet service,No internet service,One year,0,Mailed check,19.45,136.75,0,6.555264085464948,Q2
9796-MVYXX,Female,1,0,0,14,0,No phone service,DSL,Yes,No,Yes,Yes,No,No,Two year,0,Mailed check,39.7,692.35,0,6.552591697881882,Q2
8332-OSJDW,Male,0,1,1,12,1,Yes,No,No internet service,No internet service,No internet service,No internet service,No internet service,No internet service,One year,0,Mailed check,26.4,314.95,0,6.547502010332164,Q2
4425-OWHWB,Female,0,0,0,20,1,No,No,No internet service,No internet service,No internet service,No internet service,No internet service,No internet service,One year,1,Credit card (automatic),19.35,433.75,0,6.545806944046998,Q2
3244-CQPHU,Female,1,0,0,72,1,Yes,Fiber optic,Yes,Yes,No,Yes,Yes,Yes,Two year,1,Bank transfer (automatic),110.1,7746.7,0,6.53692136375585,Q2
1452-XRSJV,Female,0,1,1,39,1,No,DSL,Yes,No,No,No,No,No,Month-to-month,0,Credit card (automatic),51.05,2066.0,0,6.536149331437308,Q2
5944-UGLLK,Male,0,0,0,53,0,No phone service,DSL,No,No,Yes,Yes,Yes,Yes,One year,0,Credit card (automatic),54.9,3045.75,0,6.529570765934681,Q2
4508-OEBEY,Male,0,1,0,31,1,No,DSL,Yes,Yes,Yes,Yes,No,Yes,One year,1,Credit card (automatic),75.5,2424.45,0,6.527991103571382,Q2
1498-DQNRX,Female,0,1,0,29,1,No,No,No internet service,No internet service,No internet service,No internet service,No internet service,No internet service,Month-to-month,0,Mailed check,19.85,573.05,0,6.527768388492601,Q2
2546-KZAAT,Male,0,1,0,52,1,No,DSL,Yes,Yes,No,No,Yes,Yes,One year,1,Mailed check,75.4,3865.45,0,6.526009272342422,Q2
1338-CECEE,Male,0,1,1,41,1,Yes,DSL,No,Yes,Yes,No,Yes,No,One year,0,Bank transfer (automatic),68.5,2839.95,0,6.520784782556277,Q2
7233-IOQNP,Female,0,1,0,43,0,No phone service,DSL,Yes,No,No,Yes,No,No,Month-to-month,0,Bank transfer (automatic),34.0,1505.35,0,6.519110267048134,Q2
0020-JDNXP,Female,0,1,1,34,0,No phone service,DSL,Yes,No,Yes,Yes,Yes,Yes,One year,0,Mailed check,61.25,1993.2,0,6.51800941003353,Q2
2171-UDMFD,Male,0,1,1,32,1,No,No,No internet service,No internet service,No internet service,No internet service,No internet service,No internet service,Month-to-month,1,Credit card (automatic),19.45,674.55,0,6.506887147519389,Q2
7255-SSFBC,Male,0,1,1,72,1,Yes,Fiber optic,No,Yes,Yes,Yes,Yes,Yes,Two year,1,Bank transfer (automatic),112.25,8041.65,0,6.505317298120647,Q2
9442-JTWDL,Female,0,0,0,11,1,No,No,No internet service,No internet service,No internet service,No internet service,No internet service,No internet service,One year,0,Credit card (automatic),20.05,237.7,0,6.502196270029026,Q2
5915-DGNVC,Female,0,1,0,49,1,Yes,DSL,Yes,Yes,Yes,No,No,Yes,One year,0,Electronic check,71.8,3472.05,0,6.493261352907378,Q2
6999-CHVCF,Male,0,0,0,68,1,Yes,Fiber optic,Yes,Yes,Yes,No,No,Yes,Two year,1,Bank transfer (automatic),102.1,7149.35,0,6.484335277618189,Q2
8015-IHCGW,Female,0,1,1,72,1,Yes,Fiber optic,Yes,Yes,Yes,Yes,Yes,Yes,Two year,1,Electronic check,115.5,8425.15,0,6.479676596085071,Q2
8383-SGHJU,Female,0,0,0,33,1,Yes,DSL,Yes,No,No,Yes,No,No,One year,0,Electronic check,59.4,1952.8,0,6.46749737087123,Q2
4906-ZHGPK,Male,0,1,1,54,1,Yes,DSL,No,Yes,No,Yes,Yes,No,One year,1,Electronic check,70.7,3770.0,0,6.464752630416395,Q2
4933-IKULF,Female,1,0,0,17,1,No,No,No internet service,No internet service,No internet service,No internet service,No internet service,No internet service,One year,0,Mailed check,20.65,330.6,0,6.450365535551486,Q2
3750-YHRYO,Male,0,1,1,7,1,No,No,No internet service,No internet service,No internet service,No internet service,No internet service,No internet service,One year,0,Mailed check,20.65,150.0,0,6.416541944185465,Q2
2788-CJQAQ,Male,0,0,0,13,1,No,No,No internet service,No internet service,No internet service,No internet service,No internet service,No internet service,One year,0,Mailed check,19.45,270.2,0,6.415910764653514,Q2
1702-CCFNJ,Male,0,1,0,52,1,Yes,DSL,No,Yes,No,Yes,No,No,Month-to-month,0,Bank transfer (automatic),61.35,3169.55,0,6.41327485185842,Q2
4291-YZODP,Female,0,0,1,7,1,No,No,No internet service,No internet service,No internet service,No internet service,No internet service,No internet service,One year,0,Mailed check,20.05,96.8,0,6.408672548184188,Q2
0020-INWCK,Female,0,1,1,71,1,Yes,Fiber optic,No,Yes,Yes,No,No,Yes,Two year,1,Credit card (automatic),95.75,6849.4,0,6.403284372461047,Q2
2144-ESWKO,Male,0,0,0,43,0,No phone service,DSL,Yes,No,Yes,No,No,No,One year,1,Credit card (automatic),35.2,1463.7,0,6.403199220645763,Q2
4057-FKCZK,Male,0,1,1,58,1,Yes,Fiber optic,No,No,No,No,Yes,No,Two year,0,Bank transfer (automatic),82.5,4828.05,0,6.386487408934268,Q2
0619-OLYUR,Male,0,1,0,72,1,Yes,Fiber optic,Yes,No,Yes,Yes,Yes,Yes,Two year,1,Credit card (automatic),111.9,8071.05,0,6.385972788709745,Q2
5236-XMZJY,Female,0,0,0,42,1,No,DSL,Yes,Yes,Yes,No,No,No,Month-to-month,0,Bank transfer (automatic),59.65,2536.55,0,6.370577122024878,Q2
8788-DOXSU,Male,0,0,0,59,1,No,DSL,No,No,Yes,No,No,Yes,One year,1,Bank transfer (automatic),61.35,3645.5,0,6.370456148643995,Q2
9142-XMYJH,Female,0,0,0,29,1,No,No,No internet service,No internet service,No internet service,No internet service,No internet service,No internet service,Month-to-month,0,Credit card (automatic),19.35,601.6,0,6.355339012309239,Q2
5993-BQHEA,Male,0,0,0,12,1,No,No,No internet service,No internet service,No internet service,No internet service,No internet service,No internet service,One year,0,Credit card (automatic),20.05,267.0,0,6.34017810434957,Q2
0661-KQHNK,Female,0,1,1,6,1,No,No,No internet service,No internet service,No internet service,No internet service,No internet service,No internet service,One year,0,Credit card (automatic),19.0,105.5,0,6.339264801394857,Q2
0074-HDKDG,Male,0,1,1,25,1,No,DSL,Yes,Yes,Yes,No,No,No,One year,1,Bank transfer (automatic),61.6,1611.0,0,6.338718237103842,Q2
9931-DCEZH,Male,0,0,1,28,1,No,DSL,No,Yes,No,Yes,No,No,One year,1,Credit card (automatic),54.4,1516.6,0,6.331187710721271,Q2
4522-XRWWI,Male,0,1,0,42,1,Yes,DSL,Yes,No,No,Yes,Yes,Yes,One year,0,Credit card (automatic),80.45,3375.9,0,6.328135836545054,Q2
2351-RRBUE,Female,0,1,1,7,1,No,No,No internet service,No internet service,No internet service,No internet service,No internet service,No internet service,One year,0,Mailed check,20.65,134.05,0,6.324564861842316,Q2
5039-LZRQT,Female,0,0,0,13,1,No,No,No internet service,No internet service,No internet service,No internet service,No internet service,No internet service,One year,0,Mailed check,20.2,273.25,0,6.306284389740761,Q2
8595-SIZNC,Female,1,1,0,22,1,Yes,No,No internet service,No internet service,No internet service,No internet service,No internet service,No internet service,One year,0,Bank transfer (automatic),25.6,548.8,0,6.302903405834124,Q2
9617-UDPEU,Female,0,0,0,22,1,No,No,No internet service,No internet service,No internet service,No internet service,No internet service,No internet service,One year,1,Mailed check,19.25,412.55,0,6.293150685860953,Q2
7801-CEDNV,Male,0,1,0,27,1,No,DSL,Yes,No,No,No,No,No,One year,0,Credit card (automatic),48.7,1421.75,0,6.291390368475537,Q2
1915-OAKWD,Female,0,0,1,16,1,No,No,No internet service,No internet service,No internet service,No internet service,No internet service,No internet service,One year,1,Bank transfer (automatic),19.3,360.35,0,6.286197787486389,Q2
1760-CAZHT,Male,0,0,1,25,1,No,No,No internet service,No internet service,No internet service,No internet service,No internet service,No internet service,Month-to-month,0,Mailed check,20.8,460.2,0,6.264167228836219,Q2
2868-LLSKM,Female,0,1,1,68,1,Yes,Fiber optic,No,Yes,No,Yes,No,No,One year,1,Bank transfer (automatic),83.65,5733.4,0,6.259043859404652,Q2
3115-CZMZD,Male,0,0,1,0,1,No,No,No internet service,No internet service,No internet service,No internet service,No internet service,No internet service,Two year,0,Mailed check,20.25,,0,6.255509777177395,Q2
2798-NYLMZ,Male,0,1,0,71,1,Yes,Fiber optic,Yes,No,Yes,Yes,Yes,Yes,Two year,1,Credit card (automatic),108.55,7616.0,0,6.255173835866613,Q2
9917-KWRBE,Female,0,1,1,41,1,Yes,DSL,Yes,Yes,Yes,No,Yes,No,One year,1,Credit card (automatic),78.35,3211.2,0,6.2444043893653784,Q2
0635-WKOLD,Male,0,1,0,40,1,Yes,DSL,No,Yes,No,Yes,Yes,No,One year,0,Credit card (automatic),70.75,2921.75,0,6.241694438166536,Q2
8591-TKMZH,Male,0,1,1,59,1,Yes,Fiber optic,Yes,Yes,No,Yes,Yes,Yes,Two year,1,Mailed check,111.1,6555.2,0,6.221631934004675,Q2
1345-ZUKID,Male,0,0,0,14,1,No,No,No internet service,No internet service,No internet service,No internet service,No internet service,No internet service,One year,0,Mailed check,19.35,324.8,0,6.220088691782858,Q2
1680-VDCWW,Male,0,1,0,12,1,No,No,No internet service,No internet service,No internet service,No internet service,No internet service,No internet service,One year,0,Bank transfer (automatic),19.8,202.25,0,6.211857690005497,Q2
9127-FHJBZ,Male,0,1,1,72,1,Yes,Fiber optic,Yes,Yes,Yes,Yes,Yes,Yes,Two year,1,Electronic check,114.0,8093.15,0,6.20951022385687,Q2
8901-UPRHR,Female,0,1,1,72,1,Yes,Fiber optic,No,Yes,Yes,Yes,Yes,Yes,Two year,1,Bank transfer (automatic),109.2,7711.45,0,6.192314888617785,Q2
3705-RHRFR,Female,0,1,0,69,1,Yes,Fiber optic,Yes,No,No,No,Yes,Yes,Two year,0,Bank transfer (automatic),99.15,6875.35,0,6.180495665662568,Q2
3739-YBWAB,Male,0,1,0,36,0,No phone service,DSL,Yes,No,Yes,No,No,No,One year,0,Mailed check,35.35,1317.95,0,6.177318745714429,Q2
7644-OMVMY,Male,0,1,1,0,1,No,No,No internet service,No internet service,No internet service,No internet service,No internet service,No internet service,Two year,0,Mailed check,19.85,,0,6.169568421755105,Q2
9070-BCKQP,Female,0,1,0,72,1,Yes,Fiber optic,Yes,No,Yes,Yes,Yes,Yes,Two year,1,Credit card (automatic),110.15,7881.2,0,6.166666314767825,Q2
1661-CZBAU,Male,0,0,0,48,1,Yes,DSL,Yes,No,No,Yes,No,Yes,One year,1,Bank transfer (automatic),70.95,3629.2,0,6.155351118120903,Q2
6551-ZCOTS,Male,1,0,0,33,1,Yes,No,No internet service,No internet service,No internet service,No internet service,No internet service,No internet service,One year,1,Bank transfer (automatic),24.9,847.8,0,6.1338221647363245,Q2
3580-HYCSP,Male,0,1,1,72,1,Yes,Fiber optic,Yes,Yes,Yes,No,Yes,Yes,Two year,1,Bank transfer (automatic),110.3,7966.9,0,6.127860535683573,Q2
3372-CDXFJ,Male,0,1,1,13,1,Yes,No,No internet service,No internet service,No internet service,No internet service,No internet service,No internet service,One year,0,Bank transfer (automatic),24.5,343.6,0,6.120396861081249,Q2
2592-HODOV,Male,0,0,0,13,1,No,No,No internet service,No internet service,No internet service,No internet service,No internet service,No internet service,One year,0,Credit card (automatic),19.3,259.65,0,6.105111085670613,Q2
4369-NYSCF,Male,0,0,0,56,1,No,DSL,No,Yes,No,Yes,Yes,Yes,One year,1,Bank transfer (automatic),75.75,4284.65,0,6.104423401297352,Q2
2520-SGTTA,Female,0,1,1,0,1,No,No,No internet service,No internet service,No internet service,No internet service,No internet service,No internet service,Two year,0,Mailed check,20.0,,0,6.092805931382049,Q2
4815-YOSUK,Male,0,1,1,72,1,Yes,Fiber optic,Yes,Yes,Yes,Yes,No,Yes,One year,1,Credit card (automatic),104.9,7537.5,0,6.087893546904857,Q2
2364-UFROM,Male,0,0,0,30,1,No,DSL,Yes,Yes,No,Yes,Yes,No,One year,0,Electronic check,70.4,2044.75,0,6.077545229274939,Q2
0565-JUPYD,Male,0,0,0,63,1,Yes,Fiber optic,Yes,Yes,Yes,Yes,Yes,No,One year,0,Credit card (automatic),104.5,6590.8,0,6.077278734762524,Q2
4730-AWNAU,Male,0,1,1,36,0,No phone service,DSL,Yes,No,Yes,Yes,Yes,Yes,One year,0,Credit card (automatic),60.7,2234.55,0,6.068705723458797,Q2
8792-AOROI,Female,0,1,0,8,1,No,DSL,Yes,No,No,Yes,No,Yes,Two year,0,Mailed check,65.5,564.35,0,6.064890709653821,Q2
9483-GCPWE,Male,0,0,1,9,1,No,No,No internet service,No internet service,No internet service,No internet service,No internet service,No internet service,One year,0,Mailed check,20.1,190.25,0,6.052850865475561,Q2
0454-OKRCT,Male,0,0,0,33,1,No,Fiber optic,No,Yes,No,Yes,No,No,Two year,0,Bank transfer (automatic),80.6,2651.1,0,6.044587155499668,Q2
6427-FEFIG,Female,0,1,1,24,1,Yes,DSL,Yes,No,Yes,No,Yes,Yes,Two year,0,Credit card (automatic),78.6,1846.65,0,6.031138506455851,Q2
4686-GEFRM,Male,0,1,0,70,1,Yes,Fiber optic,No,Yes,Yes,Yes,No,Yes,Two year,1,Bank transfer (automatic),98.7,6858.9,0,6.018907364911084,Q2
3407-JMJQQ,Female,0,1,1,71,1,Yes,Fiber optic,Yes,Yes,Yes,No,Yes,Yes,Two year,1,Bank transfer (automatic),109.0,7661.8,0,6.018728682674577,Q2
8570-KLJYJ,Female,0,0,0,36,1,Yes,DSL,Yes,No,No,No,No,No,One year,0,Mailed check,54.45,1893.5,0,6.009049954118578,Q2
6993-YGFJV,Male,0,1,0,69,1,Yes,Fiber optic,Yes,Yes,Yes,Yes,Yes,Yes,Two year,1,Bank transfer (automatic),112.55,7806.5,0,6.001488880420784,Q2
1474-JUWSM,Female,0,1,0,58,1,Yes,DSL,Yes,No,No,Yes,No,Yes,One year,1,Electronic check,68.4,3972.25,0,5.998158257652814,Q2
1763-KUAAW,Female,1,0,0,18,1,No,No,No internet service,No internet service,No internet service,No internet service,No internet service,No internet service,One year,0,Bank transfer (automatic),20.35,369.6,0,5.992288056535875,Q2
1163-VIPRI,Female,0,1,1,65,1,Yes,Fiber optic,Yes,No,Yes,Yes,Yes,Yes,Two year,0,Electronic check,109.3,7337.55,0,5.984729477293639,Q2
9589-ABEPT,Male,0,1,0,69,1,Yes,Fiber optic,No,Yes,No,Yes,Yes,No,Two year,1,Mailed check,92.45,6460.55,0,5.9709834150994645,Q2
1090-PYKCI,Female,0,1,1,69,1,Yes,Fiber optic,Yes,Yes,Yes,Yes,Yes,No,One year,1,Credit card (automatic),105.1,7234.8,0,5.966487938850203,Q2
9788-HNGUT,Male,0,1,0,72,1,Yes,Fiber optic,Yes,Yes,Yes,Yes,Yes,Yes,Two year,1,Credit card (automatic),116.95,8594.4,0,5.9631198146352355,Q2
1320-GVNHT,Male,0,1,1,72,1,Yes,Fiber optic,Yes,Yes,Yes,No,Yes,Yes,Two year,1,Credit card (automatic),108.4,7767.25,0,5.961888923057945,Q2
0357-NVCRI,Female,0,0,1,25,1,No,No,No internet service,No internet service,No internet service,No internet service,No internet service,No internet service,Month-to-month,0,Credit card (automatic),20.05,471.7,0,5.953992772012686,Q2
1402-PTHGN,Female,0,1,1,18,1,No,DSL,Yes,Yes,No,Yes,No,No,One year,1,Mailed check,61.5,1087.45,0,5.9430189350408416,Q2
7925-PNRGI,Female,0,1,1,45,1,Yes,DSL,Yes,Yes,Yes,Yes,Yes,No,Month-to-month,0,Mailed check,81.3,3541.1,0,5.942315567630322,Q2
3315-IKYZQ,Male,0,1,1,28,0,No phone service,DSL,Yes,No,Yes,Yes,Yes,No,One year,0,Mailed check,50.8,1386.8,0,5.938441106351148,Q2
2710-WYVXG,Female,0,0,0,3,1,No,DSL,Yes,Yes,No,Yes,No,Yes,Two year,0,Mailed check,71.1,213.35,0,5.930583584058604,Q2
6171-ZTVYB,Male,0,1,0,43,1,Yes,DSL,Yes,Yes,No,Yes,No,No,Month-to-month,0,Bank transfer (automatic),66.25,2907.35,0,5.930535245131783,Q2
9046-JBFWA,Male,0,0,1,27,1,No,No,No internet service,No internet service,No internet service,No internet service,No internet service,No internet service,Month-to-month,0,Mailed check,19.15,537.35,0,5.9241098164684525,Q2
6174-NRBTZ,Male,0,0,0,46,0,No phone service,DSL,Yes,No,No,No,No,No,One year,1,Bank transfer (automatic),30.75,1489.3,0,5.92305550045882,Q2
8224-UAXBZ,Female,0,1,0,58,0,No phone service,DSL,Yes,Yes,No,No,Yes,No,One year,1,Electronic check,45.35,2540.1,0,5.922758053342272,Q2
1430-SFQSA,Male,0,0,0,29,0,No phone service,DSL,Yes,No,No,Yes,No,No,One year,0,Mailed check,35.6,1072.6,0,5.9219243019787555,Q2
8975-SKGRX,Male,0,1,0,71,1,Yes,Fiber optic,Yes,Yes,Yes,Yes,Yes,Yes,Two year,1,Bank transfer (automatic),116.1,8310.55,0,5.915544862234118,Q2
3721-CNZHX,Male,0,0,0,15,1,No,No,No internet service,No internet service,No internet service,No internet service,No internet service,No internet service,One year,0,Mailed check,19.8,304.6,0,5.913253250627815,Q2
7677-SJJJK,Male,0,1,1,8,1,No,No,No internet service,No internet service,No internet service,No internet service,No internet service,No internet service,One year,0,Credit card (automatic),19.9,153.95,0,5.900597138850876,Q2
6508-NJYRO,Male,0,1,0,15,1,No,No,No internet service,No internet service,No internet service,No internet service,No internet service,No internet service,One year,0,Mailed check,18.8,294.95,0,5.88801370795487,Q2
2368-GAKKQ,Female,0,0,0,70,1,Yes,Fiber optic,Yes,Yes,Yes,Yes,Yes,Yes,Two year,1,Bank transfer (automatic),113.65,7939.25,0,5.8875240124823005,Q2
4537-CIBHB,Female,0,1,1,9,1,No,No,No internet service,No internet service,No internet service,No internet service,No internet service,No internet service,One year,0,Mailed check,20.25,172.35,0,5.8724782965156725,Q2
8996-ZROXE,Male,1,0,0,57,1,No,DSL,No,No,Yes,Yes,No,No,One year,1,Electronic check,53.5,3035.8,0,5.871715650576827,Q2
7576-ASEJU,Female,0,1,1,41,1,No,DSL,Yes,No,No,Yes,Yes,Yes,One year,1,Credit card (automatic),74.7,3187.65,0,5.869785533046965,Q2
8727-XDPUD,Male,0,0,0,37,0,No phone service,DSL,No,No,No,No,Yes,No,Two year,0,Credit card (automatic),35.8,1316.9,0,5.8664551893192804,Q2
3340-QBBFM,Male,1,1,0,36,1,No,DSL,No,No,Yes,Yes,No,No,One year,0,Credit card (automatic),54.1,1992.85,0,5.845215651444889,Q2
1036-GUDCL,Male,0,1,1,60,1,No,DSL,Yes,Yes,No,Yes,Yes,Yes,Month-to-month,1,Credit card (automatic),79.05,4663.4,0,5.84243278260069,Q2
7817-OMJNA,Male,0,0,0,14,1,No,No,No internet service,No internet service,No internet service,No internet service,No internet service,No internet service,One year,0,Bank transfer (automatic),20.4,275.7,0,5.838678438636195,Q2
6244-BESBM,Male,0,1,1,69,1,No,Fiber optic,No,No,No,Yes,Yes,Yes,Two year,1,Credit card (automatic),95.2,6671.7,0,5.825326332122771,Q2
8898-KASCD,Male,0,0,0,39,0,No phone service,DSL,No,No,Yes,Yes,No,No,One year,0,Mailed check,35.55,1309.15,0,5.8176618934728825,Q2
8348-JLBUG,Male,1,1,0,64,1,No,Fiber optic,Yes,No,Yes,No,No,No,One year,0,Credit card (automatic),80.3,5017.7,0,5.814972018362872,Q2
5914-XRFQB,Male,0,1,0,72,1,Yes,Fiber optic,Yes,Yes,Yes,Yes,Yes,Yes,Two year,1,Bank transfer (automatic),115.8,8424.9,0,5.813020271885088,Q2
6650-BWFRT,Female,0,1,0,72,1,Yes,Fiber optic,Yes,Yes,Yes,Yes,Yes,Yes,Two year,1,Credit card (automatic),117.15,8529.5,0,5.80601547942575,Q2
0670-ANMUU,Male,0,0,0,71,1,Yes,Fiber optic,Yes,No,No,Yes,No,Yes,One year,0,Credit card (automatic),97.65,6687.85,0,5.805666689660303,Q2
3178-CIFOT,Female,0,0,0,23,1,No,No,No internet service,No internet service,No internet service,No internet service,No internet service,No internet service,One year,1,Credit card (automatic),19.65,478.1,0,5.797598748987374,Q2
4445-KWOKW,Female,0,0,0,42,1,Yes,DSL,Yes,Yes,No,No,No,No,One year,1,Bank transfer (automatic),60.15,2421.6,0,5.794101934408123,Q2
3301-VKTGC,Male,0,1,1,68,1,Yes,Fiber optic,Yes,Yes,No,No,No,No,One year,1,Bank transfer (automatic),85.5,5696.6,0,5.782834180322204,Q2
1866-NXPSP,Female,0,0,0,36,1,No,DSL,Yes,Yes,Yes,Yes,No,Yes,One year,1,Mailed check,75.55,2680.15,0,5.7815562068733355,Q2
7055-JCGNI,Female,0,0,0,70,1,Yes,Fiber optic,Yes,Yes,Yes,Yes,Yes,Yes,Two year,1,Credit card (automatic),111.95,7795.95,0,5.77888602486626,Q2
0727-BNRLG,Male,0,0,0,69,1,Yes,Fiber optic,No,Yes,Yes,Yes,Yes,No,Two year,1,Credit card (automatic),97.65,6743.55,0,5.778804790029849,Q2
3724-BSCVH,Male,0,1,1,10,1,No,No,No internet service,No internet service,No internet service,No internet service,No internet service,No internet service,One year,0,Mailed check,20.45,242.4,0,5.760740615300724,Q2
8226-BXGES,Male,0,1,0,64,1,Yes,Fiber optic,Yes,Yes,Yes,No,No,No,One year,0,Bank transfer (automatic),89.45,5692.65,0,5.75379987521085,Q2
6869-FGJJC,Male,0,0,0,68,1,No,Fiber optic,No,Yes,Yes,No,No,No,One year,0,Credit card (automatic),79.6,5461.45,0,5.742644624813717,Q2
8461-EFQYM,Female,0,0,0,38,1,Yes,No,No internet service,No internet service,No internet service,No internet service,No internet service,No internet service,One year,1,Electronic check,24.25,914.4,0,5.736325984518616,Q2
6614-FHDBO,Male,0,0,0,72,1,Yes,Fiber optic,No,Yes,Yes,Yes,Yes,Yes,Two year,0,Bank transfer (automatic),109.2,7878.3,0,5.7349435864315526,Q2
5756-OZRIO,Male,1,1,0,61,1,Yes,DSL,No,Yes,No,No,No,Yes,One year,0,Bank transfer (automatic),64.05,3902.6,0,5.729429994090478,Q2
5183-KLYEM,Female,0,0,0,72,1,Yes,Fiber optic,Yes,Yes,Yes,Yes,Yes,Yes,Two year,1,Credit card (automatic),112.75,8192.6,0,5.708028344391327,Q2
1043-UXOVO,Female,0,0,0,71,1,Yes,Fiber optic,Yes,Yes,Yes,Yes,Yes,Yes,Two year,1,Credit card (automatic),113.15,7993.3,0,5.702878514960256,Q2
8313-AFGBW,Male,0,1,0,47,1,No,DSL,No,Yes,Yes,No,Yes,Yes,Two year,0,Electronic check,73.6,3522.65,0,5.696747635016989,Q2
9199-PWQVC,Female,0,1,0,63,1,Yes,DSL,Yes,Yes,No,No,Yes,Yes,One year,1,Credit card (automatic),79.7,4786.15,0,5.695898907357152,Q2
9220-ZNKJI,Female,1,1,0,55,1,No,Fiber optic,No,No,Yes,Yes,Yes,No,Two year,0,Credit card (automatic),88.8,4805.3,0,5.69217044214442,Q2
0254-FNMCI,Female,0,0,0,72,1,No,Fiber optic,Yes,Yes,Yes,Yes,Yes,Yes,Two year,1,Electronic check,109.9,7624.2,0,5.680936519969861,Q2
0307-BCOPK,Female,0,0,0,16,1,No,No,No internet service,No internet service,No internet service,No internet service,No internet service,No internet service,One year,0,Mailed check,19.05,326.65,0,5.660809207878094,Q2
2200-DSAAL,Female,0,0,0,68,1,Yes,DSL,No,Yes,Yes,No,Yes,Yes,Two year,1,Electronic check,80.65,5330.2,0,5.6517809611774235,Q2
3224-DFQNQ,Female,0,1,0,66,1,Yes,Fiber optic,Yes,Yes,No,Yes,No,No,One year,0,Electronic check,89.0,5898.6,0,5.6514657469597145,Q2
2054-PJOCK,Female,0,0,0,60,1,Yes,DSL,No,No,Yes,Yes,Yes,Yes,One year,0,Credit card (automatic),80.55,4847.05,0,5.646692704918355,Q2
1303-SRDOK,Female,0,1,1,55,1,No,Fiber optic,No,No,No,No,No,No,Two year,1,Credit card (automatic),69.05,3842.6,0,5.645912147347017,Q2
5499-ECUTN,Female,0,1,0,47,1,No,DSL,Yes,No,Yes,No,Yes,No,One year,1,Credit card (automatic),66.05,3021.45,0,5.644335128281021,Q2
9938-TKDGL,Male,0,1,1,68,1,No,Fiber optic,Yes,No,No,Yes,Yes,Yes,Two year,1,Electronic check,99.55,6668.0,0,5.643929581403225,Q2
9298-WGMRW,Female,0,1,0,72,1,Yes,Fiber optic,Yes,Yes,Yes,Yes,Yes,Yes,Two year,1,Bank transfer (automatic),115.5,8312.75,0,5.63253001753833,Q2
2121-JAFOM,Female,0,1,0,72,1,Yes,Fiber optic,Yes,Yes,Yes,Yes,Yes,Yes,Two year,1,Credit card (automatic),115.55,8312.4,0,5.628808032702977,Q2
3669-WHAFY,Female,0,1,0,71,1,Yes,Fiber optic,Yes,Yes,Yes,Yes,Yes,Yes,Two year,1,Credit card (automatic),115.15,8078.1,0,5.621778319239142,Q2
7176-WRTNX,Male,0,0,0,70,1,Yes,Fiber optic,Yes,Yes,Yes,Yes,Yes,Yes,Two year,1,Bank transfer (automatic),114.95,7711.25,0,5.614292007651859,Q2
8559-WNQZS,Male,0,0,0,1,1,No,No,No internet service,No internet service,No internet service,No internet service,No internet service,No internet service,Two year,0,Mailed check,20.45,20.45,0,5.61379243635034,Q2
2380-DAMQP,Female,0,1,0,72,1,Yes,Fiber optic,Yes,Yes,Yes,Yes,Yes,Yes,Two year,0,Electronic check,115.15,8349.7,0,5.61225465808445,Q2
8606-CIQUL,Male,1,1,1,72,1,Yes,Fiber optic,Yes,Yes,Yes,Yes,Yes,Yes,Two year,1,Credit card (automatic),115.75,8399.15,0,5.605423789204135,Q2
8741-LQOBK,Female,0,1,1,46,0,No phone service,DSL,Yes,Yes,No,No,No,No,Month-to-month,0,Bank transfer (automatic),35.05,1620.25,0,5.599880468576872,Q2
6147-CBCRA,Female,0,1,0,33,1,No,No,No internet service,No internet service,No internet service,No internet service,No internet service,No internet service,Month-to-month,0,Mailed check,20.05,669.45,0,5.599618000430419,Q2
8630-QSGXK,Male,0,1,0,51,1,Yes,DSL,No,No,No,Yes,Yes,Yes,Two year,1,Bank transfer (automatic),75.2,3901.25,0,5.595044650901186,Q2
3043-SUDUA,Female,0,0,0,32,1,No,No,No internet service,No internet service,No internet service,No internet service,No internet service,No internet service,Month-to-month,0,Bank transfer (automatic),19.9,601.55,0,5.589563001216904,Q2
5172-RKOCB,Male,0,1,0,72,1,Yes,Fiber optic,Yes,Yes,No,Yes,Yes,Yes,Two year,1,Credit card (automatic),108.95,7875.0,0,5.588833186878217,Q2
1171-TYKUR,Male,0,1,0,47,1,Yes,No,No internet service,No internet service,No internet service,No internet service,No internet service,No internet service,Month-to-month,0,Electronic check,25.4,1139.2,0,5.578786449787721,Q2
3243-ZHOHY,Female,0,0,0,16,1,No,No,No internet service,No internet service,No internet service,No internet service,No internet service,No internet service,One year,0,Mailed check,20.1,296.15,0,5.576701938883565,Q2
5442-BXVND,Female,0,1,1,33,1,Yes,No,No internet service,No internet service,No internet service,No internet service,No internet service,No internet service,Month-to-month,0,Bank transfer (automatic),24.25,838.5,0,5.5757309830006285,Q2
4203-QGNZA,Female,0,0,1,28,1,No,No,No internet service,No internet service,No internet service,No internet service,No internet service,No internet service,Month-to-month,0,Mailed check,20.25,535.35,0,5.572488212221075,Q2
5038-ETMLM,Female,0,1,0,72,1,Yes,Fiber optic,Yes,Yes,Yes,Yes,Yes,Yes,Two year,1,Bank transfer (automatic),113.65,8182.75,0,5.5717851770530755,Q2
6878-GGDWG,Female,0,1,0,32,1,No,No,No internet service,No internet service,No internet service,No internet service,No internet service,No internet service,Month-to-month,0,Bank transfer (automatic),19.4,641.15,0,5.565055028008022,Q2
7696-AMHOD,Female,0,1,1,49,1,No,DSL,No,Yes,Yes,No,Yes,Yes,One year,0,Credit card (automatic),78.0,3824.2,0,5.56410470915244,Q2
9705-ZJBCG,Female,0,1,1,13,1,No,DSL,Yes,No,No,Yes,No,No,One year,0,Bank transfer (automatic),54.15,701.05,0,5.561496249278118,Q2
4627-MIHJH,Female,1,0,0,69,1,Yes,Fiber optic,Yes,No,Yes,Yes,Yes,Yes,Two year,0,Credit card (automatic),110.25,7467.55,0,5.5603350695303675,Q2
3766-EJLFL,Female,0,1,1,68,1,Yes,Fiber optic,Yes,No,Yes,Yes,Yes,Yes,Two year,1,Bank transfer (automatic),109.05,7508.55,0,5.560120155388949,Q2
5982-PSMKW,Female,0,1,1,23,1,Yes,DSL,Yes,Yes,Yes,Yes,Yes,Yes,Two year,1,Credit card (automatic),91.1,2198.3,0,5.554937837834174,Q2
4884-TVUQF,Female,1,0,0,57,1,Yes,Fiber optic,Yes,No,Yes,Yes,No,Yes,Two year,0,Credit card (automatic),101.3,5779.6,0,5.552269939091339,Q2
7100-FQPRV,Male,0,1,1,43,1,Yes,DSL,Yes,No,No,Yes,No,Yes,One year,1,Credit card (automatic),71.9,3173.35,0,5.551030442749361,Q2
0829-DDVLK,Female,0,0,0,15,1,No,No,No internet service,No internet service,No internet service,No internet service,No internet service,No internet service,One year,0,Credit card (automatic),20.1,302.45,0,5.548563906499671,Q2
1544-JJMYL,Male,0,0,0,27,1,No,DSL,Yes,No,Yes,Yes,Yes,No,One year,0,Credit card (automatic),69.35,1927.3,0,5.545795406924534,Q2
6211-WWLTF,Male,0,1,0,63,1,No,Fiber optic,Yes,No,Yes,No,Yes,Yes,Two year,0,Credit card (automatic),99.7,6330.4,0,5.539176283617101,Q2
7765-LWVVH,Female,0,1,1,72,1,Yes,Fiber optic,Yes,Yes,No,No,Yes,No,Two year,1,Electronic check,95.1,6843.15,0,5.535641103030148,Q2
3374-PZLXD,Male,0,0,0,34,1,No,No,No internet service,No internet service,No internet service,No internet service,No internet service,No internet service,Month-to-month,0,Mailed check,19.7,675.6,0,5.5204203070247,Q2
1841-YSJGV,Male,0,1,0,72,1,Yes,Fiber optic,Yes,Yes,No,Yes,Yes,Yes,Two year,1,Credit card (automatic),109.95,7852.4,0,5.5138509570726235,Q2
7191-ADRGF,Male,0,1,0,44,0,No phone service,DSL,No,Yes,Yes,No,Yes,Yes,Two year,0,Bank transfer (automatic),54.3,2390.45,0,5.509772116700591,Q2
2790-XUYMV,Male,0,0,1,71,1,Yes,Fiber optic,Yes,Yes,No,No,No,No,One year,1,Credit card (automatic),85.45,6028.95,0,5.506505924661669,Q2
9637-CDTKZ,Male,0,1,0,72,1,Yes,Fiber optic,Yes,Yes,Yes,Yes,Yes,Yes,Two year,1,Credit card (automatic),114.1,8086.4,0,5.505649887616361,Q2
9239-GZHZE,Female,0,1,0,72,1,Yes,Fiber optic,Yes,Yes,Yes,Yes,Yes,Yes,Two year,1,Credit card (automatic),113.65,8124.2,0,5.504422218496654,Q2
2190-PHBHR,Female,0,1,0,72,1,Yes,Fiber optic,Yes,Yes,No,No,No,Yes,Two year,1,Credit card (automatic),94.45,6921.7,0,5.469171992224386,Q2
0428-AXXLJ,Male,0,0,0,25,1,No,No,No internet service,No internet service,No internet service,No internet service,No internet service,No internet service,One year,1,Bank transfer (automatic),19.5,516.3,0,5.464397073948785,Q2
6752-APNJL,Male,0,1,1,42,1,No,DSL,Yes,Yes,No,No,No,No,Month-to-month,0,Mailed check,54.5,2301.15,0,5.45096094002183,Q2
9541-PWTWO,Female,0,0,0,52,1,Yes,DSL,No,No,Yes,Yes,Yes,Yes,Two year,1,Bank transfer (automatic),80.95,4233.95,0,5.447985427268061,Q2
6919-ELBGL,Male,1,1,1,72,1,Yes,Fiber optic,Yes,Yes,Yes,Yes,Yes,Yes,Two year,1,Bank transfer (automatic),114.95,8196.4,0,5.444751463065737,Q2
2907-ILJBN,Female,0,1,1,11,1,No,No,No internet service,No internet service,No internet service,No internet service,No internet service,No internet service,One year,0,Mailed check,20.6,233.9,0,5.441565839858415,Q2
5546-BYZSM,Female,0,0,0,41,1,No,No,No internet service,No internet service,No internet service,No internet service,No internet service,No internet service,Month-to-month,0,Electronic check,20.45,775.6,0,5.441289542438434,Q2
9860-LISIZ,Female,0,0,0,34,1,No,No,No internet service,No internet service,No internet service,No internet service,No internet service,No internet service,Month-to-month,0,Mailed check,20.35,673.2,0,5.428147353892456,Q2
9847-HNVGP,Male,0,0,0,17,1,No,No,No internet service,No internet service,No internet service,No internet service,No internet service,No internet service,One year,0,Mailed check,19.95,310.6,0,5.426739382986199,Q2
0840-DCNZE,Male,0,0,0,47,1,No,DSL,Yes,Yes,Yes,Yes,Yes,Yes,One year,1,Bank transfer (automatic),86.95,4138.9,0,5.42657324632876,Q2
9000-PLFUZ,Female,1,1,0,60,0,No phone service,DSL,No,Yes,No,No,Yes,Yes,Two year,1,Credit card (automatic),49.45,2907.55,0,5.424714410898738,Q2
3186-AJIEK,Male,0,0,0,66,1,No,Fiber optic,Yes,No,Yes,Yes,Yes,Yes,Two year,1,Bank transfer (automatic),105.65,6844.5,0,5.415969725932981,Q2
4598-ZADCK,Female,0,0,0,53,0,No phone service,DSL,Yes,Yes,Yes,Yes,Yes,No,One year,1,Electronic check,53.6,2879.2,0,5.414144466495586,Q2
5505-OVWQW,Female,0,0,0,17,1,No,No,No internet service,No internet service,No internet service,No internet service,No internet service,No internet service,One year,0,Mailed check,20.15,353.65,0,5.401601694812206,Q2
7375-WMVMT,Male,1,1,0,71,1,No,Fiber optic,No,Yes,Yes,Yes,No,Yes,Two year,1,Credit card (automatic),95.5,6707.15,0,5.396955693262897,Q2
7838-LAZFO,Male,0,1,0,45,1,No,DSL,Yes,Yes,Yes,No,Yes,Yes,One year,0,Bank transfer (automatic),78.8,3597.5,0,5.396565756740333,Q2
8746-BFOAJ,Male,1,0,0,21,1,No,No,No internet service,No internet service,No internet service,No internet service,No internet service,No internet service,One year,0,Bank transfer (automatic),20.5,429.55,0,5.3919389031757445,Q2
4616-EWBNJ,Female,0,0,0,16,1,No,No,No internet service,No internet service,No internet service,No internet service,No internet service,No internet service,One year,0,Bank transfer (automatic),20.1,318.6,0,5.360940967682271,Q2
3963-RYFNS,Female,0,0,0,72,1,Yes,Fiber optic,Yes,Yes,Yes,Yes,Yes,Yes,Two year,1,Bank transfer (automatic),116.45,8013.55,0,5.353611331719198,Q2
7609-NRNCA,Female,0,0,0,17,1,No,No,No internet service,No internet service,No internet service,No internet service,No internet service,No internet service,One year,0,Mailed check,19.55,280.85,0,5.3509092309330955,Q2
0013-SMEOE,Female,1,1,0,71,1,No,Fiber optic,Yes,Yes,Yes,Yes,Yes,Yes,Two year,1,Bank transfer (automatic),109.7,7904.25,0,5.350191077806192,Q2
4311-QTTAI,Female,0,0,0,16,1,No,No,No internet service,No internet service,No internet service,No internet service,No internet service,No internet service,One year,0,Credit card (automatic),19.35,295.55,0,5.341785438243898,Q2
9766-HGEDE,Female,0,1,0,17,1,No,No,No internet service,No internet service,No internet service,No internet service,No internet service,No internet service,One year,0,Mailed check,19.35,307.0,0,5.319583279760563,Q2
8969-PRHFK,Male,0,0,0,18,1,No,No,No internet service,No internet service,No internet service,No internet service,No internet service,No internet service,One year,0,Mailed check,19.65,411.25,0,5.317224910607153,Q2
8690-UPCZI,Male,0,1,1,29,1,Yes,DSL,Yes,No,No,Yes,Yes,No,One year,0,Bank transfer (automatic),69.05,1958.45,0,5.314119012782313,Q2
4717-GHADL,Female,0,0,0,50,1,Yes,DSL,No,Yes,No,Yes,Yes,Yes,Two year,1,Mailed check,79.6,4024.2,0,5.313544583514154,Q2
2039-JONDJ,Male,0,0,0,27,1,No,DSL,Yes,Yes,No,No,No,No,One year,0,Bank transfer (automatic),55.45,1477.65,0,5.301147173807348,Q2
3452-FLHYD,Male,0,1,0,25,1,No,No,No internet service,No internet service,No internet service,No internet service,No internet service,No internet service,One year,1,Bank transfer (automatic),20.95,495.15,0,5.297306601614295,Q2
8499-BRXTD,Male,0,0,0,18,1,No,No,No internet service,No internet service,No internet service,No internet service,No internet service,No internet service,One year,0,Mailed check,20.1,401.85,0,5.2868862566205,Q2
8099-MZPUJ,Male,0,1,1,48,1,Yes,Fiber optic,Yes,Yes,Yes,Yes,Yes,Yes,Two year,0,Credit card (automatic),111.8,5443.65,0,5.278273328785353,Q2
9621-OUPYD,Female,0,1,0,25,1,No,No,No internet service,No internet service,No internet service,No internet service,No internet service,No internet service,One year,1,Bank transfer (automatic),20.2,507.9,0,5.276543686023404,Q2
1325-USMEC,Male,0,1,0,70,1,Yes,Fiber optic,Yes,Yes,Yes,No,Yes,No,Two year,1,Credit card (automatic),99.35,6944.5,0,5.272727627321704,Q2
5887-IKKYO,Male,0,1,1,58,1,Yes,Fiber optic,No,No,Yes,Yes,No,Yes,Two year,0,Bank transfer (automatic),94.35,5563.65,0,5.267160671160681,Q2
4578-PHJYZ,Male,0,1,1,52,1,No,DSL,No,Yes,Yes,Yes,Yes,No,One year,1,Electronic check,68.75,3482.85,0,5.262007988446943,Q2
8777-PVYGU,Female,0,1,0,52,1,No,DSL,Yes,No,Yes,No,Yes,No,One year,1,Mailed check,64.3,3410.6,0,5.250672183853347,Q2
3259-QMXUN,Male,0,1,0,58,1,Yes,DSL,Yes,Yes,Yes,No,Yes,Yes,Two year,1,Electronic check,86.1,4890.5,0,5.248123811259391,Q2
0930-EHUZA,Female,0,0,0,36,1,No,DSL,Yes,Yes,Yes,Yes,Yes,No,One year,1,Mailed check,76.35,2606.35,0,5.2435138901510125,Q2
8208-EUMTE,Male,0,0,0,16,0,No phone service,DSL,Yes,Yes,Yes,Yes,Yes,No,Two year,0,Mailed check,54.85,916.15,0,5.242366335792235,Q2
3026-ATZYV,Female,0,1,1,37,1,No,DSL,Yes,Yes,No,No,Yes,Yes,One year,0,Bank transfer (automatic),75.1,2658.8,0,5.236829478062819,Q2
9534-NSXEM,Male,0,0,0,26,1,No,No,No internet service,No internet service,No internet service,No internet service,No internet service,No internet service,One year,1,Credit card (automatic),20.65,595.5,0,5.236508245326723,Q2
1133-KXCGE,Female,0,0,0,18,1,No,No,No internet service,No internet service,No internet service,No internet service,No internet service,No internet service,One year,0,Mailed check,20.1,407.05,0,5.2318841062628865,Q2
1599-MMYRQ,Male,0,1,1,62,1,No,Fiber optic,Yes,Yes,No,No,No,No,One year,1,Credit card (automatic),81.45,4983.05,0,5.2270707789728625,Q2
1576-PFZIW,Male,1,1,0,70,1,No,Fiber optic,Yes,Yes,Yes,No,Yes,Yes,Two year,0,Credit card (automatic),105.35,7511.9,0,5.22161029735617,Q2
8498-XXGWA,Female,0,1,0,65,1,No,DSL,Yes,No,Yes,No,No,No,Month-to-month,1,Mailed check,55.15,3673.15,0,5.2180364274365605,Q2
6434-TTGJP,Male,0,1,1,10,0,No phone service,DSL,Yes,Yes,Yes,Yes,No,Yes,Two year,0,Credit card (automatic),53.7,521.0,0,5.215614188123589,Q2
3214-IYUUQ,Female,0,1,0,61,1,No,Fiber optic,Yes,Yes,No,Yes,No,Yes,One year,0,Bank transfer (automatic),93.7,5860.7,0,5.2038766139525015,Q2
0042-JVWOJ,Male,0,0,0,26,1,No,No,No internet service,No internet service,No internet service,No internet service,No internet service,No internet service,One year,1,Bank transfer (automatic),19.6,471.85,0,5.1866009424835635,Q2
7472-EQOAV,Male,1,1,1,71,1,No,Fiber optic,Yes,Yes,Yes,No,No,No,One year,1,Bank transfer (automatic),86.7,6179.35,0,5.175520321079265,Q2
6510-UPNKS,Female,0,0,0,23,1,Yes,No,No internet service,No internet service,No internet service,No internet service,No internet service,No internet service,One year,0,Credit card (automatic),24.8,615.35,0,5.16868611501769,Q2
7602-MVRMB,Female,0,1,1,72,1,Yes,Fiber optic,Yes,No,Yes,Yes,Yes,Yes,Two year,1,Bank transfer (automatic),110.45,8058.85,0,5.166869707429145,Q2
2453-SAFNS,Female,1,0,0,54,1,Yes,DSL,No,Yes,No,Yes,Yes,No,One year,0,Mailed check,72.1,3886.05,0,5.163229161625561,Q2
6543-JXSOO,Female,0,1,1,23,1,No,DSL,Yes,Yes,No,Yes,No,No,One year,1,Mailed check,57.75,1282.85,0,5.1522627458806705,Q2
7279-NMVJC,Female,0,0,0,17,1,No,No,No internet service,No internet service,No internet service,No internet service,No internet service,No internet service,One year,0,Bank transfer (automatic),19.9,323.15,0,5.149370732953015,Q2
9027-TMATR,Female,0,1,0,43,1,No,DSL,Yes,No,Yes,Yes,Yes,Yes,Two year,1,Electronic check,78.8,3460.3,0,5.1458731668695314,Q2
5844-QVTAT,Female,0,1,1,33,1,No,DSL,Yes,Yes,Yes,No,No,No,One year,1,Mailed check,58.45,1955.4,0,5.142648690707622,Q2
5917-HBSDW,Female,0,1,1,37,1,No,No,No internet service,No internet service,No internet service,No internet service,No internet service,No internet service,Month-to-month,0,Electronic check,19.35,683.75,0,5.133435207877005,Q2
4359-INNWN,Female,0,0,0,17,1,No,No,No internet service,No internet service,No internet service,No internet service,No internet service,No internet service,One year,0,Credit card (automatic),20.05,337.9,0,5.129643452387462,Q2
8024-XNAFQ,Female,1,0,0,72,1,Yes,Fiber optic,Yes,Yes,Yes,Yes,No,Yes,Two year,1,Bank transfer (automatic),107.4,7748.75,0,5.125980460421178,Q2
0019-EFAEP,Female,0,0,0,72,1,Yes,Fiber optic,Yes,Yes,Yes,No,Yes,No,Two year,1,Bank transfer (automatic),101.3,7261.25,0,5.116424861978743,Q2
6726-NNFWD,Female,1,1,0,71,1,No,Fiber optic,No,Yes,Yes,No,No,Yes,Two year,0,Credit card (automatic),89.45,6435.25,0,5.1134739706182275,Q2
2927-CVULT,Female,0,1,1,53,1,Yes,Fiber optic,Yes,Yes,Yes,Yes,No,Yes,Two year,1,Bank transfer (automatic),104.05,5566.4,0,5.084176206854335,Q2
7839-NUIAA,Female,0,1,1,61,1,Yes,DSL,Yes,Yes,No,No,No,No,Month-to-month,0,Electronic check,59.8,3641.5,0,5.069694192617037,Q2
9046-DQMTP,Male,0,0,0,35,1,No,No,No internet service,No internet service,No internet service,No internet service,No internet service,No internet service,Month-to-month,0,Bank transfer (automatic),20.75,739.9,0,5.069023819219852,Q2
6176-YJWAS,Male,0,1,0,72,1,Yes,Fiber optic,Yes,Yes,Yes,No,Yes,No,Two year,1,Credit card (automatic),97.95,7114.25,0,5.064291399700989,Q2
4323-ELYYB,Male,0,1,1,13,1,No,No,No internet service,No internet service,No internet service,No internet service,No internet service,No internet service,One year,0,Mailed check,20.0,218.55,0,5.061992649082171,Q2
4378-MYPGO,Male,0,1,1,68,1,No,Fiber optic,Yes,Yes,Yes,No,Yes,Yes,Two year,1,Bank transfer (automatic),105.25,7173.15,0,5.059936742428963,Q2
9553-DLCLU,Female,0,0,1,13,1,Yes,DSL,Yes,Yes,Yes,Yes,Yes,Yes,Two year,0,Credit card (automatic),88.95,1161.75,0,5.059849060782485,Q2
7691-KGKGP,Male,0,1,1,53,1,No,DSL,No,Yes,No,Yes,Yes,No,Month-to-month,0,Credit card (automatic),65.0,3363.8,0,5.053228607990819,Q2
9330-DHBFL,Female,0,1,1,23,1,No,DSL,Yes,Yes,Yes,Yes,No,No,One year,1,Mailed check,66.25,1533.8,0,5.026098493844313,Q2
7005-CYUIL,Female,1,1,0,71,1,No,Fiber optic,Yes,Yes,Yes,Yes,Yes,No,Two year,1,Electronic check,99.4,7168.25,0,5.020431945847439,Q2
3551-GAEGL,Male,0,1,1,34,0,No phone service,DSL,Yes,No,No,No,No,No,One year,0,Bank transfer (automatic),30.4,938.65,0,5.017258387103216,Q2
9625-QNLUX,Male,0,1,1,68,1,No,Fiber optic,Yes,Yes,Yes,No,Yes,Yes,Two year,1,Credit card (automatic),103.25,7074.4,0,5.017189769456724,Q2
6445-TNRXS,Male,0,1,1,68,1,Yes,Fiber optic,Yes,Yes,Yes,Yes,Yes,Yes,Two year,1,Bank transfer (automatic),114.7,7849.85,0,5.011549794607375,Q2
5061-PBXFW,Female,0,1,1,32,1,No,DSL,Yes,Yes,No,Yes,No,No,Month-to-month,0,Bank transfer (automatic),61.4,1864.65,0,5.009669934460288,Q2
5575-GNVDE,Male,0,0,0,34,1,No,DSL,Yes,No,Yes,No,No,No,One year,0,Mailed check,56.95,1889.5,0,5.0042793409331505,Q2
1282-IHQAC,Male,1,0,0,70,0,No phone service,DSL,No,Yes,Yes,No,Yes,No,One year,1,Credit card (automatic),44.05,3011.65,0,5.003897962752,Q2
8738-JOKAR,Female,0,0,0,42,1,No,DSL,Yes,Yes,No,Yes,No,Yes,One year,1,Mailed check,67.7,2882.25,0,5.002391377628988,Q2
9313-CDOGY,Male,0,1,1,38,1,No,No,No internet service,No internet service,No internet service,No internet service,No internet service,No internet service,Month-to-month,0,Electronic check,19.6,717.3,0,5.001774433869101,Q2
7369-TRPFD,Male,0,0,0,19,1,No,No,No internet service,No internet service,No internet service,No internet service,No internet service,No internet service,One year,0,Mailed check,18.8,279.2,0,4.997072316951325,Q2
6670-MFRPK,Male,0,1,1,69,1,Yes,Fiber optic,No,No,Yes,No,No,No,Two year,1,Credit card (automatic),79.2,5420.65,0,4.990628822962845,Q2
0572-ZJKLT,Female,0,1,1,46,1,Yes,Fiber optic,Yes,No,Yes,Yes,No,Yes,Two year,0,Mailed check,99.65,4630.2,0,4.988909369561743,Q2
1455-HFBXA,Male,0,1,0,52,1,Yes,Fiber optic,Yes,No,Yes,Yes,No,No,Two year,1,Credit card (automatic),91.6,4627.8,0,4.984642325559849,Q2
1131-ALZWV,Female,0,0,0,24,1,Yes,No,No internet service,No internet service,No internet service,No internet service,No internet service,No internet service,One year,0,Bank transfer (automatic),24.6,605.25,0,4.971441279747349,Q2
9207-ZPANB,Male,0,0,0,37,1,Yes,DSL,Yes,Yes,Yes,Yes,No,No,One year,0,Electronic check,67.45,2443.3,0,4.970831850598299,Q2
5327-XOKKY,Male,1,1,0,72,1,Yes,DSL,No,No,Yes,No,Yes,Yes,Two year,1,Credit card (automatic),73.45,5329.0,0,4.962700564847038,Q2
5186-PEIZU,Female,0,0,0,35,1,No,No,No internet service,No internet service,No internet service,No internet service,No internet service,No internet service,Month-to-month,0,Bank transfer (automatic),19.25,617.65,0,4.9597187271496015,Q2
0868-VJRDR,Male,0,1,0,64,1,No,Fiber optic,Yes,Yes,No,Yes,Yes,Yes,Two year,1,Credit card (automatic),104.05,6605.55,0,4.95900534486731,Q2
2030-BTZRO,Male,0,1,1,6,1,No,No,No internet service,No internet service,No internet service,No internet service,No internet service,No internet service,Two year,1,Credit card (automatic),20.4,107.6,0,4.9573074367176435,Q2
3549-ZTMNH,Male,0,1,1,12,1,Yes,No,No internet service,No internet service,No internet service,No internet service,No internet service,No internet service,Two year,1,Bank transfer (automatic),24.0,269.65,0,4.95697538307188,Q2
4778-IZARL,Male,0,1,0,63,1,No,Fiber optic,Yes,Yes,Yes,Yes,Yes,Yes,Two year,1,Credit card (automatic),110.1,6705.7,0,4.9498184374846055,Q2
9845-QOMAD,Male,0,1,1,14,1,No,No,No internet service,No internet service,No internet service,No internet service,No internet service,No internet service,One year,0,Mailed check,19.75,309.35,0,4.9478108873067965,Q2
8612-GXIDD,Male,0,1,1,12,1,Yes,No,No internet service,No internet service,No internet service,No internet service,No internet service,No internet service,Two year,1,Bank transfer (automatic),25.4,313.0,0,4.941781722930556,Q2
5791-KAJFD,Female,0,1,1,56,1,Yes,DSL,Yes,No,Yes,No,No,Yes,One year,1,Bank transfer (automatic),68.75,3808.0,0,4.931507444267011,Q2
1790-NESIO,Female,0,0,0,13,1,No,No,No internet service,No internet service,No internet service,No internet service,No internet service,No internet service,Two year,1,Mailed check,20.4,261.3,0,4.923859180339543,Q2
6509-TSGWN,Female,0,1,1,37,1,Yes,No,No internet service,No internet service,No internet service,No internet service,No internet service,No internet service,Month-to-month,0,Mailed check,26.45,911.6,0,4.914316667246787,Q2
4086-ATNFV,Female,0,1,1,34,1,No,DSL,Yes,Yes,Yes,No,No,No,One year,1,Mailed check,60.8,2042.05,0,4.910315593736951,Q2
9289-LBQVU,Male,0,1,0,64,1,Yes,DSL,No,Yes,No,Yes,No,Yes,One year,1,Mailed check,70.15,4480.7,0,4.905524868096222,Q2
9955-QOPOY,Male,0,1,0,69,0,No phone service,DSL,No,Yes,Yes,Yes,Yes,Yes,One year,1,Credit card (automatic),60.8,4263.4,0,4.902954031341225,Q2
3396-DKDEL,Female,0,1,1,70,1,Yes,Fiber optic,Yes,Yes,Yes,Yes,Yes,Yes,Two year,1,Credit card (automatic),115.15,8250.0,0,4.900824022341499,Q2
7951-VRDVK,Female,0,0,0,36,1,No,DSL,Yes,Yes,Yes,Yes,Yes,Yes,One year,0,Bank transfer (automatic),85.85,3003.55,0,4.891068081601765,Q2
3131-NWVFJ,Female,0,1,1,14,1,No,No,No internet service,No internet service,No internet service,No internet service,No internet service,No internet service,One year,0,Mailed check,19.55,294.5,0,4.885896145503263,Q2
8085-MSNLK,Female,0,1,0,62,1,Yes,Fiber optic,Yes,Yes,Yes,Yes,Yes,Yes,Two year,0,Mailed check,113.95,6891.4,0,4.882424226836359,Q2
4513-CXYIX,Female,1,1,0,71,1,Yes,Fiber optic,Yes,No,No,No,No,No,Two year,1,Credit card (automatic),80.7,5676.0,0,4.875075489374532,Q2
2197-OMWGI,Female,1,1,1,68,0,No phone service,DSL,No,Yes,Yes,No,Yes,Yes,Two year,1,Electronic check,53.0,3656.25,0,4.872262772296786,Q2
6867-ACCZI,Female,0,1,1,24,0,No phone service,DSL,Yes,Yes,Yes,Yes,No,Yes,Two year,1,Mailed check,52.5,1208.15,0,4.857934509317849,Q2
3658-QQJYD,Male,0,0,0,62,1,No,DSL,Yes,Yes,No,No,Yes,Yes,One year,1,Credit card (automatic),74.3,4698.05,0,4.855706058722105,Q2
7710-JSYOA,Female,0,1,1,69,1,Yes,Fiber optic,No,Yes,No,Yes,No,Yes,Two year,1,Bank transfer (automatic),93.3,6398.05,0,4.853230806873043,Q2
9906-NHHVC,Female,1,0,0,65,0,No phone service,DSL,No,Yes,Yes,No,Yes,Yes,Two year,1,Bank transfer (automatic),53.5,3517.9,0,4.851210665577374,Q2
3410-YOQBQ,Female,0,0,0,31,1,No,DSL,No,Yes,Yes,Yes,Yes,Yes,Two year,0,Mailed check,79.2,2497.2,0,4.849765705218443,Q2
2829-HYVZP,Male,0,0,0,29,1,No,No,No internet service,No internet service,No internet service,No internet service,No internet service,No internet service,One year,1,Mailed check,19.8,572.2,0,4.8494980764162605,Q2
6371-NZYEG,Male,0,1,1,16,1,No,DSL,Yes,No,Yes,No,Yes,No,Two year,0,Mailed check,64.25,1024.0,0,4.844303558303835,Q2
9959-WOFKT,Male,0,0,1,71,1,Yes,Fiber optic,Yes,No,Yes,No,Yes,Yes,Two year,0,Bank transfer (automatic),106.7,7382.25,0,4.832812919439555,Q2
8328-SKJNO,Male,0,0,1,23,0,No phone service,DSL,Yes,Yes,No,Yes,No,No,One year,0,Bank transfer (automatic),40.65,947.4,0,4.830234708986698,Q2
7325-ENZFI,Female,0,0,0,39,0,No phone service,DSL,Yes,Yes,No,Yes,No,No,One year,1,Bank transfer (automatic),40.3,1630.4,0,4.822244099829647,Q2
2320-TZRRH,Female,0,0,0,20,1,No,No,No internet service,No internet service,No internet service,No internet service,No internet service,No internet service,One year,0,Mailed check,19.5,403.15,0,4.82052031478261,Q2
7995-ZHHNZ,Male,0,1,0,42,1,Yes,DSL,Yes,No,No,No,No,No,One year,0,Credit card (automatic),56.1,2386.85,0,4.818814412248296,Q2
5965-GGPRW,Male,0,1,1,72,1,Yes,Fiber optic,Yes,No,Yes,No,Yes,Yes,Two year,0,Bank transfer (automatic),105.25,7609.75,0,4.796871962496531,Q2
3795-CAWEX,Male,0,1,1,70,1,Yes,Fiber optic,Yes,Yes,Yes,Yes,Yes,Yes,Two year,1,Credit card (automatic),116.55,8152.3,0,4.794015460446628,Q2
4376-KFVRS,Male,0,1,1,72,1,Yes,Fiber optic,Yes,Yes,Yes,Yes,Yes,Yes,Two year,1,Credit card (automatic),114.05,8468.2,0,4.789510451011485,Q2
4092-OFQZS,Male,0,1,0,20,1,No,No,No internet service,No internet service,No internet service,No internet service,No internet service,No internet service,One year,0,Mailed check,20.65,417.5,0,4.786995265351732,Q2
5726-CVNYA,Female,0,1,1,8,1,No,No,No internet service,No internet service,No internet service,No internet service,No internet service,No internet service,Two year,1,Mailed check,19.85,146.6,0,4.778176942236639,Q2
7569-NMZYQ,Female,0,1,1,72,1,Yes,Fiber optic,Yes,Yes,Yes,Yes,Yes,Yes,Two year,1,Bank transfer (automatic),118.75,8672.45,0,4.76578006731102,Q2
1272-ILHFG,Male,0,1,1,15,1,No,No,No internet service,No internet service,No internet service,No internet service,No internet service,No internet service,One year,0,Mailed check,19.65,332.65,0,4.765560616910338,Q2
7244-QWYHG,Male,0,1,0,50,0,No phone service,DSL,Yes,No,No,Yes,Yes,No,One year,1,Bank transfer (automatic),44.45,2188.45,0,4.7645943321098105,Q2
0254-KCJGT,Male,0,1,0,52,1,Yes,DSL,Yes,Yes,Yes,Yes,No,Yes,One year,1,Credit card (automatic),81.4,4354.45,0,4.764015773613066,Q2
8400-WZICQ,Female,0,1,1,55,1,No,DSL,Yes,Yes,No,No,No,No,Month-to-month,0,Electronic check,55.7,3131.8,0,4.762518764272141,Q2
2223-GDSHL,Male,0,1,1,71,1,Yes,Fiber optic,Yes,Yes,Yes,Yes,Yes,Yes,Two year,1,Bank transfer (automatic),116.05,8297.5,0,4.762169637385492,Q2
9619-GSATL,Female,0,0,0,43,1,No,DSL,No,Yes,No,Yes,No,No,One year,0,Electronic check,55.45,2444.25,0,4.761204630071241,Q2
1741-WTPON,Male,0,1,1,56,1,Yes,Fiber optic,Yes,Yes,Yes,Yes,Yes,Yes,Two year,0,Mailed check,115.85,6567.9,0,4.7567697780550215,Q2
5855-EIBDE,Female,0,1,0,49,1,Yes,Fiber optic,Yes,Yes,Yes,Yes,No,Yes,Two year,0,Credit card (automatic),106.65,5174.35,0,4.749530213267425,Q2
6598-KELSS,Male,0,0,1,50,0,No phone service,DSL,Yes,Yes,No,No,Yes,No,One year,1,Bank transfer (automatic),43.05,2208.05,0,4.74256337839521,Q2
1178-PZGAB,Female,0,0,0,19,1,No,No,No internet service,No internet service,No internet service,No internet service,No internet service,No internet service,One year,0,Credit card (automatic),20.25,383.65,0,4.740794943815834,Q2
7605-BDWDC,Female,0,0,0,31,0,No phone service,DSL,Yes,Yes,No,Yes,No,Yes,Two year,1,Bank transfer (automatic),49.85,1520.1,0,4.7387271423718405,Q2
5312-TSZVC,Female,0,0,1,15,1,No,No,No internet service,No internet service,No internet service,No internet service,No internet service,No internet service,One year,0,Mailed check,19.65,270.6,0,4.730756246973354,Q2
6765-MBQNU,Female,0,1,0,26,1,Yes,No,No internet service,No internet service,No internet service,No internet service,No internet service,No internet service,One year,0,Mailed check,26.0,684.05,0,4.730092566344022,Q2
3726-TBHQT,Male,0,1,1,71,1,Yes,Fiber optic,Yes,Yes,Yes,Yes,Yes,Yes,Two year,1,Bank transfer (automatic),114.0,8175.9,0,4.727539104896803,Q2
2361-FJWNO,Male,0,0,0,40,0,No phone service,DSL,No,Yes,No,Yes,No,No,One year,0,Credit card (automatic),36.0,1382.9,0,4.725097750969078,Q2
6114-TCFID,Female,0,0,0,29,0,No phone service,DSL,Yes,Yes,No,Yes,No,No,One year,0,Credit card (automatic),39.5,1082.75,0,4.722173868427666,Q2
8106-GWQOK,Male,0,1,0,38,0,No phone service,DSL,Yes,Yes,No,Yes,Yes,Yes,Two year,1,Bank transfer (automatic),60.0,2193.2,0,4.722103863200276,Q2
0675-NCDYU,Female,0,1,1,72,1,Yes,Fiber optic,Yes,Yes,Yes,Yes,Yes,Yes,Two year,1,Credit card (automatic),116.4,8543.25,0,4.718431483557481,Q2
3082-YVEKW,Female,0,1,1,23,1,Yes,DSL,Yes,No,Yes,Yes,Yes,No,Two year,1,Bank transfer (automatic),77.15,1759.4,0,4.717527294351793,Q2
7996-BPXHY,Female,0,1,1,13,1,Yes,No,No internet service,No internet service,No internet service,No internet service,No internet service,No internet service,Two year,1,Bank transfer (automatic),25.0,332.5,0,4.716441761580857,Q2
2245-ADZFJ,Female,0,1,1,31,1,Yes,DSL,No,Yes,No,Yes,Yes,Yes,Two year,0,Bank transfer (automatic),80.55,2471.6,0,4.715201879468496,Q2
7813-TKCVO,Female,0,1,0,20,1,No,No,No internet service,No internet service,No internet service,No internet service,No internet service,No internet service,One year,0,Mailed check,20.35,393.15,0,4.713603793884986,Q2
0056-EPFBG,Male,0,1,1,20,0,No phone service,DSL,Yes,No,Yes,Yes,No,No,Two year,1,Credit card (automatic),39.4,825.4,0,4.713195840004931,Q2
9702-AIUJO,Male,0,1,1,50,1,No,DSL,No,No,No,No,No,No,One year,1,Bank transfer (automatic),44.8,2230.85,0,4.713013670460804,Q2
6007-TCTST,Female,0,1,1,72,1,Yes,Fiber optic,Yes,Yes,Yes,Yes,Yes,Yes,Two year,1,Bank transfer (automatic),115.8,8476.5,0,4.694147035229168,Q2
9174-IHETN,Female,0,0,1,50,1,No,Fiber optic,No,No,No,No,No,No,Two year,0,Credit card (automatic),70.35,3533.6,0,4.689354550493229,Q2
7994-XIRTR,Male,1,0,0,54,1,No,DSL,No,No,Yes,Yes,No,Yes,One year,0,Bank transfer (automatic),65.25,3529.95,0,4.687693728092038,Q2
7554-NEWDD,Male,0,0,0,10,1,Yes,No,No internet service,No internet service,No internet service,No internet service,No internet service,No internet service,Two year,0,Bank transfer (automatic),25.7,251.6,0,4.685001585678485,Q2
2073-QBVBI,Female,0,1,0,41,0,No phone service,DSL,No,Yes,No,Yes,No,No,One year,0,Mailed check,35.45,1391.65,0,4.681203214047051,Q2
1222-KJNZD,Male,0,1,1,40,1,No,No,No internet service,No internet service,No internet service,No internet service,No internet service,No internet service,Month-to-month,1,Bank transfer (automatic),20.4,745.3,0,4.678085954767948,Q2
4942-VZZOM,Male,0,1,0,64,1,Yes,DSL,Yes,No,No,No,Yes,No,One year,1,Credit card (automatic),66.15,4392.5,0,4.675458320667629,Q2
1936-CZAKF,Male,0,1,0,49,0,No phone service,DSL,No,Yes,No,No,Yes,Yes,Two year,0,Credit card (automatic),49.65,2409.9,0,4.6744908875541675,Q2
7730-CLDSV,Female,0,1,1,72,1,Yes,Fiber optic,No,Yes,Yes,Yes,No,Yes,Two year,1,Bank transfer (automatic),98.65,7129.45,0,4.67427738507957,Q2
3617-XLSGQ,Female,0,1,1,66,1,Yes,Fiber optic,Yes,Yes,Yes,No,Yes,Yes,Two year,0,Bank transfer (automatic),109.25,7082.5,0,4.674044711679983,Q2
1401-FTHFQ,Male,0,1,1,23,1,No,No,No internet service,No internet service,No internet service,No internet service,No internet service,No internet service,One year,1,Credit card (automatic),20.0,445.3,0,4.658942146109067,Q2
1488-PBLJN,Female,0,1,1,72,1,Yes,Fiber optic,Yes,Yes,Yes,Yes,Yes,Yes,Two year,1,Bank transfer (automatic),116.85,8477.7,0,4.653871569772732,Q2
6478-HRRCZ,Male,0,1,0,32,1,No,DSL,Yes,Yes,No,Yes,No,Yes,One year,0,Mailed check,70.5,2201.75,0,4.6488526816857645,Q2
0679-TDGAK,Male,0,1,1,50,1,No,DSL,Yes,No,No,Yes,Yes,Yes,One year,0,Electronic check,75.5,4025.6,0,4.647939587614795,Q2
7672-VFMXZ,Male,0,1,0,57,1,No,DSL,Yes,No,No,Yes,No,No,Month-to-month,0,Electronic check,55.7,3171.6,0,4.64462614327942,Q2
5995-WWKKG,Female,0,0,0,37,1,No,No,No internet service,No internet service,No internet service,No internet service,No internet service,No internet service,One year,1,Electronic check,19.8,695.05,0,4.642203970003724,Q2
0422-OHQHQ,Female,0,1,1,15,1,No,No,No internet service,No internet service,No internet service,No internet service,No internet service,No internet service,One year,0,Mailed check,20.55,295.95,0,4.6417540281486165,Q2
5375-XLDOF,Male,0,1,1,69,1,Yes,Fiber optic,Yes,Yes,Yes,Yes,Yes,Yes,Two year,1,Bank transfer (automatic),114.35,7665.8,0,4.636529958024331,Q2
2061-VVFST,Female,0,1,0,37,1,No,No,No internet service,No internet service,No internet service,No internet service,No internet service,No internet service,Month-to-month,0,Bank transfer (automatic),19.5,805.2,0,4.6350717957491625,Q2
0017-IUDMW,Female,0,1,1,72,1,Yes,Fiber optic,Yes,Yes,Yes,Yes,Yes,Yes,Two year,1,Credit card (automatic),116.8,8456.75,0,4.619113405361656,Q2
3892-NXAZG,Male,0,1,1,72,1,Yes,Fiber optic,Yes,Yes,Yes,Yes,Yes,Yes,Two year,1,Credit card (automatic),114.05,8289.2,0,4.616569760745977,Q2
7520-HQWJU,Female,0,1,1,66,1,Yes,DSL,Yes,Yes,Yes,No,No,No,Month-to-month,1,Bank transfer (automatic),67.45,4508.65,0,4.615814227123388,Q2
3870-SPZSI,Female,0,1,1,70,1,Yes,Fiber optic,Yes,Yes,Yes,Yes,Yes,Yes,Two year,1,Credit card (automatic),113.05,7869.05,0,4.614938091246799,Q2
0487-CRLZF,Female,0,0,0,49,1,No,DSL,No,No,Yes,Yes,Yes,Yes,Two year,1,Bank transfer (automatic),74.45,3721.9,0,4.611875772839583,Q2
8883-ANODQ,Female,0,1,1,68,1,Yes,Fiber optic,No,Yes,Yes,No,No,No,Two year,1,Credit card (automatic),84.4,5746.75,0,4.606183702927262,Q2
6339-TBELP,Male,0,0,0,71,1,Yes,Fiber optic,No,No,Yes,Yes,No,No,Two year,1,Credit card (automatic),86.4,6172.0,0,4.604950654039868,Q2
4115-BNPJY,Male,0,1,1,29,1,No,DSL,No,No,Yes,Yes,Yes,Yes,Two year,0,Mailed check,75.55,2054.4,0,4.602112334687908,Q2
7196-LIWRH,Female,0,0,0,6,1,No,No,No internet service,No internet service,No internet service,No internet service,No internet service,No internet service,Two year,0,Mailed check,19.55,124.45,0,4.59653677962679,Q2
1298-PHBTI,Male,0,1,1,71,1,Yes,Fiber optic,No,Yes,No,Yes,No,No,Two year,1,Electronic check,84.8,6152.4,0,4.589305975279267,Q2
9758-MFWGD,Female,1,1,1,48,0,No phone service,DSL,No,Yes,No,No,No,No,One year,0,Bank transfer (automatic),29.9,1388.75,0,4.586477904793222,Q2
6859-QNXIQ,Female,0,1,1,72,1,Yes,Fiber optic,Yes,Yes,Yes,Yes,Yes,Yes,Two year,1,Bank transfer (automatic),113.1,8248.5,0,4.584175413795314,Q2
9209-NWPGU,Male,0,0,0,44,1,No,DSL,Yes,No,No,Yes,Yes,No,One year,0,Electronic check,65.4,2774.55,0,4.575602381657331,Q2
3258-ZKPAI,Male,0,1,1,72,1,Yes,Fiber optic,Yes,Yes,Yes,Yes,Yes,Yes,Two year,1,Bank transfer (automatic),116.6,8337.45,0,4.574821146763667,Q2
8915-NNTRC,Male,0,1,1,72,1,Yes,Fiber optic,Yes,Yes,No,Yes,Yes,Yes,Two year,1,Credit card (automatic),107.7,7919.8,0,4.57194587757738,Q2
0197-PNKNK,Female,0,1,1,69,1,Yes,Fiber optic,Yes,No,Yes,No,No,No,One year,0,Bank transfer (automatic),84.45,5848.6,0,4.561338077678075,Q2
2085-JVGAD,Male,0,1,0,37,1,No,No,No internet service,No internet service,No internet service,No internet service,No internet service,No internet service,Month-to-month,0,Bank transfer (automatic),20.35,697.65,0,4.558266933931609,Q2
6584-VQMYT,Male,0,0,1,27,1,No,DSL,Yes,Yes,No,No,No,No,One year,0,Mailed check,56.2,1567.55,0,4.5472407679044835,Q2
6374-NTQLP,Male,1,1,1,72,1,No,Fiber optic,Yes,No,Yes,Yes,Yes,Yes,Two year,1,Credit card (automatic),104.1,7447.7,0,4.547187582838369,Q2
3283-WCWXT,Male,0,1,1,6,1,Yes,No,No internet service,No internet service,No internet service,No internet service,No internet service,No internet service,Two year,0,Mailed check,25.4,153.3,0,4.544329287428727,Q2
3258-SYSWS,Male,1,0,0,72,1,Yes,Fiber optic,Yes,Yes,Yes,Yes,Yes,Yes,Two year,0,Bank transfer (automatic),113.8,7845.8,0,4.540381356838373,Q2
6848-YLDFR,Male,0,1,1,58,1,No,DSL,No,Yes,No,Yes,Yes,Yes,One year,1,Credit card (automatic),75.2,4300.8,0,4.5250568127457464,Q2
3482-ABPKK,Female,0,0,0,28,1,No,DSL,Yes,No,No,Yes,No,No,One year,0,Mailed check,54.3,1546.3,0,4.525012755301566,Q2
5989-AXPUC,Female,0,1,0,68,1,Yes,Fiber optic,Yes,Yes,Yes,Yes,Yes,Yes,Two year,0,Mailed check,118.6,7990.05,0,4.522887789234219,Q2
3520-FJGCV,Male,0,1,1,72,1,Yes,Fiber optic,Yes,Yes,Yes,Yes,Yes,Yes,Two year,1,Credit card (automatic),112.6,8126.65,0,4.521789612186203,Q2
9742-XOKTS,Male,0,1,1,67,1,Yes,Fiber optic,Yes,Yes,No,Yes,No,No,One year,0,Electronic check,89.55,6038.55,0,4.518921452715506,Q2
7030-FZTFM,Male,0,1,1,72,1,Yes,Fiber optic,No,Yes,Yes,Yes,Yes,Yes,Two year,0,Credit card (automatic),110.9,7922.75,0,4.513195834497901,Q2
5847-MXBEO,Male,0,0,0,22,1,No,No,No internet service,No internet service,No internet service,No internet service,No internet service,No internet service,One year,0,Mailed check,20.3,475.1,0,4.506378807562875,Q2
1271-UODNO,Male,0,0,0,39,1,Yes,DSL,No,No,No,Yes,No,No,Two year,1,Credit card (automatic),53.85,2200.7,0,4.498799495067155,Q2
3546-GHEAE,Male,0,0,0,7,1,No,No,No internet service,No internet service,No internet service,No internet service,No internet service,No internet service,Two year,0,Mailed check,19.45,165.35,0,4.494564700722757,Q2
5468-BPMMO,Male,0,1,0,46,1,No,No,No internet service,No internet service,No internet service,No internet service,No internet service,No internet service,Month-to-month,0,Electronic check,19.6,851.2,0,4.492956581546004,Q2
2348-KCJLT,Female,0,1,0,44,1,No,DSL,Yes,Yes,Yes,No,No,No,One year,1,Mailed check,61.5,2722.2,0,4.489486594481596,Q2
8022-BECSI,Male,0,0,0,22,1,No,No,No internet service,No internet service,No internet service,No internet service,No internet service,No internet service,One year,0,Mailed check,19.6,422.5,0,4.486142423353928,Q2
3810-DVDQQ,Female,0,1,1,72,1,Yes,Fiber optic,Yes,Yes,Yes,Yes,Yes,Yes,Two year,1,Bank transfer (automatic),117.6,8308.9,0,4.467924794753871,Q2
0872-CASZJ,Male,0,1,0,59,1,Yes,DSL,Yes,No,No,Yes,No,Yes,One year,1,Mailed check,69.1,4096.9,0,4.465088891649302,Q2
1352-HNSAW,Female,0,1,1,72,1,Yes,Fiber optic,Yes,Yes,Yes,Yes,Yes,Yes,Two year,1,Bank transfer (automatic),115.6,8220.4,0,4.462689080368035,Q2
5003-OKNNK,Female,0,1,1,15,1,No,No,No internet service,No internet service,No internet service,No internet service,No internet service,No internet service,One year,0,Credit card (automatic),20.35,335.95,0,4.461680644486461,Q2
1821-BUCWY,Male,0,0,0,30,1,No,DSL,Yes,No,Yes,No,No,No,Two year,1,Mailed check,55.65,1653.85,0,4.460585616378386,Q2
4664-NJCMS,Female,0,1,0,33,0,No phone service,DSL,Yes,No,Yes,Yes,Yes,Yes,Two year,0,Bank transfer (automatic),59.55,2016.3,0,4.458488501954761,Q2
6527-PZFPV,Male,0,1,1,24,1,No,No,No internet service,No internet service,No internet service,No internet service,No internet service,No internet service,One year,1,Credit card (automatic),20.8,469.65,0,4.453931057239862,Q2
5306-BVTKJ,Male,0,1,1,48,1,No,DSL,No,Yes,Yes,No,No,No,One year,1,Credit card (automatic),55.8,2651.2,0,4.440546722162335,Q2
0946-FKYTX,Male,0,0,0,52,0,No phone service,DSL,No,Yes,No,No,No,No,One year,0,Mailed check,30.1,1623.4,0,4.435302487878986,Q2
6194-HBGQN,Male,0,0,0,51,1,Yes,DSL,Yes,Yes,Yes,Yes,Yes,No,One year,1,Credit card (automatic),81.15,4126.2,0,4.435116240463362,Q2
7833-PKIHD,Male,0,1,1,51,1,No,DSL,Yes,No,No,Yes,Yes,Yes,One year,1,Bank transfer (automatic),76.4,3966.3,0,4.432526139027797,Q2
3422-WJOYD,Male,0,1,0,28,1,No,DSL,Yes,No,No,Yes,No,No,One year,0,Mailed check,54.35,1426.45,0,4.431761620790901,Q2
3523-BRGUW,Male,1,0,0,26,1,No,No,No internet service,No internet service,No internet service,No internet service,No internet service,No internet service,One year,0,Credit card (automatic),19.3,504.2,0,4.427000622777492,Q2
9680-NIAUV,Female,0,1,1,72,1,Yes,Fiber optic,Yes,Yes,Yes,No,Yes,Yes,Two year,0,Credit card (automatic),109.7,8129.3,0,4.424020897041818,Q2
2188-SXWVT,Female,0,0,0,34,1,No,DSL,Yes,Yes,No,No,No,No,One year,0,Mailed check,55.0,1885.15,0,4.423554638930787,Q2
1099-GODLO,Female,0,1,1,1,1,No,No,No internet service,No internet service,No internet service,No internet service,No internet service,No internet service,Two year,0,Mailed check,20.35,20.35,0,4.416408008369042,Q2
5641-DMBFJ,Female,0,1,0,58,1,Yes,DSL,Yes,No,Yes,Yes,Yes,Yes,Two year,1,Electronic check,84.3,4916.4,0,4.415086776309629,Q2
7037-MTYVW,Male,0,1,1,38,1,Yes,DSL,Yes,No,Yes,Yes,Yes,Yes,Two year,1,Bank transfer (automatic),85.4,3297.0,0,4.403180065333231,Q2
3134-DSHVC,Female,0,0,0,63,1,Yes,Fiber optic,Yes,Yes,Yes,No,Yes,No,Two year,0,Credit card (automatic),98.0,6218.45,0,4.4020304931629965,Q2
1094-BKOSX,Female,0,1,1,45,0,No phone service,DSL,No,Yes,Yes,Yes,No,Yes,One year,0,Bank transfer (automatic),51.0,2264.5,0,4.395292379509382,Q2
0266-GMEAO,Male,0,1,1,72,1,Yes,Fiber optic,Yes,Yes,Yes,Yes,Yes,Yes,Two year,1,Credit card (automatic),114.3,8058.55,0,4.393534713191792,Q2
5862-BRIXZ,Male,0,0,0,46,0,No phone service,DSL,Yes,No,Yes,Yes,Yes,Yes,Two year,1,Bank transfer (automatic),60.75,2893.4,0,4.383423781215741,Q2
1904-WAJAA,Female,0,1,1,24,1,Yes,DSL,Yes,Yes,Yes,No,No,No,Two year,0,Electronic check,64.35,1558.65,0,4.380280376147426,Q2
6016-LVTJQ,Female,0,1,1,34,1,No,No,No internet service,No internet service,No internet service,No internet service,No internet service,No internet service,Month-to-month,0,Mailed check,20.65,716.4,0,4.378323461182094,Q2
1834-ABKHQ,Female,0,1,1,52,1,No,DSL,No,No,Yes,No,No,No,One year,1,Bank transfer (automatic),50.95,2610.65,0,4.368920651715609,Q2
9150-KPBJQ,Female,0,0,0,6,1,No,No,No internet service,No internet service,No internet service,No internet service,No internet service,No internet service,Two year,0,Credit card (automatic),19.65,116.85,0,4.363125793862443,Q2
7929-SKFGK,Male,0,1,0,70,1,Yes,Fiber optic,Yes,Yes,Yes,Yes,Yes,Yes,Two year,0,Credit card (automatic),114.3,8244.3,0,4.361655685650728,Q2
0756-MPZRL,Male,0,0,0,46,0,No phone service,DSL,No,No,Yes,Yes,No,No,One year,0,Credit card (automatic),33.7,1537.85,0,4.357624937181357,Q2
9867-JCZSP,Female,0,1,1,17,1,No,No,No internet service,No internet service,No internet service,No internet service,No internet service,No internet service,One year,0,Mailed check,20.75,418.25,0,4.355743869778879,Q2
4957-TIALW,Female,0,0,1,15,1,No,DSL,Yes,Yes,Yes,Yes,No,No,One year,0,Credit card (automatic),65.6,1010.0,0,4.354416259087081,Q2
4973-RLZVI,Female,0,0,0,30,1,No,DSL,Yes,Yes,Yes,Yes,Yes,No,One year,0,Credit card (automatic),74.65,2308.6,0,4.354194177586472,Q2
0269-XFESX,Male,0,1,1,23,1,Yes,No,No internet service,No internet service,No internet service,No internet service,No internet service,No internet service,One year,0,Mailed check,24.35,538.5,0,4.353543196998342,Q2
4803-LBYPN,Male,0,1,1,34,1,No,No,No internet service,No internet service,No internet service,No internet service,No internet service,No internet service,Month-to-month,0,Mailed check,20.8,635.9,0,4.349097700368581,Q2
2933-XEUJM,Female,0,0,0,46,1,Yes,DSL,Yes,No,Yes,No,Yes,Yes,Two year,0,Mailed check,79.2,3593.8,0,4.3468051700844565,Q2
9891-NQDBD,Female,0,1,0,28,1,Yes,No,No internet service,No internet service,No internet service,No internet service,No internet service,No internet service,One year,0,Mailed check,25.55,672.2,0,4.345025144221721,Q2
9309-BZGNT,Male,1,1,0,69,0,No phone service,DSL,No,No,Yes,No,No,No,One year,1,Credit card (automatic),29.8,2134.3,0,4.338513961444816,Q2
9640-ZSLDC,Female,0,1,1,53,1,No,DSL,No,No,Yes,No,No,Yes,One year,0,Credit card (automatic),60.6,3297.0,0,4.322636085268814,Q2
5204-HMGYF,Female,0,1,1,49,1,No,DSL,Yes,Yes,Yes,Yes,Yes,Yes,One year,1,Mailed check,87.2,4345.0,0,4.31987876070437,Q2
1682-VCOIO,Male,0,0,0,23,1,No,No,No internet service,No internet service,No internet service,No internet service,No internet service,No internet service,One year,0,Mailed check,20.45,481.1,0,4.31495451138062,Q2
4304-TSPVK,Female,0,1,0,68,1,Yes,Fiber optic,Yes,Yes,Yes,Yes,Yes,Yes,Two year,0,Bank transfer (automatic),114.9,7843.55,0,4.308664612464523,Q2
3508-CFVZL,Female,0,0,0,71,1,Yes,Fiber optic,Yes,Yes,Yes,Yes,Yes,Yes,Two year,0,Mailed check,111.3,7985.9,0,4.284988672567878,Q2
9236-NDUCW,Female,0,0,0,21,0,No phone service,DSL,Yes,No,No,Yes,No,No,Two year,0,Mailed check,35.1,770.4,0,4.28208573930124,Q2
3125-RAHBV,Male,0,0,0,22,1,No,No,No internet service,No internet service,No internet service,No internet service,No internet service,No internet service,One year,0,Credit card (automatic),20.3,467.15,0,4.281226442440364,Q2
1069-QJOEE,Male,0,1,1,25,1,No,No,No internet service,No internet service,No internet service,No internet service,No internet service,No internet service,One year,0,Electronic check,19.9,505.45,0,4.269230766136283,Q2
9577-WJVCQ,Female,0,0,0,68,1,Yes,DSL,Yes,No,No,No,No,No,Month-to-month,0,Mailed check,54.45,3687.75,0,4.268831880577909,Q2
0234-TEVTT,Female,0,1,1,48,0,No phone service,DSL,Yes,No,Yes,No,No,Yes,One year,0,Credit card (automatic),45.0,2196.3,0,4.26498086011257,Q2
4611-ANLQC,Female,0,1,0,60,0,No phone service,DSL,Yes,Yes,Yes,No,No,Yes,One year,0,Electronic check,50.05,2911.5,0,4.2637863593862475,Q2
7527-QNRUS,Male,0,1,1,17,1,Yes,No,No internet service,No internet service,No internet service,No internet service,No internet service,No internet service,Two year,1,Mailed check,25.15,412.6,0,4.242479358587821,Q2
6682-VCIXC,Female,0,1,1,43,0,No phone service,DSL,Yes,Yes,No,Yes,Yes,No,One year,1,Bank transfer (automatic),51.25,2151.6,0,4.233110781824343,Q2
8388-DMKAE,Female,0,0,0,8,1,No,No,No internet service,No internet service,No internet service,No internet service,No internet service,No internet service,Two year,0,Mailed check,20.25,174.65,0,4.2312525773705145,Q2
9746-UGFAC,Female,0,0,0,22,1,No,No,No internet service,No internet service,No internet service,No internet service,No internet service,No internet service,One year,0,Bank transfer (automatic),20.85,450.65,0,4.225589288580175,Q2
2055-BFOCC,Male,1,1,0,63,1,No,DSL,Yes,Yes,Yes,Yes,Yes,Yes,One year,1,Bank transfer (automatic),84.0,5329.55,0,4.2214895799374945,Q2
2511-MORQY,Male,0,1,1,50,1,Yes,DSL,No,No,Yes,No,No,No,One year,0,Bank transfer (automatic),54.9,2614.1,0,4.219673737068937,Q2
2017-CCBLH,Female,0,0,0,8,1,No,No,No internet service,No internet service,No internet service,No internet service,No internet service,No internet service,Two year,0,Mailed check,20.0,141.6,0,4.211894905080703,Q2
9802-CAQUT,Female,0,1,1,72,1,Yes,Fiber optic,Yes,Yes,Yes,No,Yes,Yes,Two year,0,Credit card (automatic),109.55,7887.25,0,4.21160713417016,Q2
4135-FRWKJ,Female,1,1,1,55,1,Yes,DSL,Yes,No,Yes,Yes,Yes,No,One year,0,Electronic check,76.25,4154.55,0,4.201713599989158,Q2
7319-ZNRTR,Male,0,1,1,25,1,No,No,No internet service,No internet service,No internet service,No internet service,No internet service,No internet service,One year,0,Electronic check,19.6,411.15,0,4.201325184181881,Q2
5149-QYTTU,Female,0,1,1,71,1,Yes,Fiber optic,Yes,Yes,Yes,Yes,No,No,One year,1,Credit card (automatic),95.15,6770.85,0,4.2013154761387135,Q2
0253-ZTEOB,Female,0,1,1,48,1,Yes,DSL,No,Yes,No,Yes,Yes,Yes,Two year,0,Electronic check,79.65,3870.3,0,4.199530368987206,Q2
9030-QGZNL,Female,0,0,0,8,1,No,No,No internet service,No internet service,No internet service,No internet service,No internet service,No internet service,Two year,0,Mailed check,20.85,161.65,0,4.198870596256712,Q2
5762-TJXGK,Female,0,0,0,52,0,No phone service,DSL,Yes,Yes,Yes,No,Yes,Yes,Two year,1,Bank transfer (automatic),58.75,3038.55,0,4.186875316527784,Q2
8884-MRNSU,Male,0,1,1,17,1,No,No,No internet service,No internet service,No internet service,No internet service,No internet service,No internet service,One year,0,Bank transfer (automatic),19.9,329.75,0,4.168307505334847,Q2
2676-SSLTO,Male,0,0,0,49,1,Yes,DSL,No,No,No,Yes,Yes,No,Two year,1,Bank transfer (automatic),66.15,3199.0,0,4.167146221203282,Q2
8763-KIAFH,Female,0,1,1,27,1,No,No,No internet service,No internet service,No internet service,No internet service,No internet service,No internet service,One year,1,Mailed check,20.55,583.3,0,4.166708850826986,Q2
6100-FJZDG,Male,0,1,1,26,1,No,No,No internet service,No internet service,No internet service,No internet service,No internet service,No internet service,One year,1,Bank transfer (automatic),20.05,505.9,0,4.165342469270119,Q2
3727-OWVYD,Male,0,0,0,35,1,No,DSL,Yes,Yes,Yes,No,No,No,One year,0,Mailed check,61.2,2021.2,0,4.152621078161841,Q2
8809-XKHMD,Male,0,1,0,72,1,Yes,Fiber optic,Yes,Yes,No,Yes,No,Yes,Two year,1,Bank transfer (automatic),100.55,7325.1,0,4.152481725370193,Q2
0657-DOGUM,Female,0,1,0,48,1,Yes,DSL,Yes,No,No,Yes,No,No,One year,1,Bank transfer (automatic),60.6,2985.25,0,4.1430507607781015,Q2
2773-MADBQ,Female,0,0,0,36,0,No phone service,DSL,Yes,Yes,Yes,Yes,No,Yes,Two year,1,Mailed check,53.1,1901.25,0,4.141903610200988,Q2
5474-LAMUQ,Male,0,1,0,24,1,No,No,No internet service,No internet service,No internet service,No internet service,No internet service,No internet service,One year,0,Mailed check,20.1,533.9,0,4.139415401875077,Q2
3850-OKINF,Male,0,1,1,71,1,Yes,DSL,Yes,No,No,No,Yes,No,One year,1,Electronic check,66.2,4692.55,0,4.131416541835247,Q2
2282-YGNOR,Female,0,0,0,29,1,No,DSL,Yes,No,Yes,Yes,No,No,One year,0,Credit card (automatic),58.0,1734.5,0,4.130056272474109,Q2
6352-GIGGQ,Male,0,0,0,67,1,Yes,DSL,Yes,Yes,Yes,Yes,Yes,Yes,One year,1,Bank transfer (automatic),88.8,5903.15,0,4.1299942319346,Q2
3230-JCNZS,Female,0,1,1,71,1,Yes,Fiber optic,Yes,Yes,Yes,No,Yes,No,Two year,1,Credit card (automatic),99.0,7061.65,0,4.124439733695508,Q2
1407-DIGZV,Female,0,1,1,3,1,No,No,No internet service,No internet service,No internet service,No internet service,No internet service,No internet service,Two year,0,Mailed check,19.1,52.0,0,4.118041009310313,Q2
6064-PUPMC,Male,0,1,1,23,1,No,DSL,Yes,No,No,Yes,No,No,One year,0,Credit card (automatic),57.2,1423.35,0,4.117647017711254,Q2
8454-AATJP,Female,0,0,0,72,1,Yes,Fiber optic,Yes,Yes,Yes,Yes,Yes,Yes,Two year,0,Credit card (automatic),115.05,8405.0,0,4.114164148306065,Q2
9347-AERRL,Male,0,1,0,23,1,No,No,No internet service,No internet service,No internet service,No internet service,No internet service,No internet service,One year,0,Credit card (automatic),19.3,486.2,0,4.1066330087120555,Q2
1936-UAFEH,Female,0,0,0,68,1,Yes,Fiber optic,Yes,Yes,No,Yes,Yes,Yes,Two year,0,Credit card (automatic),110.25,7279.35,0,4.105480015492156,Q2
7619-PLRLP,Female,0,1,0,53,1,Yes,DSL,Yes,Yes,Yes,No,No,Yes,One year,0,Bank transfer (automatic),74.1,3833.95,0,4.100628593997902,Q2
7359-WWYJV,Male,0,1,0,72,1,Yes,Fiber optic,Yes,Yes,Yes,Yes,Yes,Yes,Two year,0,Credit card (automatic),114.45,8375.05,0,4.096738553013307,Q2
6481-LXPWL,Male,0,1,1,56,0,No phone service,DSL,No,Yes,Yes,No,No,No,One year,1,Credit card (automatic),36.1,1971.5,0,4.094993113810451,Q2
1937-OTUKY,Female,0,1,0,72,1,Yes,Fiber optic,Yes,No,Yes,Yes,Yes,No,Two year,1,Bank transfer (automatic),98.2,7015.9,0,4.091557997694595,Q2
3926-YZVVX,Female,0,0,0,41,1,No,DSL,No,No,No,Yes,No,No,One year,0,Bank transfer (automatic),50.05,2029.05,0,4.091314810085421,Q2
9570-KYEUA,Male,0,0,0,64,1,Yes,Fiber optic,Yes,No,Yes,Yes,No,Yes,Two year,0,Credit card (automatic),99.25,6549.45,0,4.083075184630611,Q2
7137-NAXML,Male,0,0,0,23,1,No,No,No internet service,No internet service,No internet service,No internet service,No internet service,No internet service,One year,0,Bank transfer (automatic),20.15,405.6,0,4.078420060182155,Q2
7338-ERIVA,Male,0,0,1,39,0,No phone service,DSL,Yes,No,No,Yes,Yes,No,One year,0,Bank transfer (automatic),45.05,1790.6,0,4.074119721506616,Q2
7690-KPNCU,Male,0,1,1,64,1,No,DSL,Yes,No,Yes,No,Yes,Yes,One year,1,Credit card (automatic),73.05,4688.65,0,4.068541063463335,Q2
5386-THSLQ,Female,1,1,0,66,0,No phone service,DSL,No,Yes,Yes,No,Yes,No,One year,0,Bank transfer (automatic),45.55,3027.25,0,4.047327252543957,Q2
0906-QVPMS,Male,0,1,0,72,1,Yes,Fiber optic,Yes,Yes,Yes,Yes,Yes,Yes,Two year,0,Bank transfer (automatic),115.15,8349.45,0,4.047232921205707,Q2
9777-IQHWP,Male,0,1,1,64,1,Yes,Fiber optic,Yes,No,Yes,No,No,Yes,Two year,0,Bank transfer (automatic),93.4,5822.3,0,4.044371480543286,Q2
1752-OZXFY,Male,0,1,0,60,1,No,DSL,Yes,No,No,No,Yes,No,One year,1,Mailed check,59.8,3561.15,0,4.042990016052045,Q2
8639-NHQEI,Female,0,1,1,72,1,Yes,Fiber optic,Yes,Yes,No,No,Yes,No,Two year,1,Bank transfer (automatic),95.9,6954.15,0,4.032853552135605,Q2
6047-SUHPR,Male,0,1,1,39,1,No,DSL,Yes,Yes,Yes,No,No,No,One year,0,Electronic check,59.8,2343.85,0,4.025353038381127,Q2
8670-ERCJH,Male,0,0,0,72,1,Yes,Fiber optic,Yes,Yes,Yes,Yes,Yes,Yes,Two year,0,Bank transfer (automatic),113.4,8164.1,0,4.021720908486238,Q2
8748-HFWBO,Male,0,1,1,19,1,No,No,No internet service,No internet service,No internet service,No internet service,No internet service,No internet service,One year,0,Mailed check,19.9,357.7,0,4.021148161216273,Q2
3778-FOAQW,Female,0,1,0,24,1,No,No,No internet service,No internet service,No internet service,No internet service,No internet service,No internet service,One year,0,Mailed check,20.15,456.85,0,4.02041107353622,Q2
1561-BWHIN,Male,0,1,1,19,1,No,No,No internet service,No internet service,No internet service,No internet service,No internet service,No internet service,One year,0,Mailed check,19.8,344.5,0,4.014058954097019,Q2
9500-IWPXQ,Female,0,1,1,61,1,Yes,DSL,Yes,Yes,Yes,Yes,No,Yes,One year,1,Electronic check,79.4,4820.55,0,4.013158163345774,Q2
8513-OLYGY,Male,0,1,0,72,1,Yes,Fiber optic,Yes,Yes,Yes,Yes,Yes,Yes,Two year,0,Credit card (automatic),115.8,8332.15,0,4.011419128958691,Q2
4685-TFLLS,Male,0,1,1,18,1,No,No,No internet service,No internet service,No internet service,No internet service,No internet service,No internet service,One year,0,Bank transfer (automatic),19.8,342.3,0,4.005755027166981,Q2
0859-YGKFW,Male,0,1,1,18,1,No,No,No internet service,No internet service,No internet service,No internet service,No internet service,No internet service,One year,0,Bank transfer (automatic),20.05,345.9,0,4.000149999180513,Q2
5825-XJOCM,Male,0,0,1,48,1,Yes,DSL,Yes,Yes,Yes,No,No,No,One year,1,Bank transfer (automatic),64.4,3035.35,0,3.9917729316006887,Q2
6252-DFGTK,Female,0,1,0,37,1,Yes,DSL,Yes,No,Yes,Yes,No,No,One year,0,Credit card (automatic),68.1,2479.25,0,3.9835741053701677,Q2
6103-QCKFX,Female,0,1,1,44,1,No,DSL,Yes,No,No,Yes,No,No,Month-to-month,0,Bank transfer (automatic),56.25,2419.55,0,3.983125547808545,Q2
0754-EEBDC,Male,0,1,1,4,1,No,No,No internet service,No internet service,No internet service,No internet service,No internet service,No internet service,Two year,0,Mailed check,19.9,76.65,0,3.9827480008435105,Q2
7017-VFHAY,Female,0,1,1,61,1,Yes,Fiber optic,Yes,Yes,Yes,Yes,Yes,Yes,Two year,0,Credit card (automatic),115.1,7008.15,0,3.958817375957545,Q2
8670-MEFCP,Female,0,1,1,36,1,Yes,DSL,Yes,Yes,Yes,Yes,Yes,Yes,Two year,1,Credit card (automatic),92.9,3379.25,0,3.9519847346184904,Q2
8480-PPONV,Male,0,1,1,62,1,Yes,Fiber optic,Yes,Yes,Yes,Yes,Yes,Yes,Two year,0,Bank transfer (automatic),115.55,7159.05,0,3.9463402864416115,Q2
5469-NUJUR,Male,0,0,0,19,1,No,No,No internet service,No internet service,No internet service,No internet service,No internet service,No internet service,Two year,1,Mailed check,19.95,373.5,0,3.9449512430701237,Q2
2706-QZIHY,Female,0,1,0,15,1,Yes,No,No internet service,No internet service,No internet service,No internet service,No internet service,No internet service,Two year,0,Mailed check,25.2,387.9,0,3.9413590686064994,Q2
7570-WELNY,Female,0,1,0,68,1,Yes,Fiber optic,Yes,Yes,No,No,No,No,Two year,1,Bank transfer (automatic),84.7,5711.05,0,3.9310926325190834,Q2
7321-ZNSLA,Male,0,1,1,13,0,No phone service,DSL,Yes,Yes,No,Yes,No,No,Two year,0,Mailed check,40.55,590.35,0,3.9294922201347156,Q2
5073-RZGBK,Female,0,1,1,50,1,Yes,DSL,Yes,Yes,Yes,Yes,No,Yes,One year,1,Bank transfer (automatic),80.05,4042.2,0,3.927861372470841,Q2
3882-IYOIJ,Female,0,1,1,60,1,Yes,Fiber optic,Yes,Yes,Yes,Yes,Yes,Yes,Two year,0,Credit card (automatic),115.25,6758.45,0,3.9242534051265445,Q2
7244-KXYZN,Female,0,0,0,24,1,No,No,No internet service,No internet service,No internet service,No internet service,No internet service,No internet service,One year,0,Credit card (automatic),20.45,527.35,0,3.921938539506853,Q2
2580-ASVVY,Female,0,1,0,37,0,No phone service,DSL,Yes,No,No,Yes,Yes,No,Two year,0,Electronic check,45.4,1593.1,0,3.9155402753681927,Q2
5199-FPUSP,Male,0,0,1,33,0,No phone service,DSL,Yes,No,No,Yes,No,No,One year,0,Credit card (automatic),34.05,1113.95,0,3.906750242428837,Q2
6950-TWMYB,Male,0,1,1,54,1,No,Fiber optic,No,Yes,No,Yes,No,No,Two year,1,Bank transfer (automatic),79.95,4362.05,0,3.9043571812050453,Q2
3717-FDJFU,Male,0,0,1,5,1,No,No,No internet service,No internet service,No internet service,No internet service,No internet service,No internet service,Two year,0,Mailed check,20.45,106.9,0,3.8913976625157805,Q2
4636-OLWOE,Male,0,0,1,54,1,No,DSL,No,Yes,Yes,Yes,No,No,One year,1,Electronic check,61.0,3283.05,0,3.887400822991955,Q2
9648-BCHKM,Female,0,1,1,18,1,Yes,No,No internet service,No internet service,No internet service,No internet service,No internet service,No internet service,Two year,1,Credit card (automatic),24.65,471.35,0,3.881828248871213,Q2
0121-SNYRK,Male,0,0,0,50,0,No phone service,DSL,Yes,No,No,Yes,No,No,One year,1,Mailed check,35.4,1748.9,0,3.8808757829972547,Q2
8608-OZTLB,Male,0,1,1,38,1,No,DSL,Yes,Yes,Yes,Yes,Yes,No,One year,0,Electronic check,74.05,2802.3,0,3.877954611546721,Q2
4854-SSLTN,Male,0,1,1,2,1,No,DSL,Yes,Yes,No,Yes,No,No,Two year,0,Mailed check,59.5,130.5,0,3.874912338383289,Q2
6461-PPAXN,Female,0,1,1,35,1,No,DSL,Yes,No,No,Yes,No,No,One year,1,Bank transfer (automatic),54.95,1916.0,0,3.873523691153744,Q2
7168-HDQHG,Female,0,1,1,36,1,No,No,No internet service,No internet service,No internet service,No internet service,No internet service,No internet service,Month-to-month,0,Bank transfer (automatic),19.2,702.9,0,3.8724091863008048,Q2
2027-DNKIV,Male,0,1,1,37,1,No,DSL,Yes,No,Yes,Yes,No,No,One year,1,Mailed check,58.75,2203.1,0,3.8708807984447446,Q2
4707-YNOQA,Female,0,1,1,34,1,Yes,No,No internet service,No internet service,No internet service,No internet service,No internet service,No internet service,One year,1,Credit card (automatic),25.6,917.15,0,3.8702643802496937,Q2
3442-ZHHCC,Male,0,0,0,68,1,Yes,DSL,Yes,Yes,Yes,No,No,Yes,One year,1,Credit card (automatic),76.9,5023.0,0,3.862721556295544,Q2
3985-HOYPM,Male,0,0,0,26,1,No,No,No internet service,No internet service,No internet service,No internet service,No internet service,No internet service,One year,0,Mailed check,19.4,525.55,0,3.85652538065984,Q2
9720-JJJOR,Male,0,1,1,41,1,No,DSL,Yes,Yes,Yes,No,No,No,One year,1,Bank transfer (automatic),60.3,2511.3,0,3.8553970237428707,Q2
8571-ZCMCX,Female,0,1,1,47,0,No phone service,DSL,Yes,Yes,Yes,No,Yes,Yes,Two year,1,Credit card (automatic),60.0,2768.65,0,3.847157121421156,Q2
0014-BMAQU,Male,0,1,0,63,1,Yes,Fiber optic,Yes,No,No,Yes,No,No,Two year,1,Credit card (automatic),84.65,5377.8,0,3.8464914823854555,Q2
8007-YYPWD,Female,0,0,0,15,1,Yes,No,No internet service,No internet service,No internet service,No internet service,No internet service,No internet service,Two year,0,Bank transfer (automatic),25.05,369.1,0,3.8420463513273613,Q2
3594-BDSOA,Female,0,1,0,24,1,No,No,No internet service,No internet service,No internet service,No internet service,No internet service,No internet service,One year,0,Credit card (automatic),20.4,482.8,0,3.8394986217826386,Q2
4032-RMHCI,Female,0,1,1,41,0,No phone service,DSL,Yes,No,Yes,No,No,No,One year,0,Credit card (automatic),35.4,1412.4,0,3.834626225593228,Q2
2664-XJZNO,Male,0,1,1,72,1,No,Fiber optic,Yes,No,Yes,Yes,Yes,Yes,Two year,1,Credit card (automatic),104.9,7559.55,0,3.822220800076727,Q2
5495-GPSRW,Male,0,0,0,20,1,No,No,No internet service,No internet service,No internet service,No internet service,No internet service,No internet service,Two year,1,Mailed check,19.7,419.4,0,3.8199527157339714,Q2
6368-TZZDT,Male,0,1,1,4,1,No,No,No internet service,No internet service,No internet service,No internet service,No internet service,No internet service,Two year,0,Credit card (automatic),19.5,96.85,0,3.819172889879155,Q2
6016-NXBNJ,Male,0,0,0,35,1,No,No,No internet service,No internet service,No internet service,No internet service,No internet service,No internet service,One year,1,Mailed check,19.15,638.0,0,3.8132960708794315,Q2
5574-NXZIU,Male,0,0,0,63,1,No,Fiber optic,Yes,Yes,Yes,Yes,Yes,Yes,Two year,0,Credit card (automatic),109.2,7049.75,0,3.812415887423552,Q2
8466-PZBLH,Male,0,1,1,67,1,Yes,Fiber optic,Yes,No,No,Yes,Yes,Yes,Two year,0,Bank transfer (automatic),104.6,6885.75,0,3.8121496925371297,Q2
3585-YNADK,Female,0,1,0,57,1,Yes,DSL,No,Yes,Yes,Yes,Yes,No,One year,0,Bank transfer (automatic),74.6,4368.95,0,3.8117653651300034,Q2
7639-LIAYI,Male,0,0,0,52,1,Yes,DSL,Yes,No,No,Yes,Yes,Yes,Two year,1,Credit card (automatic),79.75,4217.8,0,3.810127861893435,Q2
2632-IVXVF,Female,0,1,1,68,1,Yes,Fiber optic,Yes,No,Yes,Yes,Yes,Yes,Two year,0,Credit card (automatic),111.75,7511.3,0,3.8083971849001976,Q2
1022-RKXDR,Female,0,0,0,41,1,Yes,No,No internet service,No internet service,No internet service,No internet service,No internet service,No internet service,One year,1,Mailed check,24.85,962.25,0,3.807706267722251,Q2
5696-CEIQJ,Male,0,1,1,67,1,No,Fiber optic,No,Yes,Yes,Yes,Yes,Yes,Two year,0,Bank transfer (automatic),103.15,6895.5,0,3.807554126846728,Q2
6479-OAUSD,Male,0,0,0,25,1,No,No,No internet service,No internet service,No internet service,No internet service,No internet service,No internet service,One year,0,Credit card (automatic),19.9,510.8,0,3.8041329192179547,Q2
0248-PGHBZ,Female,1,0,0,67,1,No,Fiber optic,Yes,Yes,No,Yes,Yes,No,Two year,1,Bank transfer (automatic),92.45,6140.85,0,3.8032297089820437,Q2
8311-UEUAB,Female,0,1,1,67,1,Yes,DSL,Yes,No,No,No,Yes,Yes,Two year,1,Electronic check,75.5,5229.45,0,3.80318270052649,Q2
7876-AEHIG,Female,0,0,1,51,0,No phone service,DSL,Yes,No,Yes,Yes,Yes,Yes,One year,0,Bank transfer (automatic),60.15,3077.0,0,3.7989593756096935,Q2
7663-YJHSN,Female,0,1,0,72,1,Yes,Fiber optic,Yes,Yes,Yes,Yes,Yes,No,Two year,1,Bank transfer (automatic),103.95,7556.9,0,3.798303283101116,Q2
1354-YZFNB,Male,0,1,1,4,1,No,No,No internet service,No internet service,No internet service,No internet service,No internet service,No internet service,Two year,0,Credit card (automatic),19.55,68.8,0,3.7960472350732735,Q2
6698-OXETB,Male,0,0,0,11,1,No,No,No internet service,No internet service,No internet service,No internet service,No internet service,No internet service,Two year,0,Mailed check,20.4,231.45,0,3.7948679293456786,Q2
0378-CJKPV,Female,0,1,0,72,1,Yes,Fiber optic,Yes,Yes,Yes,Yes,Yes,Yes,Two year,0,Credit card (automatic),112.1,7965.95,0,3.7938107752546752,Q2
5055-BRMNE,Female,0,1,1,67,1,Yes,Fiber optic,Yes,No,No,Yes,Yes,Yes,Two year,0,Credit card (automatic),106.7,7009.5,0,3.789153355150696,Q2
3474-BAFSJ,Male,0,1,0,57,0,No phone service,DSL,No,Yes,Yes,Yes,Yes,Yes,Two year,1,Bank transfer (automatic),57.5,3265.95,0,3.7856401514607056,Q2
3078-ZKNTS,Female,0,1,1,13,1,No,No,No internet service,No internet service,No internet service,No internet service,No internet service,No internet service,Two year,1,Bank transfer (automatic),19.75,246.7,0,3.784939995758037,Q2
2138-VFAPZ,Female,0,1,1,14,1,No,No,No internet service,No internet service,No internet service,No internet service,No internet service,No internet service,Two year,1,Mailed check,19.7,263.65,0,3.7779612334019963,Q2
2683-JXWQQ,Male,0,1,1,61,0,No phone service,DSL,Yes,No,Yes,No,No,No,Month-to-month,0,Bank transfer (automatic),33.6,2117.2,0,3.777316387305703,Q2
4500-HKANN,Male,0,1,1,23,1,Yes,DSL,No,Yes,No,Yes,No,No,Two year,0,Mailed check,59.7,1414.2,0,3.7771774839857843,Q2
1063-DHQJF,Male,0,1,1,69,1,No,Fiber optic,No,Yes,No,Yes,Yes,No,Two year,1,Mailed check,92.15,6480.9,0,3.77646457162291,Q2
6061-PQHMK,Female,0,0,0,25,1,No,No,No internet service,No internet service,No internet service,No internet service,No internet service,No internet service,One year,0,Credit card (automatic),19.9,527.5,0,3.7728072329502247,Q2
7581-EBBOU,Female,0,0,0,60,1,No,DSL,No,Yes,Yes,Yes,Yes,No,One year,1,Credit card (automatic),70.15,4224.7,0,3.7657328058699093,Q2
8668-KNZTI,Male,0,0,0,52,1,No,DSL,Yes,No,Yes,No,No,No,One year,0,Electronic check,53.75,2790.65,0,3.7628683056913457,Q2
1552-TKMXS,Female,0,1,0,42,1,No,No,No internet service,No internet service,No internet service,No internet service,No internet service,No internet service,Month-to-month,0,Credit card (automatic),20.35,869.9,0,3.749050358688074,Q2
2995-YWTCD,Female,0,1,1,19,1,Yes,No,No internet service,No internet service,No internet service,No internet service,No internet service,No internet service,Two year,1,Bank transfer (automatic),24.9,467.7,0,3.746362909013859,Q2
7471-MQPOS,Male,1,1,1,71,1,Yes,DSL,No,Yes,Yes,Yes,No,Yes,One year,1,Bank transfer (automatic),72.9,5139.65,0,3.744192512688006,Q2
9184-GALIL,Female,0,1,1,38,1,No,No,No internet service,No internet service,No internet service,No internet service,No internet service,No internet service,Month-to-month,0,Mailed check,20.45,781.25,0,3.7385704026164377,Q2
1734-ZMNTZ,Female,0,1,1,11,1,Yes,No,No internet service,No internet service,No internet service,No internet service,No internet service,No internet service,Two year,0,Mailed check,25.0,300.7,0,3.7371935774057787,Q2
8821-KVZKQ,Female,0,1,1,70,0,No phone service,DSL,No,Yes,Yes,Yes,Yes,Yes,One year,1,Bank transfer (automatic),58.4,4113.15,0,3.728161384797122,Q2
0942-KOWSM,Female,0,1,1,30,1,No,DSL,No,Yes,Yes,Yes,Yes,Yes,Two year,0,Bank transfer (automatic),80.8,2369.3,0,3.725009341261127,Q2
1439-LCGVL,Female,0,1,0,26,1,No,No,No internet service,No internet service,No internet service,No internet service,No internet service,No internet service,One year,0,Mailed check,19.2,459.6,0,3.717689915501547,Q2
5214-CHIWJ,Male,0,0,0,27,1,No,No,No internet service,No internet service,No internet service,No internet service,No internet service,No internet service,One year,0,Mailed check,20.3,595.05,0,3.7151428493499274,Q2
3055-VTCGS,Female,0,0,0,63,1,No,DSL,No,No,Yes,No,No,Yes,One year,0,Credit card (automatic),58.55,3503.5,0,3.710943992591995,Q2
9746-YKGXB,Male,0,1,1,52,0,No phone service,DSL,Yes,No,Yes,No,No,Yes,One year,0,Bank transfer (automatic),44.25,2276.1,0,3.7100791550656957,Q2
8659-IOOPU,Female,0,1,1,71,1,Yes,Fiber optic,Yes,No,Yes,Yes,No,Yes,Two year,0,Electronic check,100.45,7159.7,0,3.7078471300658533,Q2
0320-DWVTU,Female,0,0,0,53,1,No,Fiber optic,Yes,Yes,Yes,Yes,No,Yes,Two year,0,Mailed check,99.5,5424.25,0,3.700619675905112,Q2
6061-GWWAV,Male,0,0,1,41,1,No,DSL,Yes,Yes,Yes,No,Yes,No,One year,0,Mailed check,70.2,2894.55,0,3.693026716423779,Q2
8779-YIQQA,Male,0,1,1,21,1,No,No,No internet service,No internet service,No internet service,No internet service,No internet service,No internet service,One year,0,Mailed check,19.8,350.1,0,3.684896693955944,Q2
1154-HYWWO,Male,0,0,0,38,1,No,DSL,Yes,Yes,No,Yes,Yes,No,One year,0,Mailed check,70.6,2708.2,0,3.6803815013355488,Q2
2466-FCCPT,Female,0,1,1,20,1,No,No,No internet service,No internet service,No internet service,No internet service,No internet service,No internet service,One year,0,Bank transfer (automatic),19.7,395.6,0,3.6769068485179677,Q2
9297-FVVDH,Female,0,1,1,57,1,Yes,DSL,Yes,No,Yes,Yes,Yes,Yes,Two year,1,Electronic check,84.5,4845.4,0,3.665756391428409,Q2
2789-CZANW,Female,0,1,1,64,1,Yes,Fiber optic,Yes,Yes,No,Yes,Yes,Yes,Two year,0,Bank transfer (automatic),110.3,6997.3,0,3.6633091794528374,Q2
7781-EWARA,Male,0,1,1,70,0,No phone service,DSL,No,Yes,Yes,Yes,Yes,Yes,One year,0,Electronic check,60.35,4138.7,0,3.653787359563427,Q2
9225-BZLNZ,Male,0,1,0,72,1,Yes,DSL,Yes,Yes,Yes,No,Yes,Yes,Two year,1,Electronic check,85.25,6083.1,0,3.652522799048126,Q2
9018-PCIOK,Female,0,0,0,55,1,No,DSL,No,Yes,Yes,No,No,Yes,Two year,1,Mailed check,64.75,3617.1,0,3.6410259443923523,Q2
1998-VHJHK,Female,0,0,0,27,1,No,No,No internet service,No internet service,No internet service,No internet service,No internet service,No internet service,One year,0,Mailed check,19.15,501.35,0,3.639927043177192,Q2
1093-YSWCA,Male,0,0,0,11,1,No,No,No internet service,No internet service,No internet service,No internet service,No internet service,No internet service,Two year,0,Credit card (automatic),19.55,223.15,0,3.6301531544077075,Q2
9108-EQPNQ,Female,0,1,1,10,1,Yes,No,No internet service,No internet service,No internet service,No internet service,No internet service,No internet service,Two year,0,Credit card (automatic),26.1,225.55,0,3.623911695424077,Q2
2587-YNLES,Female,0,1,1,6,1,No,No,No internet service,No internet service,No internet service,No internet service,No internet service,No internet service,Two year,0,Mailed check,20.1,100.35,0,3.618247735848433,Q2
9867-XOBQA,Female,0,0,1,21,0,No phone service,DSL,Yes,Yes,Yes,Yes,Yes,No,Two year,0,Mailed check,53.15,1183.2,0,3.6105589339080626,Q2
7636-PEPNS,Female,0,1,1,58,1,No,DSL,No,No,No,No,No,No,One year,1,Mailed check,44.1,2413.05,0,3.6075389032449294,Q2
4795-UXVCJ,Male,0,0,0,26,1,No,No,No internet service,No internet service,No internet service,No internet service,No internet service,No internet service,One year,0,Credit card (automatic),19.8,457.3,0,3.6062200478025095,Q2
5110-CHOPY,Female,0,0,0,60,0,No phone service,DSL,Yes,No,Yes,No,Yes,Yes,Two year,0,Electronic check,53.6,3237.05,0,3.602837241799968,Q2
5781-BKHOP,Female,0,1,0,72,1,Yes,Fiber optic,Yes,Yes,Yes,No,Yes,No,Two year,0,Bank transfer (automatic),100.65,7334.05,0,3.5929505024791877,Q2
4648-YPBTM,Male,0,0,0,53,1,Yes,DSL,No,Yes,Yes,Yes,No,Yes,Two year,1,Bank transfer (automatic),73.9,3958.25,0,3.5904458751044235,Q2
4632-PAOYU,Male,0,1,1,22,1,No,No,No internet service,No internet service,No internet service,No internet service,No internet service,No internet service,One year,0,Mailed check,19.95,433.5,0,3.58286721089566,Q2
6556-DBKZF,Female,0,1,1,71,1,No,Fiber optic,No,No,Yes,No,No,No,Two year,0,Electronic check,76.05,5436.45,0,3.5816585640046674,Q2
5161-UBZXI,Male,0,1,1,69,1,No,Fiber optic,Yes,Yes,No,Yes,Yes,Yes,Two year,1,Credit card (automatic),106.35,7261.75,0,3.578101833033994,Q2
2749-CTKAJ,Male,0,1,1,22,1,No,No,No internet service,No internet service,No internet service,No internet service,No internet service,No internet service,One year,0,Mailed check,20.15,419.9,0,3.5669834931385354,Q2
4709-LKHYG,Female,0,1,1,29,1,No,No,No internet service,No internet service,No internet service,No internet service,No internet service,No internet service,One year,0,Electronic check,20.0,540.05,0,3.566800740067979,Q2
5820-PTRYM,Female,1,1,0,56,1,Yes,DSL,Yes,Yes,Yes,Yes,No,No,One year,1,Credit card (automatic),68.45,4014.0,0,3.5614759783179113,Q2
2904-GGUAZ,Female,0,1,0,72,1,Yes,Fiber optic,Yes,Yes,No,No,No,No,Two year,1,Bank transfer (automatic),84.05,6052.25,0,3.5545939325452345,Q2
4304-XUMGI,Male,1,1,1,50,1,Yes,DSL,Yes,Yes,Yes,No,No,Yes,Two year,1,Bank transfer (automatic),75.15,3822.45,0,3.549966150715568,Q2
2150-OEGBV,Male,0,0,0,27,1,No,No,No internet service,No internet service,No internet service,No internet service,No internet service,No internet service,One year,0,Bank transfer (automatic),20.1,562.6,0,3.5397589444828306,Q2
6754-LZUKA,Male,0,1,0,61,1,Yes,DSL,No,Yes,Yes,No,Yes,Yes,Two year,0,Bank transfer (automatic),80.9,4932.5,0,3.538030459110717,Q2
4056-QHXHZ,Female,0,1,1,72,1,Yes,Fiber optic,Yes,No,Yes,Yes,Yes,Yes,Two year,0,Mailed check,107.45,7576.7,0,3.536832179470727,Q2
5232-NXPAY,Female,0,0,0,47,1,No,DSL,No,No,Yes,Yes,Yes,Yes,Two year,0,Mailed check,74.45,3510.3,0,3.5326833119840333,Q2
5063-IUOKK,Male,0,0,0,13,1,No,No,No internet service,No internet service,No internet service,No internet service,No internet service,No internet service,Two year,0,Mailed check,19.75,265.75,0,3.5204280547575157,Q2
9885-MFVSU,Female,0,1,1,35,0,No phone service,DSL,Yes,No,No,Yes,Yes,No,Two year,1,Credit card (automatic),46.35,1662.05,0,3.5115874726402923,Q2
9801-NOSHQ,Male,0,0,1,23,1,No,No,No internet service,No internet service,No internet service,No internet service,No internet service,No internet service,One year,0,Mailed check,19.8,465.45,0,3.5111212977532107,Q2
8314-HTWVE,Female,0,1,1,7,1,No,No,No internet service,No internet service,No internet service,No internet service,No internet service,No internet service,Two year,0,Mailed check,19.85,144.15,0,3.50182830803779,Q2
3308-JSGML,Male,1,1,0,59,0,No phone service,DSL,Yes,No,Yes,Yes,Yes,Yes,Two year,1,Credit card (automatic),64.05,3886.85,0,3.5007496286115334,Q2
5014-GSOUQ,Male,0,0,0,13,1,No,No,No internet service,No internet service,No internet service,No internet service,No internet service,No internet service,Two year,0,Mailed check,19.95,243.65,0,3.498744626156712,Q2
7109-CQYUZ,Male,0,0,0,52,1,Yes,DSL,Yes,Yes,Yes,Yes,Yes,Yes,Two year,1,Mailed check,89.25,4652.4,0,3.4973634700890446,Q2
9531-NSBMR,Female,0,0,0,36,1,No,No,No internet service,No internet service,No internet service,No internet service,No internet service,No internet service,One year,1,Bank transfer (automatic),19.25,679.8,0,3.48705810173204,Q2
6161-ERDGD,Male,0,1,1,71,1,Yes,DSL,Yes,No,Yes,Yes,Yes,Yes,One year,0,Electronic check,85.45,6300.85,0,3.486795317823825,Q2
4835-YSJMR,Male,0,0,0,39,1,No,DSL,No,No,No,Yes,No,No,Two year,1,Bank transfer (automatic),49.8,1971.15,0,3.484893132328877,Q2
3982-JGSFD,Male,0,0,0,36,1,No,No,No internet service,No internet service,No internet service,No internet service,No internet service,No internet service,One year,1,Credit card (automatic),20.35,695.85,0,3.477309173032625,Q2
3181-VTHOE,Male,0,1,0,70,0,No phone service,DSL,No,Yes,Yes,Yes,No,Yes,One year,1,Bank transfer (automatic),51.05,3635.15,0,3.476946718547136,Q2
1023-BQXZE,Male,0,0,0,57,1,No,DSL,Yes,No,Yes,No,Yes,Yes,Two year,1,Bank transfer (automatic),74.35,4317.35,0,3.468400695140813,Q2
5716-EZXZN,Female,0,1,1,65,1,Yes,Fiber optic,Yes,Yes,No,Yes,Yes,No,Two year,1,Credit card (automatic),99.05,6416.7,0,3.462437814127607,Q2
5917-RYRMG,Male,1,0,0,32,1,No,No,No internet service,No internet service,No internet service,No internet service,No internet service,No internet service,One year,0,Credit card (automatic),19.8,587.7,0,3.4571109719460797,Q2
3057-VJJQE,Male,0,0,0,35,1,Yes,DSL,Yes,No,No,No,No,No,Two year,0,Mailed check,55.25,1924.1,0,3.4570474828228845,Q2
6072-NUQCB,Male,0,1,1,22,1,No,No,No internet service,No internet service,No internet service,No internet service,No internet service,No internet service,One year,0,Bank transfer (automatic),20.25,488.25,0,3.455324958423494,Q2
6013-BHCAW,Male,0,1,1,61,1,Yes,DSL,No,No,Yes,Yes,Yes,Yes,Two year,1,Bank transfer (automatic),81.0,4976.15,0,3.4541770185902494,Q2
9782-LGXMC,Female,0,1,1,49,1,No,DSL,Yes,No,Yes,Yes,No,No,Month-to-month,0,Bank transfer (automatic),61.75,3024.15,0,3.451371003653339,Q2
5245-VDBUR,Female,0,1,0,52,0,No phone service,DSL,Yes,No,Yes,No,No,No,One year,0,Mailed check,35.45,1958.95,0,3.451275039154815,Q2
7269-JISCY,Female,0,0,0,55,1,No,DSL,No,No,No,No,No,No,One year,0,Bank transfer (automatic),45.05,2462.6,0,3.4492877210251147,Q2
2984-TBYKU,Male,0,1,1,72,1,Yes,Fiber optic,Yes,Yes,Yes,Yes,No,Yes,Two year,1,Credit card (automatic),104.9,7732.65,0,3.4427175189992263,Q2
1839-UMACK,Male,0,0,0,42,1,Yes,No,No internet service,No internet service,No internet service,No internet service,No internet service,No internet service,One year,0,Electronic check,25.05,949.85,0,3.4417920312205044,Q2
6082-OQFBA,Male,0,1,1,23,1,No,No,No internet service,No internet service,No internet service,No internet service,No internet service,No internet service,One year,0,Mailed check,19.65,436.9,0,3.4417769706390504,Q2
4877-TSOFF,Female,0,1,1,55,1,Yes,DSL,Yes,Yes,No,Yes,No,Yes,One year,1,Bank transfer (automatic),75.75,4264.25,0,3.435245751933146,Q2
0810-DHDBD,Female,0,0,0,52,1,Yes,DSL,Yes,No,Yes,Yes,Yes,No,One year,0,Credit card (automatic),74.0,3877.65,0,3.4188602728853548,Q2
2005-DWQZJ,Female,0,1,1,8,1,No,No,No internet service,No internet service,No internet service,No internet service,No internet service,No internet service,Two year,0,Mailed check,19.05,201.7,0,3.4143298330551657,Q2
8908-SLFCJ,Female,0,0,0,21,1,No,No,No internet service,No internet service,No internet service,No internet service,No internet service,No internet service,Two year,1,Credit card (automatic),20.85,435.25,0,3.4141956915478127,Q2
6691-CCIHA,Female,0,1,0,62,1,Yes,DSL,Yes,Yes,No,Yes,Yes,Yes,Two year,1,Electronic check,84.95,5150.55,0,3.4091557890663196,Q2
8292-FRFZQ,Female,0,0,0,39,0,No phone service,DSL,Yes,Yes,No,Yes,No,No,One year,0,Bank transfer (automatic),41.15,1700.9,0,3.4079629097338366,Q2
1431-AIDJQ,Male,0,1,1,33,1,No,DSL,No,Yes,Yes,Yes,Yes,Yes,Two year,0,Credit card (automatic),82.1,2603.1,0,3.4040304888825306,Q2
6823-SIDFQ,Male,0,0,0,28,1,No,No,No internet service,No internet service,No internet service,No internet service,No internet service,No internet service,One year,0,Credit card (automatic),18.25,534.7,0,3.4020836996692485,Q2
9530-GRMJG,Male,0,1,1,70,1,Yes,DSL,No,Yes,Yes,Yes,Yes,Yes,Two year,1,Electronic check,84.1,5979.7,0,3.4002693764932332,Q2
0224-NIJLP,Male,0,1,1,8,1,No,No,No internet service,No internet service,No internet service,No internet service,No internet service,No internet service,Two year,0,Mailed check,20.15,165.5,0,3.398147119332947,Q2
3655-SNQYZ,Female,0,1,1,69,1,Yes,Fiber optic,Yes,Yes,Yes,Yes,Yes,Yes,Two year,0,Credit card (automatic),113.25,7895.15,0,3.3955367741885345,Q2
8873-TMKGR,Male,0,0,0,29,1,No,No,No internet service,No internet service,No internet service,No internet service,No internet service,No internet service,One year,0,Mailed check,19.1,529.5,0,3.3955211968208374,Q2
5647-URDKA,Male,0,1,1,8,1,No,No,No internet service,No internet service,No internet service,No internet service,No internet service,No internet service,Two year,0,Mailed check,19.7,130.25,0,3.3871105936629022,Q2
6901-GOGZG,Male,0,0,1,60,1,Yes,DSL,Yes,No,Yes,Yes,Yes,Yes,Two year,1,Electronic check,84.95,4984.85,0,3.3842889113895143,Q2
5519-TEEUH,Male,0,0,1,33,1,No,No,No internet service,No internet service,No internet service,No internet service,No internet service,No internet service,One year,1,Mailed check,20.15,682.15,0,3.382419722500022,Q2
9194-GFVOI,Female,0,1,0,42,1,Yes,DSL,Yes,No,Yes,Yes,Yes,Yes,Two year,0,Credit card (automatic),84.35,3571.6,0,3.38045922784427,Q2
8966-OIQHG,Female,0,1,1,22,1,No,No,No internet service,No internet service,No internet service,No internet service,No internet service,No internet service,One year,0,Bank transfer (automatic),20.75,452.35,0,3.380383700109764,Q2
1872-EBWSC,Female,0,0,0,29,1,No,No,No internet service,No internet service,No internet service,No internet service,No internet service,No internet service,One year,0,Mailed check,20.35,617.35,0,3.3798032425380438,Q2
5197-YPYBZ,Female,0,1,1,12,1,Yes,No,No internet service,No internet service,No internet service,No internet service,No internet service,No internet service,Two year,0,Credit card (automatic),25.25,274.7,0,3.3787168254048434,Q2
4716-MRVEN,Female,0,0,0,29,1,No,No,No internet service,No internet service,No internet service,No internet service,No internet service,No internet service,One year,0,Mailed check,20.0,599.3,0,3.3776736943606886,Q2
5876-QMYLD,Female,0,1,1,23,1,No,No,No internet service,No internet service,No internet service,No internet service,No internet service,No internet service,One year,0,Mailed check,20.05,415.1,0,3.376637530051392,Q2
2229-DPMBI,Female,0,1,1,8,1,No,No,No internet service,No internet service,No internet service,No internet service,No internet service,No internet service,Two year,0,Mailed check,19.5,162.15,0,3.374308097383559,Q2
3831-YCPUO,Female,0,1,1,72,1,No,Fiber optic,Yes,Yes,Yes,Yes,Yes,Yes,Two year,1,Credit card (automatic),109.5,7854.9,0,3.3713018030018875,Q2
9739-JLPQJ,Female,0,1,1,72,1,Yes,Fiber optic,Yes,Yes,Yes,Yes,Yes,Yes,Two year,0,Credit card (automatic),117.5,8670.1,0,3.3664512706156384,Q2
3605-JISKB,Male,1,1,0,55,1,Yes,DSL,Yes,Yes,No,No,No,No,One year,0,Credit card (automatic),60.0,3316.1,0,3.3649375924268714,Q2
3841-NFECX,Female,1,1,0,71,1,Yes,Fiber optic,Yes,Yes,Yes,Yes,No,No,Two year,1,Credit card (automatic),96.35,6766.95,0,3.3586505855330016,Q2
8259-DZLIZ,Female,0,1,1,64,1,Yes,DSL,No,Yes,No,No,No,No,One year,1,Bank transfer (automatic),53.85,3399.85,0,3.356172418676674,Q2
7322-OCWHC,Male,1,1,0,72,1,Yes,Fiber optic,Yes,Yes,Yes,Yes,No,No,Two year,1,Bank transfer (automatic),93.05,6735.05,0,3.3471597018118695,Q2
0536-ESJEP,Male,0,1,0,54,1,No,DSL,Yes,Yes,No,No,Yes,Yes,Two year,1,Bank transfer (automatic),74.55,4191.45,0,3.3468672615407162,Q2
2703-AMTUL,Male,0,1,1,36,1,No,DSL,Yes,Yes,No,No,No,No,One year,0,Mailed check,53.65,1939.35,0,3.3466751717087115,Q2
7247-XOZPB,Male,0,1,0,53,1,Yes,DSL,Yes,No,Yes,Yes,Yes,No,One year,0,Bank transfer (automatic),77.4,4155.95,0,3.345496209805035,Q2
7277-KAMWT,Male,0,0,0,13,1,No,No,No internet service,No internet service,No internet service,No internet service,No internet service,No internet service,Two year,0,Credit card (automatic),20.0,268.45,0,3.3432723214412126,Q2
1206-EHBDD,Female,0,1,0,56,1,No,Fiber optic,Yes,No,Yes,No,No,No,Two year,0,Bank transfer (automatic),80.3,4513.65,0,3.3385797379679576,Q2
1053-MXTTK,Female,0,1,1,72,1,No,Fiber optic,Yes,Yes,Yes,Yes,Yes,Yes,Two year,1,Bank transfer (automatic),108.65,7726.35,0,3.328388255257194,Q2
3392-EHMNK,Female,0,1,1,67,1,Yes,Fiber optic,No,Yes,No,Yes,Yes,No,Two year,0,Credit card (automatic),94.1,6302.8,0,3.322829411757225,Q2
5256-SKJGO,Female,0,1,1,64,0,No phone service,DSL,No,Yes,No,Yes,Yes,Yes,Two year,1,Electronic check,54.6,3423.5,0,3.3215972581902524,Q2
6693-DJWTY,Female,0,0,1,35,1,No,DSL,Yes,Yes,No,No,No,No,One year,0,Credit card (automatic),55.6,2016.45,0,3.318513312175993,Q2
1897-RCFUM,Female,0,1,1,39,1,Yes,No,No internet service,No internet service,No internet service,No internet service,No internet service,No internet service,One year,1,Mailed check,24.2,914.6,0,3.3166945893075095,Q2
8194-PEEBY,Female,0,1,1,24,1,No,No,No internet service,No internet service,No internet service,No internet service,No internet service,No internet service,One year,0,Mailed check,19.9,533.5,0,3.31465662714579,Q2
1032-MAELW,Female,0,1,1,68,1,Yes,DSL,Yes,Yes,Yes,Yes,No,Yes,One year,1,Electronic check,78.45,5333.35,0,3.308818455757763,Q2
6519-ZHPXP,Female,0,1,1,72,1,No,Fiber optic,Yes,Yes,Yes,Yes,Yes,Yes,Two year,1,Bank transfer (automatic),108.3,7679.65,0,3.306478004452336,Q2
9926-PJHDQ,Female,0,1,1,72,1,Yes,DSL,No,No,Yes,No,Yes,Yes,Two year,1,Bank transfer (automatic),76.8,5468.45,0,3.3052470545985195,Q2
3506-OVLKD,Male,0,0,0,35,1,Yes,No,No internet service,No internet service,No internet service,No internet service,No internet service,No internet service,One year,0,Bank transfer (automatic),26.2,954.9,0,3.3048791956102663,Q2
7173-TETGO,Female,1,1,0,72,1,Yes,Fiber optic,Yes,No,No,No,No,No,Two year,0,Bank transfer (automatic),78.5,5602.25,0,3.302759101170095,Q2
0083-PIVIK,Male,0,0,0,64,1,Yes,DSL,Yes,Yes,Yes,Yes,Yes,No,One year,0,Electronic check,81.25,5567.55,0,3.302145741431338,Q2
5893-PYOLZ,Male,0,0,0,56,1,No,DSL,No,Yes,Yes,Yes,Yes,Yes,Two year,1,Credit card (automatic),81.8,4534.45,0,3.3016120896268,Q2
7026-YMSBE,Male,0,0,0,30,1,No,No,No internet service,No internet service,No internet service,No internet service,No internet service,No internet service,One year,0,Mailed check,19.7,625.05,0,3.296298141630632,Q2
9424-CMPOG,Male,0,1,1,9,1,No,No,No internet service,No internet service,No internet service,No internet service,No internet service,No internet service,Two year,0,Mailed check,19.6,197.4,0,3.2891444407665387,Q2
7446-SFAOA,Female,0,1,0,37,1,No,No,No internet service,No internet service,No internet service,No internet service,No internet service,No internet service,One year,1,Bank transfer (automatic),19.85,717.5,0,3.2879669285946975,Q2
4859-ZSRDZ,Female,0,1,1,58,0,No phone service,DSL,No,No,Yes,Yes,Yes,Yes,Two year,1,Credit card (automatic),55.5,3166.9,0,3.2875353510360057,Q2
1834-WULEG,Male,0,1,1,24,1,No,No,No internet service,No internet service,No internet service,No internet service,No internet service,No internet service,One year,0,Mailed check,20.25,439.75,0,3.2800645655467178,Q2
9258-CNWAC,Female,0,1,1,71,1,Yes,Fiber optic,Yes,Yes,Yes,Yes,Yes,Yes,Two year,0,Credit card (automatic),113.65,8166.8,0,3.2766567572399716,Q2
1245-HARPS,Female,0,1,0,14,1,No,No,No internet service,No internet service,No internet service,No internet service,No internet service,No internet service,Two year,0,Mailed check,20.4,292.4,0,3.271021288534154,Q2
2057-BOYKM,Female,1,1,0,72,1,Yes,Fiber optic,Yes,Yes,Yes,Yes,No,No,Two year,1,Bank transfer (automatic),96.6,6827.5,0,3.26452795754967,Q2
3249-VHRIP,Female,0,0,0,62,0,No phone service,DSL,No,Yes,Yes,No,No,Yes,Two year,1,Credit card (automatic),43.6,2748.7,0,3.255690811012775,Q2
3352-RICWQ,Female,0,1,1,9,1,No,No,No internet service,No internet service,No internet service,No internet service,No internet service,No internet service,Two year,0,Mailed check,19.75,210.65,0,3.254798285012049,Q2
4115-UMJFQ,Male,0,0,0,69,0,No phone service,DSL,No,Yes,Yes,No,No,No,One year,1,Bank transfer (automatic),35.75,2492.25,0,3.2498781532628045,Q2
7337-CINUD,Female,0,1,1,8,1,No,No,No internet service,No internet service,No internet service,No internet service,No internet service,No internet service,Two year,0,Bank transfer (automatic),19.5,159.35,0,3.245062045938444,Q2
8207-DMRVL,Male,0,1,1,72,1,Yes,Fiber optic,Yes,Yes,Yes,Yes,Yes,Yes,Two year,0,Bank transfer (automatic),114.55,8306.05,0,3.2430925708191936,Q2
4994-OBRSZ,Male,0,0,1,14,1,No,DSL,Yes,Yes,Yes,Yes,No,Yes,Two year,0,Bank transfer (automatic),76.1,1054.8,0,3.24221290137393,Q2
9560-BBZXK,Female,0,0,0,36,0,No phone service,DSL,Yes,No,No,No,No,No,Two year,0,Bank transfer (automatic),31.05,1126.35,0,3.2412943664351554,Q2
6195-MELTI,Male,0,0,0,57,1,No,DSL,No,Yes,No,Yes,No,No,One year,1,Mailed check,54.65,3134.7,0,3.234918790375961,Q2
4452-ROHMO,Female,0,0,0,15,1,No,No,No internet service,No internet service,No internet service,No internet service,No internet service,No internet service,Two year,0,Mailed check,19.6,331.6,0,3.233424203623404,Q2
5057-RKGLH,Female,0,1,1,9,1,No,No,No internet service,No internet service,No internet service,No internet service,No internet service,No internet service,Two year,0,Mailed check,20.35,191.1,0,3.225550177348474,Q2
8148-WOCMK,Male,0,1,1,8,1,No,No,No internet service,No internet service,No internet service,No internet service,No internet service,No internet service,Two year,0,Credit card (automatic),19.6,125.0,0,3.222337255500108,Q2
6754-WKSHP,Male,0,0,1,30,1,Yes,No,No internet service,No internet service,No internet service,No internet service,No internet service,No internet service,One year,0,Bank transfer (automatic),25.35,723.3,0,3.219107590036769,Q2
5322-TEUJK,Female,0,1,1,71,1,Yes,Fiber optic,Yes,Yes,Yes,Yes,Yes,Yes,Two year,0,Bank transfer (automatic),114.6,8100.25,0,3.217289627537863,Q2
0835-DUUIQ,Female,0,0,1,24,1,No,No,No internet service,No internet service,No internet service,No internet service,No internet service,No internet service,One year,0,Bank transfer (automatic),21.05,531.55,0,3.2085977023421237,Q2
9224-VTYID,Male,0,1,1,47,1,Yes,DSL,Yes,Yes,Yes,Yes,Yes,Yes,Two year,1,Mailed check,90.5,4318.35,0,3.2081623549085414,Q2
4393-GEADV,Male,0,1,1,70,1,Yes,Fiber optic,Yes,Yes,Yes,Yes,Yes,Yes,Two year,0,Credit card (automatic),114.75,7842.3,0,3.203151620080788,Q2
1929-ZCBHE,Male,0,1,1,47,0,No phone service,DSL,Yes,No,Yes,Yes,No,No,One year,0,Electronic check,40.3,1794.8,0,3.193990064626883,Q2
0181-RITDD,Male,0,1,1,62,1,No,Fiber optic,Yes,Yes,Yes,Yes,Yes,Yes,Two year,0,Mailed check,108.15,6825.65,0,3.1939442303883556,Q2
6736-DHUQI,Female,0,1,1,67,1,No,Fiber optic,Yes,Yes,Yes,No,No,No,One year,0,Bank transfer (automatic),84.8,5598.3,0,3.1923983236130207,Q2
8782-NUUOL,Male,0,0,0,60,1,No,DSL,Yes,No,Yes,Yes,Yes,Yes,One year,0,Mailed check,79.0,4801.1,0,3.1908651618772517,Q2
6188-UXBBR,Female,0,1,0,38,1,No,No,No internet service,No internet service,No internet service,No internet service,No internet service,No internet service,One year,1,Credit card (automatic),20.25,814.75,0,3.1848812695439355,Q2
6827-IEAUQ,Female,0,1,1,27,1,No,DSL,Yes,Yes,Yes,Yes,No,No,One year,0,Mailed check,66.15,1874.45,0,3.183183331098328,Q2
4111-BNXIF,Female,0,1,1,67,0,No phone service,DSL,No,Yes,Yes,Yes,Yes,Yes,Two year,1,Electronic check,59.55,4103.9,0,3.182935632068123,Q2
5906-DVAPM,Female,0,1,1,55,1,Yes,DSL,Yes,Yes,No,Yes,Yes,No,One year,1,Credit card (automatic),75.0,4213.9,0,3.1826988064974486,Q2
1642-HMARX,Female,0,1,0,68,1,Yes,DSL,Yes,Yes,Yes,Yes,Yes,Yes,Two year,1,Electronic check,91.7,6424.7,0,3.177895931436335,Q2
3133-PZNSR,Male,0,1,1,72,1,Yes,Fiber optic,Yes,Yes,No,Yes,No,Yes,Two year,1,Credit card (automatic),97.75,6991.6,0,3.175078999666515,Q2
7029-IJEJK,Female,0,0,0,54,0,No phone service,DSL,Yes,No,No,Yes,No,Yes,One year,0,Bank transfer (automatic),44.1,2369.7,0,3.1653219301785787,Q2
3021-VLNRJ,Female,0,0,1,50,1,No,DSL,Yes,No,Yes,Yes,Yes,No,One year,1,Credit card (automatic),70.8,3478.15,0,3.1641662525408494,Q2
7632-YUTXB,Female,0,1,1,25,1,No,No,No internet service,No internet service,No internet service,No internet service,No internet service,No internet service,One year,0,Mailed check,20.05,520.1,0,3.1608943085744454,Q2
9127-QRZMH,Male,0,1,0,44,1,No,DSL,Yes,Yes,No,Yes,No,No,One year,1,Bank transfer (automatic),59.85,2603.95,0,3.1573569124799534,Q2
2650-GYRYL,Male,0,1,1,33,1,No,No,No internet service,No internet service,No internet service,No internet service,No internet service,No internet service,One year,1,Bank transfer (automatic),19.45,600.25,0,3.154350324037219,Q2
6437-UDQJM,Female,1,1,0,72,1,Yes,DSL,Yes,Yes,Yes,No,Yes,Yes,Two year,1,Credit card (automatic),84.1,6129.65,0,3.1493908105913064,Q2
3298-QEICA,Female,0,1,1,23,0,No phone service,DSL,Yes,No,No,Yes,No,No,Two year,0,Mailed check,34.6,813.45,0,3.1486730573183053,Q2
8097-OMULG,Male,0,1,1,59,1,No,DSL,No,Yes,Yes,Yes,Yes,Yes,One year,0,Credit card (automatic),76.75,4541.9,0,3.1465397723138784,Q2
9178-JHUVJ,Male,0,1,1,24,1,Yes,No,No internet service,No internet service,No internet service,No internet service,No internet service,No internet service,Two year,1,Bank transfer (automatic),24.1,587.4,0,3.145214521811816,Q2
5840-NVDCG,Female,0,1,1,16,1,No,DSL,Yes,Yes,No,Yes,No,Yes,Two year,0,Bank transfer (automatic),68.25,1114.85,0,3.143305205352194,Q2
1265-BCFEO,Female,0,1,0,71,1,Yes,DSL,No,No,Yes,Yes,Yes,Yes,Two year,1,Bank transfer (automatic),80.45,5662.25,0,3.1424652297189923,Q2
2088-IEBAU,Female,0,0,0,68,1,Yes,DSL,Yes,Yes,Yes,Yes,Yes,Yes,Two year,1,Electronic check,88.15,6148.45,0,3.1345850487730655,Q2
5127-BZENZ,Female,0,1,1,56,1,Yes,DSL,Yes,No,No,No,Yes,No,One year,0,Bank transfer (automatic),65.2,3512.15,0,3.128398063883219,Q2
0104-PPXDV,Male,0,1,0,58,1,No,DSL,No,No,Yes,No,No,No,One year,0,Credit card (automatic),50.3,2878.55,0,3.1267484569945596,Q2
1982-FEBTD,Female,0,1,1,23,1,Yes,No,No internet service,No internet service,No internet service,No internet service,No internet service,No internet service,Two year,1,Credit card (automatic),25.6,514.75,0,3.126382049130695,Q2
8760-ZRHKE,Female,1,1,1,71,1,Yes,DSL,Yes,Yes,No,No,Yes,No,One year,0,Electronic check,69.2,4982.5,0,3.1234583409716214,Q2
6447-EGDIV,Female,0,0,0,31,1,No,No,No internet service,No internet service,No internet service,No internet service,No internet service,No internet service,One year,0,Mailed check,20.95,683.25,0,3.122361193524511,Q2
2541-YGPKE,Male,0,1,1,42,1,No,DSL,Yes,No,No,Yes,No,Yes,One year,0,Credit card (automatic),63.7,2763.35,0,3.1172251247475535,Q2
8871-JLMHM,Female,0,1,0,68,1,Yes,Fiber optic,No,Yes,Yes,Yes,No,No,Two year,0,Credit card (automatic),90.2,6297.65,0,3.1145545114447497,Q2
1494-EJZDW,Female,0,1,1,10,1,No,No,No internet service,No internet service,No internet service,No internet service,No internet service,No internet service,Two year,0,Mailed check,20.15,220.8,0,3.1112513967313555,Q2
2040-XBAVJ,Male,0,1,1,72,1,Yes,Fiber optic,Yes,Yes,Yes,Yes,Yes,Yes,Two year,0,Bank transfer (automatic),114.45,8100.55,0,3.1112146984690403,Q2
9919-FZDED,Male,1,1,0,72,1,Yes,DSL,Yes,Yes,Yes,No,Yes,Yes,Two year,1,Credit card (automatic),84.1,5981.65,0,3.098027313747433,Q2
9227-UAQFT,Male,0,0,0,16,1,No,No,No internet service,No internet service,No internet service,No internet service,No internet service,No internet service,Two year,0,Mailed check,19.75,284.35,0,3.0979399351539842,Q2
2335-GSODA,Male,0,0,1,23,0,No phone service,DSL,Yes,No,Yes,Yes,No,No,Two year,0,Mailed check,40.1,857.75,0,3.0969839216147923,Q2
6518-KZXCB,Male,0,0,0,22,1,Yes,No,No internet service,No internet service,No internet service,No internet service,No internet service,No internet service,Two year,0,Mailed check,25.25,566.5,0,3.0936325180803115,Q2
3458-IDMFK,Male,0,0,0,25,1,No,No,No internet service,No internet service,No internet service,No internet service,No internet service,No internet service,Two year,1,Mailed check,20.75,499.4,0,3.09315848814632,Q2
0164-XAIRP,Female,0,0,0,24,1,No,No,No internet service,No internet service,No internet service,No internet service,No internet service,No internet service,Two year,1,Bank transfer (automatic),19.55,470.2,0,3.09299212631972,Q2
2999-AANRQ,Female,0,0,0,21,1,No,DSL,Yes,Yes,No,Yes,Yes,No,Two year,0,Credit card (automatic),71.05,1524.85,0,3.090917251884002,Q2
8165-CBKXO,Male,0,1,1,66,0,No phone service,DSL,No,Yes,Yes,No,Yes,Yes,Two year,1,Credit card (automatic),56.75,3708.4,0,3.08503554339697,Q2
8398-TBIYD,Female,0,0,0,72,1,Yes,Fiber optic,Yes,No,No,Yes,No,No,Two year,1,Bank transfer (automatic),84.7,6185.15,0,3.0843566794840203,Q2
0023-UYUPN,Female,1,1,0,50,1,Yes,No,No internet service,No internet service,No internet service,No internet service,No internet service,No internet service,One year,0,Electronic check,25.2,1306.3,0,3.080373780315914,Q2
6122-EFVKN,Male,0,0,1,24,0,No phone service,DSL,Yes,No,No,Yes,No,No,Two year,0,Mailed check,35.75,830.8,0,3.0800386655194156,Q2
6322-HRPFA,Male,0,1,1,49,1,No,DSL,Yes,Yes,No,Yes,No,No,Month-to-month,0,Credit card (automatic),59.6,2970.3,0,3.0799817837943806,Q2
2091-GPPIQ,Female,0,1,1,72,1,Yes,DSL,No,Yes,No,Yes,Yes,Yes,Two year,1,Electronic check,78.95,5730.15,0,3.077274121633702,Q2
7795-CFOCW,Male,0,0,0,45,0,No phone service,DSL,Yes,No,Yes,Yes,No,No,One year,0,Bank transfer (automatic),42.3,1840.75,0,3.075324389707425,Q2
0219-QAERP,Male,0,1,0,30,1,No,No,No internet service,No internet service,No internet service,No internet service,No internet service,No internet service,One year,0,Credit card (automatic),19.8,576.65,0,3.0669191927818984,Q2
3174-AKMAS,Female,0,1,0,46,1,No,DSL,No,Yes,No,Yes,Yes,No,Two year,1,Credit card (automatic),64.2,3009.5,0,3.0629520572477356,Q2
9670-BPNXF,Female,0,0,0,45,1,No,DSL,Yes,Yes,No,Yes,No,No,One year,1,Credit card (automatic),62.55,2796.45,0,3.060474501445759,Q2
1139-WUOAH,Male,0,0,0,57,0,No phone service,DSL,No,No,Yes,Yes,Yes,Yes,Two year,0,Credit card (automatic),53.35,3090.05,0,3.059287405649368,Q2
4981-FLTMF,Female,0,1,1,57,1,Yes,DSL,Yes,Yes,No,Yes,No,No,Month-to-month,0,Bank transfer (automatic),65.2,3687.85,0,3.058741865825839,Q2
2361-UPSND,Female,0,1,0,46,1,No,DSL,Yes,Yes,No,Yes,No,Yes,One year,0,Mailed check,70.6,3231.05,0,3.0564753986737534,Q2
4950-HKQTE,Female,0,0,0,22,1,Yes,No,No internet service,No internet service,No internet service,No internet service,No internet service,No internet service,Two year,0,Mailed check,26.25,605.9,0,3.056320701965869,Q2
4530-NDRKU,Female,0,1,1,42,1,No,No,No internet service,No internet service,No internet service,No internet service,No internet service,No internet service,One year,1,Electronic check,19.05,761.85,0,3.0548013915223935,Q2
4565-EVZMJ,Female,0,0,0,47,1,No,DSL,Yes,Yes,No,Yes,No,No,One year,1,Mailed check,58.9,2813.05,0,3.052866747531271,Q2
7138-GIRSH,Male,0,0,0,50,1,Yes,DSL,No,No,Yes,Yes,No,Yes,Two year,0,Bank transfer (automatic),69.5,3418.2,0,3.0518535937276483,Q2
0916-KNFAJ,Male,0,1,0,61,1,Yes,DSL,Yes,No,Yes,No,No,Yes,Two year,1,Mailed check,69.9,4226.7,0,3.0516397402209265,Q2
5170-PTRKA,Female,0,1,1,49,0,No phone service,DSL,Yes,No,No,Yes,No,No,One year,1,Credit card (automatic),35.8,1782.0,0,3.050341481642204,Q2
7305-ZWMAJ,Male,0,1,0,30,1,No,No,No internet service,No internet service,No internet service,No internet service,No internet service,No internet service,One year,0,Credit card (automatic),20.7,587.1,0,3.0490544921512996,Q2
5318-YKDPV,Male,0,1,1,43,1,No,DSL,Yes,No,Yes,Yes,Yes,Yes,Two year,1,Credit card (automatic),79.15,3566.6,0,3.0482521870331345,Q2
4114-QMKVN,Female,0,1,1,56,1,Yes,DSL,Yes,Yes,No,No,No,Yes,One year,0,Bank transfer (automatic),68.75,3815.4,0,3.041438239475113,Q2
0945-TSONX,Female,0,1,1,47,1,Yes,DSL,Yes,Yes,No,Yes,Yes,Yes,Two year,1,Credit card (automatic),85.3,4107.25,0,3.0385972596365054,Q2
0486-LGCCH,Male,0,1,1,11,1,No,No,No internet service,No internet service,No internet service,No internet service,No internet service,No internet service,Two year,0,Mailed check,19.65,225.75,0,3.0293597775773535,Q2
1452-UZOSF,Male,0,1,1,72,1,Yes,Fiber optic,Yes,Yes,Yes,Yes,Yes,No,Two year,1,Credit card (automatic),106.1,7548.6,0,3.0259139234980075,Q2
1776-SPBWV,Female,0,1,1,34,1,No,No,No internet service,No internet service,No internet service,No internet service,No internet service,No internet service,One year,1,Bank transfer (automatic),20.1,682.1,0,3.020533776875181,Q2
3266-FTKHB,Male,0,0,0,17,1,No,No,No internet service,No internet service,No internet service,No internet service,No internet service,No internet service,Two year,0,Mailed check,19.15,343.45,0,3.0158790345033335,Q2
4227-OJHAL,Female,0,1,1,68,1,Yes,DSL,Yes,Yes,Yes,No,Yes,No,One year,1,Credit card (automatic),73.0,5163.0,0,3.0141643873698527,Q2
5871-DGTXZ,Male,0,0,0,32,1,No,No,No internet service,No internet service,No internet service,No internet service,No internet service,No internet service,One year,0,Mailed check,19.8,607.7,0,3.007279666588483,Q2
7469-LKBCI,Male,0,0,0,16,1,No,No,No internet service,No internet service,No internet service,No internet service,No internet service,No internet service,Two year,0,Credit card (automatic),18.95,326.8,0,2.9920629186832755,Q2
